video_id,url,title,channel_title,channel_id,duration,discovery_type,discovery_source,source_rank,target_category,selection_reason,quota
C5SC7LtKIr0,https://www.youtube.com/watch?v=C5SC7LtKIr0,Fuerza Popular's marketing strategy: Copying Sheinbaum and dodging real scrutiny,Arde Troya con Juliana Oxenford,,145.0,high_yield_channel,Arde Troya con Juliana Oxenford,1,ACOSO_PERSONAL|AMENAZA_DIRECTA,2.41 chunks de daño y 0.39 amenazas por video en el corpus base,55
4zW4yWIUpOY,https://www.youtube.com/watch?v=4zW4yWIUpOY,Beatriz Ramírez puts in their place those who belittle Balcázar #Interview,Arde Troya con Juliana Oxenford,,760.0,high_yield_channel,Arde Troya con Juliana Oxenford,2,ACOSO_PERSONAL|AMENAZA_DIRECTA,2.41 chunks de daño y 0.39 amenazas por video en el corpus base,55
AwVjrTSoUpg,https://www.youtube.com/watch?v=AwVjrTSoUpg,MESÍAS GUEVARA REMINDS KEIKO THAT SHE DESTROYED THE COUNTRY IN THE LAST DECADE #INTERVIEW,Arde Troya con Juliana Oxenford,,1641.0,high_yield_channel,Arde Troya con Juliana Oxenford,3,ACOSO_PERSONAL|AMENAZA_DIRECTA,2.41 chunks de daño y 0.39 amenazas por video en el corpus base,55
4rvmPxUZkIc,https://www.youtube.com/watch?v=4rvmPxUZkIc,"TROY IS BURNING WITH JULIANA OXENFORD: PROGRAM OF JULY 24, 2026",Arde Troya con Juliana Oxenford,,5685.0,high_yield_channel,Arde Troya con Juliana Oxenford,4,ACOSO_PERSONAL|AMENAZA_DIRECTA,2.41 chunks de daño y 0.39 amenazas por video en el corpus base,55
psX7hFivLH0,https://www.youtube.com/watch?v=psX7hFivLH0,A PUBLIC HONOR OR A PRIVATE PLAYTHING FUNDED BY THE POCKETS OF ALL PERUVIANS?,Arde Troya con Juliana Oxenford,,97.0,high_yield_channel,Arde Troya con Juliana Oxenford,5,ACOSO_PERSONAL|AMENAZA_DIRECTA,2.41 chunks de daño y 0.39 amenazas por video en el corpus base,55
xAOvxTyLDFw,https://www.youtube.com/watch?v=xAOvxTyLDFw,LATEST IPSOS POLL FOR LIMA: BRUCE IN THE LEAD AND RFA IN SECOND PLACE,Arde Troya con Juliana Oxenford,,178.0,high_yield_channel,Arde Troya con Juliana Oxenford,6,ACOSO_PERSONAL|AMENAZA_DIRECTA,2.41 chunks de daño y 0.39 amenazas por video en el corpus base,55
QKa8LQlNPk8,https://www.youtube.com/watch?v=QKa8LQlNPk8,SENAMHI CONFIRMS THAT THE EL NIÑO PHENOMENON HAS ALREADY BEGUN AND WILL BE EXTRAORDINARY UNTIL 2027,Arde Troya con Juliana Oxenford,,1533.0,high_yield_channel,Arde Troya con Juliana Oxenford,7,ACOSO_PERSONAL|AMENAZA_DIRECTA,2.41 chunks de daño y 0.39 amenazas por video en el corpus base,55
JvwVIrkS3HM,https://www.youtube.com/watch?v=JvwVIrkS3HM,ARDE TROYA CON JULIANA OXENFORD: PROGRAMA DEL 22 DE JULIO DEL 2026,Arde Troya con Juliana Oxenford,,4507.0,high_yield_channel,Arde Troya con Juliana Oxenford,8,ACOSO_PERSONAL|AMENAZA_DIRECTA,2.41 chunks de daño y 0.39 amenazas por video en el corpus base,55
HFT6_1pwwno,https://www.youtube.com/watch?v=HFT6_1pwwno,PARTNER IN CHANCELLOR OR FUJIMORI'S HOST #INTERVIEW,Arde Troya con Juliana Oxenford,,176.0,high_yield_channel,Arde Troya con Juliana Oxenford,9,ACOSO_PERSONAL|AMENAZA_DIRECTA,2.41 chunks de daño y 0.39 amenazas por video en el corpus base,55
YjqMNL1cAAc,https://www.youtube.com/watch?v=YjqMNL1cAAc,FOREIGN MINISTER PAREJA AT THE SERVICE OF FUJIMORISM #INTERVIEW,Arde Troya con Juliana Oxenford,,104.0,high_yield_channel,Arde Troya con Juliana Oxenford,10,ACOSO_PERSONAL|AMENAZA_DIRECTA,2.41 chunks de daño y 0.39 amenazas por video en el corpus base,55
9KhFQkQn1Nw,https://www.youtube.com/watch?v=9KhFQkQn1Nw,Juliana puts Raúl Noblecilla's legal jargon under the microscope #INTERVIEW,Arde Troya con Juliana Oxenford,,2026.0,high_yield_channel,Arde Troya con Juliana Oxenford,11,ACOSO_PERSONAL|AMENAZA_DIRECTA,2.41 chunks de daño y 0.39 amenazas por video en el corpus base,55
iWHtsaxQSpI,https://www.youtube.com/watch?v=iWHtsaxQSpI,"ALL HELL BREAKS LOOSE WITH JULIANA OXENFORD: JULY 21, 2026 PROGRAM",Arde Troya con Juliana Oxenford,,4907.0,high_yield_channel,Arde Troya con Juliana Oxenford,12,ACOSO_PERSONAL|AMENAZA_DIRECTA,2.41 chunks de daño y 0.39 amenazas por video en el corpus base,55
wWy6MfWudZA,https://www.youtube.com/watch?v=wWy6MfWudZA,¿AMOR A LA PATRIA O CÁLCULO AMARRADO AL PRESUPUESTO MUNICIPAL? | ARDE TROYA,Arde Troya con Juliana Oxenford,,178.0,high_yield_channel,Arde Troya con Juliana Oxenford,13,ACOSO_PERSONAL|AMENAZA_DIRECTA,2.41 chunks de daño y 0.39 amenazas por video en el corpus base,55
NIBThgod2Pw,https://www.youtube.com/watch?v=NIBThgod2Pw,"""NO ME ARREPIENTO DE NO HABER POSTULADO"" | ARDE TROYA #entrevista",Arde Troya con Juliana Oxenford,,2551.0,high_yield_channel,Arde Troya con Juliana Oxenford,14,ACOSO_PERSONAL|AMENAZA_DIRECTA,2.41 chunks de daño y 0.39 amenazas por video en el corpus base,55
bGsuuBdStR8,https://www.youtube.com/watch?v=bGsuuBdStR8,CAN NIETO LEAD THE OPPOSITION IN CONGRESS? | ALL HELL BURNS OUT,Arde Troya con Juliana Oxenford,,84.0,high_yield_channel,Arde Troya con Juliana Oxenford,15,ACOSO_PERSONAL|AMENAZA_DIRECTA,2.41 chunks de daño y 0.39 amenazas por video en el corpus base,55
W9yq52CGxTA,https://www.youtube.com/watch?v=W9yq52CGxTA,"TROY BURNS WITH JULIANA OXENFORD: PROGRAM OF JULY 20, 2026",Arde Troya con Juliana Oxenford,,5691.0,high_yield_channel,Arde Troya con Juliana Oxenford,16,ACOSO_PERSONAL|AMENAZA_DIRECTA,2.41 chunks de daño y 0.39 amenazas por video en el corpus base,55
0tjx86FXDbA,https://www.youtube.com/watch?v=0tjx86FXDbA,CARLOS VIGURIA REVEALS HOW KEIKO'S ADVISORS BECAME DEPUTIES THROUGH THE REVOLVING CHAIR SYSTEM,Arde Troya con Juliana Oxenford,,1991.0,high_yield_channel,Arde Troya con Juliana Oxenford,17,ACOSO_PERSONAL|AMENAZA_DIRECTA,2.41 chunks de daño y 0.39 amenazas por video en el corpus base,55
qiSnMAAtk7k,https://www.youtube.com/watch?v=qiSnMAAtk7k,DRAWING THE LINE! JOSÉ NIETO SETS THE STRATEGY FOR MINORITIES TO STOP THE ORANGE WAVE,Arde Troya con Juliana Oxenford,,856.0,high_yield_channel,Arde Troya con Juliana Oxenford,18,ACOSO_PERSONAL|AMENAZA_DIRECTA,2.41 chunks de daño y 0.39 amenazas por video en el corpus base,55
moGz050EXLA,https://www.youtube.com/watch?v=moGz050EXLA,JULIANA BLASTS KEIKO’S VISIT TO BALCÁZAR AND WARNS OF TOTAL TAKEOVER,Arde Troya con Juliana Oxenford,,451.0,high_yield_channel,Arde Troya con Juliana Oxenford,19,ACOSO_PERSONAL|AMENAZA_DIRECTA,2.41 chunks de daño y 0.39 amenazas por video en el corpus base,55
gvOE7vjrKXk,https://www.youtube.com/watch?v=gvOE7vjrKXk,"ARDE TROYA WITH JULIANA OXENFORD: JULY 17, 2026 SHOW",Arde Troya con Juliana Oxenford,,5505.0,high_yield_channel,Arde Troya con Juliana Oxenford,20,ACOSO_PERSONAL|AMENAZA_DIRECTA,2.41 chunks de daño y 0.39 amenazas por video en el corpus base,55
Mqlt_wKZuBw,https://www.youtube.com/watch?v=Mqlt_wKZuBw,JULIANA DISMANTLES THE 'PEACE AND LOVE' NARRATIVE IN KEIKO FUJIMORI'S CREDENTIALS SPEECH,Arde Troya con Juliana Oxenford,,1788.0,high_yield_channel,Arde Troya con Juliana Oxenford,21,ACOSO_PERSONAL|AMENAZA_DIRECTA,2.41 chunks de daño y 0.39 amenazas por video en el corpus base,55
ln2VviZ3rWY,https://www.youtube.com/watch?v=ln2VviZ3rWY,"ROSPIGLIOSI AWARDS JOSÉ JERÍ BEHIND CLOSED DOORS, SNUBBING HIS OWN PARTY",Arde Troya con Juliana Oxenford,,111.0,high_yield_channel,Arde Troya con Juliana Oxenford,22,ACOSO_PERSONAL|AMENAZA_DIRECTA,2.41 chunks de daño y 0.39 amenazas por video en el corpus base,55
3TKC7gKQP-I,https://www.youtube.com/watch?v=3TKC7gKQP-I,"THE MUNICIPALITY OF LIMA DECORATES THE GUARDIAN OF OUR STABILITY, JULIO VELARDE",Arde Troya con Juliana Oxenford,,225.0,high_yield_channel,Arde Troya con Juliana Oxenford,23,ACOSO_PERSONAL|AMENAZA_DIRECTA,2.41 chunks de daño y 0.39 amenazas por video en el corpus base,55
Ef3yN481ZLc,https://www.youtube.com/watch?v=Ef3yN481ZLc,"ARDE TROYA WITH JULIANA OXENFORD: JULY 16, 2026 SHOW",Arde Troya con Juliana Oxenford,,4608.0,high_yield_channel,Arde Troya con Juliana Oxenford,24,ACOSO_PERSONAL|AMENAZA_DIRECTA,2.41 chunks de daño y 0.39 amenazas por video en el corpus base,55
-dMu5WFj5lg,https://www.youtube.com/watch?v=-dMu5WFj5lg,Toledo asks for a pardon for health reasons and puts President Balcázar in a difficult position.,Arde Troya con Juliana Oxenford,,365.0,high_yield_channel,Arde Troya con Juliana Oxenford,25,ACOSO_PERSONAL|AMENAZA_DIRECTA,2.41 chunks de daño y 0.39 amenazas por video en el corpus base,55
HlGBRMo59w4,https://www.youtube.com/watch?v=HlGBRMo59w4,NEW TECHNICAL STAFF OR THE SAME OLD THING TO PROTECT THE UNTOUCHABLES?,Arde Troya con Juliana Oxenford,,282.0,high_yield_channel,Arde Troya con Juliana Oxenford,26,ACOSO_PERSONAL|AMENAZA_DIRECTA,2.41 chunks de daño y 0.39 amenazas por video en el corpus base,55
E3TPryZ3yes,https://www.youtube.com/watch?v=E3TPryZ3yes,CARLOS REVEALS THE DARK CLUES BEHIND THE DEATH OF THE YOUNG MAN FOUND AT THE MANCHAY POLICE STATI...,Arde Troya con Juliana Oxenford,,1599.0,high_yield_channel,Arde Troya con Juliana Oxenford,27,ACOSO_PERSONAL|AMENAZA_DIRECTA,2.41 chunks de daño y 0.39 amenazas por video en el corpus base,55
Jb_i5SoAZBI,https://www.youtube.com/watch?v=Jb_i5SoAZBI,"ALL HELL BREAKS LOOSE WITH JULIANA OXENFORD: JULY 15, 2026 PROGRAM",Arde Troya con Juliana Oxenford,,4865.0,high_yield_channel,Arde Troya con Juliana Oxenford,28,ACOSO_PERSONAL|AMENAZA_DIRECTA,2.41 chunks de daño y 0.39 amenazas por video en el corpus base,55
mli-RFUmtAo,https://www.youtube.com/watch?v=mli-RFUmtAo,JULIANA EXPOSES THE AUTHORITARIAN ALIGNMENT OF KEIKO AND HER HENCHMEN IN CONGRESS,Arde Troya con Juliana Oxenford,,722.0,high_yield_channel,Arde Troya con Juliana Oxenford,29,ACOSO_PERSONAL|AMENAZA_DIRECTA,2.41 chunks de daño y 0.39 amenazas por video en el corpus base,55
mdxffZP9BnY,https://www.youtube.com/watch?v=mdxffZP9BnY,They're already handing out sashes! Keiko aligns herself with the US and Carlos Espá is rumored f...,Arde Troya con Juliana Oxenford,,613.0,high_yield_channel,Arde Troya con Juliana Oxenford,30,ACOSO_PERSONAL|AMENAZA_DIRECTA,2.41 chunks de daño y 0.39 amenazas por video en el corpus base,55
SyElqVwpvzY,https://www.youtube.com/watch?v=SyElqVwpvzY,DEMAND FOR JUSTICE OR BLACKMAIL TO IMPOSE IMPUNITY IN THE STREETS? ZUNINI RESPONDS #INTERVIEW,Arde Troya con Juliana Oxenford,,1785.0,high_yield_channel,Arde Troya con Juliana Oxenford,31,ACOSO_PERSONAL|AMENAZA_DIRECTA,2.41 chunks de daño y 0.39 amenazas por video en el corpus base,55
B28UYqiTSdU,https://www.youtube.com/watch?v=B28UYqiTSdU,"ARDE TROYA WITH JULIANA OXENFORD: JULY 14, 2026 PROGRAM",Arde Troya con Juliana Oxenford,,5412.0,high_yield_channel,Arde Troya con Juliana Oxenford,32,ACOSO_PERSONAL|AMENAZA_DIRECTA,2.41 chunks de daño y 0.39 amenazas por video en el corpus base,55
ATx9BI2eqSY,https://www.youtube.com/watch?v=ATx9BI2eqSY,JOSÉ ALEJANDRO GODOY SHATTERS THE FUJIMORIST RECONCILIATION SCRIPT #INTERVIEW,Arde Troya con Juliana Oxenford,,2757.0,high_yield_channel,Arde Troya con Juliana Oxenford,33,ACOSO_PERSONAL|AMENAZA_DIRECTA,2.41 chunks de daño y 0.39 amenazas por video en el corpus base,55
G2lKcEMVQfo,https://www.youtube.com/watch?v=G2lKcEMVQfo,ROBERTO SÁNCHEZ DEMANDS CASTILLO'S RELEASE AND ORGANIZES A STRIKE AGAINST THE NEW REGIME,Arde Troya con Juliana Oxenford,,701.0,high_yield_channel,Arde Troya con Juliana Oxenford,34,ACOSO_PERSONAL|AMENAZA_DIRECTA,2.41 chunks de daño y 0.39 amenazas por video en el corpus base,55
Vh8s4O9QDmc,https://www.youtube.com/watch?v=Vh8s4O9QDmc,90S OPERATIVES RETURN TO POWER IN KEIKO FUJIMORI'S TRANSITION TEAM,Arde Troya con Juliana Oxenford,,201.0,high_yield_channel,Arde Troya con Juliana Oxenford,35,ACOSO_PERSONAL|AMENAZA_DIRECTA,2.41 chunks de daño y 0.39 amenazas por video en el corpus base,55
AopYTg-PyYU,https://www.youtube.com/watch?v=AopYTg-PyYU,"ALL HELL BREAKS LOOSE WITH JULIANA OXENFORD: JULY 13, 2026 PROGRAM",Arde Troya con Juliana Oxenford,,5556.0,high_yield_channel,Arde Troya con Juliana Oxenford,36,ACOSO_PERSONAL|AMENAZA_DIRECTA,2.41 chunks de daño y 0.39 amenazas por video en el corpus base,55
vR3Zi7Gb2tA,https://www.youtube.com/watch?v=vR3Zi7Gb2tA,"Indira Huilca, elected representative of Ahora Nación, reveals how they will stop Keiko #Interview",Arde Troya con Juliana Oxenford,,2457.0,high_yield_channel,Arde Troya con Juliana Oxenford,37,ACOSO_PERSONAL|AMENAZA_DIRECTA,2.41 chunks de daño y 0.39 amenazas por video en el corpus base,55
icv_-b4g75s,https://www.youtube.com/watch?v=icv_-b4g75s,JULY 15: CREDENTIALS / POPULIST ALERT,Arde Troya con Juliana Oxenford,,454.0,high_yield_channel,Arde Troya con Juliana Oxenford,38,ACOSO_PERSONAL|AMENAZA_DIRECTA,2.41 chunks de daño y 0.39 amenazas por video en el corpus base,55
P5IjxnKCwnA,https://www.youtube.com/watch?v=P5IjxnKCwnA,Juliana destroys Rospigliosi's shield for the military and demands a real mea culpa from Fujimori...,Arde Troya con Juliana Oxenford,,660.0,high_yield_channel,Arde Troya con Juliana Oxenford,39,ACOSO_PERSONAL|AMENAZA_DIRECTA,2.41 chunks de daño y 0.39 amenazas por video en el corpus base,55
ZtaEKdhFE38,https://www.youtube.com/watch?v=ZtaEKdhFE38,"ARDE TROYA WITH JULIANA OXENFORD: JULY 10, 2026 PROGRAM",Arde Troya con Juliana Oxenford,,5645.0,high_yield_channel,Arde Troya con Juliana Oxenford,40,ACOSO_PERSONAL|AMENAZA_DIRECTA,2.41 chunks de daño y 0.39 amenazas por video en el corpus base,55
7bR0qP5wF_s,https://www.youtube.com/watch?v=7bR0qP5wF_s,GUIDO BELLIDO RESPONDS TO INVESTIGATIONS AND WASTEFUL SPENDING IN CONGRESS #interview,Arde Troya con Juliana Oxenford,,2203.0,high_yield_channel,Arde Troya con Juliana Oxenford,41,ACOSO_PERSONAL|AMENAZA_DIRECTA,2.41 chunks de daño y 0.39 amenazas por video en el corpus base,55
E3xvr3ZIXRs,https://www.youtube.com/watch?v=E3xvr3ZIXRs,EVEN HIS OWN PARTY REJECTS HIM! SOMOS PERÚ DENIES MEDAL TO JOSÉ JERÍ DUE TO ETHICAL MISCONDUCT,Arde Troya con Juliana Oxenford,,345.0,high_yield_channel,Arde Troya con Juliana Oxenford,42,ACOSO_PERSONAL|AMENAZA_DIRECTA,2.41 chunks de daño y 0.39 amenazas por video en el corpus base,55
XUVtjoDEvUg,https://www.youtube.com/watch?v=XUVtjoDEvUg,ADMINISTRATIVE SERVICE OR AN UNASSAILABLE PLOY TO LIVE LIKE KINGS ON EVERYONE'S DIME?,Arde Troya con Juliana Oxenford,,436.0,high_yield_channel,Arde Troya con Juliana Oxenford,43,ACOSO_PERSONAL|AMENAZA_DIRECTA,2.41 chunks de daño y 0.39 amenazas por video en el corpus base,55
i8NKkuyDqPo,https://www.youtube.com/watch?v=i8NKkuyDqPo,"ARDE TROYA WITH JULIANA OXENFORD: JULY 9, 2026 EPISODE",Arde Troya con Juliana Oxenford,,4753.0,high_yield_channel,Arde Troya con Juliana Oxenford,44,ACOSO_PERSONAL|AMENAZA_DIRECTA,2.41 chunks de daño y 0.39 amenazas por video en el corpus base,55
L1hYpptGG5o,https://www.youtube.com/watch?v=L1hYpptGG5o,FORMER CANDIDATES LINE UP TO GREET KEIKO AS THE NEW CABINET IS BEING COOKED UP,Arde Troya con Juliana Oxenford,,1021.0,high_yield_channel,Arde Troya con Juliana Oxenford,45,ACOSO_PERSONAL|AMENAZA_DIRECTA,2.41 chunks de daño y 0.39 amenazas por video en el corpus base,55
5FTJGLCeSew,https://www.youtube.com/watch?v=5FTJGLCeSew,CONGRESS AWARDS THE GRAND CROSS MEDAL TO JOSÉ JERÍ AFTER THE CHIFAGATE SCANDAL,Arde Troya con Juliana Oxenford,,132.0,high_yield_channel,Arde Troya con Juliana Oxenford,46,ACOSO_PERSONAL|AMENAZA_DIRECTA,2.41 chunks de daño y 0.39 amenazas por video en el corpus base,55
TntDhxBZAV0,https://www.youtube.com/watch?v=TntDhxBZAV0,FERNANDO TUESTA DESNUDA LA ORFANDAD TÉCNICA DE FUERZA POPULAR #ENTREVISTA,Arde Troya con Juliana Oxenford,,2321.0,high_yield_channel,Arde Troya con Juliana Oxenford,47,ACOSO_PERSONAL|AMENAZA_DIRECTA,2.41 chunks de daño y 0.39 amenazas por video en el corpus base,55
uU5vvRMoRBA,https://www.youtube.com/watch?v=uU5vvRMoRBA,"ARDE TROYA WITH JULIANA OXENFORD: JULY 8, 2026 PROGRAM",Arde Troya con Juliana Oxenford,,4429.0,high_yield_channel,Arde Troya con Juliana Oxenford,48,ACOSO_PERSONAL|AMENAZA_DIRECTA,2.41 chunks de daño y 0.39 amenazas por video en el corpus base,55
cYvnjUrJDKA,https://www.youtube.com/watch?v=cYvnjUrJDKA,SAVED BY THE BELL! JULIO VELARDE AGREES TO STAY AT THE BCR AFTER MEETING WITH KEIKO,Arde Troya con Juliana Oxenford,,1176.0,high_yield_channel,Arde Troya con Juliana Oxenford,49,ACOSO_PERSONAL|AMENAZA_DIRECTA,2.41 chunks de daño y 0.39 amenazas por video en el corpus base,55
cA9VeUjc3Zw,https://www.youtube.com/watch?v=cA9VeUjc3Zw,"The judicial raid on Bellido, Paredes, and Medina, and the heartbreaking complaint against 'Carit...",Arde Troya con Juliana Oxenford,,617.0,high_yield_channel,Arde Troya con Juliana Oxenford,50,ACOSO_PERSONAL|AMENAZA_DIRECTA,2.41 chunks de daño y 0.39 amenazas por video en el corpus base,55
IqvOfunZABA,https://www.youtube.com/watch?v=IqvOfunZABA,THEY ACKNOWLEDGE KEIKO'S VICTORY BUT FORM AN ALLIANCE WITH AHORA NACIÓN AND OBRAS TO STOP HER,Arde Troya con Juliana Oxenford,,1480.0,high_yield_channel,Arde Troya con Juliana Oxenford,51,ACOSO_PERSONAL|AMENAZA_DIRECTA,2.41 chunks de daño y 0.39 amenazas por video en el corpus base,55
acDYIVtFq_I,https://www.youtube.com/watch?v=acDYIVtFq_I,"ARDE TROYA WITH JULIANA OXENFORD: JULY 07, 2026 SHOW",Arde Troya con Juliana Oxenford,,4425.0,high_yield_channel,Arde Troya con Juliana Oxenford,52,ACOSO_PERSONAL|AMENAZA_DIRECTA,2.41 chunks de daño y 0.39 amenazas por video en el corpus base,55
RYzghTIYhjk,https://www.youtube.com/watch?v=RYzghTIYhjk,¡PATEÓ EL TABLERO! ROBERTO SÁNCHEZ CONDICIONA A KEIKO: LIBERTAD PARA CASTILLO O NO HAY DIÁLOGO,Arde Troya con Juliana Oxenford,,413.0,high_yield_channel,Arde Troya con Juliana Oxenford,53,ACOSO_PERSONAL|AMENAZA_DIRECTA,2.41 chunks de daño y 0.39 amenazas por video en el corpus base,55
eh2H86Bk-Cg,https://www.youtube.com/watch?v=eh2H86Bk-Cg,Judge Carhuancho confesses how the authorities suspended him over the cocktail case #interview,Arde Troya con Juliana Oxenford,,2232.0,high_yield_channel,Arde Troya con Juliana Oxenford,54,ACOSO_PERSONAL|AMENAZA_DIRECTA,2.41 chunks de daño y 0.39 amenazas por video en el corpus base,55
mMlwS0hj-FE,https://www.youtube.com/watch?v=mMlwS0hj-FE,JULIANA BLASTS KEIKO’S NEW CONGRESSPEOPLE WITH CRIMINAL RECORDS,Arde Troya con Juliana Oxenford,,495.0,high_yield_channel,Arde Troya con Juliana Oxenford,55,ACOSO_PERSONAL|AMENAZA_DIRECTA,2.41 chunks de daño y 0.39 amenazas por video en el corpus base,55
dUzzo4UO1zE,https://www.youtube.com/watch?v=dUzzo4UO1zE,"ARDE TROYA WITH JULIANA OXENFORD: JULY 6, 2026 SHOW",Arde Troya con Juliana Oxenford,,5403.0,high_yield_channel,Arde Troya con Juliana Oxenford,56,ACOSO_PERSONAL|AMENAZA_DIRECTA,2.41 chunks de daño y 0.39 amenazas por video en el corpus base,55
7UOxCJj4Xaw,https://www.youtube.com/watch?v=7UOxCJj4Xaw,AT GUNPOINT! JULIANA SLAMS CONGRESS OVER LAWS THAT PROTECT MAFIAS AND BACKS JANET TELLO,Arde Troya con Juliana Oxenford,,775.0,high_yield_channel,Arde Troya con Juliana Oxenford,57,ACOSO_PERSONAL|AMENAZA_DIRECTA,2.41 chunks de daño y 0.39 amenazas por video en el corpus base,55
jZTG-C8YXfg,https://www.youtube.com/watch?v=jZTG-C8YXfg,NATIONAL UNITY OR EXPEDIENCY TO GAIN A FOOTHOLD IN THE FIVE-YEAR TERM? THE TWO FACES OF POLITICS,Arde Troya con Juliana Oxenford,,2082.0,high_yield_channel,Arde Troya con Juliana Oxenford,58,ACOSO_PERSONAL|AMENAZA_DIRECTA,2.41 chunks de daño y 0.39 amenazas por video en el corpus base,55
3NaP5UhJVU0,https://www.youtube.com/watch?v=3NaP5UhJVU0,THE SHOW IS OVER! JNE PROCLAIMS KEIKO FUJIMORI PRESIDENT AND DESTROYS THE FRAUD NARRATIVE,Arde Troya con Juliana Oxenford,,658.0,high_yield_channel,Arde Troya con Juliana Oxenford,59,ACOSO_PERSONAL|AMENAZA_DIRECTA,2.41 chunks de daño y 0.39 amenazas por video en el corpus base,55
yLuf20k_BLE,https://www.youtube.com/watch?v=yLuf20k_BLE,"TROY IS BURNING WITH JULIANA OXENFORD: PROGRAM FROM JULY 3, 2026",Arde Troya con Juliana Oxenford,,5074.0,high_yield_channel,Arde Troya con Juliana Oxenford,60,ACOSO_PERSONAL|AMENAZA_DIRECTA,2.41 chunks de daño y 0.39 amenazas por video en el corpus base,55
eN-ShFJhWh8,https://www.youtube.com/watch?v=eN-ShFJhWh8,MIRTHA VÁSQUEZ SOUNDS THE ALARM OVER A RETURN OF THE 90S DICTATORSHIP #INTERVIEW,Arde Troya con Juliana Oxenford,,1802.0,high_yield_channel,Arde Troya con Juliana Oxenford,61,ACOSO_PERSONAL|AMENAZA_DIRECTA,2.41 chunks de daño y 0.39 amenazas por video en el corpus base,55
45KN754ewRc,https://www.youtube.com/watch?v=45KN754ewRc,JULIANA DESTROYS KEIKO'S INTERVIEW WITH ISMAEL CALA AND HER INTERNATIONAL IMAGE MAKEOVER,Arde Troya con Juliana Oxenford,,990.0,high_yield_channel,Arde Troya con Juliana Oxenford,62,ACOSO_PERSONAL|AMENAZA_DIRECTA,2.41 chunks de daño y 0.39 amenazas por video en el corpus base,55
ye1LN2AL2-w,https://www.youtube.com/watch?v=ye1LN2AL2-w,¡QUÉ ASCO DE BLINDAJE! LE QUITAN LA POLICÍA A CARHUANCHO Y DESTAPAN AUDIO BOMBA DE EMMA BENAVIDES,Arde Troya con Juliana Oxenford,,389.0,high_yield_channel,Arde Troya con Juliana Oxenford,63,ACOSO_PERSONAL|AMENAZA_DIRECTA,2.41 chunks de daño y 0.39 amenazas por video en el corpus base,55
8akAaHYIZfA,https://www.youtube.com/watch?v=8akAaHYIZfA,"ARDE TROYA WITH JULIANA OXENFORD: JULY 2, 2026 PROGRAM",Arde Troya con Juliana Oxenford,,5421.0,high_yield_channel,Arde Troya con Juliana Oxenford,64,ACOSO_PERSONAL|AMENAZA_DIRECTA,2.41 chunks de daño y 0.39 amenazas por video en el corpus base,55
DBXxKUe58wY,https://www.youtube.com/watch?v=DBXxKUe58wY,FUERZA POPULAR HABLA: ¿ESTRATEGIA TÉCNICA O RECOMANCHADO ESCUDO LEGAL PARA LAS CÚPULAS? #ENTREVISTA,Arde Troya con Juliana Oxenford,,2153.0,high_yield_channel,Arde Troya con Juliana Oxenford,65,ACOSO_PERSONAL|AMENAZA_DIRECTA,2.41 chunks de daño y 0.39 amenazas por video en el corpus base,55
hrgAaYHUP30,https://www.youtube.com/watch?v=hrgAaYHUP30,POLITICAL EVOLUTION OR PURE OPPORTUNISM TO FIT INTO THE NEW REGIME? THE RECORD DOESN'T GET ERASED,Arde Troya con Juliana Oxenford,,1273.0,high_yield_channel,Arde Troya con Juliana Oxenford,66,ACOSO_PERSONAL|AMENAZA_DIRECTA,2.41 chunks de daño y 0.39 amenazas por video en el corpus base,55
Ny4c4oDTRnM,https://www.youtube.com/watch?v=Ny4c4oDTRnM,JULIANA TEARS APART KEIKO'S SCRIPT WITH ISMAEL CALA AND HER TALE OF THE 'NEW' PRESIDENT,Arde Troya con Juliana Oxenford,,610.0,high_yield_channel,Arde Troya con Juliana Oxenford,67,ACOSO_PERSONAL|AMENAZA_DIRECTA,2.41 chunks de daño y 0.39 amenazas por video en el corpus base,55
zixb9mvoRx8,https://www.youtube.com/watch?v=zixb9mvoRx8,"ARDE TROYA WITH JULIANA OXENFORD: JULY 1, 2026 PROGRAM",Arde Troya con Juliana Oxenford,,5980.0,high_yield_channel,Arde Troya con Juliana Oxenford,68,ACOSO_PERSONAL|AMENAZA_DIRECTA,2.41 chunks de daño y 0.39 amenazas por video en el corpus base,55
zRqqIYepbS8,https://www.youtube.com/watch?v=zRqqIYepbS8,Juliana Oxenford puts the damning report revealing the diversion of public funds under the micros...,Arde Troya con Juliana Oxenford,,462.0,high_yield_channel,Arde Troya con Juliana Oxenford,69,ACOSO_PERSONAL|AMENAZA_DIRECTA,2.41 chunks de daño y 0.39 amenazas por video en el corpus base,55
VNISs4rsloU,https://www.youtube.com/watch?v=VNISs4rsloU,POLITICAL IDEALS OR A MARRIAGE OF CONVENIENCE TO HOLD ONTO POWER?,Arde Troya con Juliana Oxenford,,562.0,high_yield_channel,Arde Troya con Juliana Oxenford,70,ACOSO_PERSONAL|AMENAZA_DIRECTA,2.41 chunks de daño y 0.39 amenazas por video en el corpus base,55
CD8DiBBqdOA,https://www.youtube.com/watch?v=CD8DiBBqdOA,A FIVE-YEAR TERM OF RECONCILIATION OR THE RETURN OF TOTALITARIAN CONTROL? THE DATA KILLED THE NAR...,Arde Troya con Juliana Oxenford,,1886.0,high_yield_channel,Arde Troya con Juliana Oxenford,71,ACOSO_PERSONAL|AMENAZA_DIRECTA,2.41 chunks de daño y 0.39 amenazas por video en el corpus base,55
xbAvy1kFmkY,https://www.youtube.com/watch?v=xbAvy1kFmkY,"ARDE TROYA WITH JULIANA OXENFORD: JUNE 30, 2026 SHOW",Arde Troya con Juliana Oxenford,,4761.0,high_yield_channel,Arde Troya con Juliana Oxenford,72,ACOSO_PERSONAL|AMENAZA_DIRECTA,2.41 chunks de daño y 0.39 amenazas por video en el corpus base,55
6yiKrKuE-kI,https://www.youtube.com/watch?v=6yiKrKuE-kI,CONSTITUTIONAL LAWYER REVEALS WHY ROSPIGLIOSI CANNOT BE A SENATOR AND PORKY'S MANEUVER #interview,Arde Troya con Juliana Oxenford,,1223.0,high_yield_channel,Arde Troya con Juliana Oxenford,73,ACOSO_PERSONAL|AMENAZA_DIRECTA,2.41 chunks de daño y 0.39 amenazas por video en el corpus base,55
uxiAnAf5VAs,https://www.youtube.com/watch?v=uxiAnAf5VAs,SENATORS RECEIVE CREDENTIALS AND JULIANA EXPOSES THEIR UNDERSTANDABLE ALLIANCES | ALL HELL BREAKS...,Arde Troya con Juliana Oxenford,,653.0,high_yield_channel,Arde Troya con Juliana Oxenford,74,ACOSO_PERSONAL|AMENAZA_DIRECTA,2.41 chunks de daño y 0.39 amenazas por video en el corpus base,55
8S5wYhpX4qg,https://www.youtube.com/watch?v=8S5wYhpX4qg,CREDENTIALS GIVEN TO SENATORS AND THE SCANDAL OF THOSE UNDER INVESTIGATION WITH IMMUNITY | ALL HE...,Arde Troya con Juliana Oxenford,,899.0,high_yield_channel,Arde Troya con Juliana Oxenford,75,ACOSO_PERSONAL|AMENAZA_DIRECTA,2.41 chunks de daño y 0.39 amenazas por video en el corpus base,55
40VNKR3X2no,https://www.youtube.com/watch?v=40VNKR3X2no,"ALL HELL BREAKS LOOSE WITH JULIANA OXENFORD: JUNE 26, 2026 PROGRAM",Arde Troya con Juliana Oxenford,,3740.0,high_yield_channel,Arde Troya con Juliana Oxenford,76,ACOSO_PERSONAL|AMENAZA_DIRECTA,2.41 chunks de daño y 0.39 amenazas por video en el corpus base,55
1EeLzVTI1mQ,https://www.youtube.com/watch?v=1EeLzVTI1mQ,HAROLD FORSYTH LEAVES THE DIPLOMATIC WORLD AND RUNS FOR MAYOR WITH RICARDO BELMONT #interview,Arde Troya con Juliana Oxenford,,2087.0,high_yield_channel,Arde Troya con Juliana Oxenford,77,ACOSO_PERSONAL|AMENAZA_DIRECTA,2.41 chunks de daño y 0.39 amenazas por video en el corpus base,55
00IO5C6Wa3E,https://www.youtube.com/watch?v=00IO5C6Wa3E,JULIANA DESTRUYE AL CONGRESO POR APROBAR REGLAS PARA SALVAR A SUS COMPARES | ARDE TROYA,Arde Troya con Juliana Oxenford,,672.0,high_yield_channel,Arde Troya con Juliana Oxenford,78,ACOSO_PERSONAL|AMENAZA_DIRECTA,2.41 chunks de daño y 0.39 amenazas por video en el corpus base,55
ovN2h4zTrKw,https://www.youtube.com/watch?v=ovN2h4zTrKw,LIVE FROM VENEZUELA FOLLOWING THE DEVASTATING EARTHQUAKE THAT HAS LEFT THOUSANDS AFFECTED #interview,Arde Troya con Juliana Oxenford,,976.0,high_yield_channel,Arde Troya con Juliana Oxenford,79,ACOSO_PERSONAL|AMENAZA_DIRECTA,2.41 chunks de daño y 0.39 amenazas por video en el corpus base,55
civIJQXMp28,https://www.youtube.com/watch?v=civIJQXMp28,"ARDE TROYA WITH JULIANA OXENFORD: JUNE 25, 2026 BROADCAST",Arde Troya con Juliana Oxenford,,5479.0,high_yield_channel,Arde Troya con Juliana Oxenford,80,ACOSO_PERSONAL|AMENAZA_DIRECTA,2.41 chunks de daño y 0.39 amenazas por video en el corpus base,55
ID3gJc1H9SI,https://www.youtube.com/watch?v=ID3gJc1H9SI,JULIANA CORNERS JORGE GAVIDIA OVER FRAUD ALLEGATIONS AFTER HE WINS SENATE SEAT #interview,Arde Troya con Juliana Oxenford,,2167.0,high_yield_channel,Arde Troya con Juliana Oxenford,81,ACOSO_PERSONAL|AMENAZA_DIRECTA,2.41 chunks de daño y 0.39 amenazas por video en el corpus base,55
kY2_9GnXeu0,https://www.youtube.com/watch?v=kY2_9GnXeu0,ÁNGEL PÁEZ REVELA LA VERDAD DE LOS 5 JÓVENES 4SESINADOS QUE EL CONGRESO PRETENDE BLINDAR #entrevista,Arde Troya con Juliana Oxenford,,1325.0,high_yield_channel,Arde Troya con Juliana Oxenford,82,ACOSO_PERSONAL|AMENAZA_DIRECTA,2.41 chunks de daño y 0.39 amenazas por video en el corpus base,55
PIxHta9NPbQ,https://www.youtube.com/watch?v=PIxHta9NPbQ,JULIANA DESTRUYE AL CONGRESO POR BLINDAR ASESINATOS MIENTRAS ARDE EL CIRCO DEL BALOTAJE | ARDE TROYA,Arde Troya con Juliana Oxenford,,847.0,high_yield_channel,Arde Troya con Juliana Oxenford,83,ACOSO_PERSONAL|AMENAZA_DIRECTA,2.41 chunks de daño y 0.39 amenazas por video en el corpus base,55
cGxwVHLrM5Q,https://www.youtube.com/watch?v=cGxwVHLrM5Q,DANIEL URRESTI GOES TO THE INTERNATIONAL COURT OF HUMAN RIGHTS TO OVERTURN THE SENTENCE IN THE BU...,Arde Troya con Juliana Oxenford,,314.0,high_yield_channel,Arde Troya con Juliana Oxenford,84,ACOSO_PERSONAL|AMENAZA_DIRECTA,2.41 chunks de daño y 0.39 amenazas por video en el corpus base,55
qEMGsP9T864,https://www.youtube.com/watch?v=qEMGsP9T864,Roberto Sánchez shakes things up: he won't recognize Keiko and calls for insurrection | All hell ...,Arde Troya con Juliana Oxenford,,1239.0,high_yield_channel,Arde Troya con Juliana Oxenford,85,ACOSO_PERSONAL|AMENAZA_DIRECTA,2.41 chunks de daño y 0.39 amenazas por video en el corpus base,55
LE06KjPETUI,https://www.youtube.com/watch?v=LE06KjPETUI,EL JURADO DECLARA INADMISIBLE A RENOVACIÓN POPULAR Y LE BAJA LOS HUMOS A PORKY | ARDE TROYA,Arde Troya con Juliana Oxenford,,881.0,high_yield_channel,Arde Troya con Juliana Oxenford,86,ACOSO_PERSONAL|AMENAZA_DIRECTA,2.41 chunks de daño y 0.39 amenazas por video en el corpus base,55
7lOt4ndGtBI,https://www.youtube.com/watch?v=7lOt4ndGtBI,"RUTH LUQUE: ""CRIMINAL REPRESSION PROVES WE ALREADY LIVE IN AN AUTHORITARIAN REGIME"" #interview",Arde Troya con Juliana Oxenford,,1711.0,high_yield_channel,Arde Troya con Juliana Oxenford,87,ACOSO_PERSONAL|AMENAZA_DIRECTA,2.41 chunks de daño y 0.39 amenazas por video en el corpus base,55
FKbFEzo1dNU,https://www.youtube.com/watch?v=FKbFEzo1dNU,JP FILES CRIMINAL COMPLAINT AGAINST THE CHANCELLOR AND INSISTS ON ANNULLING OVERSEAS VOTES | ALL ...,Arde Troya con Juliana Oxenford,,663.0,high_yield_channel,Arde Troya con Juliana Oxenford,88,ACOSO_PERSONAL|AMENAZA_DIRECTA,2.41 chunks de daño y 0.39 amenazas por video en el corpus base,55
zWzl_4WyDQw,https://www.youtube.com/watch?v=zWzl_4WyDQw,Public Prosecutor's Office Criminalizes Protests and Files Criminal Charges Against Journalists |...,Arde Troya con Juliana Oxenford,,256.0,high_yield_channel,Arde Troya con Juliana Oxenford,89,ACOSO_PERSONAL|AMENAZA_DIRECTA,2.41 chunks de daño y 0.39 amenazas por video en el corpus base,55
Qh1Lozez658,https://www.youtube.com/watch?v=Qh1Lozez658,"JPP BUSCA ANULAR EXTRANJERO, JEE LE DA UN PARÓN A FUERZA POPULAR Y PORKY VA POR LIMA | ARDE TROYA",Arde Troya con Juliana Oxenford,,6231.0,high_yield_channel,Arde Troya con Juliana Oxenford,90,ACOSO_PERSONAL|AMENAZA_DIRECTA,2.41 chunks de daño y 0.39 amenazas por video en el corpus base,55
YR5yVl5Qtmw,https://www.youtube.com/watch?v=YR5yVl5Qtmw,Juliana slams Congress for changing laws to avoid losing her registration | All hell breaks loose,Arde Troya con Juliana Oxenford,,166.0,high_yield_channel,Arde Troya con Juliana Oxenford,91,ACOSO_PERSONAL|AMENAZA_DIRECTA,2.41 chunks de daño y 0.39 amenazas por video en el corpus base,55
QKhwf8jTggM,https://www.youtube.com/watch?v=QKhwf8jTggM,JULIANA DESNUDA A JUNTOS POR EL PERÚ POR INSISTIR EN ANULAR EL VOTO EXTRANJERO | ARDE TROYA,Arde Troya con Juliana Oxenford,,899.0,high_yield_channel,Arde Troya con Juliana Oxenford,92,ACOSO_PERSONAL|AMENAZA_DIRECTA,2.41 chunks de daño y 0.39 amenazas por video en el corpus base,55
QyZqf3qjXxw,https://www.youtube.com/watch?v=QyZqf3qjXxw,CARLOS RIVERA DESNUDA EL PAQUETE DE LEYES DEL CONGRESO PARA COMPRAR IMPUNIDAD #entrevista,Arde Troya con Juliana Oxenford,,1310.0,high_yield_channel,Arde Troya con Juliana Oxenford,93,ACOSO_PERSONAL|AMENAZA_DIRECTA,2.41 chunks de daño y 0.39 amenazas por video en el corpus base,55
GVYMnJfTsRU,https://www.youtube.com/watch?v=GVYMnJfTsRU,Juliana dismantles JP's complaint about the overseas vote and reveals Keiko's advantage | All hel...,Arde Troya con Juliana Oxenford,,702.0,high_yield_channel,Arde Troya con Juliana Oxenford,94,ACOSO_PERSONAL|AMENAZA_DIRECTA,2.41 chunks de daño y 0.39 amenazas por video en el corpus base,55
QG40BT4-Qzg,https://www.youtube.com/watch?v=QG40BT4-Qzg,FRANCIS ALLISON CALLS OUT LÓPEZ ALIAGA FOR TURNING THE MUNICIPALITY INTO A PIGSTY #interview,Arde Troya con Juliana Oxenford,,1766.0,high_yield_channel,Arde Troya con Juliana Oxenford,95,ACOSO_PERSONAL|AMENAZA_DIRECTA,2.41 chunks de daño y 0.39 amenazas por video en el corpus base,55
kWyWSk9Jaw8,https://www.youtube.com/watch?v=kWyWSk9Jaw8,FORMER LAVA JATO COORDINATOR BREAKS SILENCE AND DENOUNCES BRUTAL PERSECUTION AGAINST HIM #interview,Arde Troya con Juliana Oxenford,,2377.0,high_yield_channel,Arde Troya con Juliana Oxenford,96,ACOSO_PERSONAL|AMENAZA_DIRECTA,2.41 chunks de daño y 0.39 amenazas por video en el corpus base,55
AKstlVlAk3M,https://www.youtube.com/watch?v=AKstlVlAk3M,ARDE TROYA CON JULIANA OXENFORD: PROGRAMA DEL 17 DE JUNIO DEL 2026,Arde Troya con Juliana Oxenford,,6232.0,high_yield_channel,Arde Troya con Juliana Oxenford,97,ACOSO_PERSONAL|AMENAZA_DIRECTA,2.41 chunks de daño y 0.39 amenazas por video en el corpus base,55
nXjFY9tRK0k,https://www.youtube.com/watch?v=nXjFY9tRK0k,RICARDO BELMONT VUELVE DE LAS SOMBRAS Y SACA EL GARROTE CONTRA LÓPEZ ALIAGA POR LIMA | ARDE TROYA,Arde Troya con Juliana Oxenford,,469.0,high_yield_channel,Arde Troya con Juliana Oxenford,98,ACOSO_PERSONAL|AMENAZA_DIRECTA,2.41 chunks de daño y 0.39 amenazas por video en el corpus base,55
oJK0HCi8VfI,https://www.youtube.com/watch?v=oJK0HCi8VfI,¿QUIÉN DOMINARÁ SENADORES Y DIPUTADOS EN EL NUEVO CONGRESO BICAMERAL 2026? | ARDE TROYA,Arde Troya con Juliana Oxenford,,1155.0,high_yield_channel,Arde Troya con Juliana Oxenford,99,ACOSO_PERSONAL|AMENAZA_DIRECTA,2.41 chunks de daño y 0.39 amenazas por video en el corpus base,55
0ZRXFKFVKFI,https://www.youtube.com/watch?v=0ZRXFKFVKFI,ERNESTO ZUNINI EXPONE DUDAS DEL VOTO EXTRANJERO Y DEFIENDE LA LEGITIMIDAD DE LAS URNAS #entrevista,Arde Troya con Juliana Oxenford,,2475.0,high_yield_channel,Arde Troya con Juliana Oxenford,100,ACOSO_PERSONAL|AMENAZA_DIRECTA,2.41 chunks de daño y 0.39 amenazas por video en el corpus base,55
2qqV_aU6FJk,https://www.youtube.com/watch?v=2qqV_aU6FJk,ARDE TROYA CON JULIANA OXENFORD: PROGRAMA DEL 16 DE JUNIO DEL 2026,Arde Troya con Juliana Oxenford,,5585.0,high_yield_channel,Arde Troya con Juliana Oxenford,101,ACOSO_PERSONAL|AMENAZA_DIRECTA,2.41 chunks de daño y 0.39 amenazas por video en el corpus base,55
ic5d6DoSMAc,https://www.youtube.com/watch?v=ic5d6DoSMAc,CONGRESS APPROVES LAW FOR POLICE AND MILITARY TO ONLY BE TRIED IN MILITARY COURTS,Arde Troya con Juliana Oxenford,,125.0,high_yield_channel,Arde Troya con Juliana Oxenford,102,ACOSO_PERSONAL|AMENAZA_DIRECTA,2.41 chunks de daño y 0.39 amenazas por video en el corpus base,55
5gaPvI7189E,https://www.youtube.com/watch?v=5gaPvI7189E,"¡QUÉ CONCHUDEZ! KEIKO SE VA A EE.UU., PORKY APUNTA A LA MUNI Y QUIEREN FUERA  A DELIA ESPINOZA",Arde Troya con Juliana Oxenford,,522.0,high_yield_channel,Arde Troya con Juliana Oxenford,103,ACOSO_PERSONAL|AMENAZA_DIRECTA,2.41 chunks de daño y 0.39 amenazas por video en el corpus base,55
40N3EpogFzc,https://www.youtube.com/watch?v=40N3EpogFzc,DIEGO POMAREDA WARNS: WHAT STORY WILL FUJIMORISMO WANT TO TELL WHILE IN POWER? #interview,Arde Troya con Juliana Oxenford,,1734.0,high_yield_channel,Arde Troya con Juliana Oxenford,104,ACOSO_PERSONAL|AMENAZA_DIRECTA,2.41 chunks de daño y 0.39 amenazas por video en el corpus base,55
6ENBrU7qlnk,https://www.youtube.com/watch?v=6ENBrU7qlnk,"TROY BURNS WITH JULIANA OXENFORD: PROGRAM OF JUNE 15, 2026",Arde Troya con Juliana Oxenford,,4959.0,high_yield_channel,Arde Troya con Juliana Oxenford,105,ACOSO_PERSONAL|AMENAZA_DIRECTA,2.41 chunks de daño y 0.39 amenazas por video en el corpus base,55
iiqJeacIpao,https://www.youtube.com/watch?v=iiqJeacIpao,RAFAEL LÓPEZ ALIAGA FRACASÓ EN LA PRESIDENCIAL Y AHORA QUIERE VOLVER A POSTULAR A LIMA | ARDE TROYA,Arde Troya con Juliana Oxenford,,202.0,high_yield_channel,Arde Troya con Juliana Oxenford,106,ACOSO_PERSONAL|AMENAZA_DIRECTA,2.41 chunks de daño y 0.39 amenazas por video en el corpus base,55
oJX1cjaPO5k,https://www.youtube.com/watch?v=oJX1cjaPO5k,Juliana exposes the Miraflores security perimeter and the barrier against JP's marches | All hell...,Arde Troya con Juliana Oxenford,,426.0,high_yield_channel,Arde Troya con Juliana Oxenford,107,ACOSO_PERSONAL|AMENAZA_DIRECTA,2.41 chunks de daño y 0.39 amenazas por video en el corpus base,55
NPyMu4J0o4U,https://www.youtube.com/watch?v=NPyMu4J0o4U,EL JNE PROCLAMA A KEIKO FUJIMORI ANTES DE QUE ONPE TERMINE EL CONTEO AL 100% | ARDE TROYA,Arde Troya con Juliana Oxenford,,170.0,high_yield_channel,Arde Troya con Juliana Oxenford,108,ACOSO_PERSONAL|AMENAZA_DIRECTA,2.41 chunks de daño y 0.39 amenazas por video en el corpus base,55
0EkGigdLXh4,https://www.youtube.com/watch?v=0EkGigdLXh4,ARDE TROYA CON JULIANA OXENFORD: PROGRAMA DEL 12 DE JUNIO DEL 2026,Arde Troya con Juliana Oxenford,,4347.0,high_yield_channel,Arde Troya con Juliana Oxenford,109,ACOSO_PERSONAL|AMENAZA_DIRECTA,2.41 chunks de daño y 0.39 amenazas por video en el corpus base,55
lyHkIgvKWCA,https://www.youtube.com/watch?v=lyHkIgvKWCA,Keiko and Roberto Sánchez unleash a desperate hunt to invalidate votes | All hell breaks loose,Arde Troya con Juliana Oxenford,,700.0,high_yield_channel,Arde Troya con Juliana Oxenford,110,ACOSO_PERSONAL|AMENAZA_DIRECTA,2.41 chunks de daño y 0.39 amenazas por video en el corpus base,55
PuSeiNHZh0U,https://www.youtube.com/watch?v=PuSeiNHZh0U,MINJUS SEPULTA EL INDULTO DE PEDRO CASTILLO Y SE QUEDARÁ EN BARBADILLO | ARDE TROYA,Arde Troya con Juliana Oxenford,,485.0,high_yield_channel,Arde Troya con Juliana Oxenford,111,ACOSO_PERSONAL|AMENAZA_DIRECTA,2.41 chunks de daño y 0.39 amenazas por video en el corpus base,55
vMJY3vP7d4k,https://www.youtube.com/watch?v=vMJY3vP7d4k,"MARISOL PÉREZ TELLO: ""NO PODÍA VOTAR POR ALGUIEN EN QUIEN NO CREO"" | ARDE TROYA",Arde Troya con Juliana Oxenford,,1724.0,high_yield_channel,Arde Troya con Juliana Oxenford,112,ACOSO_PERSONAL|AMENAZA_DIRECTA,2.41 chunks de daño y 0.39 amenazas por video en el corpus base,55
G3cquXmm7WM,https://www.youtube.com/watch?v=G3cquXmm7WM,"ARDE TROYA WITH JULIANA OXENFORD: JUNE 11, 2026 PROGRAM",Arde Troya con Juliana Oxenford,,5503.0,high_yield_channel,Arde Troya con Juliana Oxenford,113,ACOSO_PERSONAL|AMENAZA_DIRECTA,2.41 chunks de daño y 0.39 amenazas por video en el corpus base,55
okAG3SMn8_o,https://www.youtube.com/watch?v=okAG3SMn8_o,Juliana confronts Alfredo Torres over his statements during the ONPE vote count | All hell breaks...,Arde Troya con Juliana Oxenford,,1197.0,high_yield_channel,Arde Troya con Juliana Oxenford,114,ACOSO_PERSONAL|AMENAZA_DIRECTA,2.41 chunks de daño y 0.39 amenazas por video en el corpus base,55
IUtR3JsOPXs,https://www.youtube.com/watch?v=IUtR3JsOPXs,Jorge Nieto lashes out at Juntos por el Perú and leaves José Domingo on the sidelines | All hell ...,Arde Troya con Juliana Oxenford,,211.0,high_yield_channel,Arde Troya con Juliana Oxenford,115,ACOSO_PERSONAL|AMENAZA_DIRECTA,2.41 chunks de daño y 0.39 amenazas por video en el corpus base,55
1_Vab-NAJC0,https://www.youtube.com/watch?v=1_Vab-NAJC0,"¡ANÍBAL TORRES SACA EL GARROTE! ""KEIKO LIMPIAMENTE NO GANARÁ"" | ARDE TROYA #entrevista",Arde Troya con Juliana Oxenford,,2607.0,high_yield_channel,Arde Troya con Juliana Oxenford,116,ACOSO_PERSONAL|AMENAZA_DIRECTA,2.41 chunks de daño y 0.39 amenazas por video en el corpus base,55
5PwfLYw4vxY,https://www.youtube.com/watch?v=5PwfLYw4vxY,"ARDE TROYA WITH JULIANA OXENFORD: JUNE 10, 2026 PROGRAM",Arde Troya con Juliana Oxenford,,5315.0,high_yield_channel,Arde Troya con Juliana Oxenford,117,ACOSO_PERSONAL|AMENAZA_DIRECTA,2.41 chunks de daño y 0.39 amenazas por video en el corpus base,55
MIc4407OhX4,https://www.youtube.com/watch?v=MIc4407OhX4,"López Aliaga signs alliance with Keiko, but continues to denounce electoral fraud | All hell brea...",Arde Troya con Juliana Oxenford,,89.0,high_yield_channel,Arde Troya con Juliana Oxenford,118,ACOSO_PERSONAL|AMENAZA_DIRECTA,2.41 chunks de daño y 0.39 amenazas por video en el corpus base,55
Qtl-4Rnf7rA,https://www.youtube.com/watch?v=Qtl-4Rnf7rA,Leaked audios of José Chlimper revealing why Keiko feels like a winner | All hell breaks loose,Arde Troya con Juliana Oxenford,,402.0,high_yield_channel,Arde Troya con Juliana Oxenford,119,ACOSO_PERSONAL|AMENAZA_DIRECTA,2.41 chunks de daño y 0.39 amenazas por video en el corpus base,55
H9EDmmVP4YY,https://www.youtube.com/watch?v=H9EDmmVP4YY,ALFREDO TORRES IN THE SPOTLIGHT: WHY DOES THE RURAL VOTE REMAIN THE ACHILLES' HEEL? | ALL HELL BU...,Arde Troya con Juliana Oxenford,,2036.0,high_yield_channel,Arde Troya con Juliana Oxenford,120,ACOSO_PERSONAL|AMENAZA_DIRECTA,2.41 chunks de daño y 0.39 amenazas por video en el corpus base,55
lAdmg8Obdck,https://www.youtube.com/watch?v=lAdmg8Obdck,"ARDE TROYA WITH JULIANA OXENFORD: JUNE 9, 2026 PROGRAM",Arde Troya con Juliana Oxenford,,4529.0,high_yield_channel,Arde Troya con Juliana Oxenford,121,ACOSO_PERSONAL|AMENAZA_DIRECTA,2.41 chunks de daño y 0.39 amenazas por video en el corpus base,55
NN52DByXgs0,https://www.youtube.com/watch?v=NN52DByXgs0,STRAIGHT TALK! JULIANA CONFESSES HER VOTE IN THE FIRST AND SECOND ROUNDS BEFORE THE AUDIENCE,Arde Troya con Juliana Oxenford,,774.0,high_yield_channel,Arde Troya con Juliana Oxenford,122,ACOSO_PERSONAL|AMENAZA_DIRECTA,2.41 chunks de daño y 0.39 amenazas por video en el corpus base,55
6wYkk4N65wc,https://www.youtube.com/watch?v=6wYkk4N65wc,"""HEART-STOPPING COUNT! JULIANA EXPOSES THE RACISM AND CLASSISM BEHIND THE SECOND ROUND NUMBERS""",Arde Troya con Juliana Oxenford,,1067.0,high_yield_channel,Arde Troya con Juliana Oxenford,123,ACOSO_PERSONAL|AMENAZA_DIRECTA,2.41 chunks de daño y 0.39 amenazas por video en el corpus base,55
zHOklB7A_vw,https://www.youtube.com/watch?v=zHOklB7A_vw,CARLOS JAICO OPENS UP AFTER COLLABORATING WITH ROBERTO SÁNCHEZ AND TEARS JORGE NIETO APART #INTER...,Arde Troya con Juliana Oxenford,,1429.0,high_yield_channel,Arde Troya con Juliana Oxenford,124,ACOSO_PERSONAL|AMENAZA_DIRECTA,2.41 chunks de daño y 0.39 amenazas por video en el corpus base,55
PsPIYH9KIxI,https://www.youtube.com/watch?v=PsPIYH9KIxI,"ARDE TROYA WITH JULIANA OXENFORD: JUNE 8, 2026 PROGRAM",Arde Troya con Juliana Oxenford,,5464.0,high_yield_channel,Arde Troya con Juliana Oxenford,125,ACOSO_PERSONAL|AMENAZA_DIRECTA,2.41 chunks de daño y 0.39 amenazas por video en el corpus base,55
CEXjhFusGG4,https://www.youtube.com/watch?v=CEXjhFusGG4,Raúl Diez Canseco takes Keiko to campus and violates the rules during the closed season | All hel...,Arde Troya con Juliana Oxenford,,198.0,high_yield_channel,Arde Troya con Juliana Oxenford,126,ACOSO_PERSONAL|AMENAZA_DIRECTA,2.41 chunks de daño y 0.39 amenazas por video en el corpus base,55
dbsL3CK6zWU,https://www.youtube.com/watch?v=dbsL3CK6zWU,Keiko hugs López Aliaga as JP plays his last cards | All hell breaks loose,Arde Troya con Juliana Oxenford,,1563.0,high_yield_channel,Arde Troya con Juliana Oxenford,127,ACOSO_PERSONAL|AMENAZA_DIRECTA,2.41 chunks de daño y 0.39 amenazas por video en el corpus base,55
TCyFf_fxWQ0,https://www.youtube.com/watch?v=TCyFf_fxWQ0,"GUSTAVO GUERRA GARCÍA BRINGS OUT THE BIG GUNS: ""WE ARE GOING TO RATIFY JULIO VELARDE AT THE BCR"" ...",Arde Troya con Juliana Oxenford,,2299.0,high_yield_channel,Arde Troya con Juliana Oxenford,128,ACOSO_PERSONAL|AMENAZA_DIRECTA,2.41 chunks de daño y 0.39 amenazas por video en el corpus base,55
Me-jHZw53K0,https://www.youtube.com/watch?v=Me-jHZw53K0,"ALL HELL BREAKS LOOSE WITH JULIANA OXENFORD: JUNE 5, 2026 PROGRAM",Arde Troya con Juliana Oxenford,,5979.0,high_yield_channel,Arde Troya con Juliana Oxenford,129,ACOSO_PERSONAL|AMENAZA_DIRECTA,2.41 chunks de daño y 0.39 amenazas por video en el corpus base,55
wBVU_Hdem_0,https://www.youtube.com/watch?v=wBVU_Hdem_0,MESÍAS GUEVARA BREAKS NEUTRALITY AND CALLS FOR A VOTE FOR ROBERTO SÁNCHEZ | ALL HELL BLAZE #inter...,Arde Troya con Juliana Oxenford,,1605.0,high_yield_channel,Arde Troya con Juliana Oxenford,130,ACOSO_PERSONAL|AMENAZA_DIRECTA,2.41 chunks de daño y 0.39 amenazas por video en el corpus base,55
UN3SzVHQhwg,https://www.youtube.com/watch?v=UN3SzVHQhwg,Keiko Fujimori introduces her daughter Kaori at massive campaign closing rally in Chiclayo | All ...,Arde Troya con Juliana Oxenford,,457.0,high_yield_channel,Arde Troya con Juliana Oxenford,131,ACOSO_PERSONAL|AMENAZA_DIRECTA,2.41 chunks de daño y 0.39 amenazas por video en el corpus base,55
dhA1tFwvdT4,https://www.youtube.com/watch?v=dhA1tFwvdT4,PATRICIA DONAYRE REVEALS THE TRUE AUTHORITARIANISM OF FUERZA POPULAR | ARDE TROYA #interview,Arde Troya con Juliana Oxenford,,1579.0,high_yield_channel,Arde Troya con Juliana Oxenford,132,ACOSO_PERSONAL|AMENAZA_DIRECTA,2.41 chunks de daño y 0.39 amenazas por video en el corpus base,55
0aTL8-dX3Nc,https://www.youtube.com/watch?v=0aTL8-dX3Nc,"TROY BURNS WITH JULIANA OXENFORD: PROGRAM FROM JUNE 4, 2026",Arde Troya con Juliana Oxenford,,5460.0,high_yield_channel,Arde Troya con Juliana Oxenford,133,ACOSO_PERSONAL|AMENAZA_DIRECTA,2.41 chunks de daño y 0.39 amenazas por video en el corpus base,55
EcRpLNX0uSg,https://www.youtube.com/watch?v=EcRpLNX0uSg,Popular Liberty Party members resign after Rafael Belaunde's support for Keiko | All hell breaks ...,Arde Troya con Juliana Oxenford,,349.0,high_yield_channel,Arde Troya con Juliana Oxenford,134,ACOSO_PERSONAL|AMENAZA_DIRECTA,2.41 chunks de daño y 0.39 amenazas por video en el corpus base,55
cyDWpwSzN5U,https://www.youtube.com/watch?v=cyDWpwSzN5U,WHAT DID LEYLA CHIHUAN DO FOR THE LGBTIQ+ COMMUNITY WHILE IN CONGRESS? | ALL HELL BREAKS LOOSE,Arde Troya con Juliana Oxenford,,539.0,high_yield_channel,Arde Troya con Juliana Oxenford,135,ACOSO_PERSONAL|AMENAZA_DIRECTA,2.41 chunks de daño y 0.39 amenazas por video en el corpus base,55
llTsD_NEyY4,https://www.youtube.com/watch?v=llTsD_NEyY4,PERÚ PRIMERO SE UNE A SÁNCHEZ: ALEJANDRO SALAS NIEGA PACTO DE INDULTO PARA VIZCARRA | ARDE TROYA,Arde Troya con Juliana Oxenford,,1429.0,high_yield_channel,Arde Troya con Juliana Oxenford,136,ACOSO_PERSONAL|AMENAZA_DIRECTA,2.41 chunks de daño y 0.39 amenazas por video en el corpus base,55
1q6rDaigN_U,https://www.youtube.com/watch?v=1q6rDaigN_U,"ARDE TROYA WITH JULIANA OXENFORD: JUNE 3, 2026 PROGRAM",Arde Troya con Juliana Oxenford,,5336.0,high_yield_channel,Arde Troya con Juliana Oxenford,137,ACOSO_PERSONAL|AMENAZA_DIRECTA,2.41 chunks de daño y 0.39 amenazas por video en el corpus base,55
TuTP_jQmfs0,https://www.youtube.com/watch?v=TuTP_jQmfs0,EL RESPALDO DEL RECTOR DE LA UNI A ROBERTO SÁNCHEZ BUSCA CONSOLIDAR EL VOTO JOVEN | ARDE TROYA,Arde Troya con Juliana Oxenford,,303.0,high_yield_channel,Arde Troya con Juliana Oxenford,138,ACOSO_PERSONAL|AMENAZA_DIRECTA,2.41 chunks de daño y 0.39 amenazas por video en el corpus base,55
e3kDOi8-hMw,https://www.youtube.com/watch?v=e3kDOi8-hMw,¡GOLPE DE TIMÓN! ROBERTO SÁNCHEZ CAMBIA SU PLAN DE GOBIERNO A CINCO DÍAS DEL BALOTAJE | ARDE TROYA,Arde Troya con Juliana Oxenford,,1712.0,high_yield_channel,Arde Troya con Juliana Oxenford,139,ACOSO_PERSONAL|AMENAZA_DIRECTA,2.41 chunks de daño y 0.39 amenazas por video en el corpus base,55
C9Fii9WRrtc,https://www.youtube.com/watch?v=C9Fii9WRrtc,"RAFAEL BELAÚNDE CLARIFIES HIS SUPPORT FOR KEIKO: ""I DON'T WANT SÁNCHEZ TO WIN"" | ARDE TROYA #inte...",Arde Troya con Juliana Oxenford,,2138.0,high_yield_channel,Arde Troya con Juliana Oxenford,140,ACOSO_PERSONAL|AMENAZA_DIRECTA,2.41 chunks de daño y 0.39 amenazas por video en el corpus base,55
wJkAuQPMZ1k,https://www.youtube.com/watch?v=wJkAuQPMZ1k,"ALL HELL BREAKS LOOSE WITH JULIANA OXENFORD: JUNE 2, 2026 PROGRAM",Arde Troya con Juliana Oxenford,,5845.0,high_yield_channel,Arde Troya con Juliana Oxenford,141,ACOSO_PERSONAL|AMENAZA_DIRECTA,2.41 chunks de daño y 0.39 amenazas por video en el corpus base,55
_5tO5Vqi9ug,https://www.youtube.com/watch?v=_5tO5Vqi9ug,WE REVIEW THE NUMBERS FROM THE LAST ELECTIONS AS THE STREETS MOBILIZE | ALL HELL BURNS,Arde Troya con Juliana Oxenford,,1013.0,high_yield_channel,Arde Troya con Juliana Oxenford,142,ACOSO_PERSONAL|AMENAZA_DIRECTA,2.41 chunks de daño y 0.39 amenazas por video en el corpus base,55
EHX6E-SPAS0,https://www.youtube.com/watch?v=EHX6E-SPAS0,JULIANA DESMENUZA LOS GOLPES BAJOS Y LAS CAÍDAS DE KEIKO Y ROBERTO SÁNCHEZ | ARDE TROYA,Arde Troya con Juliana Oxenford,,1884.0,high_yield_channel,Arde Troya con Juliana Oxenford,143,ACOSO_PERSONAL|AMENAZA_DIRECTA,2.41 chunks de daño y 0.39 amenazas por video en el corpus base,55
wCQB1nL8tCk,https://www.youtube.com/watch?v=wCQB1nL8tCk,GLATZER TUESTA BREAKS DOWN THE STRATEGIES THAT DEFINED THE ENCOUNTER BETWEEN KEIKO AND SÁNCHEZ | ...,Arde Troya con Juliana Oxenford,,2288.0,high_yield_channel,Arde Troya con Juliana Oxenford,144,ACOSO_PERSONAL|AMENAZA_DIRECTA,2.41 chunks de daño y 0.39 amenazas por video en el corpus base,55
nC3i3Xj2EH0,https://www.youtube.com/watch?v=nC3i3Xj2EH0,"TROY BURNS WITH JULIANA OXENFORD: PROGRAM FROM JUNE 1, 2026",Arde Troya con Juliana Oxenford,,5836.0,high_yield_channel,Arde Troya con Juliana Oxenford,145,ACOSO_PERSONAL|AMENAZA_DIRECTA,2.41 chunks de daño y 0.39 amenazas por video en el corpus base,55
XCMeFDNa0mI,https://www.youtube.com/watch?v=XCMeFDNa0mI,SCANDAL IN THE EXECUTIVE BRANCH! BALCÁZAR UNDERMIZES THE JUSTICE SYSTEM AND ANNOUNCES PARDON FOR ...,Arde Troya con Juliana Oxenford,,378.0,high_yield_channel,Arde Troya con Juliana Oxenford,146,ACOSO_PERSONAL|AMENAZA_DIRECTA,2.41 chunks de daño y 0.39 amenazas por video en el corpus base,55
aHqnc453FOI,https://www.youtube.com/watch?v=aHqnc453FOI,BREAKING NEWS! KEIKO FUJIMORI TAKES THE LEAD IN THE POLLS AND LEAVES ROBERTO SÁNCHEZ BEHIND,Arde Troya con Juliana Oxenford,,1066.0,high_yield_channel,Arde Troya con Juliana Oxenford,147,ACOSO_PERSONAL|AMENAZA_DIRECTA,2.41 chunks de daño y 0.39 amenazas por video en el corpus base,55
4fVwt7Ngxqs,https://www.youtube.com/watch?v=4fVwt7Ngxqs,LUCIANO LÓPEZ EXPOSES THE CONSTITUTIONAL COURT AND WARNS THAT IMPEACHMENT REMAINS CONGRESS'S WEAPON,Arde Troya con Juliana Oxenford,,2022.0,high_yield_channel,Arde Troya con Juliana Oxenford,148,ACOSO_PERSONAL|AMENAZA_DIRECTA,2.41 chunks de daño y 0.39 amenazas por video en el corpus base,55
Ml4BgVT3VW4,https://www.youtube.com/watch?v=Ml4BgVT3VW4,"TROY IS BURNING WITH JULIANA OXENFORD: PROGRAM OF MAY 29, 2026",Arde Troya con Juliana Oxenford,,5781.0,high_yield_channel,Arde Troya con Juliana Oxenford,149,ACOSO_PERSONAL|AMENAZA_DIRECTA,2.41 chunks de daño y 0.39 amenazas por video en el corpus base,55
Rr6OE_tjBy4,https://www.youtube.com/watch?v=Rr6OE_tjBy4,'POPY' OLIVERA REAPPEARS AND IGNITES THE RUNOFF WITH ALLEGED 'EVIDENCE' OF FRAUD | ALL HELL BURNS,Arde Troya con Juliana Oxenford,,1699.0,high_yield_channel,Arde Troya con Juliana Oxenford,150,ACOSO_PERSONAL|AMENAZA_DIRECTA,2.41 chunks de daño y 0.39 amenazas por video en el corpus base,55
Iyp4HdcnB5Y,https://www.youtube.com/watch?v=Iyp4HdcnB5Y,APARECE SUPUESTA V1CT1MA DEL PADRE OMAR | ARDE TROYA,Arde Troya con Juliana Oxenford,,963.0,high_yield_channel,Arde Troya con Juliana Oxenford,151,ACOSO_PERSONAL|AMENAZA_DIRECTA,2.41 chunks de daño y 0.39 amenazas por video en el corpus base,55
0rVnt_-GVBs,https://www.youtube.com/watch?v=0rVnt_-GVBs,FRANCISCO TICLLA'S FAMILY LOCATES HIS CLANDESTINELY BURIED REMAINS | ALL HELL BREAKS LOOSE,Arde Troya con Juliana Oxenford,,377.0,high_yield_channel,Arde Troya con Juliana Oxenford,152,ACOSO_PERSONAL|AMENAZA_DIRECTA,2.41 chunks de daño y 0.39 amenazas por video en el corpus base,55
78YZqZ8ofyc,https://www.youtube.com/watch?v=78YZqZ8ofyc,"ARDE TROYA WITH JULIANA OXENFORD: MAY 28, 2026 PROGRAM",Arde Troya con Juliana Oxenford,,6048.0,high_yield_channel,Arde Troya con Juliana Oxenford,153,ACOSO_PERSONAL|AMENAZA_DIRECTA,2.41 chunks de daño y 0.39 amenazas por video en el corpus base,55
Vs3hzgYC2nA,https://www.youtube.com/watch?v=Vs3hzgYC2nA,"José Domingo Pérez blasts the National Youth Board: ""I have no confidence in you"" | All hell brea...",Arde Troya con Juliana Oxenford,,486.0,high_yield_channel,Arde Troya con Juliana Oxenford,154,ACOSO_PERSONAL|AMENAZA_DIRECTA,2.41 chunks de daño y 0.39 amenazas por video en el corpus base,55
JWPpZustW8c,https://www.youtube.com/watch?v=JWPpZustW8c,'PORRO QUE LADRA' CORRE EL VELO DEL BALOTAJE Y DEFIENDE SU VOTO POR ROBERTO SÁNCHEZ | ARDE TROYA,Arde Troya con Juliana Oxenford,,1844.0,high_yield_channel,Arde Troya con Juliana Oxenford,155,ACOSO_PERSONAL|AMENAZA_DIRECTA,2.41 chunks de daño y 0.39 amenazas por video en el corpus base,55
pFTUFMe7Vyg,https://www.youtube.com/watch?v=pFTUFMe7Vyg,Huancayo rejects Keiko during rally and denounces massive arrival of laptops | All hell breaks loose,Arde Troya con Juliana Oxenford,,576.0,high_yield_channel,Arde Troya con Juliana Oxenford,156,ACOSO_PERSONAL|AMENAZA_DIRECTA,2.41 chunks de daño y 0.39 amenazas por video en el corpus base,55
ZoA7LBJ0kjk,https://www.youtube.com/watch?v=ZoA7LBJ0kjk,"ARDE TROYA WITH JULIANA OXENFORD: MAY 27, 2026 PROGRAM",Arde Troya con Juliana Oxenford,,5342.0,high_yield_channel,Arde Troya con Juliana Oxenford,157,ACOSO_PERSONAL|AMENAZA_DIRECTA,2.41 chunks de daño y 0.39 amenazas por video en el corpus base,55
68SlYyzEPMU,https://www.youtube.com/watch?v=68SlYyzEPMU,"FUJIMORISM TREMBLES! DOMINGO PÉREZ ANNOUNCES LAWSUITS AGAINST BARBARÁN, MIKI TORRES, AND WILLIAMS",Arde Troya con Juliana Oxenford,,1373.0,high_yield_channel,Arde Troya con Juliana Oxenford,158,ACOSO_PERSONAL|AMENAZA_DIRECTA,2.41 chunks de daño y 0.39 amenazas por video en el corpus base,55
_xx4dbZTayc,https://www.youtube.com/watch?v=_xx4dbZTayc,THE PLAN IS ADAPTING! SINESIO LÓPEZ REVEALS WHY JUNTOS POR EL PERÚ IS RECALCULATING ITS ROADMAP,Arde Troya con Juliana Oxenford,,1020.0,high_yield_channel,Arde Troya con Juliana Oxenford,159,ACOSO_PERSONAL|AMENAZA_DIRECTA,2.41 chunks de daño y 0.39 amenazas por video en el corpus base,55
a_PSvIfeEzM,https://www.youtube.com/watch?v=a_PSvIfeEzM,Spokesperson for Together for Peru suffers strange robbery involving a police officer hours befor...,Arde Troya con Juliana Oxenford,,201.0,high_yield_channel,Arde Troya con Juliana Oxenford,160,ACOSO_PERSONAL|AMENAZA_DIRECTA,2.41 chunks de daño y 0.39 amenazas por video en el corpus base,55
hLvIAIx5meg,https://www.youtube.com/watch?v=hLvIAIx5meg,"ARDE TROYA WITH JULIANA OXENFORD: MAY 26, 2026 PROGRAM",Arde Troya con Juliana Oxenford,,4693.0,high_yield_channel,Arde Troya con Juliana Oxenford,161,ACOSO_PERSONAL|AMENAZA_DIRECTA,2.41 chunks de daño y 0.39 amenazas por video en el corpus base,55
RWT6yhvZU8w,https://www.youtube.com/watch?v=RWT6yhvZU8w,The debate raises more questions than answers and shows that the advisors weren't up to the task ...,Arde Troya con Juliana Oxenford,,2082.0,high_yield_channel,Arde Troya con Juliana Oxenford,162,ACOSO_PERSONAL|AMENAZA_DIRECTA,2.41 chunks de daño y 0.39 amenazas por video en el corpus base,55
_A_snRjfn3Q,https://www.youtube.com/watch?v=_A_snRjfn3Q,EXCANDIDATOS QUE SE CORREN DEL BALOTAJE Y VAN POR EL VOTO VICIADO SON LINDADOS DE TIBIOS |ARDE TROYA,Arde Troya con Juliana Oxenford,,851.0,high_yield_channel,Arde Troya con Juliana Oxenford,163,ACOSO_PERSONAL|AMENAZA_DIRECTA,2.41 chunks de daño y 0.39 amenazas por video en el corpus base,55
_yBUdn9k1Kg,https://www.youtube.com/watch?v=_yBUdn9k1Kg,"OSCAR DÍAZ WARNS: 'IF THESE ARE THE BEST EXPERTS, WE'RE IN TROUBLE | ARDE TROYA",Arde Troya con Juliana Oxenford,,1679.0,high_yield_channel,Arde Troya con Juliana Oxenford,164,ACOSO_PERSONAL|AMENAZA_DIRECTA,2.41 chunks de daño y 0.39 amenazas por video en el corpus base,55
Dz__lmjYyt0,https://www.youtube.com/watch?v=Dz__lmjYyt0,"TROY IS BURNING WITH JULIANA OXENFORD: PROGRAM OF MAY 25, 2026",Arde Troya con Juliana Oxenford,,5591.0,high_yield_channel,Arde Troya con Juliana Oxenford,165,ACOSO_PERSONAL|AMENAZA_DIRECTA,2.41 chunks de daño y 0.39 amenazas por video en el corpus base,55
oa-7mQlnb10,https://www.youtube.com/watch?v=oa-7mQlnb10,Podemos and APP restructure for elections | Acuña blames the press for his failure | All hell bre...,Arde Troya con Juliana Oxenford,,638.0,high_yield_channel,Arde Troya con Juliana Oxenford,166,ACOSO_PERSONAL|AMENAZA_DIRECTA,2.41 chunks de daño y 0.39 amenazas por video en el corpus base,55
Dq8n1ehqcKc,https://www.youtube.com/watch?v=Dq8n1ehqcKc,MIKI TORRES REVELA EL VERDADERO TRABAJO DE FUERZA POPULAR PARA SACAR A CASTILLO | ARDE TROYA,Arde Troya con Juliana Oxenford,,424.0,high_yield_channel,Arde Troya con Juliana Oxenford,167,ACOSO_PERSONAL|AMENAZA_DIRECTA,2.41 chunks de daño y 0.39 amenazas por video en el corpus base,55
2xeDS-8Uvz8,https://www.youtube.com/watch?v=2xeDS-8Uvz8,YONHY LESCANO JOINS ROBERTO SÁNCHEZ TO PREVENT KEIKO FROM CONTROLLING THE ENTIRE COUNTRY | ALL HE...,Arde Troya con Juliana Oxenford,,1963.0,high_yield_channel,Arde Troya con Juliana Oxenford,168,ACOSO_PERSONAL|AMENAZA_DIRECTA,2.41 chunks de daño y 0.39 amenazas por video en el corpus base,55
zoycud5lPvY,https://www.youtube.com/watch?v=zoycud5lPvY,¿EL FUJIMORISMO CONTROLA EL CONGRESO? YONHY LESCANO LO REVELA #ArdeTroya,Arde Troya con Juliana Oxenford,,133.0,high_yield_channel,Arde Troya con Juliana Oxenford,169,ACOSO_PERSONAL|AMENAZA_DIRECTA,2.41 chunks de daño y 0.39 amenazas por video en el corpus base,55
Y8sG1SuXYiw,https://www.youtube.com/watch?v=Y8sG1SuXYiw,"ARDE TROYA WITH JULIANA OXENFORD: MAY 22, 2026 PROGRAM",Arde Troya con Juliana Oxenford,,5526.0,high_yield_channel,Arde Troya con Juliana Oxenford,170,ACOSO_PERSONAL|AMENAZA_DIRECTA,2.41 chunks de daño y 0.39 amenazas por video en el corpus base,55
oNv8ILygFz4,https://www.youtube.com/watch?v=oNv8ILygFz4,López Aliaga loses the election and continues to blame Gorriti for all his problems | All hell br...,Arde Troya con Juliana Oxenford,,789.0,high_yield_channel,Arde Troya con Juliana Oxenford,171,ACOSO_PERSONAL|AMENAZA_DIRECTA,2.41 chunks de daño y 0.39 amenazas por video en el corpus base,55
T0z_bLuj5sQ,https://www.youtube.com/watch?v=T0z_bLuj5sQ,CARLOS BRUCE USES HIS OWN ADVISOR AS A TARGET TO TEST A NON-LETHAL WEAPON | ALL HELL BREAKS LOOSE,Arde Troya con Juliana Oxenford,,647.0,high_yield_channel,Arde Troya con Juliana Oxenford,172,ACOSO_PERSONAL|AMENAZA_DIRECTA,2.41 chunks de daño y 0.39 amenazas por video en el corpus base,55
8_IH3ebxG8g,https://www.youtube.com/watch?v=8_IH3ebxG8g,Groups in Congress seek to eliminate femicide from the penal code | All hell breaks loose,Arde Troya con Juliana Oxenford,,1288.0,high_yield_channel,Arde Troya con Juliana Oxenford,173,ACOSO_PERSONAL|AMENAZA_DIRECTA,2.41 chunks de daño y 0.39 amenazas por video en el corpus base,55
hsAOkQPmnXc,https://www.youtube.com/watch?v=hsAOkQPmnXc,"ARDE TROYA WITH JULIANA OXENFORD: MAY 21, 2026 PROGRAM",Arde Troya con Juliana Oxenford,,4544.0,high_yield_channel,Arde Troya con Juliana Oxenford,174,ACOSO_PERSONAL|AMENAZA_DIRECTA,2.41 chunks de daño y 0.39 amenazas por video en el corpus base,55
awQ9mUnO90M,https://www.youtube.com/watch?v=awQ9mUnO90M,IS CONGRESS TRYING TO ELIMINATE THE CRIME OF FEMICIDE? #AllHellBreaksLoose #shorts,Arde Troya con Juliana Oxenford,,150.0,high_yield_channel,Arde Troya con Juliana Oxenford,175,ACOSO_PERSONAL|AMENAZA_DIRECTA,2.41 chunks de daño y 0.39 amenazas por video en el corpus base,55
JwxXmOgXmhE,https://www.youtube.com/watch?v=JwxXmOgXmhE,The right wing is blackmailing Rafael López Aliaga to give his votes to Keiko | All hell is break...,Arde Troya con Juliana Oxenford,,678.0,high_yield_channel,Arde Troya con Juliana Oxenford,176,ACOSO_PERSONAL|AMENAZA_DIRECTA,2.41 chunks de daño y 0.39 amenazas por video en el corpus base,55
hbsgCUTC8_w,https://www.youtube.com/watch?v=hbsgCUTC8_w,SANTIVÁÑEZ LOSES HIS SEAT AND IS ON THE ROCKS BEFORE THE JUSTICE SYSTEM | ALL HELL BREAKS OUT,Arde Troya con Juliana Oxenford,,350.0,high_yield_channel,Arde Troya con Juliana Oxenford,177,ACOSO_PERSONAL|AMENAZA_DIRECTA,2.41 chunks de daño y 0.39 amenazas por video en el corpus base,55
lhLhQZ7m1Cg,https://www.youtube.com/watch?v=lhLhQZ7m1Cg,"Aguinaga criticized Rodríguez Cuadros' photo, and social media reminded him of Keiko with Chávez ...",Arde Troya con Juliana Oxenford,,167.0,high_yield_channel,Arde Troya con Juliana Oxenford,178,ACOSO_PERSONAL|AMENAZA_DIRECTA,2.41 chunks de daño y 0.39 amenazas por video en el corpus base,55
RuQ7_67dduA,https://www.youtube.com/watch?v=RuQ7_67dduA,"TROUBLE IN TROY WITH JULIANA OXENFORD: MAY 20, 2026 PROGRAM",Arde Troya con Juliana Oxenford,,4795.0,high_yield_channel,Arde Troya con Juliana Oxenford,179,ACOSO_PERSONAL|AMENAZA_DIRECTA,2.41 chunks de daño y 0.39 amenazas por video en el corpus base,55
jpItm0E4IV8,https://www.youtube.com/watch?v=jpItm0E4IV8,JULIANA OXENFORD INTERVIEWS FORMER CANDIDATE FIORELLA MOLINELLI #ArdeTroya #shorts,Arde Troya con Juliana Oxenford,,120.0,high_yield_channel,Arde Troya con Juliana Oxenford,180,ACOSO_PERSONAL|AMENAZA_DIRECTA,2.41 chunks de daño y 0.39 amenazas por video en el corpus base,55
qiDB0VjI8Nw,https://www.youtube.com/watch?v=qiDB0VjI8Nw,REVEALED! WHAT DO THE CANDIDATES ON KEIKO AND SÁNCHEZ'S POLITICAL SHOWS DO AND HOW MUCH DO THEY E...,Arde Troya con Juliana Oxenford,,1427.0,high_yield_channel,Arde Troya con Juliana Oxenford,181,ACOSO_PERSONAL|AMENAZA_DIRECTA,2.41 chunks de daño y 0.39 amenazas por video en el corpus base,55
UFqcf_5-VsM,https://www.youtube.com/watch?v=UFqcf_5-VsM,THE SILENCE IS BROKEN! FATHER OMAR MUST FACE JUSTICE OVER SEXUAL ASSAULT ALLEGATIONS,Arde Troya con Juliana Oxenford,,216.0,high_yield_channel,Arde Troya con Juliana Oxenford,182,ACOSO_PERSONAL|AMENAZA_DIRECTA,2.41 chunks de daño y 0.39 amenazas por video en el corpus base,55
lfFcwEO-rRI,https://www.youtube.com/watch?v=lfFcwEO-rRI,SHE TOOK ADVANTAGE OF PPK! FIORELLA MOLINELLI BREAKS HER SILENCE | ALL HELL BURNS,Arde Troya con Juliana Oxenford,,1375.0,high_yield_channel,Arde Troya con Juliana Oxenford,183,ACOSO_PERSONAL|AMENAZA_DIRECTA,2.41 chunks de daño y 0.39 amenazas por video en el corpus base,55
ILrDa-BlJa4,https://www.youtube.com/watch?v=ILrDa-BlJa4,"ARDE TROYA WITH JULIANA OXENFORD: MAY 19, 2026 EPISODE",Arde Troya con Juliana Oxenford,,5594.0,high_yield_channel,Arde Troya con Juliana Oxenford,184,ACOSO_PERSONAL|AMENAZA_DIRECTA,2.41 chunks de daño y 0.39 amenazas por video en el corpus base,55
1CFJNWlCghE,https://www.youtube.com/watch?v=1CFJNWlCghE,PPK DOES NOT SUPPORT KEIKO IN THE SECOND ROUND AND EXPOSES HIS MANIPULATION STRATEGY | ALL HELL B...,Arde Troya con Juliana Oxenford,,970.0,high_yield_channel,Arde Troya con Juliana Oxenford,185,ACOSO_PERSONAL|AMENAZA_DIRECTA,2.41 chunks de daño y 0.39 amenazas por video en el corpus base,55
SR35IGhnUcg,https://www.youtube.com/watch?v=SR35IGhnUcg,CONTEO AL 100% CONFIRMA A KEIKO FUJIMORI Y ROBERTO SÁNCHEZ EN SEGUNDA VUELTA ELECTORAL | ARDE TROYA,Arde Troya con Juliana Oxenford,,940.0,high_yield_channel,Arde Troya con Juliana Oxenford,186,ACOSO_PERSONAL|AMENAZA_DIRECTA,2.41 chunks de daño y 0.39 amenazas por video en el corpus base,55
r-Vb7lxdzNE,https://www.youtube.com/watch?v=r-Vb7lxdzNE,ERNESTO ZUNINI REVEALS THAT THE 'MAFIA PACT' GOVERNS THE COUNTRY | ALL HELL BURNS #interviews,Arde Troya con Juliana Oxenford,,2709.0,high_yield_channel,Arde Troya con Juliana Oxenford,187,ACOSO_PERSONAL|AMENAZA_DIRECTA,2.41 chunks de daño y 0.39 amenazas por video en el corpus base,55
f2MgbL36Y8k,https://www.youtube.com/watch?v=f2MgbL36Y8k,"TROY IS BURNING WITH JULIANA OXENFORD: PROGRAM OF MAY 18, 2026",Arde Troya con Juliana Oxenford,,6201.0,high_yield_channel,Arde Troya con Juliana Oxenford,188,ACOSO_PERSONAL|AMENAZA_DIRECTA,2.41 chunks de daño y 0.39 amenazas por video en el corpus base,55
QhlfBtu_CuY,https://www.youtube.com/watch?v=QhlfBtu_CuY,"TROY IS BURNING WITH JULIANA OXENFORD: PROGRAM OF MAY 16, 2026",Arde Troya con Juliana Oxenford,,2903.0,high_yield_channel,Arde Troya con Juliana Oxenford,189,ACOSO_PERSONAL|AMENAZA_DIRECTA,2.41 chunks de daño y 0.39 amenazas por video en el corpus base,55
RWw11m1IHaY,https://www.youtube.com/watch?v=RWw11m1IHaY,"ALL HELL BREAKS LOOSE WITH JULIANA OXENFORD: MAY 15, 2026 PROGRAM",Arde Troya con Juliana Oxenford,,5412.0,high_yield_channel,Arde Troya con Juliana Oxenford,190,ACOSO_PERSONAL|AMENAZA_DIRECTA,2.41 chunks de daño y 0.39 amenazas por video en el corpus base,55
v2VMlKRR8xM,https://www.youtube.com/watch?v=v2VMlKRR8xM,ESTUDIANTES DE LA PUCP PROTESTAN CONTRA ALZA EN LAS PENSIONES: ¿EDUCACIÓN O NEGOCIO? | ARDE TROYA,Arde Troya con Juliana Oxenford,,586.0,high_yield_channel,Arde Troya con Juliana Oxenford,191,ACOSO_PERSONAL|AMENAZA_DIRECTA,2.41 chunks de daño y 0.39 amenazas por video en el corpus base,55
-7BU7tPpWb4,https://www.youtube.com/watch?v=-7BU7tPpWb4,LA ONPE MULTA A FUERZA POPULAR POR LOS VIAJES Y CATAS DE VINO DE MIKI TORRES | ARDE TROYA,Arde Troya con Juliana Oxenford,,364.0,high_yield_channel,Arde Troya con Juliana Oxenford,192,ACOSO_PERSONAL|AMENAZA_DIRECTA,2.41 chunks de daño y 0.39 amenazas por video en el corpus base,55
Cg97Xkx4D4o,https://www.youtube.com/watch?v=Cg97Xkx4D4o,ATTORNEY GENERAL DISMISSES COMPLAINT AGAINST PATRICIA BENAVIDES | ALL HELL BREAKS LOOSE WITH JULI...,Arde Troya con Juliana Oxenford,,1292.0,high_yield_channel,Arde Troya con Juliana Oxenford,193,ACOSO_PERSONAL|AMENAZA_DIRECTA,2.41 chunks de daño y 0.39 amenazas por video en el corpus base,55
FFQVifiQk6s,https://www.youtube.com/watch?v=FFQVifiQk6s,"TROY IS BURNING WITH JULIANA OXENFORD: PROGRAM OF MAY 14, 2026",Arde Troya con Juliana Oxenford,,4162.0,high_yield_channel,Arde Troya con Juliana Oxenford,194,ACOSO_PERSONAL|AMENAZA_DIRECTA,2.41 chunks de daño y 0.39 amenazas por video en el corpus base,55
OAIhCTnRfMs,https://www.youtube.com/watch?v=OAIhCTnRfMs,Students at San Marcos University take over the university campus to protest the rector's reelect...,Arde Troya con Juliana Oxenford,,599.0,high_yield_channel,Arde Troya con Juliana Oxenford,195,ACOSO_PERSONAL|AMENAZA_DIRECTA,2.41 chunks de daño y 0.39 amenazas por video en el corpus base,55
KoCFcCS35UI,https://www.youtube.com/watch?v=KoCFcCS35UI,PROSECUTORS REQUEST PRISON FOR ROBERTO SÁNCHEZ: WHAT WILL HAPPEN TO HIS CANDIDACY? | ALL HELL BRE...,Arde Troya con Juliana Oxenford,,766.0,high_yield_channel,Arde Troya con Juliana Oxenford,196,ACOSO_PERSONAL|AMENAZA_DIRECTA,2.41 chunks de daño y 0.39 amenazas por video en el corpus base,55
q2qlASzIgq8,https://www.youtube.com/watch?v=q2qlASzIgq8,MÁLAGA LIKES LIVING OFF THE STATE! HIS FORMER ADVISER REVEALS THE CONGRESSMAN'S INEFFICIENCY | AR...,Arde Troya con Juliana Oxenford,,1237.0,high_yield_channel,Arde Troya con Juliana Oxenford,197,ACOSO_PERSONAL|AMENAZA_DIRECTA,2.41 chunks de daño y 0.39 amenazas por video en el corpus base,55
HJVwbUU7BA0,https://www.youtube.com/watch?v=HJVwbUU7BA0,"TROY IS BURNING WITH JULIANA OXENFORD: PROGRAM OF MAY 13, 2024",Arde Troya con Juliana Oxenford,,5744.0,high_yield_channel,Arde Troya con Juliana Oxenford,198,ACOSO_PERSONAL|AMENAZA_DIRECTA,2.41 chunks de daño y 0.39 amenazas por video en el corpus base,55
dbRVcP9M-6A,https://www.youtube.com/watch?v=dbRVcP9M-6A,SCANDAL! RAFAEL LÓPEZ ALIAGA DENOUNCES THAT KEIKO LIVES OFF THE 'POLITICAL TITHES' OF HER CONGRES...,Arde Troya con Juliana Oxenford,,730.0,high_yield_channel,Arde Troya con Juliana Oxenford,199,ACOSO_PERSONAL|AMENAZA_DIRECTA,2.41 chunks de daño y 0.39 amenazas por video en el corpus base,55
Ki5eetX4u9I,https://www.youtube.com/watch?v=Ki5eetX4u9I,LOURDES FLORES' CHAMELEON-LIKE TRANSFORMATION! WILL PEDRO CASTILLO BE LEFT WITHOUT A PARDON THIS ...,Arde Troya con Juliana Oxenford,,1005.0,high_yield_channel,Arde Troya con Juliana Oxenford,200,ACOSO_PERSONAL|AMENAZA_DIRECTA,2.41 chunks de daño y 0.39 amenazas por video en el corpus base,55
JOUCF33S7cU,https://www.youtube.com/watch?v=JOUCF33S7cU,"¡NO ES CORVINA, ES PIRAÑA! GLATZER TUESTA DENUNCIA LA CAPTURA DE INSTITUCIONES POR EL FUJIMORISMO",Arde Troya con Juliana Oxenford,,2708.0,high_yield_channel,Arde Troya con Juliana Oxenford,201,ACOSO_PERSONAL|AMENAZA_DIRECTA,2.41 chunks de daño y 0.39 amenazas por video en el corpus base,55
tqXFh9yMxSM,https://www.youtube.com/watch?v=tqXFh9yMxSM,"TROY IS BURNING WITH JULIANA OXENFORD: PROGRAM OF MAY 12, 2026",Arde Troya con Juliana Oxenford,,6206.0,high_yield_channel,Arde Troya con Juliana Oxenford,202,ACOSO_PERSONAL|AMENAZA_DIRECTA,2.41 chunks de daño y 0.39 amenazas por video en el corpus base,55
biNhvHOZ9kw,https://www.youtube.com/watch?v=biNhvHOZ9kw,¡VERGÜENZA INTERNACIONAL! LÓPEZ ALIAGA LLEVA EL CUENTO DEL FRAUDE A CNN Y QUEDA EN RIDÍCULO,Arde Troya con Juliana Oxenford,,648.0,high_yield_channel,Arde Troya con Juliana Oxenford,203,ACOSO_PERSONAL|AMENAZA_DIRECTA,2.41 chunks de daño y 0.39 amenazas por video en el corpus base,55
DN4fV40Z-Lg,https://www.youtube.com/watch?v=DN4fV40Z-Lg,"THE LIES OF MALAGA! HE ANNOUNCED A PROJECT AT THE UN, TRAVELED THE WORLD, AND NEVER PRESENTED ANY...",Arde Troya con Juliana Oxenford,,142.0,high_yield_channel,Arde Troya con Juliana Oxenford,204,ACOSO_PERSONAL|AMENAZA_DIRECTA,2.41 chunks de daño y 0.39 amenazas por video en el corpus base,55
gkJo6f7rDVY,https://www.youtube.com/watch?v=gkJo6f7rDVY,MORE EDUCATION AND OPEN DATA! JAIR MANRIQUE SEEKS TO REVOLUTIONIZE CONGRESS WITH TECHNOLOGY,Arde Troya con Juliana Oxenford,,1666.0,high_yield_channel,Arde Troya con Juliana Oxenford,205,ACOSO_PERSONAL|AMENAZA_DIRECTA,2.41 chunks de daño y 0.39 amenazas por video en el corpus base,55
aviDKDIZsAw,https://www.youtube.com/watch?v=aviDKDIZsAw,"TROY IS BURNING WITH JULIANA OXENFORD: PROGRAM FROM May 11, 2026",Arde Troya con Juliana Oxenford,,5418.0,high_yield_channel,Arde Troya con Juliana Oxenford,206,ACOSO_PERSONAL|AMENAZA_DIRECTA,2.41 chunks de daño y 0.39 amenazas por video en el corpus base,55
F5jIwZfeqb4,https://www.youtube.com/watch?v=F5jIwZfeqb4,Keiko gains allies while Congress corners Delia Espinoza and Corvetto avoids prison,Arde Troya con Juliana Oxenford,,1015.0,high_yield_channel,Arde Troya con Juliana Oxenford,207,ACOSO_PERSONAL|AMENAZA_DIRECTA,2.41 chunks de daño y 0.39 amenazas por video en el corpus base,55
xXk6BXyZMD0,https://www.youtube.com/watch?v=xXk6BXyZMD0,ANOTHER STRIP ON THE TIGER! ONPE FINES POPULAR FORCE FOR WASTING PERUVIANS' MONEY,Arde Troya con Juliana Oxenford,,962.0,high_yield_channel,Arde Troya con Juliana Oxenford,208,ACOSO_PERSONAL|AMENAZA_DIRECTA,2.41 chunks de daño y 0.39 amenazas por video en el corpus base,55
Gz2WqAMr29k,https://www.youtube.com/watch?v=Gz2WqAMr29k,TOGETHER FOR PERU REJECTS POPULAR RENEWAL'S ATTEMPT TO INVALIDATE RURAL VOTES,Arde Troya con Juliana Oxenford,,1065.0,high_yield_channel,Arde Troya con Juliana Oxenford,209,ACOSO_PERSONAL|AMENAZA_DIRECTA,2.41 chunks de daño y 0.39 amenazas por video en el corpus base,55
Al5C-izB4PA,https://www.youtube.com/watch?v=Al5C-izB4PA,ARDE TROYA CON JULIANA OXENFORD: PROGRAMA DEL 8 DE MAYO DEL 2026,Arde Troya con Juliana Oxenford,,5703.0,high_yield_channel,Arde Troya con Juliana Oxenford,210,ACOSO_PERSONAL|AMENAZA_DIRECTA,2.41 chunks de daño y 0.39 amenazas por video en el corpus base,55
WrR6gj1CbXs,https://www.youtube.com/watch?v=WrR6gj1CbXs,PIERO CORVETTO DA LA CARA ANTE LAS ACUSACIONES DE FRAUDE,Arde Troya con Juliana Oxenford,,921.0,high_yield_channel,Arde Troya con Juliana Oxenford,211,ACOSO_PERSONAL|AMENAZA_DIRECTA,2.41 chunks de daño y 0.39 amenazas por video en el corpus base,55
BWoPr7_prhI,https://www.youtube.com/watch?v=BWoPr7_prhI,FRAUD HYSTERIA OVERFLOWS: MAYOR AND CANDIDATE INSIST ON OVERTURNING THE POPULAR WILL,Arde Troya con Juliana Oxenford,,2252.0,high_yield_channel,Arde Troya con Juliana Oxenford,212,ACOSO_PERSONAL|AMENAZA_DIRECTA,2.41 chunks de daño y 0.39 amenazas por video en el corpus base,55
6wN-SuYOLic,https://www.youtube.com/watch?v=6wN-SuYOLic,JOSÉ DOMINGO PÉREZ JOINS JUNTOS POR EL PERÚ: PURSUIT OF CORRUPT OFFICIALS OR POLITICAL CANDIDATE?,Arde Troya con Juliana Oxenford,,2468.0,high_yield_channel,Arde Troya con Juliana Oxenford,213,ACOSO_PERSONAL|AMENAZA_DIRECTA,2.41 chunks de daño y 0.39 amenazas por video en el corpus base,55
q1bseNgjwX8,https://www.youtube.com/watch?v=q1bseNgjwX8,"TROY IS BURNING WITH JULIANA OXENFORD: PROGRAM FROM MAY 7, 2026",Arde Troya con Juliana Oxenford,,6088.0,high_yield_channel,Arde Troya con Juliana Oxenford,214,ACOSO_PERSONAL|AMENAZA_DIRECTA,2.41 chunks de daño y 0.39 amenazas por video en el corpus base,55
Y2TCtAEXdpQ,https://www.youtube.com/watch?v=Y2TCtAEXdpQ,¿QUIÉN RESPONDE POR EL VRAEM? KEIKO FUJIMORI EN EL OJO DE LA TORMENTA | ARDE TROYA,Arde Troya con Juliana Oxenford,,1023.0,high_yield_channel,Arde Troya con Juliana Oxenford,215,ACOSO_PERSONAL|AMENAZA_DIRECTA,2.41 chunks de daño y 0.39 amenazas por video en el corpus base,55
tTJZUXR4aSI,https://www.youtube.com/watch?v=tTJZUXR4aSI,RUTH LUQUE: WHAT IS CONGRESS HIDING ABOUT THE USE OF MONEY? | ALL HELL BURNS WITH JULIANA OXENFORD,Arde Troya con Juliana Oxenford,,1279.0,high_yield_channel,Arde Troya con Juliana Oxenford,216,ACOSO_PERSONAL|AMENAZA_DIRECTA,2.41 chunks de daño y 0.39 amenazas por video en el corpus base,55
2yrs_Zw9uSE,https://www.youtube.com/watch?v=2yrs_Zw9uSE,THE ONLY FRAUD IS RLA'S! RAFAEL BELAUNDE BURIES THE NARRATIVE OF POPULAR RENEWAL,Arde Troya con Juliana Oxenford,,2166.0,high_yield_channel,Arde Troya con Juliana Oxenford,217,ACOSO_PERSONAL|AMENAZA_DIRECTA,2.41 chunks de daño y 0.39 amenazas por video en el corpus base,55
9d0XkdEEonA,https://www.youtube.com/watch?v=9d0XkdEEonA,"TROY IS BURNING WITH JULIANA OXENFORD: PROGRAM FROM MAY 6, 2026",Arde Troya con Juliana Oxenford,,6027.0,high_yield_channel,Arde Troya con Juliana Oxenford,218,ACOSO_PERSONAL|AMENAZA_DIRECTA,2.41 chunks de daño y 0.39 amenazas por video en el corpus base,55
BPyrzxZe2B4,https://www.youtube.com/watch?v=BPyrzxZe2B4,THE GHOSTS RETURN! VERÓNIKA MENDOZA AND KEIKO FUJIMORI REAPPEAR WITH RADICAL SPEECHES,Arde Troya con Juliana Oxenford,,731.0,high_yield_channel,Arde Troya con Juliana Oxenford,219,ACOSO_PERSONAL|AMENAZA_DIRECTA,2.41 chunks de daño y 0.39 amenazas por video en el corpus base,55
FcFx5QpHyAc,https://www.youtube.com/watch?v=FcFx5QpHyAc,¿RECURSOS PÚBLICOS PARA FINES PARTIDARIOS? EL ALCALDE DE LIMA ENTRA A LA DANZA DEL FR4UD3,Arde Troya con Juliana Oxenford,,1258.0,high_yield_channel,Arde Troya con Juliana Oxenford,220,ACOSO_PERSONAL|AMENAZA_DIRECTA,2.41 chunks de daño y 0.39 amenazas por video en el corpus base,55
pZRHD-G0u5U,https://www.youtube.com/watch?v=pZRHD-G0u5U,SUSANA CHÁVEZ FROM PROMSEX ALERTS: BILLS SEEKING TO PUNISH VICTIMS FOR 'FALSE ACCUSATIONS',Arde Troya con Juliana Oxenford,,1605.0,high_yield_channel,Arde Troya con Juliana Oxenford,221,ACOSO_PERSONAL|AMENAZA_DIRECTA,2.41 chunks de daño y 0.39 amenazas por video en el corpus base,55
qzxXc_1Lvn4,https://www.youtube.com/watch?v=qzxXc_1Lvn4,"TROY IS BURNING WITH JULIANA OXENFORD: PROGRAM FROM MAY 5, 2026",Arde Troya con Juliana Oxenford,,5283.0,high_yield_channel,Arde Troya con Juliana Oxenford,222,ACOSO_PERSONAL|AMENAZA_DIRECTA,2.41 chunks de daño y 0.39 amenazas por video en el corpus base,55
OdXStirT0mw,https://www.youtube.com/watch?v=OdXStirT0mw,¡SE LE CAYÓ EL CUENTO! COLEGIO DE INGENIEROS DESMIENTE FR4UD3 DE LÓPEZ ALIAGA A DÍAS DE RESULTADOS,Arde Troya con Juliana Oxenford,,2034.0,high_yield_channel,Arde Troya con Juliana Oxenford,223,ACOSO_PERSONAL|AMENAZA_DIRECTA,2.41 chunks de daño y 0.39 amenazas por video en el corpus base,55
sxrfs58j2xg,https://www.youtube.com/watch?v=sxrfs58j2xg,¿QUIÉN PROTEGE A LAS HUESTES DE LÓPEZ ALIAGA QUE 4M3NAZAN A PERIODISTAS Y FUNCIONARIOS?,Arde Troya con Juliana Oxenford,,1739.0,high_yield_channel,Arde Troya con Juliana Oxenford,224,ACOSO_PERSONAL|AMENAZA_DIRECTA,2.41 chunks de daño y 0.39 amenazas por video en el corpus base,55
LAe3GwCBILs,https://www.youtube.com/watch?v=LAe3GwCBILs,"HUMBERTO ABANTO DISMANTLES FR4UD3'S NARRATIVE: ""THEY ELIMINATE THE NOUN INSTEAD OF THE ADJECTIVE ...",Arde Troya con Juliana Oxenford,,1447.0,high_yield_channel,Arde Troya con Juliana Oxenford,225,ACOSO_PERSONAL|AMENAZA_DIRECTA,2.41 chunks de daño y 0.39 amenazas por video en el corpus base,55
KhCyRXrfZhg,https://www.youtube.com/watch?v=KhCyRXrfZhg,"TROY BURNS WITH JULIANA OXENFORD: PROGRAM FROM MAY 4, 2026",Arde Troya con Juliana Oxenford,,5983.0,high_yield_channel,Arde Troya con Juliana Oxenford,226,ACOSO_PERSONAL|AMENAZA_DIRECTA,2.41 chunks de daño y 0.39 amenazas por video en el corpus base,55
aTuSNJqwbTw,https://www.youtube.com/watch?v=aTuSNJqwbTw,HE TOLD THEM THE TRUTH. KEIKO AND LÓPEZ ALIAGA! TERCO92: THE RAPPER WHO DOESN'T SELL OUT,Arde Troya con Juliana Oxenford,,1482.0,high_yield_channel,Arde Troya con Juliana Oxenford,227,ACOSO_PERSONAL|AMENAZA_DIRECTA,2.41 chunks de daño y 0.39 amenazas por video en el corpus base,55
p2DOORllO2I,https://www.youtube.com/watch?v=p2DOORllO2I,THE VATICAN IS INVESTIGATING HIM! PAOLA UGAZ REVEALS RAPE ALLEGATIONS AGAINST FATHER OMAR,Arde Troya con Juliana Oxenford,,2419.0,high_yield_channel,Arde Troya con Juliana Oxenford,228,ACOSO_PERSONAL|AMENAZA_DIRECTA,2.41 chunks de daño y 0.39 amenazas por video en el corpus base,55
HjRHkbyn_bc,https://www.youtube.com/watch?v=HjRHkbyn_bc,ARDE TROYA CON JULIANA OXENFORD: PROGRAMA DEL 30 DE ABRIL DEL 2026,Arde Troya con Juliana Oxenford,,6432.0,high_yield_channel,Arde Troya con Juliana Oxenford,229,ACOSO_PERSONAL|AMENAZA_DIRECTA,2.41 chunks de daño y 0.39 amenazas por video en el corpus base,55
diajnwfPNG0,https://www.youtube.com/watch?v=diajnwfPNG0,VRAEM VICTIMS' LAWYER DISMANTLES MILITARY VERSION: THERE WAS NO TRACE OF COCAINE,Arde Troya con Juliana Oxenford,,850.0,high_yield_channel,Arde Troya con Juliana Oxenford,230,ACOSO_PERSONAL|AMENAZA_DIRECTA,2.41 chunks de daño y 0.39 amenazas por video en el corpus base,55
Vfwv3H5LfUs,https://www.youtube.com/watch?v=Vfwv3H5LfUs,MASSACRE IN THE VRAEM! PEDRO YARANGA REVEALS THE TRUTH BEHIND THE DEATH OF YOUNG PEOPLE AT THE HA...,Arde Troya con Juliana Oxenford,,1318.0,high_yield_channel,Arde Troya con Juliana Oxenford,231,ACOSO_PERSONAL|AMENAZA_DIRECTA,2.41 chunks de daño y 0.39 amenazas por video en el corpus base,55
RBFkhvesbpc,https://www.youtube.com/watch?v=RBFkhvesbpc,"TROY IS BURNING WITH JULIANA OXENFORD: PROGRAM OF APRIL 29, 2026",Arde Troya con Juliana Oxenford,,6141.0,high_yield_channel,Arde Troya con Juliana Oxenford,232,ACOSO_PERSONAL|AMENAZA_DIRECTA,2.41 chunks de daño y 0.39 amenazas por video en el corpus base,55
B0Pqw1cFm6Q,https://www.youtube.com/watch?v=B0Pqw1cFm6Q,¡ESCÁNDALO EN JUNTOS POR EL PERÚ! HIJOS DE MILITANTE FALLECIDO DENUNCIAN ABANDONO | ARDE TROYA,Arde Troya con Juliana Oxenford,,1680.0,high_yield_channel,Arde Troya con Juliana Oxenford,233,ACOSO_PERSONAL|AMENAZA_DIRECTA,2.41 chunks de daño y 0.39 amenazas por video en el corpus base,55
QwRT_ujQiho,https://www.youtube.com/watch?v=QwRT_ujQiho,"TROY IS BURNING WITH JULIANA OXENFORD: PROGRAM OF APRIL 28, 2026",Arde Troya con Juliana Oxenford,,5179.0,high_yield_channel,Arde Troya con Juliana Oxenford,234,ACOSO_PERSONAL|AMENAZA_DIRECTA,2.41 chunks de daño y 0.39 amenazas por video en el corpus base,55
bBKxyGsrzcg,https://www.youtube.com/watch?v=bBKxyGsrzcg,WHY WAS PEDRO CASTILLO USED IN ROBERTO SÁNCHEZ'S CAMPAIGN? | ALL HELL BREAKS OUT WITH OXENFORD,Arde Troya con Juliana Oxenford,,2327.0,high_yield_channel,Arde Troya con Juliana Oxenford,235,ACOSO_PERSONAL|AMENAZA_DIRECTA,2.41 chunks de daño y 0.39 amenazas por video en el corpus base,55
WauDBA141yI,https://www.youtube.com/watch?v=WauDBA141yI,"Rafael López Aliaga blames Gustavo Gorriti and Rosa María Palacios for ""fraud"" | All hell breaks ...",Arde Troya con Juliana Oxenford,,1253.0,high_yield_channel,Arde Troya con Juliana Oxenford,236,ACOSO_PERSONAL|AMENAZA_DIRECTA,2.41 chunks de daño y 0.39 amenazas por video en el corpus base,55
Z8sPerpk-FQ,https://www.youtube.com/watch?v=Z8sPerpk-FQ,ARGUMENT BETWEEN JULIANA OXENFORD VS. WILLAX JOURNALIST OVER SENSITIVE INFORMATION | ALL HELL BUR...,Arde Troya con Juliana Oxenford,,1253.0,high_yield_channel,Arde Troya con Juliana Oxenford,237,ACOSO_PERSONAL|AMENAZA_DIRECTA,2.41 chunks de daño y 0.39 amenazas por video en el corpus base,55
P_yFOEW0e_I,https://www.youtube.com/watch?v=P_yFOEW0e_I,"Roberto Sánchez wins over 24,000 votes over López Aliaga and continues to face problems with Galaga",Arde Troya con Juliana Oxenford,,786.0,high_yield_channel,Arde Troya con Juliana Oxenford,238,ACOSO_PERSONAL|AMENAZA_DIRECTA,2.41 chunks de daño y 0.39 amenazas por video en el corpus base,55
ZY_OwT3doo8,https://www.youtube.com/watch?v=ZY_OwT3doo8,"TROY IS BURNING WITH JULIANA OXENFORD: PROGRAM OF APRIL 27, 2026",Arde Troya con Juliana Oxenford,,6423.0,high_yield_channel,Arde Troya con Juliana Oxenford,239,ACOSO_PERSONAL|AMENAZA_DIRECTA,2.41 chunks de daño y 0.39 amenazas por video en el corpus base,55
IRIrmgaBS-8,https://www.youtube.com/watch?v=IRIrmgaBS-8,Rafael López Aliaga apologizes to Samuel Dyer | All hell breaks loose with Juliana Oxenford,Arde Troya con Juliana Oxenford,,1010.0,high_yield_channel,Arde Troya con Juliana Oxenford,240,ACOSO_PERSONAL|AMENAZA_DIRECTA,2.41 chunks de daño y 0.39 amenazas por video en el corpus base,55
pligl23ztko,https://www.youtube.com/watch?v=pligl23ztko,ABUSIVO ALLANAMIENTO CONTRA CORVETTO DESATA CRISIS,Arde Troya con Juliana Oxenford,,775.0,high_yield_channel,Arde Troya con Juliana Oxenford,241,ACOSO_PERSONAL|AMENAZA_DIRECTA,2.41 chunks de daño y 0.39 amenazas por video en el corpus base,55
05l0eOMDO7Q,https://www.youtube.com/watch?v=05l0eOMDO7Q,JULIANA OXENFORD FACE TO FACE WITH MIRTHA VÁSQUEZ | ALL HELL BLAZE #INTERVIEW,Arde Troya con Juliana Oxenford,,1924.0,high_yield_channel,Arde Troya con Juliana Oxenford,242,ACOSO_PERSONAL|AMENAZA_DIRECTA,2.41 chunks de daño y 0.39 amenazas por video en el corpus base,55
-DbLSVmLlLs,https://www.youtube.com/watch?v=-DbLSVmLlLs,"TROY IS BURNING WITH JULIANA OXENFORD: PROGRAM OF APRIL 24, 2026",Arde Troya con Juliana Oxenford,,5622.0,high_yield_channel,Arde Troya con Juliana Oxenford,243,ACOSO_PERSONAL|AMENAZA_DIRECTA,2.41 chunks de daño y 0.39 amenazas por video en el corpus base,55
LGxwhUUvgsk,https://www.youtube.com/watch?v=LGxwhUUvgsk,"LUCIANO LÓPEZ: ""ONLY 1 IN 10 VOTED FOR KEIKO FUJIMORI"" | ALL HELL BURNS",Arde Troya con Juliana Oxenford,,3105.0,high_yield_channel,Arde Troya con Juliana Oxenford,244,ACOSO_PERSONAL|AMENAZA_DIRECTA,2.41 chunks de daño y 0.39 amenazas por video en el corpus base,55
JhLiBW1WcHQ,https://www.youtube.com/watch?v=JhLiBW1WcHQ,Government crisis over F-16 fighter jet purchase | All hell breaks loose with Juliana Oxenford,Arde Troya con Juliana Oxenford,,2642.0,high_yield_channel,Arde Troya con Juliana Oxenford,245,ACOSO_PERSONAL|AMENAZA_DIRECTA,2.41 chunks de daño y 0.39 amenazas por video en el corpus base,55
U9r-dIxmqs8,https://www.youtube.com/watch?v=U9r-dIxmqs8,"TROY IS BURNING WITH JULIANA OXENFORD: PROGRAM FROM APRIL 23, 2026",Arde Troya con Juliana Oxenford,,5944.0,high_yield_channel,Arde Troya con Juliana Oxenford,246,ACOSO_PERSONAL|AMENAZA_DIRECTA,2.41 chunks de daño y 0.39 amenazas por video en el corpus base,55
YZeF9TqJYRg,https://www.youtube.com/watch?v=YZeF9TqJYRg,Rafael López Aliaga apologizes to Keiko Fujimori and Samuel Dyer,Arde Troya con Juliana Oxenford,,438.0,high_yield_channel,Arde Troya con Juliana Oxenford,247,ACOSO_PERSONAL|AMENAZA_DIRECTA,2.41 chunks de daño y 0.39 amenazas por video en el corpus base,55
hZO5VZkD9-M,https://www.youtube.com/watch?v=hZO5VZkD9-M,¿SE QUIEBRA LA INCONSTITUCIONALIDAD? ENTREVISTA A JOSÉ TELLO #ENTREVISTA,Arde Troya con Juliana Oxenford,,1493.0,high_yield_channel,Arde Troya con Juliana Oxenford,248,ACOSO_PERSONAL|AMENAZA_DIRECTA,2.41 chunks de daño y 0.39 amenazas por video en el corpus base,55
cD9QU01QbdE,https://www.youtube.com/watch?v=cD9QU01QbdE,LA RENUNCIA DE PIERO CORVETTO: ANÁLISIS COMPLETO DE JULIANA OXENFORD,Arde Troya con Juliana Oxenford,,2931.0,high_yield_channel,Arde Troya con Juliana Oxenford,249,ACOSO_PERSONAL|AMENAZA_DIRECTA,2.41 chunks de daño y 0.39 amenazas por video en el corpus base,55
o8gwWZ83A7k,https://www.youtube.com/watch?v=o8gwWZ83A7k,"TROY IS BURNING WITH JULIANA OXENFORD: PROGRAM FROM APRIL 22, 2026",Arde Troya con Juliana Oxenford,,5073.0,high_yield_channel,Arde Troya con Juliana Oxenford,250,ACOSO_PERSONAL|AMENAZA_DIRECTA,2.41 chunks de daño y 0.39 amenazas por video en el corpus base,55
iOZdcsjfeQw,https://www.youtube.com/watch?v=iOZdcsjfeQw,Wolfgang Grozo distances himself from Rafael López Aliaga #INTERVIEW,Arde Troya con Juliana Oxenford,,1967.0,high_yield_channel,Arde Troya con Juliana Oxenford,251,ACOSO_PERSONAL|AMENAZA_DIRECTA,2.41 chunks de daño y 0.39 amenazas por video en el corpus base,55
Bd6BfJ3I4jw,https://www.youtube.com/watch?v=Bd6BfJ3I4jw,"TROY IS BURNING WITH JULIANA OXENFORD: PROGRAM FROM APRIL 21, 2026",Arde Troya con Juliana Oxenford,,5215.0,high_yield_channel,Arde Troya con Juliana Oxenford,252,ACOSO_PERSONAL|AMENAZA_DIRECTA,2.41 chunks de daño y 0.39 amenazas por video en el corpus base,55
oIbwfTP4bM8,https://www.youtube.com/watch?v=oIbwfTP4bM8,"EXCLUSIVE INTERVIEW WITH HARVEY COLCHADO: ""I WOULD NEVER VOTE FOR KEIKO FUJIMORI"" #INTERVIEW",Arde Troya con Juliana Oxenford,,2682.0,high_yield_channel,Arde Troya con Juliana Oxenford,253,ACOSO_PERSONAL|AMENAZA_DIRECTA,2.41 chunks de daño y 0.39 amenazas por video en el corpus base,55
vBpNg7DcpmQ,https://www.youtube.com/watch?v=vBpNg7DcpmQ,López Aliaga accuses Keiko Fujimori of fraud and analyzes her slow-moving plan.,Arde Troya con Juliana Oxenford,,3186.0,high_yield_channel,Arde Troya con Juliana Oxenford,254,ACOSO_PERSONAL|AMENAZA_DIRECTA,2.41 chunks de daño y 0.39 amenazas por video en el corpus base,55
PqpL9LvXGj8,https://www.youtube.com/watch?v=PqpL9LvXGj8,"TROY IS BURNING WITH JULIANA OXENFORD: PROGRAM FROM APRIL 20, 2026",Arde Troya con Juliana Oxenford,,6383.0,high_yield_channel,Arde Troya con Juliana Oxenford,255,ACOSO_PERSONAL|AMENAZA_DIRECTA,2.41 chunks de daño y 0.39 amenazas por video en el corpus base,55
Xe4XDDKUh2g,https://www.youtube.com/watch?v=Xe4XDDKUh2g,THE CONTRADICTIONS OF ROBERTO SÁNCHEZ AND HIS LINKS TO FUJIMORISM #INTERVIEW,Arde Troya con Juliana Oxenford,,2383.0,high_yield_channel,Arde Troya con Juliana Oxenford,256,ACOSO_PERSONAL|AMENAZA_DIRECTA,2.41 chunks de daño y 0.39 amenazas por video en el corpus base,55
_78b-B9iKts,https://www.youtube.com/watch?v=_78b-B9iKts,"TROY IS BURNING WITH JULIANA OXENFORD: PROGRAM FROM APRIL 17, 2026",Arde Troya con Juliana Oxenford,,5967.0,high_yield_channel,Arde Troya con Juliana Oxenford,257,ACOSO_PERSONAL|AMENAZA_DIRECTA,2.41 chunks de daño y 0.39 amenazas por video en el corpus base,55
sdEMFgXhGN0,https://www.youtube.com/watch?v=sdEMFgXhGN0,Rafael López Aliaga panics and asks for the result to be suspended.,Arde Troya con Juliana Oxenford,,2054.0,high_yield_channel,Arde Troya con Juliana Oxenford,258,ACOSO_PERSONAL|AMENAZA_DIRECTA,2.41 chunks de daño y 0.39 amenazas por video en el corpus base,55
D_GAZerVb20,https://www.youtube.com/watch?v=D_GAZerVb20,"TROY IS BURNING WITH JULIANA OXENFORD: PROGRAM FROM APRIL 16, 2026",Arde Troya con Juliana Oxenford,,5089.0,high_yield_channel,Arde Troya con Juliana Oxenford,259,ACOSO_PERSONAL|AMENAZA_DIRECTA,2.41 chunks de daño y 0.39 amenazas por video en el corpus base,55
tgim6vWDpPg,https://www.youtube.com/watch?v=tgim6vWDpPg,"FERNANDO ""POPY"" OLIVERA DENOUNCES FRAUD IN THE 2026 ELECTIONS #INTERVIEW",Arde Troya con Juliana Oxenford,,2679.0,high_yield_channel,Arde Troya con Juliana Oxenford,260,ACOSO_PERSONAL|AMENAZA_DIRECTA,2.41 chunks de daño y 0.39 amenazas por video en el corpus base,55
UxloeNsEnaM,https://www.youtube.com/watch?v=UxloeNsEnaM,SHOOTING ATTACK AGAINST DANIEL SALAVERRY: HE SURVIVED BY MINUTES #INTERVIEW,Arde Troya con Juliana Oxenford,,967.0,high_yield_channel,Arde Troya con Juliana Oxenford,261,ACOSO_PERSONAL|AMENAZA_DIRECTA,2.41 chunks de daño y 0.39 amenazas por video en el corpus base,55
2lLgTfOAeqg,https://www.youtube.com/watch?v=2lLgTfOAeqg,2026 GENERAL ELECTIONS: WAS THERE FRAUD OR JUST AN ELECTORAL TANTRUM?,Arde Troya con Juliana Oxenford,,2917.0,high_yield_channel,Arde Troya con Juliana Oxenford,262,ACOSO_PERSONAL|AMENAZA_DIRECTA,2.41 chunks de daño y 0.39 amenazas por video en el corpus base,55
ijLQCK_sOIk,https://www.youtube.com/watch?v=ijLQCK_sOIk,"TROY IS BURNING WITH JULIANA OXENFORD: PROGRAM OF APRIL 15, 2026",Arde Troya con Juliana Oxenford,,6832.0,high_yield_channel,Arde Troya con Juliana Oxenford,263,ACOSO_PERSONAL|AMENAZA_DIRECTA,2.41 chunks de daño y 0.39 amenazas por video en el corpus base,55
Dd8a3o7Ithk,https://www.youtube.com/watch?v=Dd8a3o7Ithk,A HEART-STOPPING FINISH! CARLOS ÁLVAREZ AND LÓPEZ CHAU SAY GOODBYE: WHAT WILL HAPPEN IN THE SECON...,Arde Troya con Juliana Oxenford,,762.0,high_yield_channel,Arde Troya con Juliana Oxenford,264,ACOSO_PERSONAL|AMENAZA_DIRECTA,2.41 chunks de daño y 0.39 amenazas por video en el corpus base,55
4oMEKGjTVYs,https://www.youtube.com/watch?v=4oMEKGjTVYs,MARKET TERROR? ROBERTO SÁNCHEZ RADICALIZES HIS RHETORIC AND COMES FOR JULIO VELARDE’S HEAD,Arde Troya con Juliana Oxenford,,894.0,high_yield_channel,Arde Troya con Juliana Oxenford,265,ACOSO_PERSONAL|AMENAZA_DIRECTA,2.41 chunks de daño y 0.39 amenazas por video en el corpus base,55
q9nIwkQxo9s,https://www.youtube.com/watch?v=q9nIwkQxo9s,"TROY IS BURNING WITH JULIANA OXENFORD: PROGRAM FROM APRIL 14, 2026",Arde Troya con Juliana Oxenford,,6119.0,high_yield_channel,Arde Troya con Juliana Oxenford,266,ACOSO_PERSONAL|AMENAZA_DIRECTA,2.41 chunks de daño y 0.39 amenazas por video en el corpus base,55
fPGNwVnEuog,https://www.youtube.com/watch?v=fPGNwVnEuog,¿PUEDEN DETENER A PIERO CORVETTO POR INCIDENCIAS EN LAS ELECCIONES GENERALES 2026? #ENTREVISTA,Arde Troya con Juliana Oxenford,,1534.0,high_yield_channel,Arde Troya con Juliana Oxenford,267,ACOSO_PERSONAL|AMENAZA_DIRECTA,2.41 chunks de daño y 0.39 amenazas por video en el corpus base,55
oJHLVcvfUh4,https://www.youtube.com/watch?v=oJHLVcvfUh4,WHAT THE GENERAL ELECTIONS OF APRIL 12 LEFT US,Arde Troya con Juliana Oxenford,,3323.0,high_yield_channel,Arde Troya con Juliana Oxenford,268,ACOSO_PERSONAL|AMENAZA_DIRECTA,2.41 chunks de daño y 0.39 amenazas por video en el corpus base,55
dzDmXw_4N70,https://www.youtube.com/watch?v=dzDmXw_4N70,"TROY IS BURNING WITH JULIANA OXENFORD: PROGRAM FROM APRIL 13, 2026",Arde Troya con Juliana Oxenford,,6640.0,high_yield_channel,Arde Troya con Juliana Oxenford,269,ACOSO_PERSONAL|AMENAZA_DIRECTA,2.41 chunks de daño y 0.39 amenazas por video en el corpus base,55
CFI8a2WhYMk,https://www.youtube.com/watch?v=CFI8a2WhYMk,WHO IS BLOCKING GROWTH IN PERU? INTERVIEW WITH NICOLY ARAUJO #LAHOGUERA,Arde Troya con Juliana Oxenford,,1059.0,high_yield_channel,Arde Troya con Juliana Oxenford,270,ACOSO_PERSONAL|AMENAZA_DIRECTA,2.41 chunks de daño y 0.39 amenazas por video en el corpus base,55
mAH_lngtVEs,https://www.youtube.com/watch?v=mAH_lngtVEs,¿CONGRESISTAS REVOCADOS? LA IDEA QUE SACUDE EL CONGRESO | ENTREVISTA A PAUL BENAVENTE #LAHOGUERA,Arde Troya con Juliana Oxenford,,915.0,high_yield_channel,Arde Troya con Juliana Oxenford,271,ACOSO_PERSONAL|AMENAZA_DIRECTA,2.41 chunks de daño y 0.39 amenazas por video en el corpus base,55
tglTyS2ii4k,https://www.youtube.com/watch?v=tglTyS2ii4k,JULIANA OXENFORD ENTREVISTA A GEORGE FORSYTH: “NOS ESTÁN ROBANDO EN LA CARA” #LAHOGUERA,Arde Troya con Juliana Oxenford,,1909.0,high_yield_channel,Arde Troya con Juliana Oxenford,272,ACOSO_PERSONAL|AMENAZA_DIRECTA,2.41 chunks de daño y 0.39 amenazas por video en el corpus base,55
UTqQVXQ54Wg,https://www.youtube.com/watch?v=UTqQVXQ54Wg,"TROY IS BURNING WITH JULIANA OXENFORD: PROGRAM FROM APRIL 10, 2026",Arde Troya con Juliana Oxenford,,7016.0,high_yield_channel,Arde Troya con Juliana Oxenford,273,ACOSO_PERSONAL|AMENAZA_DIRECTA,2.41 chunks de daño y 0.39 amenazas por video en el corpus base,55
ETuRBQTtKtY,https://www.youtube.com/watch?v=ETuRBQTtKtY,Un tecnólogo médico al Congreso: La receta de Primero la Gente para salvar las postas #LAHOGUERA,Arde Troya con Juliana Oxenford,,870.0,high_yield_channel,Arde Troya con Juliana Oxenford,274,ACOSO_PERSONAL|AMENAZA_DIRECTA,2.41 chunks de daño y 0.39 amenazas por video en el corpus base,55
FKiT44iPlHQ,https://www.youtube.com/watch?v=FKiT44iPlHQ,¡DEFENSA TOTAL! URIBE LANZA SU PLAN PARA RESCATAR LA EDUCACIÓN Y LOS DERECHOS JUVENILES #LAHOGUERA,Arde Troya con Juliana Oxenford,,1040.0,high_yield_channel,Arde Troya con Juliana Oxenford,275,ACOSO_PERSONAL|AMENAZA_DIRECTA,2.41 chunks de daño y 0.39 amenazas por video en el corpus base,55
dmHUARSZzI8,https://www.youtube.com/watch?v=dmHUARSZzI8,"TROY IS BURNING WITH JULIANA OXENFORD: PROGRAM FROM APRIL 9, 2026",Arde Troya con Juliana Oxenford,,6544.0,high_yield_channel,Arde Troya con Juliana Oxenford,276,ACOSO_PERSONAL|AMENAZA_DIRECTA,2.41 chunks de daño y 0.39 amenazas por video en el corpus base,55
M_ekT9wGXZ8,https://www.youtube.com/watch?v=M_ekT9wGXZ8,¡BASTA DE DUEÑOS DE PARTIDOS! ANTONIO TANG DISPARA CONTRA EL USO PRIVADO DEL ESTADO #LAHOGUERA,Arde Troya con Juliana Oxenford,,568.0,high_yield_channel,Arde Troya con Juliana Oxenford,277,ACOSO_PERSONAL|AMENAZA_DIRECTA,2.41 chunks de daño y 0.39 amenazas por video en el corpus base,55
MYiRAuZ7OP0,https://www.youtube.com/watch?v=MYiRAuZ7OP0,¿SE VENDÍAN LOS NÚMEROS EN LAS LISTAS PARA ELECCIONES? #LAHOGUERA,Arde Troya con Juliana Oxenford,,663.0,high_yield_channel,Arde Troya con Juliana Oxenford,278,ACOSO_PERSONAL|AMENAZA_DIRECTA,2.41 chunks de daño y 0.39 amenazas por video en el corpus base,55
fPTa3LMN6UE,https://www.youtube.com/watch?v=fPTa3LMN6UE,JULIANA OXENFORD ENTREVISTA A MARISOL PÉREZ TELLO #LAHOGUERA,Arde Troya con Juliana Oxenford,,2710.0,high_yield_channel,Arde Troya con Juliana Oxenford,279,ACOSO_PERSONAL|AMENAZA_DIRECTA,2.41 chunks de daño y 0.39 amenazas por video en el corpus base,55
369NQlJSBnA,https://www.youtube.com/watch?v=369NQlJSBnA,"TROY IS BURNING WITH JULIANA OXENFORD: PROGRAM FROM APRIL 8, 2026",Arde Troya con Juliana Oxenford,,6437.0,high_yield_channel,Arde Troya con Juliana Oxenford,280,ACOSO_PERSONAL|AMENAZA_DIRECTA,2.41 chunks de daño y 0.39 amenazas por video en el corpus base,55
gBAsclCZfB8,https://www.youtube.com/watch?v=gBAsclCZfB8,JULIANA OXENFORD INTERVIEWS GINO COSTA #THEBOWL,Arde Troya con Juliana Oxenford,,1144.0,high_yield_channel,Arde Troya con Juliana Oxenford,281,ACOSO_PERSONAL|AMENAZA_DIRECTA,2.41 chunks de daño y 0.39 amenazas por video en el corpus base,55
LMgFVFSw-cw,https://www.youtube.com/watch?v=LMgFVFSw-cw,TENSE INTERVIEW BETWEEN JULIANA OXENFORD AND SIGRID BAZÁN #LAHOGUERA,Arde Troya con Juliana Oxenford,,1670.0,high_yield_channel,Arde Troya con Juliana Oxenford,282,ACOSO_PERSONAL|AMENAZA_DIRECTA,2.41 chunks de daño y 0.39 amenazas por video en el corpus base,55
nVmoqoQ57hI,https://www.youtube.com/watch?v=nVmoqoQ57hI,"TROY IS BURNING WITH JULIANA OXENFORD: PROGRAM FROM APRIL 7, 2026",Arde Troya con Juliana Oxenford,,6771.0,high_yield_channel,Arde Troya con Juliana Oxenford,283,ACOSO_PERSONAL|AMENAZA_DIRECTA,2.41 chunks de daño y 0.39 amenazas por video en el corpus base,55
Ne3hqVcNU3s,https://www.youtube.com/watch?v=Ne3hqVcNU3s,¡MANO DURA SIN EXCUSAS! SUSANA CASTAÑEDA EXIGE PENA DE MUERTE #LAHOGUERA,Arde Troya con Juliana Oxenford,,898.0,high_yield_channel,Arde Troya con Juliana Oxenford,284,ACOSO_PERSONAL|AMENAZA_DIRECTA,2.41 chunks de daño y 0.39 amenazas por video en el corpus base,55
PSULd9Fpmq8,https://www.youtube.com/watch?v=PSULd9Fpmq8,From Minister to Senate candidate #THEBON,Arde Troya con Juliana Oxenford,,1208.0,high_yield_channel,Arde Troya con Juliana Oxenford,285,ACOSO_PERSONAL|AMENAZA_DIRECTA,2.41 chunks de daño y 0.39 amenazas por video en el corpus base,55
N9J8Y33k5PA,https://www.youtube.com/watch?v=N9J8Y33k5PA,¡EL INSULTO YA NO VENDE! EXPLICAMOS POR QUÉ LA AGRESIVIDAD HUNDIÓ A LÓPEZ ALIAGA #ENTREVISTA,Arde Troya con Juliana Oxenford,,1358.0,high_yield_channel,Arde Troya con Juliana Oxenford,286,ACOSO_PERSONAL|AMENAZA_DIRECTA,2.41 chunks de daño y 0.39 amenazas por video en el corpus base,55
a-XwaWP4oaA,https://www.youtube.com/watch?v=a-XwaWP4oaA,"ALL HELL BREAKS LOOSE WITH JULIANA OXENFORD: APRIL 6, 2026 PROGRAM",Arde Troya con Juliana Oxenford,,6541.0,high_yield_channel,Arde Troya con Juliana Oxenford,287,ACOSO_PERSONAL|AMENAZA_DIRECTA,2.41 chunks de daño y 0.39 amenazas por video en el corpus base,55
VU_b3LYs0TA,https://www.youtube.com/watch?v=VU_b3LYs0TA,BENJAMÍN TRISTÁN REVELA LA ESTRATEGIA PARA LLEGAR AL CONGRESO CON MARISOL #LAHOGUERA,Arde Troya con Juliana Oxenford,,1267.0,high_yield_channel,Arde Troya con Juliana Oxenford,288,ACOSO_PERSONAL|AMENAZA_DIRECTA,2.41 chunks de daño y 0.39 amenazas por video en el corpus base,55
gttt_Jo_y-s,https://www.youtube.com/watch?v=gttt_Jo_y-s,El candidato de País para Todos que busca profesionalizar el aparato estatal #LAHOGUERA,Arde Troya con Juliana Oxenford,,888.0,high_yield_channel,Arde Troya con Juliana Oxenford,289,ACOSO_PERSONAL|AMENAZA_DIRECTA,2.41 chunks de daño y 0.39 amenazas por video en el corpus base,55
X5ORyba7g9s,https://www.youtube.com/watch?v=X5ORyba7g9s,CHRISTOPHER ACOSTA REVEALS HOW ACUÑA SETTLES HIMSELF LIKE A PARASITE IN THE STATE #INTERVIEW,Arde Troya con Juliana Oxenford,,1724.0,high_yield_channel,Arde Troya con Juliana Oxenford,290,ACOSO_PERSONAL|AMENAZA_DIRECTA,2.41 chunks de daño y 0.39 amenazas por video en el corpus base,55
N9kRHkoMQfg,https://www.youtube.com/watch?v=N9kRHkoMQfg,"ALL HELL BREAKS LOOSE WITH JULIANA OXENFORD: APRIL 1, 2026 PROGRAM",Arde Troya con Juliana Oxenford,,6811.0,high_yield_channel,Arde Troya con Juliana Oxenford,291,ACOSO_PERSONAL|AMENAZA_DIRECTA,2.41 chunks de daño y 0.39 amenazas por video en el corpus base,55
M1-0B5fycB4,https://www.youtube.com/watch?v=M1-0B5fycB4,El especialista Emilio Montero lanza su plan maestro desde Progresemos #LAHOGUERA,Arde Troya con Juliana Oxenford,,752.0,high_yield_channel,Arde Troya con Juliana Oxenford,292,ACOSO_PERSONAL|AMENAZA_DIRECTA,2.41 chunks de daño y 0.39 amenazas por video en el corpus base,55
F6xH3_x5RPs,https://www.youtube.com/watch?v=F6xH3_x5RPs,Expresidenta de PROMPERÚ busca ingresar al Senado #LAHOGUERA,Arde Troya con Juliana Oxenford,,843.0,high_yield_channel,Arde Troya con Juliana Oxenford,293,ACOSO_PERSONAL|AMENAZA_DIRECTA,2.41 chunks de daño y 0.39 amenazas por video en el corpus base,55
gHoMNiDXlGU,https://www.youtube.com/watch?v=gHoMNiDXlGU,"FERNANDO OLIVERA: ""LAS ENCUESTAS DE LA CORRUPCIÓN"" #LAHOGUERA",Arde Troya con Juliana Oxenford,,2450.0,high_yield_channel,Arde Troya con Juliana Oxenford,294,ACOSO_PERSONAL|AMENAZA_DIRECTA,2.41 chunks de daño y 0.39 amenazas por video en el corpus base,55
6HdbxRBSVUs,https://www.youtube.com/watch?v=6HdbxRBSVUs,"TROY IS BURNING WITH JULIANA OXENFORD: PROGRAM OF MARCH 31, 2026",Arde Troya con Juliana Oxenford,,6230.0,high_yield_channel,Arde Troya con Juliana Oxenford,295,ACOSO_PERSONAL|AMENAZA_DIRECTA,2.41 chunks de daño y 0.39 amenazas por video en el corpus base,55
h4eHu2n9bxk,https://www.youtube.com/watch?v=h4eHu2n9bxk,"""We are facing an authoritarian parliamentarianism and the press is the next victim"" #THEBON",Arde Troya con Juliana Oxenford,,1372.0,high_yield_channel,Arde Troya con Juliana Oxenford,296,ACOSO_PERSONAL|AMENAZA_DIRECTA,2.41 chunks de daño y 0.39 amenazas por video en el corpus base,55
lgYWyLfA4Bg,https://www.youtube.com/watch?v=lgYWyLfA4Bg,El candidato morado que busca jubilar a la vieja política #LAHOGUERA,Arde Troya con Juliana Oxenford,,1197.0,high_yield_channel,Arde Troya con Juliana Oxenford,297,ACOSO_PERSONAL|AMENAZA_DIRECTA,2.41 chunks de daño y 0.39 amenazas por video en el corpus base,55
-fHrR63ZAAc,https://www.youtube.com/watch?v=-fHrR63ZAAc,"TROY IS BURNING WITH JULIANA OXENFORD: PROGRAM OF MARCH 30, 2026",Arde Troya con Juliana Oxenford,,6654.0,high_yield_channel,Arde Troya con Juliana Oxenford,298,ACOSO_PERSONAL|AMENAZA_DIRECTA,2.41 chunks de daño y 0.39 amenazas por video en el corpus base,55
iEQPAOQkVGg,https://www.youtube.com/watch?v=iEQPAOQkVGg,Candidato de Cooperación Popular busca conectar el Perú profundo con la tecnología #LAHOGUERA,Arde Troya con Juliana Oxenford,,1250.0,high_yield_channel,Arde Troya con Juliana Oxenford,299,ACOSO_PERSONAL|AMENAZA_DIRECTA,2.41 chunks de daño y 0.39 amenazas por video en el corpus base,55
bfcXOytumYM,https://www.youtube.com/watch?v=bfcXOytumYM,¡BASTA DE IMPRUDENTES! ALDO OBANDO EXIGE GENTE PREPARADA PARA RECUPERAR EL CONGRESO #LAHOGUERA,Arde Troya con Juliana Oxenford,,1036.0,high_yield_channel,Arde Troya con Juliana Oxenford,300,ACOSO_PERSONAL|AMENAZA_DIRECTA,2.41 chunks de daño y 0.39 amenazas por video en el corpus base,55
UE4xFnh9-TU,https://www.youtube.com/watch?v=UE4xFnh9-TU,MESÍAS GUEVARA SE PAPEO A KEIKO EN EL DEBATE #LAHOGUERA,Arde Troya con Juliana Oxenford,,2214.0,high_yield_channel,Arde Troya con Juliana Oxenford,301,ACOSO_PERSONAL|AMENAZA_DIRECTA,2.41 chunks de daño y 0.39 amenazas por video en el corpus base,55
C8CI-ZgtT-o,https://www.youtube.com/watch?v=C8CI-ZgtT-o,"TROY IS BURNING WITH JULIANA OXENFORD: PROGRAM OF MARCH 27, 2026",Arde Troya con Juliana Oxenford,,6696.0,high_yield_channel,Arde Troya con Juliana Oxenford,302,ACOSO_PERSONAL|AMENAZA_DIRECTA,2.41 chunks de daño y 0.39 amenazas por video en el corpus base,55
itnOgYvZP80,https://www.youtube.com/watch?v=itnOgYvZP80,ARDE TROYA CON JULIANA OXENFORD: PROGRAMA DEL 26 DE MARZO DEL 2026,Arde Troya con Juliana Oxenford,,7618.0,high_yield_channel,Arde Troya con Juliana Oxenford,303,ACOSO_PERSONAL|AMENAZA_DIRECTA,2.41 chunks de daño y 0.39 amenazas por video en el corpus base,55
hX4trfcRkKc,https://www.youtube.com/watch?v=hX4trfcRkKc,¡MANO DURA CONTRA EL CRIMEN Y CORRUPCIÓN! ROCÍO PEREYRA PROPONE LIMPIEZA TOTAL EN LA PNP #LAHOGUERA,Arde Troya con Juliana Oxenford,,1808.0,high_yield_channel,Arde Troya con Juliana Oxenford,304,ACOSO_PERSONAL|AMENAZA_DIRECTA,2.41 chunks de daño y 0.39 amenazas por video en el corpus base,55
aunDZ6gr3Vc,https://www.youtube.com/watch?v=aunDZ6gr3Vc,VAN DAMME SUED! MARÍA NOVOA REVEALS VIOLENCE WITHIN THE PROGRESEMOS PARTY #INTERVIEW,Arde Troya con Juliana Oxenford,,2049.0,high_yield_channel,Arde Troya con Juliana Oxenford,305,ACOSO_PERSONAL|AMENAZA_DIRECTA,2.41 chunks de daño y 0.39 amenazas por video en el corpus base,55
Nqhe4ZsxPP8,https://www.youtube.com/watch?v=Nqhe4ZsxPP8,ARDE TROYA CON JULIANA OXENFORD: PROGRAMA DEL 25 DE MARZO DEL 2026,Arde Troya con Juliana Oxenford,,6768.0,high_yield_channel,Arde Troya con Juliana Oxenford,306,ACOSO_PERSONAL|AMENAZA_DIRECTA,2.41 chunks de daño y 0.39 amenazas por video en el corpus base,55
a_wtxu9Eltk,https://www.youtube.com/watch?v=a_wtxu9Eltk,La candidata de Perú Acción denuncia el abandono de 18 mil bomberos y exige protección #LAHOGUERA,Arde Troya con Juliana Oxenford,,991.0,high_yield_channel,Arde Troya con Juliana Oxenford,307,ACOSO_PERSONAL|AMENAZA_DIRECTA,2.41 chunks de daño y 0.39 amenazas por video en el corpus base,55
8Ta6IV2CbUo,https://www.youtube.com/watch?v=8Ta6IV2CbUo,Candidate Margarita Pérez analyzes the electoral fragmentation and the health crisis #THEBON,Arde Troya con Juliana Oxenford,,974.0,high_yield_channel,Arde Troya con Juliana Oxenford,308,ACOSO_PERSONAL|AMENAZA_DIRECTA,2.41 chunks de daño y 0.39 amenazas por video en el corpus base,55
woBnCdOgOkw,https://www.youtube.com/watch?v=woBnCdOgOkw,ARDE TROYA CON JULIANA OXENFORD: PROGRAMA DEL 24 DE MARZO DEL 2026,Arde Troya con Juliana Oxenford,,6859.0,high_yield_channel,Arde Troya con Juliana Oxenford,309,ACOSO_PERSONAL|AMENAZA_DIRECTA,2.41 chunks de daño y 0.39 amenazas por video en el corpus base,55
_N0s01s2b34,https://www.youtube.com/watch?v=_N0s01s2b34,Candidate Brayan Valentín and his plan to rid the Legislative Palace of rats #THEBON,Arde Troya con Juliana Oxenford,,953.0,high_yield_channel,Arde Troya con Juliana Oxenford,310,ACOSO_PERSONAL|AMENAZA_DIRECTA,2.41 chunks de daño y 0.39 amenazas por video en el corpus base,55
jV0f2dr7Lsc,https://www.youtube.com/watch?v=jV0f2dr7Lsc,Mary Melgarejo (No. 3) revives the theory of electoral theft against Keiko Fujimori #THEBON,Arde Troya con Juliana Oxenford,,1296.0,high_yield_channel,Arde Troya con Juliana Oxenford,311,ACOSO_PERSONAL|AMENAZA_DIRECTA,2.41 chunks de daño y 0.39 amenazas por video en el corpus base,55
EUi4im-qfsQ,https://www.youtube.com/watch?v=EUi4im-qfsQ,Karla Ramírez reveals how Aguinaga 'protects' her protégés at EsSalud #INTERVIEW,Arde Troya con Juliana Oxenford,,1995.0,high_yield_channel,Arde Troya con Juliana Oxenford,312,ACOSO_PERSONAL|AMENAZA_DIRECTA,2.41 chunks de daño y 0.39 amenazas por video en el corpus base,55
JRg2o8i0JiI,https://www.youtube.com/watch?v=JRg2o8i0JiI,ARDE TROYA CON JULIANA OXENFORD: PROGRAMA DEL 23 DE MARZO DEL 2026,Arde Troya con Juliana Oxenford,,6764.0,high_yield_channel,Arde Troya con Juliana Oxenford,313,ACOSO_PERSONAL|AMENAZA_DIRECTA,2.41 chunks de daño y 0.39 amenazas por video en el corpus base,55
fa6oI_6P6FY,https://www.youtube.com/watch?v=fa6oI_6P6FY,¡GUERRA EN EL PUERTO! GRACIELA BARREDA DENUNCIA EL SAQUEO CHALACO #LAHOGUERA,Arde Troya con Juliana Oxenford,,1513.0,high_yield_channel,Arde Troya con Juliana Oxenford,314,ACOSO_PERSONAL|AMENAZA_DIRECTA,2.41 chunks de daño y 0.39 amenazas por video en el corpus base,55
ZlgGZUswzd4,https://www.youtube.com/watch?v=ZlgGZUswzd4,Fernando Tuesta reveals why these elections are the most dangerous in history,Arde Troya con Juliana Oxenford,,1932.0,high_yield_channel,Arde Troya con Juliana Oxenford,315,ACOSO_PERSONAL|AMENAZA_DIRECTA,2.41 chunks de daño y 0.39 amenazas por video en el corpus base,55
CTXd2MLTK6Y,https://www.youtube.com/watch?v=CTXd2MLTK6Y,ARDE TROYA CON JULIANA OXENFORD: PROGRAMA DEL 20 DE MARZO DEL 2026,Arde Troya con Juliana Oxenford,,6766.0,high_yield_channel,Arde Troya con Juliana Oxenford,316,ACOSO_PERSONAL|AMENAZA_DIRECTA,2.41 chunks de daño y 0.39 amenazas por video en el corpus base,55
Ng6Ic8de54s,https://www.youtube.com/watch?v=Ng6Ic8de54s,The Hugo Bustíos Case: The International Battle Against the Constitutional Court Ruling That Free...,Arde Troya con Juliana Oxenford,,1074.0,high_yield_channel,Arde Troya con Juliana Oxenford,317,ACOSO_PERSONAL|AMENAZA_DIRECTA,2.41 chunks de daño y 0.39 amenazas por video en el corpus base,55
YyeG5SpDsmw,https://www.youtube.com/watch?v=YyeG5SpDsmw,El plan para jubilar a la clase política que destruyó el Perú y atomizó al Congreso #LAHOGUERA,Arde Troya con Juliana Oxenford,,1379.0,high_yield_channel,Arde Troya con Juliana Oxenford,318,ACOSO_PERSONAL|AMENAZA_DIRECTA,2.41 chunks de daño y 0.39 amenazas por video en el corpus base,55
3kZ8O-Exj6M,https://www.youtube.com/watch?v=3kZ8O-Exj6M,Roberto Vieira returns to Congress to defend the fishing sector and remind everyone about Odebrec...,Arde Troya con Juliana Oxenford,,1742.0,high_yield_channel,Arde Troya con Juliana Oxenford,319,ACOSO_PERSONAL|AMENAZA_DIRECTA,2.41 chunks de daño y 0.39 amenazas por video en el corpus base,55
9lWgSNkCnL8,https://www.youtube.com/watch?v=9lWgSNkCnL8,ARDE TROYA CON JULIANA OXENFORD: PROGRAMA DEL 19 DE MARZO DEL 2026,Arde Troya con Juliana Oxenford,,6595.0,high_yield_channel,Arde Troya con Juliana Oxenford,320,ACOSO_PERSONAL|AMENAZA_DIRECTA,2.41 chunks de daño y 0.39 amenazas por video en el corpus base,55
dhbtQtVLqF8,https://www.youtube.com/watch?v=dhbtQtVLqF8,Carlos Caballero (Senado) lanza la ley que las empresas odiarán pero los chibolos amarán #LAHOGUERA,Arde Troya con Juliana Oxenford,,1078.0,high_yield_channel,Arde Troya con Juliana Oxenford,321,ACOSO_PERSONAL|AMENAZA_DIRECTA,2.41 chunks de daño y 0.39 amenazas por video en el corpus base,55
NP5oPrXRwGo,https://www.youtube.com/watch?v=NP5oPrXRwGo,Experienced economist reveals plan to stop the chaos and save investment #THEBON,Arde Troya con Juliana Oxenford,,1584.0,high_yield_channel,Arde Troya con Juliana Oxenford,322,ACOSO_PERSONAL|AMENAZA_DIRECTA,2.41 chunks de daño y 0.39 amenazas por video en el corpus base,55
puAs9E9XH7k,https://www.youtube.com/watch?v=puAs9E9XH7k,ARDE TROYA CON JULIANA OXENFORD: PROGRAMA DEL 18 DE MARZO DEL 2026,Arde Troya con Juliana Oxenford,,6887.0,high_yield_channel,Arde Troya con Juliana Oxenford,323,ACOSO_PERSONAL|AMENAZA_DIRECTA,2.41 chunks de daño y 0.39 amenazas por video en el corpus base,55
aanEijM8QwY,https://www.youtube.com/watch?v=aanEijM8QwY,OCTAVIO SALAZAR DIPUTADO N° 26 POR AVANZA PAÍS #LAHOGUERA,Arde Troya con Juliana Oxenford,,1546.0,high_yield_channel,Arde Troya con Juliana Oxenford,324,ACOSO_PERSONAL|AMENAZA_DIRECTA,2.41 chunks de daño y 0.39 amenazas por video en el corpus base,55
ab7BuYERDMI,https://www.youtube.com/watch?v=ab7BuYERDMI,YAN VARGAS DIPUTADO N° 7 POR EL FRENTE ESPERANZA #LAHOGUERA,Arde Troya con Juliana Oxenford,,828.0,high_yield_channel,Arde Troya con Juliana Oxenford,325,ACOSO_PERSONAL|AMENAZA_DIRECTA,2.41 chunks de daño y 0.39 amenazas por video en el corpus base,55
r0zts_cUpdQ,https://www.youtube.com/watch?v=r0zts_cUpdQ,"CHARLIE CARRASCO, PRESIDENTIAL CANDIDATE FOR THE UNITED DEMOCRATIC PARTY OF PERU",Arde Troya con Juliana Oxenford,,1261.0,high_yield_channel,Arde Troya con Juliana Oxenford,326,ACOSO_PERSONAL|AMENAZA_DIRECTA,2.41 chunks de daño y 0.39 amenazas por video en el corpus base,55
46ttYAMLjL8,https://www.youtube.com/watch?v=46ttYAMLjL8,ARDE TROYA CON JULIANA OXENFORD: PROGRAMA DEL 17 DE MARZO DEL 2026,Arde Troya con Juliana Oxenford,,6790.0,high_yield_channel,Arde Troya con Juliana Oxenford,327,ACOSO_PERSONAL|AMENAZA_DIRECTA,2.41 chunks de daño y 0.39 amenazas por video en el corpus base,55
unERTKYgQSc,https://www.youtube.com/watch?v=unERTKYgQSc,Martha Pari (N° 4) y el plan de 'Buen Gobierno' para proteger a los niños y mujeres #LAHOGUERA,Arde Troya con Juliana Oxenford,,1046.0,high_yield_channel,Arde Troya con Juliana Oxenford,328,ACOSO_PERSONAL|AMENAZA_DIRECTA,2.41 chunks de daño y 0.39 amenazas por video en el corpus base,55
TQKPcRGG6Vc,https://www.youtube.com/watch?v=TQKPcRGG6Vc,Torres Caro (N° 9) se reafirma: 'En el Congreso hablan huevadas' y defiende su pasado #LAHOGUERA,Arde Troya con Juliana Oxenford,,1331.0,high_yield_channel,Arde Troya con Juliana Oxenford,329,ACOSO_PERSONAL|AMENAZA_DIRECTA,2.41 chunks de daño y 0.39 amenazas por video en el corpus base,55
NQHCbXxChbQ,https://www.youtube.com/watch?v=NQHCbXxChbQ,Enough of exporting only raw materials! Antonio Ortiz proposes an industrial revolution for Peru,Arde Troya con Juliana Oxenford,,1529.0,high_yield_channel,Arde Troya con Juliana Oxenford,330,ACOSO_PERSONAL|AMENAZA_DIRECTA,2.41 chunks de daño y 0.39 amenazas por video en el corpus base,55
ZP_n1ZzZDRg,https://www.youtube.com/watch?v=ZP_n1ZzZDRg,ARDE TROYA CON JULIANA OXENFORD: PROGRAMA DEL 16 DE MARZO DEL 2026,Arde Troya con Juliana Oxenford,,6654.0,high_yield_channel,Arde Troya con Juliana Oxenford,331,ACOSO_PERSONAL|AMENAZA_DIRECTA,2.41 chunks de daño y 0.39 amenazas por video en el corpus base,55
eTsropVpowU,https://www.youtube.com/watch?v=eTsropVpowU,'El pobre no es pobre porque quiere' Libertad Popular propone derecha con rostro humano #LAHOGUERA,Arde Troya con Juliana Oxenford,,1051.0,high_yield_channel,Arde Troya con Juliana Oxenford,332,ACOSO_PERSONAL|AMENAZA_DIRECTA,2.41 chunks de daño y 0.39 amenazas por video en el corpus base,55
mniKNb4kUzs,https://www.youtube.com/watch?v=mniKNb4kUzs,"220,000 young people adrift each year: Why does the State close its doors to them? #THEBON",Arde Troya con Juliana Oxenford,,1038.0,high_yield_channel,Arde Troya con Juliana Oxenford,333,ACOSO_PERSONAL|AMENAZA_DIRECTA,2.41 chunks de daño y 0.39 amenazas por video en el corpus base,55
Ci9NPT5Waho,https://www.youtube.com/watch?v=Ci9NPT5Waho,Zamir Villaverde tells all! The dark connection to candidate Wolfgang Grozo,Arde Troya con Juliana Oxenford,,1750.0,high_yield_channel,Arde Troya con Juliana Oxenford,334,ACOSO_PERSONAL|AMENAZA_DIRECTA,2.41 chunks de daño y 0.39 amenazas por video en el corpus base,55
CSYG-cmntXg,https://www.youtube.com/watch?v=CSYG-cmntXg,Former Health Minister reveals political mafia playing with patients' lives,Arde Troya con Juliana Oxenford,,1225.0,high_yield_channel,Arde Troya con Juliana Oxenford,335,ACOSO_PERSONAL|AMENAZA_DIRECTA,2.41 chunks de daño y 0.39 amenazas por video en el corpus base,55
G_3099by_7A,https://www.youtube.com/watch?v=G_3099by_7A,ARDE TROYA CON JULIANA OXENFORD: PROGRAMA DEL 13 DE MARZO DEL 2026,Arde Troya con Juliana Oxenford,,6785.0,high_yield_channel,Arde Troya con Juliana Oxenford,336,ACOSO_PERSONAL|AMENAZA_DIRECTA,2.41 chunks de daño y 0.39 amenazas por video en el corpus base,55
XEE4E3F-zVk,https://www.youtube.com/watch?v=XEE4E3F-zVk,Salvador Arévalo: El plan para tecnificar el Estado y promover la cultura ciudadana #LAHOGUERA,Arde Troya con Juliana Oxenford,,1149.0,high_yield_channel,Arde Troya con Juliana Oxenford,337,ACOSO_PERSONAL|AMENAZA_DIRECTA,2.41 chunks de daño y 0.39 amenazas por video en el corpus base,55
NFEP0z3VJn8,https://www.youtube.com/watch?v=NFEP0z3VJn8,Jimmy Romero launches decent housing plan and drastic reforms for citizens #THEBON,Arde Troya con Juliana Oxenford,,946.0,high_yield_channel,Arde Troya con Juliana Oxenford,338,ACOSO_PERSONAL|AMENAZA_DIRECTA,2.41 chunks de daño y 0.39 amenazas por video en el corpus base,55
iwbO4wd3tDs,https://www.youtube.com/watch?v=iwbO4wd3tDs,GIFTS IN APPS AND THE SECRETS OF MARISEL LINARES' DEFENSE!,Arde Troya con Juliana Oxenford,,2090.0,high_yield_channel,Arde Troya con Juliana Oxenford,339,ACOSO_PERSONAL|AMENAZA_DIRECTA,2.41 chunks de daño y 0.39 amenazas por video en el corpus base,55
eNd_wa6RrnE,https://www.youtube.com/watch?v=eNd_wa6RrnE,ARDE TROYA CON JULIANA OXENFORD: PROGRAMA DEL 12 DE MARZO DEL 2026,Arde Troya con Juliana Oxenford,,6835.0,high_yield_channel,Arde Troya con Juliana Oxenford,340,ACOSO_PERSONAL|AMENAZA_DIRECTA,2.41 chunks de daño y 0.39 amenazas por video en el corpus base,55
vwsgDuWvFDk,https://www.youtube.com/watch?v=vwsgDuWvFDk,Alissa Durand (No. 13) exposes the 'disconnected' candidates #THEBON,Arde Troya con Juliana Oxenford,,1738.0,high_yield_channel,Arde Troya con Juliana Oxenford,341,ACOSO_PERSONAL|AMENAZA_DIRECTA,2.41 chunks de daño y 0.39 amenazas por video en el corpus base,55
MOzIUNwzorM,https://www.youtube.com/watch?v=MOzIUNwzorM,Diego La Rosa (No. 21) and his plan to make mental health no longer a luxury #THEBON,Arde Troya con Juliana Oxenford,,1089.0,high_yield_channel,Arde Troya con Juliana Oxenford,342,ACOSO_PERSONAL|AMENAZA_DIRECTA,2.41 chunks de daño y 0.39 amenazas por video en el corpus base,55
9i9lMd3cF2I,https://www.youtube.com/watch?v=9i9lMd3cF2I,Ángel Páez reveals the truth: Why can't Keiko and Ramírez escape this investigation?,Arde Troya con Juliana Oxenford,,1128.0,high_yield_channel,Arde Troya con Juliana Oxenford,343,ACOSO_PERSONAL|AMENAZA_DIRECTA,2.41 chunks de daño y 0.39 amenazas por video en el corpus base,55
3bWcMZNtMNo,https://www.youtube.com/watch?v=3bWcMZNtMNo,ARDE TROYA CON JULIANA OXENFORD: PROGRAMA DEL 11 DE MARZO DEL 2026,Arde Troya con Juliana Oxenford,,7030.0,high_yield_channel,Arde Troya con Juliana Oxenford,344,ACOSO_PERSONAL|AMENAZA_DIRECTA,2.41 chunks de daño y 0.39 amenazas por video en el corpus base,55
A-Q2i58DFFA,https://www.youtube.com/watch?v=A-Q2i58DFFA,Manuel Salas' proposal to protect families and the elderly #THEBON,Arde Troya con Juliana Oxenford,,1367.0,high_yield_channel,Arde Troya con Juliana Oxenford,345,ACOSO_PERSONAL|AMENAZA_DIRECTA,2.41 chunks de daño y 0.39 amenazas por video en el corpus base,55
M2lvpLlCrKQ,https://www.youtube.com/watch?v=M2lvpLlCrKQ,Leyla Huerta proposes that citizens stop being spectators and take power #THEBON,Arde Troya con Juliana Oxenford,,985.0,high_yield_channel,Arde Troya con Juliana Oxenford,346,ACOSO_PERSONAL|AMENAZA_DIRECTA,2.41 chunks de daño y 0.39 amenazas por video en el corpus base,55
aAL88mupe6c,https://www.youtube.com/watch?v=aAL88mupe6c,"Omar Castro breaks down the poll: Keiko vs. Porky, the rise of López Chau and the fall of Vizcarra",Arde Troya con Juliana Oxenford,,2139.0,high_yield_channel,Arde Troya con Juliana Oxenford,347,ACOSO_PERSONAL|AMENAZA_DIRECTA,2.41 chunks de daño y 0.39 amenazas por video en el corpus base,55
vB09iE6uB4Y,https://www.youtube.com/watch?v=vB09iE6uB4Y,ARDE TROYA CON JULIANA OXENFORD: PROGRAMA DEL 10 DE MARZO DEL 2026,Arde Troya con Juliana Oxenford,,6986.0,high_yield_channel,Arde Troya con Juliana Oxenford,348,ACOSO_PERSONAL|AMENAZA_DIRECTA,2.41 chunks de daño y 0.39 amenazas por video en el corpus base,55
67t4Ecpdb2c,https://www.youtube.com/watch?v=67t4Ecpdb2c,José Antonio Palacios' plan to protect soldiers and police officers #THEBON,Arde Troya con Juliana Oxenford,,1222.0,high_yield_channel,Arde Troya con Juliana Oxenford,349,ACOSO_PERSONAL|AMENAZA_DIRECTA,2.41 chunks de daño y 0.39 amenazas por video en el corpus base,55
j_LWgFJk1Fs,https://www.youtube.com/watch?v=j_LWgFJk1Fs,De la Cátedra al Senado: El plan de Alfonso Cerna para replicar el éxito de Singapur #LAHOGUERA,Arde Troya con Juliana Oxenford,,1308.0,high_yield_channel,Arde Troya con Juliana Oxenford,350,ACOSO_PERSONAL|AMENAZA_DIRECTA,2.41 chunks de daño y 0.39 amenazas por video en el corpus base,55
azEFdCXdw9E,https://www.youtube.com/watch?v=azEFdCXdw9E,EL TRISTE FINAL DE CRISTORATA #peru,Goblinciano,,1650.0,high_yield_channel,Goblinciano,1,RACISMO_DISCRIMINACION|ACOSO_PERSONAL|AMENAZA_DIRECTA,9.82 chunks de daño y 0.58 amenazas por video en el corpus base,85
vi8IFNGiQCg,https://www.youtube.com/watch?v=vi8IFNGiQCg,BOLIVIANOS LLORAN Y NIEGAN QUE NACIERON GRACIAS AL PERÚ 😂,Goblinciano,,608.0,high_yield_channel,Goblinciano,2,RACISMO_DISCRIMINACION|ACOSO_PERSONAL|AMENAZA_DIRECTA,9.82 chunks de daño y 0.58 amenazas por video en el corpus base,85
0woGKjrlAGM,https://www.youtube.com/watch?v=0woGKjrlAGM,LOS AREQUIPEÑOS DE ESPAÑA 😹,Goblinciano,,1187.0,high_yield_channel,Goblinciano,3,RACISMO_DISCRIMINACION|ACOSO_PERSONAL|AMENAZA_DIRECTA,9.82 chunks de daño y 0.58 amenazas por video en el corpus base,85
ZmPCfJDZY24,https://www.youtube.com/watch?v=ZmPCfJDZY24,JORGE NIETO QUIERE LIBERAR A PEDRO CASTILLO 😂 #peru,Goblinciano,,1198.0,high_yield_channel,Goblinciano,4,RACISMO_DISCRIMINACION|ACOSO_PERSONAL|AMENAZA_DIRECTA,9.82 chunks de daño y 0.58 amenazas por video en el corpus base,85
wSe8fasVXtY,https://www.youtube.com/watch?v=wSe8fasVXtY,ASÍ FUE COMO CURWEN ME EXPULSÓ DEL EVENTO DEL ZEEIN 😂,Goblinciano,,1240.0,high_yield_channel,Goblinciano,5,RACISMO_DISCRIMINACION|ACOSO_PERSONAL|AMENAZA_DIRECTA,9.82 chunks de daño y 0.58 amenazas por video en el corpus base,85
-so9tFIxhyY,https://www.youtube.com/watch?v=-so9tFIxhyY,La secta secreta de Alemanes en Perú es muy turbia.,Goblinciano,,1177.0,high_yield_channel,Goblinciano,6,RACISMO_DISCRIMINACION|ACOSO_PERSONAL|AMENAZA_DIRECTA,9.82 chunks de daño y 0.58 amenazas por video en el corpus base,85
YOss57fS46A,https://www.youtube.com/watch?v=YOss57fS46A,Todos se vendieron a Keiko...,Goblinciano,,497.0,high_yield_channel,Goblinciano,7,RACISMO_DISCRIMINACION|ACOSO_PERSONAL|AMENAZA_DIRECTA,9.82 chunks de daño y 0.58 amenazas por video en el corpus base,85
dRZnyKm29gg,https://www.youtube.com/watch?v=dRZnyKm29gg,TE PIDEN 26 AÑOS DE EXPERIENCIA POR 500 SOLES   #peru,Goblinciano,,1379.0,high_yield_channel,Goblinciano,8,RACISMO_DISCRIMINACION|ACOSO_PERSONAL|AMENAZA_DIRECTA,9.82 chunks de daño y 0.58 amenazas por video en el corpus base,85
tRLwGV-0oqE,https://www.youtube.com/watch?v=tRLwGV-0oqE,VAS A CAER CARLOS ESPA #keiko,Goblinciano,,781.0,high_yield_channel,Goblinciano,9,RACISMO_DISCRIMINACION|ACOSO_PERSONAL|AMENAZA_DIRECTA,9.82 chunks de daño y 0.58 amenazas por video en el corpus base,85
iGmRRCYJlA4,https://www.youtube.com/watch?v=iGmRRCYJlA4,NO ESTUDIES ESTAS CARRERAS EN EL PERÚ O TE MORIRÁS DE HAMBRE,Goblinciano,,1055.0,high_yield_channel,Goblinciano,10,RACISMO_DISCRIMINACION|ACOSO_PERSONAL|AMENAZA_DIRECTA,9.82 chunks de daño y 0.58 amenazas por video en el corpus base,85
JzCIyoK6K54,https://www.youtube.com/watch?v=JzCIyoK6K54,ASÍ ES KEIKO FUJIMORI #peru,Goblinciano,,2106.0,high_yield_channel,Goblinciano,11,RACISMO_DISCRIMINACION|ACOSO_PERSONAL|AMENAZA_DIRECTA,9.82 chunks de daño y 0.58 amenazas por video en el corpus base,85
U_MZYDyrVP8,https://www.youtube.com/watch?v=U_MZYDyrVP8,CURWEN ERES UN LLORON 😹,Goblinciano,,546.0,high_yield_channel,Goblinciano,12,RACISMO_DISCRIMINACION|ACOSO_PERSONAL|AMENAZA_DIRECTA,9.82 chunks de daño y 0.58 amenazas por video en el corpus base,85
Is5hEuEBcnc,https://www.youtube.com/watch?v=Is5hEuEBcnc,DIBUJITA HACKEA EL BANCO Y ROBA 6 MILLONES DE SOLES #peru,Goblinciano,,820.0,high_yield_channel,Goblinciano,13,RACISMO_DISCRIMINACION|ACOSO_PERSONAL|AMENAZA_DIRECTA,9.82 chunks de daño y 0.58 amenazas por video en el corpus base,85
-jtMNBGJ73o,https://www.youtube.com/watch?v=-jtMNBGJ73o,CURWEN LA EDUCACIÓN NO ES UN DERECHO #peru,Goblinciano,,799.0,high_yield_channel,Goblinciano,14,RACISMO_DISCRIMINACION|ACOSO_PERSONAL|AMENAZA_DIRECTA,9.82 chunks de daño y 0.58 amenazas por video en el corpus base,85
-Bz1_Vi8JEY,https://www.youtube.com/watch?v=-Bz1_Vi8JEY,¿LOS PROVINCIAN0S ARRUINARON LIMA?,Goblinciano,,915.0,high_yield_channel,Goblinciano,15,RACISMO_DISCRIMINACION|ACOSO_PERSONAL|AMENAZA_DIRECTA,9.82 chunks de daño y 0.58 amenazas por video en el corpus base,85
fMZMLkdRy2U,https://www.youtube.com/watch?v=fMZMLkdRy2U,Atorrantes con un especial,Goblinciano,,1806.0,high_yield_channel,Goblinciano,16,RACISMO_DISCRIMINACION|ACOSO_PERSONAL|AMENAZA_DIRECTA,9.82 chunks de daño y 0.58 amenazas por video en el corpus base,85
BtMH6pRy_pQ,https://www.youtube.com/watch?v=BtMH6pRy_pQ,ROBERTO SANCHEZ NO RECONOCERÁ EL GOBIERNO DE KEIKO FUJIMORI #peru #keiko,Goblinciano,,1411.0,high_yield_channel,Goblinciano,17,RACISMO_DISCRIMINACION|ACOSO_PERSONAL|AMENAZA_DIRECTA,9.82 chunks de daño y 0.58 amenazas por video en el corpus base,85
HgXNvfm6sl0,https://www.youtube.com/watch?v=HgXNvfm6sl0,LAS TRANSCOREANAS DE PERU #peru,Goblinciano,,1279.0,high_yield_channel,Goblinciano,18,RACISMO_DISCRIMINACION|ACOSO_PERSONAL|AMENAZA_DIRECTA,9.82 chunks de daño y 0.58 amenazas por video en el corpus base,85
3oxwgvWZnsg,https://www.youtube.com/watch?v=3oxwgvWZnsg,EL MAYOR FRACASO DE INKA COLA | LA MORADITA #peru,Goblinciano,,704.0,high_yield_channel,Goblinciano,19,RACISMO_DISCRIMINACION|ACOSO_PERSONAL|AMENAZA_DIRECTA,9.82 chunks de daño y 0.58 amenazas por video en el corpus base,85
ha8_-qYg_60,https://www.youtube.com/watch?v=ha8_-qYg_60,"ANTAURO HUMALA DESTRUYE A JOSÉ DOMINGO PEREZ 😂 ""ES UN PAYAS0"" 🤡",Goblinciano,,576.0,high_yield_channel,Goblinciano,20,RACISMO_DISCRIMINACION|ACOSO_PERSONAL|AMENAZA_DIRECTA,9.82 chunks de daño y 0.58 amenazas por video en el corpus base,85
a8UPwNl1sBY,https://www.youtube.com/watch?v=a8UPwNl1sBY,PADRE DE ANTAURO HUMALA DESTRUYE A ROBERTO SANCHEZ 😂 #peru,Goblinciano,,574.0,high_yield_channel,Goblinciano,21,RACISMO_DISCRIMINACION|ACOSO_PERSONAL|AMENAZA_DIRECTA,9.82 chunks de daño y 0.58 amenazas por video en el corpus base,85
G9pTB-GMi98,https://www.youtube.com/watch?v=G9pTB-GMi98,Vuela alto Gaspi.,Goblinciano,,1194.0,high_yield_channel,Goblinciano,22,RACISMO_DISCRIMINACION|ACOSO_PERSONAL|AMENAZA_DIRECTA,9.82 chunks de daño y 0.58 amenazas por video en el corpus base,85
1LgTKKt_Y2g,https://www.youtube.com/watch?v=1LgTKKt_Y2g,"KEIKO REMONTÓ, LA NUEVA PRESIDENTA DEL PERÚ #peru",Goblinciano,,625.0,high_yield_channel,Goblinciano,23,RACISMO_DISCRIMINACION|ACOSO_PERSONAL|AMENAZA_DIRECTA,9.82 chunks de daño y 0.58 amenazas por video en el corpus base,85
YASmmbMG1kA,https://www.youtube.com/watch?v=YASmmbMG1kA,"LA VERDAD SOBRE LAS LEYES ""PR0-CRIMEN"" #peru",Goblinciano,,1275.0,high_yield_channel,Goblinciano,24,RACISMO_DISCRIMINACION|ACOSO_PERSONAL|AMENAZA_DIRECTA,9.82 chunks de daño y 0.58 amenazas por video en el corpus base,85
iCdsoht8EIo,https://www.youtube.com/watch?v=iCdsoht8EIo,Keiko perdió el debate 😭 #peru,Goblinciano,,2157.0,high_yield_channel,Goblinciano,25,RACISMO_DISCRIMINACION|ACOSO_PERSONAL|AMENAZA_DIRECTA,9.82 chunks de daño y 0.58 amenazas por video en el corpus base,85
irDUWg5c-FU,https://www.youtube.com/watch?v=irDUWg5c-FU,LO PEP3AR0N Y PRENDIÓ DIRECTO PARA QUE LO AYUDEN A HUIR ☠️ #peru,Goblinciano,,798.0,high_yield_channel,Goblinciano,26,RACISMO_DISCRIMINACION|ACOSO_PERSONAL|AMENAZA_DIRECTA,9.82 chunks de daño y 0.58 amenazas por video en el corpus base,85
knt6KrPQywY,https://www.youtube.com/watch?v=knt6KrPQywY,UNIVERSIDAD VS INSTITUTOS ¿CUÁL ES LA MEJOR OPCIÓN? #peru,Goblinciano,,1500.0,high_yield_channel,Goblinciano,27,RACISMO_DISCRIMINACION|ACOSO_PERSONAL|AMENAZA_DIRECTA,9.82 chunks de daño y 0.58 amenazas por video en el corpus base,85
03TLu2iU2zo,https://www.youtube.com/watch?v=03TLu2iU2zo,¿SI NO GANAS 4000 SOLES ERES POBRE? #peru,Goblinciano,,1231.0,high_yield_channel,Goblinciano,28,RACISMO_DISCRIMINACION|ACOSO_PERSONAL|AMENAZA_DIRECTA,9.82 chunks de daño y 0.58 amenazas por video en el corpus base,85
k6LdMrBuog8,https://www.youtube.com/watch?v=k6LdMrBuog8,Dibujito hackea al gobierno 🚨 #peru,Goblinciano,,604.0,high_yield_channel,Goblinciano,29,RACISMO_DISCRIMINACION|ACOSO_PERSONAL|AMENAZA_DIRECTA,9.82 chunks de daño y 0.58 amenazas por video en el corpus base,85
K5HdJ6kiX2A,https://www.youtube.com/watch?v=K5HdJ6kiX2A,Quiere copiar el modelo BOLIVIANO en PERU 🫠#peru,Goblinciano,,829.0,high_yield_channel,Goblinciano,30,RACISMO_DISCRIMINACION|ACOSO_PERSONAL|AMENAZA_DIRECTA,9.82 chunks de daño y 0.58 amenazas por video en el corpus base,85
Vhdt5AeT7xU,https://www.youtube.com/watch?v=Vhdt5AeT7xU,EL FIN DE BOLIVIA...  #peru,Goblinciano,,763.0,high_yield_channel,Goblinciano,31,RACISMO_DISCRIMINACION|ACOSO_PERSONAL|AMENAZA_DIRECTA,9.82 chunks de daño y 0.58 amenazas por video en el corpus base,85
0Fu-dDwy6RU,https://www.youtube.com/watch?v=0Fu-dDwy6RU,BOLIVIANAS ATACAN LOS PERUANOS XD #peru #bolivia,Goblinciano,,580.0,high_yield_channel,Goblinciano,32,RACISMO_DISCRIMINACION|ACOSO_PERSONAL|AMENAZA_DIRECTA,9.82 chunks de daño y 0.58 amenazas por video en el corpus base,85
-L_ishBN2ik,https://www.youtube.com/watch?v=-L_ishBN2ik,Streamer sin estudios critica a San Marcos #peru,Goblinciano,,483.0,high_yield_channel,Goblinciano,33,RACISMO_DISCRIMINACION|ACOSO_PERSONAL|AMENAZA_DIRECTA,9.82 chunks de daño y 0.58 amenazas por video en el corpus base,85
iJwAWE2z0Xk,https://www.youtube.com/watch?v=iJwAWE2z0Xk,La cultura de ser vivo en el Perú... #peru,Goblinciano,,887.0,high_yield_channel,Goblinciano,34,RACISMO_DISCRIMINACION|ACOSO_PERSONAL|AMENAZA_DIRECTA,9.82 chunks de daño y 0.58 amenazas por video en el corpus base,85
iFglgWJTd90,https://www.youtube.com/watch?v=iFglgWJTd90,35 añitos y quieren ser mantenidos con tus IMPUESTOS,Goblinciano,,1118.0,high_yield_channel,Goblinciano,35,RACISMO_DISCRIMINACION|ACOSO_PERSONAL|AMENAZA_DIRECTA,9.82 chunks de daño y 0.58 amenazas por video en el corpus base,85
JwNhcaZ2EoE,https://www.youtube.com/watch?v=JwNhcaZ2EoE,TE AGARRARON DE GIL ANTAURO JAJAJA #peru,Goblinciano,,693.0,high_yield_channel,Goblinciano,36,RACISMO_DISCRIMINACION|ACOSO_PERSONAL|AMENAZA_DIRECTA,9.82 chunks de daño y 0.58 amenazas por video en el corpus base,85
9A80oAIU3FU,https://www.youtube.com/watch?v=9A80oAIU3FU,Antauro Humala el nashe peruano 🗣,Goblinciano,,1020.0,high_yield_channel,Goblinciano,37,RACISMO_DISCRIMINACION|ACOSO_PERSONAL|AMENAZA_DIRECTA,9.82 chunks de daño y 0.58 amenazas por video en el corpus base,85
y_kw_obrf7A,https://www.youtube.com/watch?v=y_kw_obrf7A,EL FIN DE CRISTORATA  🤖,Goblinciano,,860.0,high_yield_channel,Goblinciano,38,RACISMO_DISCRIMINACION|ACOSO_PERSONAL|AMENAZA_DIRECTA,9.82 chunks de daño y 0.58 amenazas por video en el corpus base,85
Y4IcHtYA9Rc,https://www.youtube.com/watch?v=Y4IcHtYA9Rc,SER SERRANO NO TE HACE BUENO ,Goblinciano,,595.0,high_yield_channel,Goblinciano,39,RACISMO_DISCRIMINACION|ACOSO_PERSONAL|AMENAZA_DIRECTA,9.82 chunks de daño y 0.58 amenazas por video en el corpus base,85
FT25Kg1kbOc,https://www.youtube.com/watch?v=FT25Kg1kbOc,¿FRAUDE ELECTORAL EN PERU? #peru,Goblinciano,,1958.0,high_yield_channel,Goblinciano,40,RACISMO_DISCRIMINACION|ACOSO_PERSONAL|AMENAZA_DIRECTA,9.82 chunks de daño y 0.58 amenazas por video en el corpus base,85
JIQ9alJzOpE,https://www.youtube.com/watch?v=JIQ9alJzOpE,Fan de Jorge Nieto explota e insulta a los que votaron a Carlos Espá XD,Goblinciano,,677.0,high_yield_channel,Goblinciano,41,RACISMO_DISCRIMINACION|ACOSO_PERSONAL|AMENAZA_DIRECTA,9.82 chunks de daño y 0.58 amenazas por video en el corpus base,85
eM-NbiP57iE,https://www.youtube.com/watch?v=eM-NbiP57iE,"Es hora de decirles la verdad, Carlos Espá me dio esto por apoyarlo...",Goblinciano,,724.0,high_yield_channel,Goblinciano,42,RACISMO_DISCRIMINACION|ACOSO_PERSONAL|AMENAZA_DIRECTA,9.82 chunks de daño y 0.58 amenazas por video en el corpus base,85
vmCuJ3l3R4k,https://www.youtube.com/watch?v=vmCuJ3l3R4k,¿QUÉ PARTIDOS SON EL MAL MENOR? ELECCIONES 2026 #peru,Goblinciano,,2107.0,high_yield_channel,Goblinciano,43,RACISMO_DISCRIMINACION|ACOSO_PERSONAL|AMENAZA_DIRECTA,9.82 chunks de daño y 0.58 amenazas por video en el corpus base,85
_8zOyiVa9m0,https://www.youtube.com/watch?v=_8zOyiVa9m0,Me enfriarán por hacer este video... 💀,Goblinciano,,686.0,high_yield_channel,Goblinciano,44,RACISMO_DISCRIMINACION|ACOSO_PERSONAL|AMENAZA_DIRECTA,9.82 chunks de daño y 0.58 amenazas por video en el corpus base,85
l_VCOznfK98,https://www.youtube.com/watch?v=l_VCOznfK98,EL FIN DE DIEALIS #kickperu ,Goblinciano,,764.0,high_yield_channel,Goblinciano,45,RACISMO_DISCRIMINACION|ACOSO_PERSONAL|AMENAZA_DIRECTA,9.82 chunks de daño y 0.58 amenazas por video en el corpus base,85
hpp7Qzz6Hkk,https://www.youtube.com/watch?v=hpp7Qzz6Hkk,"CARLOS ESPA REVIVE, SE PRENDIO LA VELA",Goblinciano,,1036.0,high_yield_channel,Goblinciano,46,RACISMO_DISCRIMINACION|ACOSO_PERSONAL|AMENAZA_DIRECTA,9.82 chunks de daño y 0.58 amenazas por video en el corpus base,85
sl5AwvwUIng,https://www.youtube.com/watch?v=sl5AwvwUIng,Piero Arenas eres un webonazo 🤡,Goblinciano,,817.0,high_yield_channel,Goblinciano,47,RACISMO_DISCRIMINACION|ACOSO_PERSONAL|AMENAZA_DIRECTA,9.82 chunks de daño y 0.58 amenazas por video en el corpus base,85
igXVgqWynJw,https://www.youtube.com/watch?v=igXVgqWynJw,"Ya fue chicos, se apagó la vela.",Goblinciano,,722.0,high_yield_channel,Goblinciano,48,RACISMO_DISCRIMINACION|ACOSO_PERSONAL|AMENAZA_DIRECTA,9.82 chunks de daño y 0.58 amenazas por video en el corpus base,85
H0pDZiF5ncw,https://www.youtube.com/watch?v=H0pDZiF5ncw,Se acabó Wolfgang Grozo...,Goblinciano,,925.0,high_yield_channel,Goblinciano,49,RACISMO_DISCRIMINACION|ACOSO_PERSONAL|AMENAZA_DIRECTA,9.82 chunks de daño y 0.58 amenazas por video en el corpus base,85
tvpGX0qmhFM,https://www.youtube.com/watch?v=tvpGX0qmhFM,Curwen es kchudo? 🤘,Goblinciano,,483.0,high_yield_channel,Goblinciano,50,RACISMO_DISCRIMINACION|ACOSO_PERSONAL|AMENAZA_DIRECTA,9.82 chunks de daño y 0.58 amenazas por video en el corpus base,85
DVUweK1181s,https://www.youtube.com/watch?v=DVUweK1181s,Cesar Acuña está kgand* el país.,Goblinciano,,834.0,high_yield_channel,Goblinciano,51,RACISMO_DISCRIMINACION|ACOSO_PERSONAL|AMENAZA_DIRECTA,9.82 chunks de daño y 0.58 amenazas por video en el corpus base,85
x0DVwHyIJTk,https://www.youtube.com/watch?v=x0DVwHyIJTk, ENTREVISTA A CARLOS ESPÁ ¿Cómo piensa gobernar sin mayoría en el congreso?,Goblinciano,,1948.0,high_yield_channel,Goblinciano,52,RACISMO_DISCRIMINACION|ACOSO_PERSONAL|AMENAZA_DIRECTA,9.82 chunks de daño y 0.58 amenazas por video en el corpus base,85
y0zAmChJ6zU,https://www.youtube.com/watch?v=y0zAmChJ6zU,Comunista no quiere que trabajes XD. #peru,Goblinciano,,980.0,high_yield_channel,Goblinciano,53,RACISMO_DISCRIMINACION|ACOSO_PERSONAL|AMENAZA_DIRECTA,9.82 chunks de daño y 0.58 amenazas por video en el corpus base,85
kL1LknDa7lk,https://www.youtube.com/watch?v=kL1LknDa7lk,Carlos Espá se kch* a todos | Debate Presidencial 2026 #peru,Goblinciano,,2185.0,high_yield_channel,Goblinciano,54,RACISMO_DISCRIMINACION|ACOSO_PERSONAL|AMENAZA_DIRECTA,9.82 chunks de daño y 0.58 amenazas por video en el corpus base,85
xJZyw-6BnmQ,https://www.youtube.com/watch?v=xJZyw-6BnmQ,He aceptado la entrevista con Carlos Espá.,Goblinciano,,607.0,high_yield_channel,Goblinciano,55,RACISMO_DISCRIMINACION|ACOSO_PERSONAL|AMENAZA_DIRECTA,9.82 chunks de daño y 0.58 amenazas por video en el corpus base,85
3QKjyaGlRPQ,https://www.youtube.com/watch?v=3QKjyaGlRPQ,Asi que te metias con chibolas...,Goblinciano,,654.0,high_yield_channel,Goblinciano,56,RACISMO_DISCRIMINACION|ACOSO_PERSONAL|AMENAZA_DIRECTA,9.82 chunks de daño y 0.58 amenazas por video en el corpus base,85
p2ZFv2Yfzs4,https://www.youtube.com/watch?v=p2ZFv2Yfzs4,que hiciste sacha...,Goblinciano,,1054.0,high_yield_channel,Goblinciano,57,RACISMO_DISCRIMINACION|ACOSO_PERSONAL|AMENAZA_DIRECTA,9.82 chunks de daño y 0.58 amenazas por video en el corpus base,85
RopnQy0Drgk,https://www.youtube.com/watch?v=RopnQy0Drgk,ANTAURO HUMALA HUMILLA A JULIO VELARDE XD #peru,Goblinciano,,1068.0,high_yield_channel,Goblinciano,58,RACISMO_DISCRIMINACION|ACOSO_PERSONAL|AMENAZA_DIRECTA,9.82 chunks de daño y 0.58 amenazas por video en el corpus base,85
BXwXnDp07y0,https://www.youtube.com/watch?v=BXwXnDp07y0,KINGTEKA EXPONE A GLOGLOKING Y A TODOS LOS BOTEROS DE KICK PERÚ,Goblinciano,,546.0,high_yield_channel,Goblinciano,59,RACISMO_DISCRIMINACION|ACOSO_PERSONAL|AMENAZA_DIRECTA,9.82 chunks de daño y 0.58 amenazas por video en el corpus base,85
-PWrRqP3WdY,https://www.youtube.com/watch?v=-PWrRqP3WdY,López Chau nos mintió a todos #peru,Goblinciano,,648.0,high_yield_channel,Goblinciano,60,RACISMO_DISCRIMINACION|ACOSO_PERSONAL|AMENAZA_DIRECTA,9.82 chunks de daño y 0.58 amenazas por video en el corpus base,85
tO8V-XEM2v0,https://www.youtube.com/watch?v=tO8V-XEM2v0,HE DENUNCIADO A SIDERAL ANTE INDECOPI 😡,Goblinciano,,906.0,high_yield_channel,Goblinciano,61,RACISMO_DISCRIMINACION|ACOSO_PERSONAL|AMENAZA_DIRECTA,9.82 chunks de daño y 0.58 amenazas por video en el corpus base,85
eYaYndOWq0I,https://www.youtube.com/watch?v=eYaYndOWq0I,Sideral me metió un strike por esto 😔🤡,Goblinciano,,527.0,high_yield_channel,Goblinciano,62,RACISMO_DISCRIMINACION|ACOSO_PERSONAL|AMENAZA_DIRECTA,9.82 chunks de daño y 0.58 amenazas por video en el corpus base,85
AYFBcnYUTjM,https://www.youtube.com/watch?v=AYFBcnYUTjM,Eres un llorón sachauzumaki,Goblinciano,,1107.0,high_yield_channel,Goblinciano,63,RACISMO_DISCRIMINACION|ACOSO_PERSONAL|AMENAZA_DIRECTA,9.82 chunks de daño y 0.58 amenazas por video en el corpus base,85
evoGjPeHPr8,https://www.youtube.com/watch?v=evoGjPeHPr8,CARLOS ESPA LA UNICA OPCIÓN #peru,Goblinciano,,1853.0,high_yield_channel,Goblinciano,64,RACISMO_DISCRIMINACION|ACOSO_PERSONAL|AMENAZA_DIRECTA,9.82 chunks de daño y 0.58 amenazas por video en el corpus base,85
MozrXJXIIz0,https://www.youtube.com/watch?v=MozrXJXIIz0, WOLFGANG GROZO ME DECEPCIONÓ #peru ,Goblinciano,,828.0,high_yield_channel,Goblinciano,65,RACISMO_DISCRIMINACION|ACOSO_PERSONAL|AMENAZA_DIRECTA,9.82 chunks de daño y 0.58 amenazas por video en el corpus base,85
WeUvf0h0OQw,https://www.youtube.com/watch?v=WeUvf0h0OQw,"JOSÉ BALCAZAR, EL PRESIDENTE ""C3PER0"" #peru ",Goblinciano,,676.0,high_yield_channel,Goblinciano,66,RACISMO_DISCRIMINACION|ACOSO_PERSONAL|AMENAZA_DIRECTA,9.82 chunks de daño y 0.58 amenazas por video en el corpus base,85
O7i1zPboheg,https://www.youtube.com/watch?v=O7i1zPboheg,COMUNISTA HUMILLA A JULIO VELARDE 🤡 #peru,Goblinciano,,706.0,high_yield_channel,Goblinciano,67,RACISMO_DISCRIMINACION|ACOSO_PERSONAL|AMENAZA_DIRECTA,9.82 chunks de daño y 0.58 amenazas por video en el corpus base,85
M0sFFTXjrMY,https://www.youtube.com/watch?v=M0sFFTXjrMY,ME DA VERGÜENZA SER LATINO #peru #badbunny #tiktok,Goblinciano,,1429.0,high_yield_channel,Goblinciano,68,RACISMO_DISCRIMINACION|ACOSO_PERSONAL|AMENAZA_DIRECTA,9.82 chunks de daño y 0.58 amenazas por video en el corpus base,85
He3voQ2vP7Y,https://www.youtube.com/watch?v=He3voQ2vP7Y,Me enfriaran por este video.,Goblinciano,,777.0,high_yield_channel,Goblinciano,69,RACISMO_DISCRIMINACION|ACOSO_PERSONAL|AMENAZA_DIRECTA,9.82 chunks de daño y 0.58 amenazas por video en el corpus base,85
SLUyxBe5c8c,https://www.youtube.com/watch?v=SLUyxBe5c8c,COMUNISTA PROMETE QUE TE PAGARÁ EL ALQUILER DE TU CASA 🤡,Goblinciano,,963.0,high_yield_channel,Goblinciano,70,RACISMO_DISCRIMINACION|ACOSO_PERSONAL|AMENAZA_DIRECTA,9.82 chunks de daño y 0.58 amenazas por video en el corpus base,85
WyCV-Uaa3S0,https://www.youtube.com/watch?v=WyCV-Uaa3S0,HACEN PÚBLICOS LOS DOCUMENTOS DE LA ISLA EPSTEIN | LO QUE EL GOBIERNO INTENTÓ OCULTAR 📃🏝️,Goblinciano,,878.0,high_yield_channel,Goblinciano,71,RACISMO_DISCRIMINACION|ACOSO_PERSONAL|AMENAZA_DIRECTA,9.82 chunks de daño y 0.58 amenazas por video en el corpus base,85
tYwNkA2xPqQ,https://www.youtube.com/watch?v=tYwNkA2xPqQ,ARGENTINA ME DA MIEDO | EL PEOR CASO DE ARGENTINA,Goblinciano,,1123.0,high_yield_channel,Goblinciano,72,RACISMO_DISCRIMINACION|ACOSO_PERSONAL|AMENAZA_DIRECTA,9.82 chunks de daño y 0.58 amenazas por video en el corpus base,85
YMrgC5THP9Q,https://www.youtube.com/watch?v=YMrgC5THP9Q,¿LIMA SE VOLVIO MARRON POR LOS PROVINCIANOS? #peru #lima,Goblinciano,,547.0,high_yield_channel,Goblinciano,73,RACISMO_DISCRIMINACION|ACOSO_PERSONAL|AMENAZA_DIRECTA,9.82 chunks de daño y 0.58 amenazas por video en el corpus base,85
PX_54Mk-r90,https://www.youtube.com/watch?v=PX_54Mk-r90,ME CONVENCIÓ NO VOTARÉ POR KEIKO DAAA #peru,Goblinciano,,1247.0,high_yield_channel,Goblinciano,74,RACISMO_DISCRIMINACION|ACOSO_PERSONAL|AMENAZA_DIRECTA,9.82 chunks de daño y 0.58 amenazas por video en el corpus base,85
aQAQxZ8XUK0,https://www.youtube.com/watch?v=aQAQxZ8XUK0,LA DISCRIMINARON EN EL CONCIERTO DE BAD BUNNY LLAMANDOLA GORDA #peru | reacción a @Billonario,Goblinciano,,1265.0,high_yield_channel,Goblinciano,75,RACISMO_DISCRIMINACION|ACOSO_PERSONAL|AMENAZA_DIRECTA,9.82 chunks de daño y 0.58 amenazas por video en el corpus base,85
p7vZgSsJa1o,https://www.youtube.com/watch?v=p7vZgSsJa1o,CONERAS PERUANAS ENTREGAN SU ANIBAL POR UNA ENTRADA DE BTS,Goblinciano,,524.0,high_yield_channel,Goblinciano,76,RACISMO_DISCRIMINACION|ACOSO_PERSONAL|AMENAZA_DIRECTA,9.82 chunks de daño y 0.58 amenazas por video en el corpus base,85
dNdbn1thx4s,https://www.youtube.com/watch?v=dNdbn1thx4s,COREA DEL SUR DA MIEDO 🚨 #historias,Goblinciano,,961.0,high_yield_channel,Goblinciano,77,RACISMO_DISCRIMINACION|ACOSO_PERSONAL|AMENAZA_DIRECTA,9.82 chunks de daño y 0.58 amenazas por video en el corpus base,85
PwDG1kFzy2s,https://www.youtube.com/watch?v=PwDG1kFzy2s,TERRUC0S DE LA PLAZA SAN MARTIN APAÑAN A MADURO #peru | REACCIÓN A @Billonario,Goblinciano,,804.0,high_yield_channel,Goblinciano,78,RACISMO_DISCRIMINACION|ACOSO_PERSONAL|AMENAZA_DIRECTA,9.82 chunks de daño y 0.58 amenazas por video en el corpus base,85
cUCRujbR3zQ,https://www.youtube.com/watch?v=cUCRujbR3zQ,DAARICK ES UN W3BONAZ0 #peru,Goblinciano,,1113.0,high_yield_channel,Goblinciano,79,RACISMO_DISCRIMINACION|ACOSO_PERSONAL|AMENAZA_DIRECTA,9.82 chunks de daño y 0.58 amenazas por video en el corpus base,85
Wp-YjoQjteo,https://www.youtube.com/watch?v=Wp-YjoQjteo,TRUMP TOMARA TODO DE VENEZUELA JAJA,Goblinciano,,2155.0,high_yield_channel,Goblinciano,80,RACISMO_DISCRIMINACION|ACOSO_PERSONAL|AMENAZA_DIRECTA,9.82 chunks de daño y 0.58 amenazas por video en el corpus base,85
DDt_hfMSVTc,https://www.youtube.com/watch?v=DDt_hfMSVTc,CAPTURAN A MADURO! DONALD TRUMP BOMBARDEA VENEZUELA #peru #venezuela,Goblinciano,,524.0,high_yield_channel,Goblinciano,81,RACISMO_DISCRIMINACION|ACOSO_PERSONAL|AMENAZA_DIRECTA,9.82 chunks de daño y 0.58 amenazas por video en el corpus base,85
WWFBNUsjfkU,https://www.youtube.com/watch?v=WWFBNUsjfkU,HUMILLANDO A TIKTOKER QUE NO HABLA QUECHUA #peru ,Goblinciano,,699.0,high_yield_channel,Goblinciano,82,RACISMO_DISCRIMINACION|ACOSO_PERSONAL|AMENAZA_DIRECTA,9.82 chunks de daño y 0.58 amenazas por video en el corpus base,85
FPWSyHvyrr8,https://www.youtube.com/watch?v=FPWSyHvyrr8,ARRUINÓ SU CARRERA POR NECESIDAD 😭 | LA HISTORIA DEL 322😔 #peru,Goblinciano,,2452.0,high_yield_channel,Goblinciano,83,RACISMO_DISCRIMINACION|ACOSO_PERSONAL|AMENAZA_DIRECTA,9.82 chunks de daño y 0.58 amenazas por video en el corpus base,85
8jC-OgH2M0Y,https://www.youtube.com/watch?v=8jC-OgH2M0Y,así NO SE REACCIONA a un terremoto en directo #peru #sismo ,Goblinciano,,870.0,high_yield_channel,Goblinciano,84,RACISMO_DISCRIMINACION|ACOSO_PERSONAL|AMENAZA_DIRECTA,9.82 chunks de daño y 0.58 amenazas por video en el corpus base,85
x96ViSOMsP4,https://www.youtube.com/watch?v=x96ViSOMsP4,LOS POBRES SON MALAGRADECIDOS | EL PROBLEMA DE LAS CHOCOLATADAS 🚨 #peru,Goblinciano,,1400.0,high_yield_channel,Goblinciano,85,RACISMO_DISCRIMINACION|ACOSO_PERSONAL|AMENAZA_DIRECTA,9.82 chunks de daño y 0.58 amenazas por video en el corpus base,85
DzHwY4312ms,https://www.youtube.com/watch?v=DzHwY4312ms,LADO OSCURO DE TINDER PERU☠️ #peru,Goblinciano,,887.0,high_yield_channel,Goblinciano,86,RACISMO_DISCRIMINACION|ACOSO_PERSONAL|AMENAZA_DIRECTA,9.82 chunks de daño y 0.58 amenazas por video en el corpus base,85
Ec1zUVqQFmY,https://www.youtube.com/watch?v=Ec1zUVqQFmY,PORKY INSULTA A CARLOS ESPÁ Y ESTE RESPONDE 🚨 #peru,Goblinciano,,818.0,high_yield_channel,Goblinciano,87,RACISMO_DISCRIMINACION|ACOSO_PERSONAL|AMENAZA_DIRECTA,9.82 chunks de daño y 0.58 amenazas por video en el corpus base,85
GLutDb133R4,https://www.youtube.com/watch?v=GLutDb133R4,BOTIJEROS EXPUESTOS | LA GRANJA DE BOTS EN PERU,Goblinciano,,896.0,high_yield_channel,Goblinciano,88,RACISMO_DISCRIMINACION|ACOSO_PERSONAL|AMENAZA_DIRECTA,9.82 chunks de daño y 0.58 amenazas por video en el corpus base,85
UkF-lwhuzGo,https://www.youtube.com/watch?v=UkF-lwhuzGo,EL ÉXITO Y CAÍDA DEL PADRE DOMINGO #peru,Goblinciano,,1558.0,high_yield_channel,Goblinciano,89,RACISMO_DISCRIMINACION|ACOSO_PERSONAL|AMENAZA_DIRECTA,9.82 chunks de daño y 0.58 amenazas por video en el corpus base,85
xI-2rFa9bIo,https://www.youtube.com/watch?v=xI-2rFa9bIo,MALAS NOTICIAS ES EL FIN DEL CINE,Goblinciano,,483.0,high_yield_channel,Goblinciano,90,RACISMO_DISCRIMINACION|ACOSO_PERSONAL|AMENAZA_DIRECTA,9.82 chunks de daño y 0.58 amenazas por video en el corpus base,85
7iqic1E3G0o,https://www.youtube.com/watch?v=7iqic1E3G0o,BOTARON A LOS VENEZOLANOS DE CHILE Y HUYEN HACÍA PERÚ PIPIPI #peru,Goblinciano,,1427.0,high_yield_channel,Goblinciano,91,RACISMO_DISCRIMINACION|ACOSO_PERSONAL|AMENAZA_DIRECTA,9.82 chunks de daño y 0.58 amenazas por video en el corpus base,85
18ROe2IXYmc,https://www.youtube.com/watch?v=18ROe2IXYmc,ARGENTINA SE SIENTE HUMILLADA PORQUE UN PERUANO SE LA INTENTÓ GILEAR XD #peru,Goblinciano,,624.0,high_yield_channel,Goblinciano,92,RACISMO_DISCRIMINACION|ACOSO_PERSONAL|AMENAZA_DIRECTA,9.82 chunks de daño y 0.58 amenazas por video en el corpus base,85
uCA_m-2JfHE,https://www.youtube.com/watch?v=uCA_m-2JfHE,SE ACABO VIZCARRA... #peru,Goblinciano,,679.0,high_yield_channel,Goblinciano,93,RACISMO_DISCRIMINACION|ACOSO_PERSONAL|AMENAZA_DIRECTA,9.82 chunks de daño y 0.58 amenazas por video en el corpus base,85
jHJfmXg4VCE,https://www.youtube.com/watch?v=jHJfmXg4VCE,EL FIN DE LOS STREAMERS PERUANOS  #peru,Goblinciano,,933.0,high_yield_channel,Goblinciano,94,RACISMO_DISCRIMINACION|ACOSO_PERSONAL|AMENAZA_DIRECTA,9.82 chunks de daño y 0.58 amenazas por video en el corpus base,85
vXo4j3Bmz7U,https://www.youtube.com/watch?v=vXo4j3Bmz7U,NUNCA LE DES UN ENCENDEDOR A UN PERUANO #peru,Goblinciano,,710.0,high_yield_channel,Goblinciano,95,RACISMO_DISCRIMINACION|ACOSO_PERSONAL|AMENAZA_DIRECTA,9.82 chunks de daño y 0.58 amenazas por video en el corpus base,85
Qgnuormi9uA,https://www.youtube.com/watch?v=Qgnuormi9uA,CARLOS ESPÁ ME AGREDECIÓ EN VIVO XD #peru,Goblinciano,,2391.0,high_yield_channel,Goblinciano,96,RACISMO_DISCRIMINACION|ACOSO_PERSONAL|AMENAZA_DIRECTA,9.82 chunks de daño y 0.58 amenazas por video en el corpus base,85
hcZ0EBIKUZM,https://www.youtube.com/watch?v=hcZ0EBIKUZM,CARLOS ESPA ES MEJOR QUE PORKY Y ESTA ENTREVISTA LO DEMUESTRA #peru,Goblinciano,,5194.0,high_yield_channel,Goblinciano,97,RACISMO_DISCRIMINACION|ACOSO_PERSONAL|AMENAZA_DIRECTA,9.82 chunks de daño y 0.58 amenazas por video en el corpus base,85
fJg-jUMQSJs,https://www.youtube.com/watch?v=fJg-jUMQSJs,SE QUIEREN BAJAR A CARLOS ESPÁ DE LAS ELECCIONES 2026 #peru,Goblinciano,,869.0,high_yield_channel,Goblinciano,98,RACISMO_DISCRIMINACION|ACOSO_PERSONAL|AMENAZA_DIRECTA,9.82 chunks de daño y 0.58 amenazas por video en el corpus base,85
tBlUImesjrU,https://www.youtube.com/watch?v=tBlUImesjrU,LA TRISTE VERDAD DE LAS UNIVERSIDADES PÚBLICAS 🥲🚨 #peru,Goblinciano,,463.0,high_yield_channel,Goblinciano,99,RACISMO_DISCRIMINACION|ACOSO_PERSONAL|AMENAZA_DIRECTA,9.82 chunks de daño y 0.58 amenazas por video en el corpus base,85
ZsyEIFSI-iU,https://www.youtube.com/watch?v=ZsyEIFSI-iU,ASÍ SERÁ EL PAÍS SI PORKY GANA LAS ELECCIONES 2026 🚨🤔 | EL PLAN DE GOBIERNO DE RAFAEL LOPEZ ALIAGA,Goblinciano,,2812.0,high_yield_channel,Goblinciano,100,RACISMO_DISCRIMINACION|ACOSO_PERSONAL|AMENAZA_DIRECTA,9.82 chunks de daño y 0.58 amenazas por video en el corpus base,85
k4EDn-j3pNI,https://www.youtube.com/watch?v=k4EDn-j3pNI,"EL NUEVO PEDRO CASTILLO PARA LAS ELECCIONES DEL 2026 ""NUEVO PERU"" 😂🚨",Goblinciano,,835.0,high_yield_channel,Goblinciano,101,RACISMO_DISCRIMINACION|ACOSO_PERSONAL|AMENAZA_DIRECTA,9.82 chunks de daño y 0.58 amenazas por video en el corpus base,85
FxLpNmpjPog,https://www.youtube.com/watch?v=FxLpNmpjPog,TIKTOKER SUFRE PORQUE ENFRIAN  ANGELITOS EN BRASIL PIPIPI 😭,Goblinciano,,575.0,high_yield_channel,Goblinciano,102,RACISMO_DISCRIMINACION|ACOSO_PERSONAL|AMENAZA_DIRECTA,9.82 chunks de daño y 0.58 amenazas por video en el corpus base,85
fdmQ4NbhKfc,https://www.youtube.com/watch?v=fdmQ4NbhKfc,EL PERÚ ES UN CHISTE...,Goblinciano,,599.0,high_yield_channel,Goblinciano,103,RACISMO_DISCRIMINACION|ACOSO_PERSONAL|AMENAZA_DIRECTA,9.82 chunks de daño y 0.58 amenazas por video en el corpus base,85
Rh_SFRiDRQ0,https://www.youtube.com/watch?v=Rh_SFRiDRQ0,ESTE ES EL CANDIDATO POR EL CUÁL VOTARÉ EN LAS ELECCIONES 2026 🕯️🚨,Goblinciano,,2961.0,high_yield_channel,Goblinciano,104,RACISMO_DISCRIMINACION|ACOSO_PERSONAL|AMENAZA_DIRECTA,9.82 chunks de daño y 0.58 amenazas por video en el corpus base,85
Q1Ewfa1P7LY,https://www.youtube.com/watch?v=Q1Ewfa1P7LY,"DIBUJITO ""EXT0RSI0NA"" A CURWEN CON 300 SOLES 😂🚨",Goblinciano,,1246.0,high_yield_channel,Goblinciano,105,RACISMO_DISCRIMINACION|ACOSO_PERSONAL|AMENAZA_DIRECTA,9.82 chunks de daño y 0.58 amenazas por video en el corpus base,85
gy-7ZR2HijI,https://www.youtube.com/watch?v=gy-7ZR2HijI,LA HERMANA DESCONOCIDA DE JULIANA OXENFORD ME CRITICA EN SU PROGRAMA XD 😂,Goblinciano,,887.0,high_yield_channel,Goblinciano,106,RACISMO_DISCRIMINACION|ACOSO_PERSONAL|AMENAZA_DIRECTA,9.82 chunks de daño y 0.58 amenazas por video en el corpus base,85
Amb-Ur9TQOg,https://www.youtube.com/watch?v=Amb-Ur9TQOg,APOSTÉ POR CRISTORATA Y PERDÍ TODOS MIS AHORROS PIPIPI #kickperu,Goblinciano,,821.0,high_yield_channel,Goblinciano,107,RACISMO_DISCRIMINACION|ACOSO_PERSONAL|AMENAZA_DIRECTA,9.82 chunks de daño y 0.58 amenazas por video en el corpus base,85
p9Ik5yLfJtE,https://www.youtube.com/watch?v=p9Ik5yLfJtE,EL PERÚ LEGALIZARÁ LAS EXT0RC1ONES 🚨😢 | EL GOBIERNO COLABORA CON LA DEL1NCUENC1A,Goblinciano,,1299.0,high_yield_channel,Goblinciano,108,RACISMO_DISCRIMINACION|ACOSO_PERSONAL|AMENAZA_DIRECTA,9.82 chunks de daño y 0.58 amenazas por video en el corpus base,85
g6mEhzqj4IE,https://www.youtube.com/watch?v=g6mEhzqj4IE,LA MARCHA DEL 15 DE OCTUBRE ES UNA ESTAFA | POLITIZARON LA GENERACIÓN Z 😴🚨,Goblinciano,,1372.0,high_yield_channel,Goblinciano,109,RACISMO_DISCRIMINACION|ACOSO_PERSONAL|AMENAZA_DIRECTA,9.82 chunks de daño y 0.58 amenazas por video en el corpus base,85
i1PX66X-VuY,https://www.youtube.com/watch?v=i1PX66X-VuY,ME BANEARON 1000 AÑOS DE KICK 🚨🥹,Goblinciano,,595.0,high_yield_channel,Goblinciano,110,RACISMO_DISCRIMINACION|ACOSO_PERSONAL|AMENAZA_DIRECTA,9.82 chunks de daño y 0.58 amenazas por video en el corpus base,85
y3eVBRKdwdE,https://www.youtube.com/watch?v=y3eVBRKdwdE,ASÍ FUE EL INCENDIO EN PAMPLONA ALTA - EL PRESIDENTE PA-JERI LLEGÓ 🚨🚒,Goblinciano,,1059.0,high_yield_channel,Goblinciano,111,RACISMO_DISCRIMINACION|ACOSO_PERSONAL|AMENAZA_DIRECTA,9.82 chunks de daño y 0.58 amenazas por video en el corpus base,85
3UGHL-qis-c,https://www.youtube.com/watch?v=3UGHL-qis-c,LA VERDAD DEL NUEVO PRESIDENTE DEL PERÚ - JOSÉ JERÍ 🍼🚨 | REACCIÓN A @Billonario,Goblinciano,,1987.0,high_yield_channel,Goblinciano,112,RACISMO_DISCRIMINACION|ACOSO_PERSONAL|AMENAZA_DIRECTA,9.82 chunks de daño y 0.58 amenazas por video en el corpus base,85
l9EAPsz56qc,https://www.youtube.com/watch?v=l9EAPsz56qc,ASI FUE LA VACANCIA DE DINA BOLUARTE - JOSÉ JERÍ NUEVO PRESIDENTE DEL PERU 🚨 #peru,Goblinciano,,1790.0,high_yield_channel,Goblinciano,113,RACISMO_DISCRIMINACION|ACOSO_PERSONAL|AMENAZA_DIRECTA,9.82 chunks de daño y 0.58 amenazas por video en el corpus base,85
mhVAshQFae0,https://www.youtube.com/watch?v=mhVAshQFae0,ATENTADO CONTRA AGUA MARINA EN PLENO CONCIERTO,Goblinciano,,939.0,high_yield_channel,Goblinciano,114,RACISMO_DISCRIMINACION|ACOSO_PERSONAL|AMENAZA_DIRECTA,9.82 chunks de daño y 0.58 amenazas por video en el corpus base,85
-B4P_K1LtB8,https://www.youtube.com/watch?v=-B4P_K1LtB8,LOS VERDADEROS CULPABLES DE QUE COBREN CUPO EN EL PERÚ 🚨,Goblinciano,,1357.0,high_yield_channel,Goblinciano,115,RACISMO_DISCRIMINACION|ACOSO_PERSONAL|AMENAZA_DIRECTA,9.82 chunks de daño y 0.58 amenazas por video en el corpus base,85
5wIt64DMal0,https://www.youtube.com/watch?v=5wIt64DMal0,NETFLIX SE VA A LA QUIEBRA POR SER WOKE 📉,Goblinciano,,637.0,high_yield_channel,Goblinciano,116,RACISMO_DISCRIMINACION|ACOSO_PERSONAL|AMENAZA_DIRECTA,9.82 chunks de daño y 0.58 amenazas por video en el corpus base,85
xfuQL84_7J0,https://www.youtube.com/watch?v=xfuQL84_7J0,VOLÓ ALTO EL ÚLTIMO DODO PIPIPI 😢☠️ - LE DIERON SU CARIÑITO A FANODRIC #fanodric,Goblinciano,,872.0,high_yield_channel,Goblinciano,117,RACISMO_DISCRIMINACION|ACOSO_PERSONAL|AMENAZA_DIRECTA,9.82 chunks de daño y 0.58 amenazas por video en el corpus base,85
8TdhLGLjLEI,https://www.youtube.com/watch?v=8TdhLGLjLEI,¿POR QUÉ LAS PERUANAS QUIEREN SER BLANCAS? 🚨☠️ #peru,Goblinciano,,912.0,high_yield_channel,Goblinciano,118,RACISMO_DISCRIMINACION|ACOSO_PERSONAL|AMENAZA_DIRECTA,9.82 chunks de daño y 0.58 amenazas por video en el corpus base,85
2BrpcQEyZIU,https://www.youtube.com/watch?v=2BrpcQEyZIU,EL FIN DE FRANCO VIDAL ☠️🚨 - EL ALCALDE QUE MANDÓ A ENFRIAR A UNA SEÑORA EN LA RENIEC ☠️,Goblinciano,,1656.0,high_yield_channel,Goblinciano,119,RACISMO_DISCRIMINACION|ACOSO_PERSONAL|AMENAZA_DIRECTA,9.82 chunks de daño y 0.58 amenazas por video en el corpus base,85
aS65uIU5Vf8,https://www.youtube.com/watch?v=aS65uIU5Vf8,"""LOS POLÍCIAS ME DECÍAN CUANDO ME IBAN A DETENER"" 👮 🚨 | CAPTURARON A ""EL MOUNSTRO""",Goblinciano,,487.0,high_yield_channel,Goblinciano,120,RACISMO_DISCRIMINACION|ACOSO_PERSONAL|AMENAZA_DIRECTA,9.82 chunks de daño y 0.58 amenazas por video en el corpus base,85
u4vDDJC8TFQ,https://www.youtube.com/watch?v=u4vDDJC8TFQ,LA BURBUJA DE SER INFLUENCER SE ACABO 😭,Goblinciano,,1842.0,high_yield_channel,Goblinciano,121,RACISMO_DISCRIMINACION|ACOSO_PERSONAL|AMENAZA_DIRECTA,9.82 chunks de daño y 0.58 amenazas por video en el corpus base,85
zghyqxLSbcQ,https://www.youtube.com/watch?v=zghyqxLSbcQ,ARGENTINO EXPLICA PORQUÉ EL PERÚ ES LA BURLA DE LATAM PIPIPI,Goblinciano,,877.0,high_yield_channel,Goblinciano,122,RACISMO_DISCRIMINACION|ACOSO_PERSONAL|AMENAZA_DIRECTA,9.82 chunks de daño y 0.58 amenazas por video en el corpus base,85
aJ3XU4lv8Us,https://www.youtube.com/watch?v=aJ3XU4lv8Us,SE ACABARON LAS CHAMAS EN ZEPITA PIPIPIPI 🔞,Goblinciano,,807.0,high_yield_channel,Goblinciano,123,RACISMO_DISCRIMINACION|ACOSO_PERSONAL|AMENAZA_DIRECTA,9.82 chunks de daño y 0.58 amenazas por video en el corpus base,85
nwQZPzIvDdo,https://www.youtube.com/watch?v=nwQZPzIvDdo,IBAI PRUEBA EL PEOR LOMO SALTADO XD,Goblinciano,,1464.0,high_yield_channel,Goblinciano,124,RACISMO_DISCRIMINACION|ACOSO_PERSONAL|AMENAZA_DIRECTA,9.82 chunks de daño y 0.58 amenazas por video en el corpus base,85
pXuzlNCri_w,https://www.youtube.com/watch?v=pXuzlNCri_w,Vuela alto Charlie kirk,Goblinciano,,1181.0,high_yield_channel,Goblinciano,125,RACISMO_DISCRIMINACION|ACOSO_PERSONAL|AMENAZA_DIRECTA,9.82 chunks de daño y 0.58 amenazas por video en el corpus base,85
q54R6SP9dWs,https://www.youtube.com/watch?v=q54R6SP9dWs,LOS SECRETOS DE LOS HOSPITALES PERUANOS 🚑 | REACCIÓN,Goblinciano,,1110.0,high_yield_channel,Goblinciano,126,RACISMO_DISCRIMINACION|ACOSO_PERSONAL|AMENAZA_DIRECTA,9.82 chunks de daño y 0.58 amenazas por video en el corpus base,85
OLPqm1oTbBM,https://www.youtube.com/watch?v=OLPqm1oTbBM,There are more important things than bread with pork rinds...,Goblinciano,,523.0,high_yield_channel,Goblinciano,127,RACISMO_DISCRIMINACION|ACOSO_PERSONAL|AMENAZA_DIRECTA,9.82 chunks de daño y 0.58 amenazas por video en el corpus base,85
gPwEhnkWAns,https://www.youtube.com/watch?v=gPwEhnkWAns,THE WORST BRIDGE IN PERU #peru,Goblinciano,,521.0,high_yield_channel,Goblinciano,128,RACISMO_DISCRIMINACION|ACOSO_PERSONAL|AMENAZA_DIRECTA,9.82 chunks de daño y 0.58 amenazas por video en el corpus base,85
qjEpLlsTZeY,https://www.youtube.com/watch?v=qjEpLlsTZeY,THE BOLIVIAN LAMENT IS OVER...,Goblinciano,,482.0,high_yield_channel,Goblinciano,129,RACISMO_DISCRIMINACION|ACOSO_PERSONAL|AMENAZA_DIRECTA,9.82 chunks de daño y 0.58 amenazas por video en el corpus base,85
jtOUpVEV0LM,https://www.youtube.com/watch?v=jtOUpVEV0LM,EL ATENTADO DE TRUJILLO...#peru,Goblinciano,,553.0,high_yield_channel,Goblinciano,130,RACISMO_DISCRIMINACION|ACOSO_PERSONAL|AMENAZA_DIRECTA,9.82 chunks de daño y 0.58 amenazas por video en el corpus base,85
ZOR2w9dSE2g,https://www.youtube.com/watch?v=ZOR2w9dSE2g,THAT'S WHY GIRLS DON'T SUCK GAMPI AND STUDY #peru #news,Goblinciano,,435.0,high_yield_channel,Goblinciano,131,RACISMO_DISCRIMINACION|ACOSO_PERSONAL|AMENAZA_DIRECTA,9.82 chunks de daño y 0.58 amenazas por video en el corpus base,85
eqvAMa3_B0s,https://www.youtube.com/watch?v=eqvAMa3_B0s,DAARICK NEEDS HELP... #peru,Goblinciano,,505.0,high_yield_channel,Goblinciano,132,RACISMO_DISCRIMINACION|ACOSO_PERSONAL|AMENAZA_DIRECTA,9.82 chunks de daño y 0.58 amenazas por video en el corpus base,85
erSUxYzNZ2I,https://www.youtube.com/watch?v=erSUxYzNZ2I,"THE END OF PERU, VELARDE IS LEAVING 😨 #peru",Goblinciano,,482.0,high_yield_channel,Goblinciano,133,RACISMO_DISCRIMINACION|ACOSO_PERSONAL|AMENAZA_DIRECTA,9.82 chunks de daño y 0.58 amenazas por video en el corpus base,85
y44h7Z_kPwM,https://www.youtube.com/watch?v=y44h7Z_kPwM,PORKY'S TRAINS WRECKED | LA REPORTERA DE LA REPUBLICA #peru,Goblinciano,,484.0,high_yield_channel,Goblinciano,134,RACISMO_DISCRIMINACION|ACOSO_PERSONAL|AMENAZA_DIRECTA,9.82 chunks de daño y 0.58 amenazas por video en el corpus base,85
rjZFlgp6Peg,https://www.youtube.com/watch?v=rjZFlgp6Peg,Porky's Trains Tricked Us | I'll Tell Him the Truth #peru,Goblinciano,,605.0,high_yield_channel,Goblinciano,135,RACISMO_DISCRIMINACION|ACOSO_PERSONAL|AMENAZA_DIRECTA,9.82 chunks de daño y 0.58 amenazas por video en el corpus base,85
9RvIb6CFIps,https://www.youtube.com/watch?v=9RvIb6CFIps,30 INTERESTING FACTS ABOUT THE LYNX #peru,Goblinciano,,932.0,high_yield_channel,Goblinciano,136,RACISMO_DISCRIMINACION|ACOSO_PERSONAL|AMENAZA_DIRECTA,9.82 chunks de daño y 0.58 amenazas por video en el corpus base,85
TbLc6UPU2Mg,https://www.youtube.com/watch?v=TbLc6UPU2Mg,I EXPOSE THE BOTTOM BUSINESS ON KICK | THIS IS HOW THEY'RE MAKING THOUSANDS OF DOLLARS #peru,Goblinciano,,570.0,high_yield_channel,Goblinciano,137,RACISMO_DISCRIMINACION|ACOSO_PERSONAL|AMENAZA_DIRECTA,9.82 chunks de daño y 0.58 amenazas por video en el corpus base,85
fvmczi74DUk,https://www.youtube.com/watch?v=fvmczi74DUk,THE PERUVIAN SUN IS THE NEW DOLLAR #peru,Goblinciano,,485.0,high_yield_channel,Goblinciano,138,RACISMO_DISCRIMINACION|ACOSO_PERSONAL|AMENAZA_DIRECTA,9.82 chunks de daño y 0.58 amenazas por video en el corpus base,85
7rgVJfxBlz0,https://www.youtube.com/watch?v=7rgVJfxBlz0,DIBUJITOS SUBASTAN CHIBOLAS ESC0LAR3S EN TELEGRAM #peru,Goblinciano,,484.0,high_yield_channel,Goblinciano,139,RACISMO_DISCRIMINACION|ACOSO_PERSONAL|AMENAZA_DIRECTA,9.82 chunks de daño y 0.58 amenazas por video en el corpus base,85
4ayFhi1VAK8,https://www.youtube.com/watch?v=4ayFhi1VAK8,LA VERDAD DE FRANCO VIDAL EL ALCALDE DIBUJITO #peru,Goblinciano,,627.0,high_yield_channel,Goblinciano,140,RACISMO_DISCRIMINACION|ACOSO_PERSONAL|AMENAZA_DIRECTA,9.82 chunks de daño y 0.58 amenazas por video en el corpus base,85
oX_H77gVceQ,https://www.youtube.com/watch?v=oX_H77gVceQ,MILES DE BOLIVIANOS ENTRAN A PERÚ | ESCAPAN DE LA CRISIS ECONÓMICA #peru,Goblinciano,,596.0,high_yield_channel,Goblinciano,141,RACISMO_DISCRIMINACION|ACOSO_PERSONAL|AMENAZA_DIRECTA,9.82 chunks de daño y 0.58 amenazas por video en el corpus base,85
RiAY4_oIlN8,https://www.youtube.com/watch?v=RiAY4_oIlN8,CURWEN ES UN WEB0NAZ0 #peru,Goblinciano,,552.0,high_yield_channel,Goblinciano,142,RACISMO_DISCRIMINACION|ACOSO_PERSONAL|AMENAZA_DIRECTA,9.82 chunks de daño y 0.58 amenazas por video en el corpus base,85
fYtsRmV_kkE,https://www.youtube.com/watch?v=fYtsRmV_kkE,LA ESTAFA DEL NUEVO AEROPUERTO JORGE CHAVEZ | AHORA TIENES QUE IR 5 HORAS ANTES DE TU VUELO  #peru,Goblinciano,,456.0,high_yield_channel,Goblinciano,143,RACISMO_DISCRIMINACION|ACOSO_PERSONAL|AMENAZA_DIRECTA,9.82 chunks de daño y 0.58 amenazas por video en el corpus base,85
scZx-AKaI-Q,https://www.youtube.com/watch?v=scZx-AKaI-Q,SMASH TENDRA UN GUILLERMITO 😲,Goblinciano,,640.0,high_yield_channel,Goblinciano,144,RACISMO_DISCRIMINACION|ACOSO_PERSONAL|AMENAZA_DIRECTA,9.82 chunks de daño y 0.58 amenazas por video en el corpus base,85
82eCLCeGkVE,https://www.youtube.com/watch?v=82eCLCeGkVE,WHAT HAPPENED TO ASHLEY VARGAS? #peru,Goblinciano,,503.0,high_yield_channel,Goblinciano,145,RACISMO_DISCRIMINACION|ACOSO_PERSONAL|AMENAZA_DIRECTA,9.82 chunks de daño y 0.58 amenazas por video en el corpus base,85
8kci4Pwt6AQ,https://www.youtube.com/watch?v=8kci4Pwt6AQ,CHAMO WEBON VUELA ALTO AL INTENTAR DEJAR EXPL0SIVO EN CASA 🕊️ #peru,Goblinciano,,508.0,high_yield_channel,Goblinciano,146,RACISMO_DISCRIMINACION|ACOSO_PERSONAL|AMENAZA_DIRECTA,9.82 chunks de daño y 0.58 amenazas por video en el corpus base,85
eV3k2PV9suI,https://www.youtube.com/watch?v=eV3k2PV9suI,DIBUJITO HACKEA A SAN MARCOS #peru,Goblinciano,,528.0,high_yield_channel,Goblinciano,147,RACISMO_DISCRIMINACION|ACOSO_PERSONAL|AMENAZA_DIRECTA,9.82 chunks de daño y 0.58 amenazas por video en el corpus base,85
rosLxGfSRSc,https://www.youtube.com/watch?v=rosLxGfSRSc,NUNCA TE METAS CON UN N4RC0 | TIKTOKER ES ENFRIADA EN VIVO POR INFIEL  #peru,Goblinciano,,522.0,high_yield_channel,Goblinciano,148,RACISMO_DISCRIMINACION|ACOSO_PERSONAL|AMENAZA_DIRECTA,9.82 chunks de daño y 0.58 amenazas por video en el corpus base,85
xVufzJBbvz0,https://www.youtube.com/watch?v=xVufzJBbvz0,PERUANO TIKTOKER MUESTRA SU GAMPI A CHIBOLAS,Goblinciano,,504.0,high_yield_channel,Goblinciano,149,RACISMO_DISCRIMINACION|ACOSO_PERSONAL|AMENAZA_DIRECTA,9.82 chunks de daño y 0.58 amenazas por video en el corpus base,85
FaQEvk_DeTk,https://www.youtube.com/watch?v=FaQEvk_DeTk,DINA BOLUARTE ES UNA CSM  #peru,Goblinciano,,487.0,high_yield_channel,Goblinciano,150,RACISMO_DISCRIMINACION|ACOSO_PERSONAL|AMENAZA_DIRECTA,9.82 chunks de daño y 0.58 amenazas por video en el corpus base,85
hV5w3BTduZk,https://www.youtube.com/watch?v=hV5w3BTduZk,"EL LOMO SALTADO ES BOLIVIANO, PERUANOS COPIONES #peru",Goblinciano,,512.0,high_yield_channel,Goblinciano,151,RACISMO_DISCRIMINACION|ACOSO_PERSONAL|AMENAZA_DIRECTA,9.82 chunks de daño y 0.58 amenazas por video en el corpus base,85
cYSOoLkXCTY,https://www.youtube.com/watch?v=cYSOoLkXCTY,EL PERU ES CLAVE #peru #argentina,Goblinciano,,493.0,high_yield_channel,Goblinciano,152,RACISMO_DISCRIMINACION|ACOSO_PERSONAL|AMENAZA_DIRECTA,9.82 chunks de daño y 0.58 amenazas por video en el corpus base,85
Q5D8bn8ZVe8,https://www.youtube.com/watch?v=Q5D8bn8ZVe8,EXITO Y CAIDA DE MAKANAKY | TODO POR EL SHOW... #peru,Goblinciano,,730.0,high_yield_channel,Goblinciano,153,RACISMO_DISCRIMINACION|ACOSO_PERSONAL|AMENAZA_DIRECTA,9.82 chunks de daño y 0.58 amenazas por video en el corpus base,85
s66z7JgFN_M,https://www.youtube.com/watch?v=s66z7JgFN_M,VUELA ALTO MARIO VARGAS LLOSA #peru,Goblinciano,,511.0,high_yield_channel,Goblinciano,154,RACISMO_DISCRIMINACION|ACOSO_PERSONAL|AMENAZA_DIRECTA,9.82 chunks de daño y 0.58 amenazas por video en el corpus base,85
Fpxorah2l7g,https://www.youtube.com/watch?v=Fpxorah2l7g,NO MAS EXAMEN DE ADMISION | EL CICLO 0 ES UNA W3BADA #peru,Goblinciano,,462.0,high_yield_channel,Goblinciano,155,RACISMO_DISCRIMINACION|ACOSO_PERSONAL|AMENAZA_DIRECTA,9.82 chunks de daño y 0.58 amenazas por video en el corpus base,85
uFk_VzgEgU4,https://www.youtube.com/watch?v=uFk_VzgEgU4,EL DIBUJITO MAS BUSCADO DE PERU: GATITOFBI EL HACKER DE RENIEC #peru,Goblinciano,,484.0,high_yield_channel,Goblinciano,156,RACISMO_DISCRIMINACION|ACOSO_PERSONAL|AMENAZA_DIRECTA,9.82 chunks de daño y 0.58 amenazas por video en el corpus base,85
fIrT3iFtqgs,https://www.youtube.com/watch?v=fIrT3iFtqgs,UNA OPORTUNIDAD PARA EL PERU #peru,Goblinciano,,493.0,high_yield_channel,Goblinciano,157,RACISMO_DISCRIMINACION|ACOSO_PERSONAL|AMENAZA_DIRECTA,9.82 chunks de daño y 0.58 amenazas por video en el corpus base,85
Nq456oXnvfs,https://www.youtube.com/watch?v=Nq456oXnvfs,EL LAMENTO BOLIVIANO SE HIZO REALIDAD | AHORA VIENEN A PERU #peru #bolivia,Goblinciano,,488.0,high_yield_channel,Goblinciano,158,RACISMO_DISCRIMINACION|ACOSO_PERSONAL|AMENAZA_DIRECTA,9.82 chunks de daño y 0.58 amenazas por video en el corpus base,85
FvTkFJPpguI,https://www.youtube.com/watch?v=FvTkFJPpguI,LO PERDI TODO AP0STE POR PERU ARBITRO CTM #peru,Goblinciano,,482.0,high_yield_channel,Goblinciano,159,RACISMO_DISCRIMINACION|ACOSO_PERSONAL|AMENAZA_DIRECTA,9.82 chunks de daño y 0.58 amenazas por video en el corpus base,85
2Wq1Xe-43Dg,https://www.youtube.com/watch?v=2Wq1Xe-43Dg,EL FIN DE LOS DIBUJITOS | SERVICIO MILITAR OBLIGATORIO EN EL PERÚ #peru,Goblinciano,,485.0,high_yield_channel,Goblinciano,160,RACISMO_DISCRIMINACION|ACOSO_PERSONAL|AMENAZA_DIRECTA,9.82 chunks de daño y 0.58 amenazas por video en el corpus base,85
kq-coUFAOXY,https://www.youtube.com/watch?v=kq-coUFAOXY,HORA DE ENFRIAR A LOS ANGELITOS #peru,Goblinciano,,285.0,high_yield_channel,Goblinciano,161,RACISMO_DISCRIMINACION|ACOSO_PERSONAL|AMENAZA_DIRECTA,9.82 chunks de daño y 0.58 amenazas por video en el corpus base,85
ctJxsSex-8w,https://www.youtube.com/watch?v=ctJxsSex-8w,"PATITO LO QUE HACES POR DINERO Y VISITAS, PALTEAS 🦆🥑 #peru",Goblinciano,,494.0,high_yield_channel,Goblinciano,162,RACISMO_DISCRIMINACION|ACOSO_PERSONAL|AMENAZA_DIRECTA,9.82 chunks de daño y 0.58 amenazas por video en el corpus base,85
rAOZdG2FvgU,https://www.youtube.com/watch?v=rAOZdG2FvgU,ES EL FIN DE CUEVA  #peru #cueva,Goblinciano,,495.0,high_yield_channel,Goblinciano,163,RACISMO_DISCRIMINACION|ACOSO_PERSONAL|AMENAZA_DIRECTA,9.82 chunks de daño y 0.58 amenazas por video en el corpus base,85
3Zlik7hJgw8,https://www.youtube.com/watch?v=3Zlik7hJgw8,SACA TODA TU PLATA HACKEARON APU3STO TOTAL #peru,Goblinciano,,484.0,high_yield_channel,Goblinciano,164,RACISMO_DISCRIMINACION|ACOSO_PERSONAL|AMENAZA_DIRECTA,9.82 chunks de daño y 0.58 amenazas por video en el corpus base,85
fsUzI_7ZvVE,https://www.youtube.com/watch?v=fsUzI_7ZvVE,EL PEOR SETUP PERUANO #peru,Goblinciano,,888.0,high_yield_channel,Goblinciano,165,RACISMO_DISCRIMINACION|ACOSO_PERSONAL|AMENAZA_DIRECTA,9.82 chunks de daño y 0.58 amenazas por video en el corpus base,85
o-cSio_FhBY,https://www.youtube.com/watch?v=o-cSio_FhBY,Two Cholos in London | Vlog with Fanodric,Goblinciano,,1518.0,high_yield_channel,Goblinciano,166,RACISMO_DISCRIMINACION|ACOSO_PERSONAL|AMENAZA_DIRECTA,9.82 chunks de daño y 0.58 amenazas por video en el corpus base,85
PAf7a3r8PnI,https://www.youtube.com/watch?v=PAf7a3r8PnI,NOS AGARRAN DE CHOLOS DENUEVO #peru #trujillo,Goblinciano,,540.0,high_yield_channel,Goblinciano,167,RACISMO_DISCRIMINACION|ACOSO_PERSONAL|AMENAZA_DIRECTA,9.82 chunks de daño y 0.58 amenazas por video en el corpus base,85
zmtxrsjWOkY,https://www.youtube.com/watch?v=zmtxrsjWOkY,"LO PERDI TODO, MILEI ES UN ESTOFADOR #peru",Goblinciano,,509.0,high_yield_channel,Goblinciano,168,RACISMO_DISCRIMINACION|ACOSO_PERSONAL|AMENAZA_DIRECTA,9.82 chunks de daño y 0.58 amenazas por video en el corpus base,85
TJAExSLooQY,https://www.youtube.com/watch?v=TJAExSLooQY,SE SALE EL RIO RIMAC  #peru,Goblinciano,,484.0,high_yield_channel,Goblinciano,169,RACISMO_DISCRIMINACION|ACOSO_PERSONAL|AMENAZA_DIRECTA,9.82 chunks de daño y 0.58 amenazas por video en el corpus base,85
8JUn4rCsg7c,https://www.youtube.com/watch?v=8JUn4rCsg7c,"ANSICHAN IS FOUNDED BY PERUVIANS | IT'S TIME TO LIFT YOUR HEADS, DRAWINGS... #peru",Goblinciano,,484.0,high_yield_channel,Goblinciano,170,RACISMO_DISCRIMINACION|ACOSO_PERSONAL|AMENAZA_DIRECTA,9.82 chunks de daño y 0.58 amenazas por video en el corpus base,85
24pmw-SQxDA,https://www.youtube.com/watch?v=24pmw-SQxDA,QUEDASTE COMO UN GILAZO CURWEN XDDD #peru,Goblinciano,,554.0,high_yield_channel,Goblinciano,171,RACISMO_DISCRIMINACION|ACOSO_PERSONAL|AMENAZA_DIRECTA,9.82 chunks de daño y 0.58 amenazas por video en el corpus base,85
LzUPcRkSeyY,https://www.youtube.com/watch?v=LzUPcRkSeyY,FIN DEL SUEÑO AMERICANO #peru,Goblinciano,,490.0,high_yield_channel,Goblinciano,172,RACISMO_DISCRIMINACION|ACOSO_PERSONAL|AMENAZA_DIRECTA,9.82 chunks de daño y 0.58 amenazas por video en el corpus base,85
-85lY7T09W4,https://www.youtube.com/watch?v=-85lY7T09W4,ADIOS AMIGO DODITO VAS A PERDER... | Dodo vs Dafonseka #peru,Goblinciano,,1036.0,high_yield_channel,Goblinciano,173,RACISMO_DISCRIMINACION|ACOSO_PERSONAL|AMENAZA_DIRECTA,9.82 chunks de daño y 0.58 amenazas por video en el corpus base,85
c2OIf6tihjI,https://www.youtube.com/watch?v=c2OIf6tihjI,f por la wawita  #peru,Goblinciano,,438.0,high_yield_channel,Goblinciano,174,RACISMO_DISCRIMINACION|ACOSO_PERSONAL|AMENAZA_DIRECTA,9.82 chunks de daño y 0.58 amenazas por video en el corpus base,85
4ECLg3nIN2E,https://www.youtube.com/watch?v=4ECLg3nIN2E,BIEN CRJO! SE SALVO EL PERÚ! | PERU ES CLAVE 2026 #peru,Goblinciano,,499.0,high_yield_channel,Goblinciano,175,RACISMO_DISCRIMINACION|ACOSO_PERSONAL|AMENAZA_DIRECTA,9.82 chunks de daño y 0.58 amenazas por video en el corpus base,85
D44ymVIWkNA,https://www.youtube.com/watch?v=D44ymVIWkNA,"AL FINAL NO SALIO MAKANAKY ,NO PUDO HACER NADA XD #peru",Goblinciano,,490.0,high_yield_channel,Goblinciano,176,RACISMO_DISCRIMINACION|ACOSO_PERSONAL|AMENAZA_DIRECTA,9.82 chunks de daño y 0.58 amenazas por video en el corpus base,85
wBG4py5rT3c,https://www.youtube.com/watch?v=wBG4py5rT3c,CRISTORATA SALE EN ATV  #peru,Goblinciano,,498.0,high_yield_channel,Goblinciano,177,RACISMO_DISCRIMINACION|ACOSO_PERSONAL|AMENAZA_DIRECTA,9.82 chunks de daño y 0.58 amenazas por video en el corpus base,85
WGNwwEKe1zc,https://www.youtube.com/watch?v=WGNwwEKe1zc,GRACIAS TRUMP,Goblinciano,,512.0,high_yield_channel,Goblinciano,178,RACISMO_DISCRIMINACION|ACOSO_PERSONAL|AMENAZA_DIRECTA,9.82 chunks de daño y 0.58 amenazas por video en el corpus base,85
Z3jNyj0i2sQ,https://www.youtube.com/watch?v=Z3jNyj0i2sQ,ESTE VIDEO NO SIRVE YA VOLVIO TIKTOK XD #peru,Goblinciano,,485.0,high_yield_channel,Goblinciano,179,RACISMO_DISCRIMINACION|ACOSO_PERSONAL|AMENAZA_DIRECTA,9.82 chunks de daño y 0.58 amenazas por video en el corpus base,85
i8ig_9DXXMk,https://www.youtube.com/watch?v=i8ig_9DXXMk,LA PUCP ES CANCELADA POR SU VIRGEN MARIA TRABA #peru #pucp,Goblinciano,,504.0,high_yield_channel,Goblinciano,180,RACISMO_DISCRIMINACION|ACOSO_PERSONAL|AMENAZA_DIRECTA,9.82 chunks de daño y 0.58 amenazas por video en el corpus base,85
OA91k_uuKmg,https://www.youtube.com/watch?v=OA91k_uuKmg,CRISTORATA ES BANEADO DE KICK POR GILAZO #peru,Goblinciano,,519.0,high_yield_channel,Goblinciano,181,RACISMO_DISCRIMINACION|ACOSO_PERSONAL|AMENAZA_DIRECTA,9.82 chunks de daño y 0.58 amenazas por video en el corpus base,85
0T29-JUV7d8,https://www.youtube.com/watch?v=0T29-JUV7d8,LIMPIADORA DE GAMPIS EN EL CONGRESO 🤑 | CASO ISABEL CAJO #peru,Goblinciano,,516.0,high_yield_channel,Goblinciano,182,RACISMO_DISCRIMINACION|ACOSO_PERSONAL|AMENAZA_DIRECTA,9.82 chunks de daño y 0.58 amenazas por video en el corpus base,85
GxZkZTSwqaw,https://www.youtube.com/watch?v=GxZkZTSwqaw,DIBUJITOS HACKERS ME ENFRIARON EN RENIEC #peru,Goblinciano,,497.0,high_yield_channel,Goblinciano,183,RACISMO_DISCRIMINACION|ACOSO_PERSONAL|AMENAZA_DIRECTA,9.82 chunks de daño y 0.58 amenazas por video en el corpus base,85
JkfeyF3j1ts,https://www.youtube.com/watch?v=JkfeyF3j1ts,LOS STREAMERS PERUANOS SON EXPUESTOS 🤔 | AQUI LAS PRUEBAS... #peru #streamer,Goblinciano,,606.0,high_yield_channel,Goblinciano,184,RACISMO_DISCRIMINACION|ACOSO_PERSONAL|AMENAZA_DIRECTA,9.82 chunks de daño y 0.58 amenazas por video en el corpus base,85
BCtyCJOm2rc,https://www.youtube.com/watch?v=BCtyCJOm2rc,EMERG3NC1A NUEVO V1RUS CHINO...NOS VAN A ENCERRAR DENUEVO #peru,Goblinciano,,493.0,high_yield_channel,Goblinciano,185,RACISMO_DISCRIMINACION|ACOSO_PERSONAL|AMENAZA_DIRECTA,9.82 chunks de daño y 0.58 amenazas por video en el corpus base,85
42i7CXzCBqQ,https://www.youtube.com/watch?v=42i7CXzCBqQ,SE ACABÓ CHAMOS...LE PEDIAN 10 MIL SOLES DE CUPO 🥶  #peru,Goblinciano,,482.0,high_yield_channel,Goblinciano,186,RACISMO_DISCRIMINACION|ACOSO_PERSONAL|AMENAZA_DIRECTA,9.82 chunks de daño y 0.58 amenazas por video en el corpus base,85
4UvD8wARhUY,https://www.youtube.com/watch?v=4UvD8wARhUY,⠀⠀⠀⠀⠀⠀⠀⠀⠀⠀⠀⠀⠀⠀⠀⠀⠀⠀,Goblinciano,,509.0,high_yield_channel,Goblinciano,187,RACISMO_DISCRIMINACION|ACOSO_PERSONAL|AMENAZA_DIRECTA,9.82 chunks de daño y 0.58 amenazas por video en el corpus base,85
kWjky2IeUF0,https://www.youtube.com/watch?v=kWjky2IeUF0,VUELA ALTO VIZCARRA | ADIOS LAGARTO 🕊️  #peru #vizcarra,Goblinciano,,607.0,high_yield_channel,Goblinciano,188,RACISMO_DISCRIMINACION|ACOSO_PERSONAL|AMENAZA_DIRECTA,9.82 chunks de daño y 0.58 amenazas por video en el corpus base,85
0pY2bbfBqig,https://www.youtube.com/watch?v=0pY2bbfBqig,SI APAREZCO FRIO POR ESTE VIDEO ES CULPA DEL GOBIERNO #peru,Goblinciano,,483.0,high_yield_channel,Goblinciano,189,RACISMO_DISCRIMINACION|ACOSO_PERSONAL|AMENAZA_DIRECTA,9.82 chunks de daño y 0.58 amenazas por video en el corpus base,85
GGDbPtmi-Ck,https://www.youtube.com/watch?v=GGDbPtmi-Ck,NIÑOS PERUANOS COMEN COMIDA PARA PERRO | CASO QALIWARMA #peru,Goblinciano,,496.0,high_yield_channel,Goblinciano,190,RACISMO_DISCRIMINACION|ACOSO_PERSONAL|AMENAZA_DIRECTA,9.82 chunks de daño y 0.58 amenazas por video en el corpus base,85
hxQsq66Fe4s,https://www.youtube.com/watch?v=hxQsq66Fe4s,LE METIERON 60 PEPAS PARA SILENCIARLA | CASO ANDREA VIDAL Y LAS PUT4S EN EL CONGRESO PERUANO #peru,Goblinciano,,528.0,high_yield_channel,Goblinciano,191,RACISMO_DISCRIMINACION|ACOSO_PERSONAL|AMENAZA_DIRECTA,9.82 chunks de daño y 0.58 amenazas por video en el corpus base,85
FUyEdVCW38Y,https://www.youtube.com/watch?v=FUyEdVCW38Y,POBRE SMASH PIPIPI #peru,Goblinciano,,540.0,high_yield_channel,Goblinciano,192,RACISMO_DISCRIMINACION|ACOSO_PERSONAL|AMENAZA_DIRECTA,9.82 chunks de daño y 0.58 amenazas por video en el corpus base,85
pOU_Hnz7h3E,https://www.youtube.com/watch?v=pOU_Hnz7h3E,EL MONSTRUO DE PUNO 🥶  #peru #puno,Goblinciano,,513.0,high_yield_channel,Goblinciano,193,RACISMO_DISCRIMINACION|ACOSO_PERSONAL|AMENAZA_DIRECTA,9.82 chunks de daño y 0.58 amenazas por video en el corpus base,85
rZTxpQoKMZU,https://www.youtube.com/watch?v=rZTxpQoKMZU,EL LADO OSCURO DE THREADS #peru,Goblinciano,,598.0,high_yield_channel,Goblinciano,194,RACISMO_DISCRIMINACION|ACOSO_PERSONAL|AMENAZA_DIRECTA,9.82 chunks de daño y 0.58 amenazas por video en el corpus base,85
9MVMtK90vvA,https://www.youtube.com/watch?v=9MVMtK90vvA,DAS VERGÜENZA ANIS SAMANEZ  🤡 #peru,Goblinciano,,530.0,high_yield_channel,Goblinciano,195,RACISMO_DISCRIMINACION|ACOSO_PERSONAL|AMENAZA_DIRECTA,9.82 chunks de daño y 0.58 amenazas por video en el corpus base,85
nz5YcAK_j2Y,https://www.youtube.com/watch?v=nz5YcAK_j2Y,HAGAMOS UNA CHOCOLATADA 2024 #peru,Goblinciano,,574.0,high_yield_channel,Goblinciano,196,RACISMO_DISCRIMINACION|ACOSO_PERSONAL|AMENAZA_DIRECTA,9.82 chunks de daño y 0.58 amenazas por video en el corpus base,85
Xj1Js4Pm8cA,https://www.youtube.com/watch?v=Xj1Js4Pm8cA,PAIS SIN FUTURO ☠️ | LA DELINCUENCIA EN EL PERU SE SALE DE CONTROL #peru,Goblinciano,,507.0,high_yield_channel,Goblinciano,197,RACISMO_DISCRIMINACION|ACOSO_PERSONAL|AMENAZA_DIRECTA,9.82 chunks de daño y 0.58 amenazas por video en el corpus base,85
ls0wrYO1Ty8,https://www.youtube.com/watch?v=ls0wrYO1Ty8,UN TRABA SE KCHÓ A LA CHILINDRINA HUACHANA | VIDEO FILTRADO NO LO VEAN #peru #noticias,Goblinciano,,502.0,high_yield_channel,Goblinciano,198,RACISMO_DISCRIMINACION|ACOSO_PERSONAL|AMENAZA_DIRECTA,9.82 chunks de daño y 0.58 amenazas por video en el corpus base,85
2XV4oTIrvfQ,https://www.youtube.com/watch?v=2XV4oTIrvfQ,ME VAN A SILENCIAR POR ESTE VIDEO PIPIPI | ¡CASO EDWIN CONDORI NUEVAS PRUEBAS! #peru #noticias,Goblinciano,,540.0,high_yield_channel,Goblinciano,199,RACISMO_DISCRIMINACION|ACOSO_PERSONAL|AMENAZA_DIRECTA,9.82 chunks de daño y 0.58 amenazas por video en el corpus base,85
5o8NgnEe3gQ,https://www.youtube.com/watch?v=5o8NgnEe3gQ,LA POLICIA NACIONAL DEL PERU ES UNA M....ERDA | CASO SHEYLA CONDOR #peru,Goblinciano,,700.0,high_yield_channel,Goblinciano,200,RACISMO_DISCRIMINACION|ACOSO_PERSONAL|AMENAZA_DIRECTA,9.82 chunks de daño y 0.58 amenazas por video en el corpus base,85
70chqJ6iiAk,https://www.youtube.com/watch?v=70chqJ6iiAk,PERU NUEVA POTENCIA MUNDIAL GRACIAS A CHINA | SE INAUGURO EL MEGAPUERTO DE CHANCAY #peru #chancay,Goblinciano,,481.0,high_yield_channel,Goblinciano,201,RACISMO_DISCRIMINACION|ACOSO_PERSONAL|AMENAZA_DIRECTA,9.82 chunks de daño y 0.58 amenazas por video en el corpus base,85
kFi4ZL4_UMg,https://www.youtube.com/watch?v=kFi4ZL4_UMg,Las mujeres son especiales #trump #peru,Goblinciano,,483.0,high_yield_channel,Goblinciano,202,RACISMO_DISCRIMINACION|ACOSO_PERSONAL|AMENAZA_DIRECTA,9.82 chunks de daño y 0.58 amenazas por video en el corpus base,85
y5JoND_lmD0,https://www.youtube.com/watch?v=y5JoND_lmD0,ARGENTINA ES MUY CARO PARA UN PERUANITO #argentina #peru,Goblinciano,,550.0,high_yield_channel,Goblinciano,203,RACISMO_DISCRIMINACION|ACOSO_PERSONAL|AMENAZA_DIRECTA,9.82 chunks de daño y 0.58 amenazas por video en el corpus base,85
DBNSte5j3kk,https://www.youtube.com/watch?v=DBNSte5j3kk,UNA VERGÜENZA #peru #noticias,Goblinciano,,484.0,high_yield_channel,Goblinciano,204,RACISMO_DISCRIMINACION|ACOSO_PERSONAL|AMENAZA_DIRECTA,9.82 chunks de daño y 0.58 amenazas por video en el corpus base,85
LwL4kZivoIQ,https://www.youtube.com/watch?v=LwL4kZivoIQ,GANO DONALD TRUMP Y LO LLOR4N LOS PROGRES #trump #peru,Goblinciano,,503.0,high_yield_channel,Goblinciano,205,RACISMO_DISCRIMINACION|ACOSO_PERSONAL|AMENAZA_DIRECTA,9.82 chunks de daño y 0.58 amenazas por video en el corpus base,85
gHBi_H7-63w,https://www.youtube.com/watch?v=gHBi_H7-63w,ADIOS GILAZO DAAAA,Goblinciano,,513.0,high_yield_channel,Goblinciano,206,RACISMO_DISCRIMINACION|ACOSO_PERSONAL|AMENAZA_DIRECTA,9.82 chunks de daño y 0.58 amenazas por video en el corpus base,85
nzoIHwfan_w,https://www.youtube.com/watch?v=nzoIHwfan_w,HACKEARON INTERBANK SACA TODO TU DINERO #interbank #peru,Goblinciano,,484.0,high_yield_channel,Goblinciano,207,RACISMO_DISCRIMINACION|ACOSO_PERSONAL|AMENAZA_DIRECTA,9.82 chunks de daño y 0.58 amenazas por video en el corpus base,85
zYD1whssXUc,https://www.youtube.com/watch?v=zYD1whssXUc,"SE ACABO TU CARRERA,ES TU FIN DIEALIS #peru",Goblinciano,,558.0,high_yield_channel,Goblinciano,208,RACISMO_DISCRIMINACION|ACOSO_PERSONAL|AMENAZA_DIRECTA,9.82 chunks de daño y 0.58 amenazas por video en el corpus base,85
Knmn1L5R7X4,https://www.youtube.com/watch?v=Knmn1L5R7X4,DIEALIS ERES MALA PERSONA.,Goblinciano,,571.0,high_yield_channel,Goblinciano,209,RACISMO_DISCRIMINACION|ACOSO_PERSONAL|AMENAZA_DIRECTA,9.82 chunks de daño y 0.58 amenazas por video en el corpus base,85
_Eg_qYyC4ZE,https://www.youtube.com/watch?v=_Eg_qYyC4ZE,EL FRACASO DEL PARO NACIONAL #peru,Goblinciano,,490.0,high_yield_channel,Goblinciano,210,RACISMO_DISCRIMINACION|ACOSO_PERSONAL|AMENAZA_DIRECTA,9.82 chunks de daño y 0.58 amenazas por video en el corpus base,85
U-x205F7ISc,https://www.youtube.com/watch?v=U-x205F7ISc,UN SIN CODIGOS #peru #noticias,Goblinciano,,487.0,high_yield_channel,Goblinciano,211,RACISMO_DISCRIMINACION|ACOSO_PERSONAL|AMENAZA_DIRECTA,9.82 chunks de daño y 0.58 amenazas por video en el corpus base,85
drWV21sNO_8,https://www.youtube.com/watch?v=drWV21sNO_8,HE CATCHED US AS CHOLOS | THE VAGUITO STOCK #peru,Goblinciano,,490.0,high_yield_channel,Goblinciano,212,RACISMO_DISCRIMINACION|ACOSO_PERSONAL|AMENAZA_DIRECTA,9.82 chunks de daño y 0.58 amenazas por video en el corpus base,85
mqZyYe-LSfY,https://www.youtube.com/watch?v=mqZyYe-LSfY,Estudien sonsos. #peru,Goblinciano,,529.0,high_yield_channel,Goblinciano,213,RACISMO_DISCRIMINACION|ACOSO_PERSONAL|AMENAZA_DIRECTA,9.82 chunks de daño y 0.58 amenazas por video en el corpus base,85
9JratEFkfJM,https://www.youtube.com/watch?v=9JratEFkfJM,CHAMOS ENFRIARON A MOTOTAXISTA POR NO PAGAR 2 SOLES DE CUPO #peru,Goblinciano,,534.0,high_yield_channel,Goblinciano,214,RACISMO_DISCRIMINACION|ACOSO_PERSONAL|AMENAZA_DIRECTA,9.82 chunks de daño y 0.58 amenazas por video en el corpus base,85
DTkSnCiPCto,https://www.youtube.com/watch?v=DTkSnCiPCto,JAJAJA BOTARON A ANTAURO DE SU PARTIDO | EL PERU SE SALVA #peru #noticias,Goblinciano,,549.0,high_yield_channel,Goblinciano,215,RACISMO_DISCRIMINACION|ACOSO_PERSONAL|AMENAZA_DIRECTA,9.82 chunks de daño y 0.58 amenazas por video en el corpus base,85
ajT5zgS7FQ0,https://www.youtube.com/watch?v=ajT5zgS7FQ0,SOY UN WEBONAZO APOSTE POR URUGUAY | PERU 1-0 URUGUAY #peru #uruguay,Goblinciano,,495.0,high_yield_channel,Goblinciano,216,RACISMO_DISCRIMINACION|ACOSO_PERSONAL|AMENAZA_DIRECTA,9.82 chunks de daño y 0.58 amenazas por video en el corpus base,85
SMgCz0SnrAw,https://www.youtube.com/watch?v=SMgCz0SnrAw,NO DEBI IR A LA RINCONADA PIPIPI #peru #rinconada,Goblinciano,,1056.0,high_yield_channel,Goblinciano,217,RACISMO_DISCRIMINACION|ACOSO_PERSONAL|AMENAZA_DIRECTA,9.82 chunks de daño y 0.58 amenazas por video en el corpus base,85
vb0to0S6YzQ,https://www.youtube.com/watch?v=vb0to0S6YzQ,EL PERU ES DE LOS VENEZOLANOS ☠️ #peru #venezolanos,Goblinciano,,539.0,high_yield_channel,Goblinciano,218,RACISMO_DISCRIMINACION|ACOSO_PERSONAL|AMENAZA_DIRECTA,9.82 chunks de daño y 0.58 amenazas por video en el corpus base,85
GyWg_BnHaRY,https://www.youtube.com/watch?v=GyWg_BnHaRY,POBRE JUSTIN BIEBER PIPIPI #peru #noticias,Goblinciano,,508.0,high_yield_channel,Goblinciano,219,RACISMO_DISCRIMINACION|ACOSO_PERSONAL|AMENAZA_DIRECTA,9.82 chunks de daño y 0.58 amenazas por video en el corpus base,85
Rkcu_1by6g8,https://www.youtube.com/watch?v=Rkcu_1by6g8,SE JOD1O EL OREJAS FLORES... | ¿CASO CHIBOLIN LO COMPROMETE? #peru,Goblinciano,,510.0,high_yield_channel,Goblinciano,220,RACISMO_DISCRIMINACION|ACOSO_PERSONAL|AMENAZA_DIRECTA,9.82 chunks de daño y 0.58 amenazas por video en el corpus base,85
A5MagrAAV0M,https://www.youtube.com/watch?v=A5MagrAAV0M,VAS A CAER CERRON #peru,Goblinciano,,483.0,high_yield_channel,Goblinciano,221,RACISMO_DISCRIMINACION|ACOSO_PERSONAL|AMENAZA_DIRECTA,9.82 chunks de daño y 0.58 amenazas por video en el corpus base,85
rV3Ai7HhEuQ,https://www.youtube.com/watch?v=rV3Ai7HhEuQ,EL FIN DE LAS BODEGAS EN PERU #peru #noticias,Goblinciano,,491.0,high_yield_channel,Goblinciano,222,RACISMO_DISCRIMINACION|ACOSO_PERSONAL|AMENAZA_DIRECTA,9.82 chunks de daño y 0.58 amenazas por video en el corpus base,85
jStrxiuF_Hw,https://www.youtube.com/watch?v=jStrxiuF_Hw,THE FAILURE OF THE 2024 PERU TELETHON | NO ONE DONATES ANYMORE #peru #news,Goblinciano,,508.0,high_yield_channel,Goblinciano,223,RACISMO_DISCRIMINACION|ACOSO_PERSONAL|AMENAZA_DIRECTA,9.82 chunks de daño y 0.58 amenazas por video en el corpus base,85
pVEKkruC2iQ,https://www.youtube.com/watch?v=pVEKkruC2iQ,GRACIAS CHINO. #peru #fujimori,Goblinciano,,483.0,high_yield_channel,Goblinciano,224,RACISMO_DISCRIMINACION|ACOSO_PERSONAL|AMENAZA_DIRECTA,9.82 chunks de daño y 0.58 amenazas por video en el corpus base,85
qz_q_NgS9CI,https://www.youtube.com/watch?v=qz_q_NgS9CI,PAYASA SIN TITULO 🤡 | MAGALY NO ES PERIODISTA  #peru #magalytv #vivo,Goblinciano,,600.0,high_yield_channel,Goblinciano,225,RACISMO_DISCRIMINACION|ACOSO_PERSONAL|AMENAZA_DIRECTA,9.82 chunks de daño y 0.58 amenazas por video en el corpus base,85
Mlb67tBg9RA,https://www.youtube.com/watch?v=Mlb67tBg9RA,CHIBOLIN ES UN HUEVONAZ0 | ¡SE QUIERE ESCAPAR! #peru #noticias,Goblinciano,,519.0,high_yield_channel,Goblinciano,226,RACISMO_DISCRIMINACION|ACOSO_PERSONAL|AMENAZA_DIRECTA,9.82 chunks de daño y 0.58 amenazas por video en el corpus base,85
e3q9HpBHFTI,https://www.youtube.com/watch?v=e3q9HpBHFTI,SE KACH4RON A MAKANAKY | UN TRABA LE SACO EL LOCRO VIDEO FILTRADO #peru,Goblinciano,,498.0,high_yield_channel,Goblinciano,227,RACISMO_DISCRIMINACION|ACOSO_PERSONAL|AMENAZA_DIRECTA,9.82 chunks de daño y 0.58 amenazas por video en el corpus base,85
eJvUG2NEOU4,https://www.youtube.com/watch?v=eJvUG2NEOU4,ESTO ES MALO...AUMENTAN SUELDO MINIMO A 1500 SOLES #peru #noticias,Goblinciano,,525.0,high_yield_channel,Goblinciano,228,RACISMO_DISCRIMINACION|ACOSO_PERSONAL|AMENAZA_DIRECTA,9.82 chunks de daño y 0.58 amenazas por video en el corpus base,85
9mc2AWSDYzM,https://www.youtube.com/watch?v=9mc2AWSDYzM,ADIOS CHAMOS 🥺 #peru #venezolanos,Goblinciano,,504.0,high_yield_channel,Goblinciano,229,RACISMO_DISCRIMINACION|ACOSO_PERSONAL|AMENAZA_DIRECTA,9.82 chunks de daño y 0.58 amenazas por video en el corpus base,85
l27N-UZwU30,https://www.youtube.com/watch?v=l27N-UZwU30,COMO ESTAFAN A LOS ALIANCISTAS XD #peru,Goblinciano,,495.0,high_yield_channel,Goblinciano,230,RACISMO_DISCRIMINACION|ACOSO_PERSONAL|AMENAZA_DIRECTA,9.82 chunks de daño y 0.58 amenazas por video en el corpus base,85
-zfLgFCWd8s,https://www.youtube.com/watch?v=-zfLgFCWd8s,ME BANEARON PIPIPI,Goblinciano,,481.0,high_yield_channel,Goblinciano,231,RACISMO_DISCRIMINACION|ACOSO_PERSONAL|AMENAZA_DIRECTA,9.82 chunks de daño y 0.58 amenazas por video en el corpus base,85
-5YuleqzULo,https://www.youtube.com/watch?v=-5YuleqzULo,MOVISTAR ES PARA KCHEROS | CHICA DE MOVISTAR ENTREGA SU POT1T0 EL NUEVO DUO,Goblinciano,,506.0,high_yield_channel,Goblinciano,232,RACISMO_DISCRIMINACION|ACOSO_PERSONAL|AMENAZA_DIRECTA,9.82 chunks de daño y 0.58 amenazas por video en el corpus base,85
qD0C9hh3krI,https://www.youtube.com/watch?v=qD0C9hh3krI,PIDO PERDON CUEVA ES INOCENTE ME RETRACTO | SE FILTRA VIDEO COMPLETO #peru #cueva,Goblinciano,,509.0,high_yield_channel,Goblinciano,233,RACISMO_DISCRIMINACION|ACOSO_PERSONAL|AMENAZA_DIRECTA,9.82 chunks de daño y 0.58 amenazas por video en el corpus base,85
bSPnzJeLz_8,https://www.youtube.com/watch?v=bSPnzJeLz_8,CUEVA A LA CARCEL | ¡DENUNCIADO POR PEGALON! #peru,Goblinciano,,466.0,high_yield_channel,Goblinciano,234,RACISMO_DISCRIMINACION|ACOSO_PERSONAL|AMENAZA_DIRECTA,9.82 chunks de daño y 0.58 amenazas por video en el corpus base,85
-eEg_SFJYy0,https://www.youtube.com/watch?v=-eEg_SFJYy0,LOS AREQUIPEÑOS NO SON PERUANOS #peru,Goblinciano,,443.0,high_yield_channel,Goblinciano,235,RACISMO_DISCRIMINACION|ACOSO_PERSONAL|AMENAZA_DIRECTA,9.82 chunks de daño y 0.58 amenazas por video en el corpus base,85
yCWWnQ6KEtc,https://www.youtube.com/watch?v=yCWWnQ6KEtc,CUEVA IS A BIG DUMB GUY | HE RUINED HIS CAREER AT 32 #peru,Goblinciano,,469.0,high_yield_channel,Goblinciano,236,RACISMO_DISCRIMINACION|ACOSO_PERSONAL|AMENAZA_DIRECTA,9.82 chunks de daño y 0.58 amenazas por video en el corpus base,85
frQHSc4x7_c,https://www.youtube.com/watch?v=frQHSc4x7_c,SCHOOLS THE DAN PAL1ZA TO LADRON | JULIANA OXENFORD CRYS 😭 #peru #news,Goblinciano,,438.0,high_yield_channel,Goblinciano,237,RACISMO_DISCRIMINACION|ACOSO_PERSONAL|AMENAZA_DIRECTA,9.82 chunks de daño y 0.58 amenazas por video en el corpus base,85
S9gJd5SmVoA,https://www.youtube.com/watch?v=S9gJd5SmVoA,¡QUE P3NDEJOS! 35 MIL DOLARES POR UNA ENTRADA | HABLANDO HUEVADAS EN EL MADISON SQUARE GARDEN #peru,Goblinciano,,482.0,high_yield_channel,Goblinciano,238,RACISMO_DISCRIMINACION|ACOSO_PERSONAL|AMENAZA_DIRECTA,9.82 chunks de daño y 0.58 amenazas por video en el corpus base,85
xxnRgi-p9lk,https://www.youtube.com/watch?v=xxnRgi-p9lk,SICK WITH MRD😨 #peru,Goblinciano,,442.0,high_yield_channel,Goblinciano,239,RACISMO_DISCRIMINACION|ACOSO_PERSONAL|AMENAZA_DIRECTA,9.82 chunks de daño y 0.58 amenazas por video en el corpus base,85
pVNiBcbMvI8,https://www.youtube.com/watch?v=pVNiBcbMvI8,PAOLO GUERRERO ES UN HUEVONAZO | ARRUINO SU CARRERA... #peru,Goblinciano,,443.0,high_yield_channel,Goblinciano,240,RACISMO_DISCRIMINACION|ACOSO_PERSONAL|AMENAZA_DIRECTA,9.82 chunks de daño y 0.58 amenazas por video en el corpus base,85
gZe9QDJTZck,https://www.youtube.com/watch?v=gZe9QDJTZck,BOLIVIANOS SIN GAS NI DÓLARES #peru #noticias,Goblinciano,,449.0,high_yield_channel,Goblinciano,241,RACISMO_DISCRIMINACION|ACOSO_PERSONAL|AMENAZA_DIRECTA,9.82 chunks de daño y 0.58 amenazas por video en el corpus base,85
WkmZXAaz1-A,https://www.youtube.com/watch?v=WkmZXAaz1-A,VEGANOS VS MESSI XD,Goblinciano,,537.0,high_yield_channel,Goblinciano,242,RACISMO_DISCRIMINACION|ACOSO_PERSONAL|AMENAZA_DIRECTA,9.82 chunks de daño y 0.58 amenazas por video en el corpus base,85
eC9RqvSkyQs,https://www.youtube.com/watch?v=eC9RqvSkyQs,URGENTE NOS CAGAR0N A TODOS #peru #noticias,Goblinciano,,496.0,high_yield_channel,Goblinciano,243,RACISMO_DISCRIMINACION|ACOSO_PERSONAL|AMENAZA_DIRECTA,9.82 chunks de daño y 0.58 amenazas por video en el corpus base,85
OvFp8QRrEGo,https://www.youtube.com/watch?v=OvFp8QRrEGo,ANONYMOUS FILTRA TODO | MADURO ES UN ENFERM1TO #venezolanos #venezuela,Goblinciano,,426.0,high_yield_channel,Goblinciano,244,RACISMO_DISCRIMINACION|ACOSO_PERSONAL|AMENAZA_DIRECTA,9.82 chunks de daño y 0.58 amenazas por video en el corpus base,85
a_14jPVSTDE,https://www.youtube.com/watch?v=a_14jPVSTDE,LA CAGUÉ...ME EQUIVOQUÉ,Goblinciano,,233.0,high_yield_channel,Goblinciano,245,RACISMO_DISCRIMINACION|ACOSO_PERSONAL|AMENAZA_DIRECTA,9.82 chunks de daño y 0.58 amenazas por video en el corpus base,85
YJgWnOa_wQw,https://www.youtube.com/watch?v=YJgWnOa_wQw,POLEMICA BOXEADOR TRANS EN JUEGOS OLÍMPICOS,Goblinciano,,434.0,high_yield_channel,Goblinciano,246,RACISMO_DISCRIMINACION|ACOSO_PERSONAL|AMENAZA_DIRECTA,9.82 chunks de daño y 0.58 amenazas por video en el corpus base,85
NBDpbahjjcA,https://www.youtube.com/watch?v=NBDpbahjjcA,🦅 ESTADOS UNIDOS INVADE VENEZUELA #venezuela #peru,Goblinciano,,495.0,high_yield_channel,Goblinciano,247,RACISMO_DISCRIMINACION|ACOSO_PERSONAL|AMENAZA_DIRECTA,9.82 chunks de daño y 0.58 amenazas por video en el corpus base,85
QyX02QVcmJw,https://www.youtube.com/watch?v=QyX02QVcmJw,MADURO ES TU FIN #peru #venezuela,Goblinciano,,505.0,high_yield_channel,Goblinciano,248,RACISMO_DISCRIMINACION|ACOSO_PERSONAL|AMENAZA_DIRECTA,9.82 chunks de daño y 0.58 amenazas por video en el corpus base,85
zQnF_JhzdeU,https://www.youtube.com/watch?v=zQnF_JhzdeU,PERDIO MADURO ALFIN!  #venezuela #peru,Goblinciano,,487.0,high_yield_channel,Goblinciano,249,RACISMO_DISCRIMINACION|ACOSO_PERSONAL|AMENAZA_DIRECTA,9.82 chunks de daño y 0.58 amenazas por video en el corpus base,85
F3ZwMO4b46c,https://www.youtube.com/watch?v=F3ZwMO4b46c,MILES DE CHAMAS SE VAN DE PERU  #venezuela #peru,Goblinciano,,486.0,high_yield_channel,Goblinciano,250,RACISMO_DISCRIMINACION|ACOSO_PERSONAL|AMENAZA_DIRECTA,9.82 chunks de daño y 0.58 amenazas por video en el corpus base,85
2bt5ax0geyU,https://www.youtube.com/watch?v=2bt5ax0geyU,LOS ARGENTINOS SON RAC1ST4S  #peru #argentina,Goblinciano,,481.0,high_yield_channel,Goblinciano,251,RACISMO_DISCRIMINACION|ACOSO_PERSONAL|AMENAZA_DIRECTA,9.82 chunks de daño y 0.58 amenazas por video en el corpus base,85
RBx9ln8WBHw,https://www.youtube.com/watch?v=RBx9ln8WBHw,TRUMP DESPIDE A TODAS LAS MUJERES | FRACAS0 DEL FEMINISMO,Goblinciano,,489.0,high_yield_channel,Goblinciano,252,RACISMO_DISCRIMINACION|ACOSO_PERSONAL|AMENAZA_DIRECTA,9.82 chunks de daño y 0.58 amenazas por video en el corpus base,85
-6d0dmtIwB0,https://www.youtube.com/watch?v=-6d0dmtIwB0,Se acabó...,Goblinciano,,505.0,high_yield_channel,Goblinciano,253,RACISMO_DISCRIMINACION|ACOSO_PERSONAL|AMENAZA_DIRECTA,9.82 chunks de daño y 0.58 amenazas por video en el corpus base,85
kArJnRJnEkg,https://www.youtube.com/watch?v=kArJnRJnEkg,FLY HIGH SIDERAL | THE MOST BULLIED PERUVIAN LOLCOW,Goblinciano,,640.0,high_yield_channel,Goblinciano,254,RACISMO_DISCRIMINACION|ACOSO_PERSONAL|AMENAZA_DIRECTA,9.82 chunks de daño y 0.58 amenazas por video en el corpus base,85
aZ3Ap8go8d4,https://www.youtube.com/watch?v=aZ3Ap8go8d4,TRISTE FINAL PARA LOS CUATES. #peru,Goblinciano,,517.0,high_yield_channel,Goblinciano,255,RACISMO_DISCRIMINACION|ACOSO_PERSONAL|AMENAZA_DIRECTA,9.82 chunks de daño y 0.58 amenazas por video en el corpus base,85
X9hJUYOg-oY,https://www.youtube.com/watch?v=X9hJUYOg-oY,NO ESTUDIES EN SAN MARCOS | SONSO CREE QUE GANARA 15MIL SOLES CUANDO EGRESE #peru #tiktok,Goblinciano,,500.0,high_yield_channel,Goblinciano,256,RACISMO_DISCRIMINACION|ACOSO_PERSONAL|AMENAZA_DIRECTA,9.82 chunks de daño y 0.58 amenazas por video en el corpus base,85
0Bt5D8zYlo4,https://www.youtube.com/watch?v=0Bt5D8zYlo4,LIMA NO ES PARA POBRES... SI NO GANAS 3MIL NO VENGAS #peru,Goblinciano,,543.0,high_yield_channel,Goblinciano,257,RACISMO_DISCRIMINACION|ACOSO_PERSONAL|AMENAZA_DIRECTA,9.82 chunks de daño y 0.58 amenazas por video en el corpus base,85
F-1EclfpDwU,https://www.youtube.com/watch?v=F-1EclfpDwU,ENTEL ES PARA CABR0S | ENTEL PIERDE MILLONES POR APOYAR A LOS LGTB  #peru,Goblinciano,,483.0,high_yield_channel,Goblinciano,258,RACISMO_DISCRIMINACION|ACOSO_PERSONAL|AMENAZA_DIRECTA,9.82 chunks de daño y 0.58 amenazas por video en el corpus base,85
Q7R6t8K0hwE,https://www.youtube.com/watch?v=Q7R6t8K0hwE,"FLY HIGH, MR. GLUTTON | COKE DIDN'T SAVE HIM... #peru #tiktok",Goblinciano,,601.0,high_yield_channel,Goblinciano,259,RACISMO_DISCRIMINACION|ACOSO_PERSONAL|AMENAZA_DIRECTA,9.82 chunks de daño y 0.58 amenazas por video en el corpus base,85
EH0Xg9se2dM,https://www.youtube.com/watch?v=EH0Xg9se2dM,EL FIN DE FOSSATI 🤡,Goblinciano,,493.0,high_yield_channel,Goblinciano,260,RACISMO_DISCRIMINACION|ACOSO_PERSONAL|AMENAZA_DIRECTA,9.82 chunks de daño y 0.58 amenazas por video en el corpus base,85
zDEjdpQ9iyo,https://www.youtube.com/watch?v=zDEjdpQ9iyo,YOUTUBER SE QUERIA IR SIN PAGAR Y LE SACARON LA CSM | BORJA ESCALONA REGRESA... #peru #españa,Goblinciano,,506.0,high_yield_channel,Goblinciano,261,RACISMO_DISCRIMINACION|ACOSO_PERSONAL|AMENAZA_DIRECTA,9.82 chunks de daño y 0.58 amenazas por video en el corpus base,85
JL4xQjuJv0k,https://www.youtube.com/watch?v=JL4xQjuJv0k,LO PERDI TODO APOSTE POR CHILE | PERU 0-0 CHILE | PRENSA CHILENA LLORA POR EL EMPATE #peru #chile,Goblinciano,,499.0,high_yield_channel,Goblinciano,262,RACISMO_DISCRIMINACION|ACOSO_PERSONAL|AMENAZA_DIRECTA,9.82 chunks de daño y 0.58 amenazas por video en el corpus base,85
u-Vy5q1whU0,https://www.youtube.com/watch?v=u-Vy5q1whU0,LITTLE ANGELS WERE THOSE WHO WERE ALIVE...JULIANA OXENFORD MOURNS FOR THEM #peru #news,Goblinciano,,489.0,high_yield_channel,Goblinciano,263,RACISMO_DISCRIMINACION|ACOSO_PERSONAL|AMENAZA_DIRECTA,9.82 chunks de daño y 0.58 amenazas por video en el corpus base,85
lcHiXSpLf9c,https://www.youtube.com/watch?v=lcHiXSpLf9c,FURROS PERUANOS #peru,Goblinciano,,433.0,high_yield_channel,Goblinciano,264,RACISMO_DISCRIMINACION|ACOSO_PERSONAL|AMENAZA_DIRECTA,9.82 chunks de daño y 0.58 amenazas por video en el corpus base,85
WQyb9vujR_4,https://www.youtube.com/watch?v=WQyb9vujR_4,THEY ROLLED HIGH BECAUSE THEY WERE FAT | BODY POSITIVE FINALE,Goblinciano,,432.0,high_yield_channel,Goblinciano,265,RACISMO_DISCRIMINACION|ACOSO_PERSONAL|AMENAZA_DIRECTA,9.82 chunks de daño y 0.58 amenazas por video en el corpus base,85
Y2KTdKvcB1A,https://www.youtube.com/watch?v=Y2KTdKvcB1A,ALUMNA ENTREGA SU P0T0 PARA APROBAR EXAMEN | PROFESOR DE LA UCV ES DETENIDO... #peru #noticias,Goblinciano,,471.0,high_yield_channel,Goblinciano,266,RACISMO_DISCRIMINACION|ACOSO_PERSONAL|AMENAZA_DIRECTA,9.82 chunks de daño y 0.58 amenazas por video en el corpus base,85
sXW90cqbHQw,https://www.youtube.com/watch?v=sXW90cqbHQw,RAFAEL LOPEZ ALIAGA ES K-BRAZO #peru #noticias,Goblinciano,,448.0,high_yield_channel,Goblinciano,267,RACISMO_DISCRIMINACION|ACOSO_PERSONAL|AMENAZA_DIRECTA,9.82 chunks de daño y 0.58 amenazas por video en el corpus base,85
V4kxs-35X30,https://www.youtube.com/watch?v=V4kxs-35X30,FOSSATI ESTOFADOR DE PERUANITOS | PERÚ 0-0 PARAGUAY,Goblinciano,,483.0,high_yield_channel,Goblinciano,268,RACISMO_DISCRIMINACION|ACOSO_PERSONAL|AMENAZA_DIRECTA,9.82 chunks de daño y 0.58 amenazas por video en el corpus base,85
hIK_B25E6SY,https://www.youtube.com/watch?v=hIK_B25E6SY,"😨 ""MODELO"" ARGENTINA GRABA CON SU PERRITO Y LO VENDE EN ONLY FANS  #tiktok #peru #argentina",Goblinciano,,483.0,high_yield_channel,Goblinciano,269,RACISMO_DISCRIMINACION|ACOSO_PERSONAL|AMENAZA_DIRECTA,9.82 chunks de daño y 0.58 amenazas por video en el corpus base,85
Ny2stKoHdgc,https://www.youtube.com/watch?v=Ny2stKoHdgc,SIN CUELLOS P3LEAN POR UNA HAMBURGUESA #peru,Goblinciano,,453.0,high_yield_channel,Goblinciano,270,RACISMO_DISCRIMINACION|ACOSO_PERSONAL|AMENAZA_DIRECTA,9.82 chunks de daño y 0.58 amenazas por video en el corpus base,85
ywtyyRw2ojk,https://www.youtube.com/watch?v=ywtyyRw2ojk,PERU ES PEOR QUE AFRICA #peru,Goblinciano,,514.0,high_yield_channel,Goblinciano,271,RACISMO_DISCRIMINACION|ACOSO_PERSONAL|AMENAZA_DIRECTA,9.82 chunks de daño y 0.58 amenazas por video en el corpus base,85
DGUIqI6duGA,https://www.youtube.com/watch?v=DGUIqI6duGA,🤑 COMO SER UN FR4CASAD0 PROFESIONAL | UNIVERSIDAD SIDERAL CARRION #peru,Goblinciano,,483.0,high_yield_channel,Goblinciano,272,RACISMO_DISCRIMINACION|ACOSO_PERSONAL|AMENAZA_DIRECTA,9.82 chunks de daño y 0.58 amenazas por video en el corpus base,85
M8OCOsv-m4c,https://www.youtube.com/watch?v=M8OCOsv-m4c,NECESITAMOS UN BUKELE PERUANO PARA 2026 #peru #noticias,Goblinciano,,482.0,high_yield_channel,Goblinciano,273,RACISMO_DISCRIMINACION|ACOSO_PERSONAL|AMENAZA_DIRECTA,9.82 chunks de daño y 0.58 amenazas por video en el corpus base,85
vzbwx9zAXFk,https://www.youtube.com/watch?v=vzbwx9zAXFk,DALAS REVIEW ME DEJÓ SIN NADA 😭,Goblinciano,,483.0,high_yield_channel,Goblinciano,274,RACISMO_DISCRIMINACION|ACOSO_PERSONAL|AMENAZA_DIRECTA,9.82 chunks de daño y 0.58 amenazas por video en el corpus base,85
Cxo1mO7m6Dc,https://www.youtube.com/watch?v=Cxo1mO7m6Dc,LIMEÑOS LLORONES NO AGUANTAN EL FRIO,Goblinciano,,481.0,high_yield_channel,Goblinciano,275,RACISMO_DISCRIMINACION|ACOSO_PERSONAL|AMENAZA_DIRECTA,9.82 chunks de daño y 0.58 amenazas por video en el corpus base,85
zLMib7VUt7s,https://www.youtube.com/watch?v=zLMib7VUt7s,PERUVIANS WITHOUT NECKS @akafanodric | IT'S A GENETIC MUTATION! #peru,Goblinciano,,496.0,high_yield_channel,Goblinciano,276,RACISMO_DISCRIMINACION|ACOSO_PERSONAL|AMENAZA_DIRECTA,9.82 chunks de daño y 0.58 amenazas por video en el corpus base,85
HCxMis25jzI,https://www.youtube.com/watch?v=HCxMis25jzI,El Perú cada día esta peor...,Goblinciano,,481.0,high_yield_channel,Goblinciano,277,RACISMO_DISCRIMINACION|ACOSO_PERSONAL|AMENAZA_DIRECTA,9.82 chunks de daño y 0.58 amenazas por video en el corpus base,85
Q2v-8aXGhsc,https://www.youtube.com/watch?v=Q2v-8aXGhsc,SE  VIENEN LAS BOLIVIANAS A PERU #peru,Goblinciano,,482.0,high_yield_channel,Goblinciano,278,RACISMO_DISCRIMINACION|ACOSO_PERSONAL|AMENAZA_DIRECTA,9.82 chunks de daño y 0.58 amenazas por video en el corpus base,85
BcKHgg2kaRw,https://www.youtube.com/watch?v=BcKHgg2kaRw,PERUKISTAN IS REAL #peru #news,Goblinciano,,489.0,high_yield_channel,Goblinciano,279,RACISMO_DISCRIMINACION|ACOSO_PERSONAL|AMENAZA_DIRECTA,9.82 chunks de daño y 0.58 amenazas por video en el corpus base,85
18UBWMYSik0,https://www.youtube.com/watch?v=18UBWMYSik0,AYUDEN A LAS CHAMAS 😢 #peru,Goblinciano,,475.0,high_yield_channel,Goblinciano,280,RACISMO_DISCRIMINACION|ACOSO_PERSONAL|AMENAZA_DIRECTA,9.82 chunks de daño y 0.58 amenazas por video en el corpus base,85
sg7edsraW-k,https://www.youtube.com/watch?v=sg7edsraW-k,A MYSTERY NEVER SOLVED #peru,Goblinciano,,533.0,high_yield_channel,Goblinciano,281,RACISMO_DISCRIMINACION|ACOSO_PERSONAL|AMENAZA_DIRECTA,9.82 chunks de daño y 0.58 amenazas por video en el corpus base,85
yevV376tYak,https://www.youtube.com/watch?v=yevV376tYak,ANTAURO HUMALA GILAZO #peru,Goblinciano,,495.0,high_yield_channel,Goblinciano,282,RACISMO_DISCRIMINACION|ACOSO_PERSONAL|AMENAZA_DIRECTA,9.82 chunks de daño y 0.58 amenazas por video en el corpus base,85
Zp11MmWyhfg,https://www.youtube.com/watch?v=Zp11MmWyhfg,SE OPERO LA CARA POR LAS HUEVAS  #peru,Goblinciano,,431.0,high_yield_channel,Goblinciano,283,RACISMO_DISCRIMINACION|ACOSO_PERSONAL|AMENAZA_DIRECTA,9.82 chunks de daño y 0.58 amenazas por video en el corpus base,85
qmczMN9lrp0,https://www.youtube.com/watch?v=qmczMN9lrp0,🤑 DIBUJITO GANA DEMANDA MILLONARIA CONTRA ADIDAS  | YA NO PODRAN VENDER ZAPATILLAS EN PERU #peru,Goblinciano,,495.0,high_yield_channel,Goblinciano,284,RACISMO_DISCRIMINACION|ACOSO_PERSONAL|AMENAZA_DIRECTA,9.82 chunks de daño y 0.58 amenazas por video en el corpus base,85
QPpIiD0bx4o,https://www.youtube.com/watch?v=QPpIiD0bx4o,HABLANDO HUEVADAS NO QUIEREN A SUS FANS @HablandoHuevadasOficial #peru,Goblinciano,,493.0,high_yield_channel,Goblinciano,285,RACISMO_DISCRIMINACION|ACOSO_PERSONAL|AMENAZA_DIRECTA,9.82 chunks de daño y 0.58 amenazas por video en el corpus base,85
DNkhM1n5kC8,https://www.youtube.com/watch?v=DNkhM1n5kC8,LA MODA DE SER LOCRERO #peru,Goblinciano,,460.0,high_yield_channel,Goblinciano,286,RACISMO_DISCRIMINACION|ACOSO_PERSONAL|AMENAZA_DIRECTA,9.82 chunks de daño y 0.58 amenazas por video en el corpus base,85
spGxIeBZHAE,https://www.youtube.com/watch?v=spGxIeBZHAE,YA NO HABRA FINAL FELIZ EN PERU 😞  #peru,Goblinciano,,492.0,high_yield_channel,Goblinciano,287,RACISMO_DISCRIMINACION|ACOSO_PERSONAL|AMENAZA_DIRECTA,9.82 chunks de daño y 0.58 amenazas por video en el corpus base,85
H2DzMNj3dqs,https://www.youtube.com/watch?v=H2DzMNj3dqs,EL PEOR CONGRESO DE LA HISTORIA DEL PERU 🤬,Goblinciano,,536.0,high_yield_channel,Goblinciano,288,RACISMO_DISCRIMINACION|ACOSO_PERSONAL|AMENAZA_DIRECTA,9.82 chunks de daño y 0.58 amenazas por video en el corpus base,85
DTIEVC9D7Ds,https://www.youtube.com/watch?v=DTIEVC9D7Ds,pobre cachudo #peru #noticias,Goblinciano,,485.0,high_yield_channel,Goblinciano,289,RACISMO_DISCRIMINACION|ACOSO_PERSONAL|AMENAZA_DIRECTA,9.82 chunks de daño y 0.58 amenazas por video en el corpus base,85
2hxK6KYzY70,https://www.youtube.com/watch?v=2hxK6KYzY70,PERDIMOS CONTRA LOS CHAMOS ☠️ #peru #noticias,Goblinciano,,489.0,high_yield_channel,Goblinciano,290,RACISMO_DISCRIMINACION|ACOSO_PERSONAL|AMENAZA_DIRECTA,9.82 chunks de daño y 0.58 amenazas por video en el corpus base,85
NXFdiYmEkE4,https://www.youtube.com/watch?v=NXFdiYmEkE4,ESTA VIVO... | ALAN GARCIA SE BURLÓ DE LOS PERUANOS #peru,Goblinciano,,669.0,high_yield_channel,Goblinciano,291,RACISMO_DISCRIMINACION|ACOSO_PERSONAL|AMENAZA_DIRECTA,9.82 chunks de daño y 0.58 amenazas por video en el corpus base,85
EtyXRc5HXxo,https://www.youtube.com/watch?v=EtyXRc5HXxo,El CHORO más GIL del Perú,Goblinciano,,511.0,high_yield_channel,Goblinciano,292,RACISMO_DISCRIMINACION|ACOSO_PERSONAL|AMENAZA_DIRECTA,9.82 chunks de daño y 0.58 amenazas por video en el corpus base,85
xupfj2v9CiQ,https://www.youtube.com/watch?v=xupfj2v9CiQ,EL FIN DE JULIANA OXENFORD | EL FRACASO DE SU PROGRAMA CON 26 ESPECTADORES #peru #noticias,Goblinciano,,530.0,high_yield_channel,Goblinciano,293,RACISMO_DISCRIMINACION|ACOSO_PERSONAL|AMENAZA_DIRECTA,9.82 chunks de daño y 0.58 amenazas por video en el corpus base,85
Gg7aCDvhgDo,https://www.youtube.com/watch?v=Gg7aCDvhgDo,CUIDA TU POTITO DE LOS KAKANEROS 💀#peru #noticias,Goblinciano,,505.0,high_yield_channel,Goblinciano,294,RACISMO_DISCRIMINACION|ACOSO_PERSONAL|AMENAZA_DIRECTA,9.82 chunks de daño y 0.58 amenazas por video en el corpus base,85
2XDVuK6ud50,https://www.youtube.com/watch?v=2XDVuK6ud50,"CUATES BAG FOR 50 SOLES | THE END OF CUATES, AN ERA IS OVER... #peru #news",Goblinciano,,457.0,high_yield_channel,Goblinciano,295,RACISMO_DISCRIMINACION|ACOSO_PERSONAL|AMENAZA_DIRECTA,9.82 chunks de daño y 0.58 amenazas por video en el corpus base,85
g83jz8sEkJ4,https://www.youtube.com/watch?v=g83jz8sEkJ4,EL FRACASO DEL METROPOLITANO EN LIMA #peru #noticias,Goblinciano,,525.0,high_yield_channel,Goblinciano,296,RACISMO_DISCRIMINACION|ACOSO_PERSONAL|AMENAZA_DIRECTA,9.82 chunks de daño y 0.58 amenazas por video en el corpus base,85
ZxBMY28km6E,https://www.youtube.com/watch?v=ZxBMY28km6E,pipipi #peru,Goblinciano,,493.0,high_yield_channel,Goblinciano,297,RACISMO_DISCRIMINACION|ACOSO_PERSONAL|AMENAZA_DIRECTA,9.82 chunks de daño y 0.58 amenazas por video en el corpus base,85
09DykAERKkc,https://www.youtube.com/watch?v=09DykAERKkc,una héroe,Goblinciano,,490.0,high_yield_channel,Goblinciano,298,RACISMO_DISCRIMINACION|ACOSO_PERSONAL|AMENAZA_DIRECTA,9.82 chunks de daño y 0.58 amenazas por video en el corpus base,85
adM9hLvAxsA,https://www.youtube.com/watch?v=adM9hLvAxsA,Mexico vs Ecuador | Son unos especiales #peru #mexico,Goblinciano,,505.0,high_yield_channel,Goblinciano,299,RACISMO_DISCRIMINACION|ACOSO_PERSONAL|AMENAZA_DIRECTA,9.82 chunks de daño y 0.58 amenazas por video en el corpus base,85
qfRjdrhWOgM,https://www.youtube.com/watch?v=qfRjdrhWOgM,Fin del sueño Peruano | Vuela alto puerto de Chancay #peru,Goblinciano,,482.0,high_yield_channel,Goblinciano,300,RACISMO_DISCRIMINACION|ACOSO_PERSONAL|AMENAZA_DIRECTA,9.82 chunks de daño y 0.58 amenazas por video en el corpus base,85
1kuw4hpOm98,https://www.youtube.com/watch?v=1kuw4hpOm98,LE HICIERON LO PEOR... | EL TERROR DE CHIMBOTE #peru #noticias,Goblinciano,,511.0,high_yield_channel,Goblinciano,301,RACISMO_DISCRIMINACION|ACOSO_PERSONAL|AMENAZA_DIRECTA,9.82 chunks de daño y 0.58 amenazas por video en el corpus base,85
8KzjaiHiHlg,https://www.youtube.com/watch?v=8KzjaiHiHlg,Vas a caer Dina  | EL CASO ROLEX #peru,Goblinciano,,492.0,high_yield_channel,Goblinciano,302,RACISMO_DISCRIMINACION|ACOSO_PERSONAL|AMENAZA_DIRECTA,9.82 chunks de daño y 0.58 amenazas por video en el corpus base,85
90w1FPQo1EI,https://www.youtube.com/watch?v=90w1FPQo1EI,VERGÜENZA SER PERUANO | EL PERUANO QUE SE CREE ESPAÑOL #peru #españa,Goblinciano,,640.0,high_yield_channel,Goblinciano,303,RACISMO_DISCRIMINACION|ACOSO_PERSONAL|AMENAZA_DIRECTA,9.82 chunks de daño y 0.58 amenazas por video en el corpus base,85
4ljMRHVQEhY,https://www.youtube.com/watch?v=4ljMRHVQEhY,Vizcarra es un especial #peru,Goblinciano,,527.0,high_yield_channel,Goblinciano,304,RACISMO_DISCRIMINACION|ACOSO_PERSONAL|AMENAZA_DIRECTA,9.82 chunks de daño y 0.58 amenazas por video en el corpus base,85
tRuXGgvGdlM,https://www.youtube.com/watch?v=tRuXGgvGdlM,"SE ACABÓ GENTITA,SE VIENE LA TERCERA #peru #noticias",Goblinciano,,492.0,high_yield_channel,Goblinciano,305,RACISMO_DISCRIMINACION|ACOSO_PERSONAL|AMENAZA_DIRECTA,9.82 chunks de daño y 0.58 amenazas por video en el corpus base,85
HXP6IZWpEEU,https://www.youtube.com/watch?v=HXP6IZWpEEU,TE METEN LA RATA CON YAPE Y PLIN #peru #noticias,Goblinciano,,506.0,high_yield_channel,Goblinciano,306,RACISMO_DISCRIMINACION|ACOSO_PERSONAL|AMENAZA_DIRECTA,9.82 chunks de daño y 0.58 amenazas por video en el corpus base,85
nsbLSanEM1M,https://www.youtube.com/watch?v=nsbLSanEM1M,¡INCREÍBLE! EL HOMBRE QUE SE ENFRENTÓ CONTRA 30 FEMINISTAS SOLO #noticias #peru #mexico,Goblinciano,,536.0,high_yield_channel,Goblinciano,307,RACISMO_DISCRIMINACION|ACOSO_PERSONAL|AMENAZA_DIRECTA,9.82 chunks de daño y 0.58 amenazas por video en el corpus base,85
YSNF8UIop-8,https://www.youtube.com/watch?v=YSNF8UIop-8,"💀 Apocalipsis ""zombie"" en Haiti  #noticias #peru #haiti",Goblinciano,,515.0,high_yield_channel,Goblinciano,308,RACISMO_DISCRIMINACION|ACOSO_PERSONAL|AMENAZA_DIRECTA,9.82 chunks de daño y 0.58 amenazas por video en el corpus base,85
7x_kVktuop4,https://www.youtube.com/watch?v=7x_kVktuop4,Se acabó FeministaZzz 💀 #peru #8m #noticias,Goblinciano,,482.0,high_yield_channel,Goblinciano,309,RACISMO_DISCRIMINACION|ACOSO_PERSONAL|AMENAZA_DIRECTA,9.82 chunks de daño y 0.58 amenazas por video en el corpus base,85
19Aa7YK1EiE,https://www.youtube.com/watch?v=19Aa7YK1EiE,LA CARIÑOSA MAS CARA DEL PERU | EL CASO OTAROLA,Goblinciano,,496.0,high_yield_channel,Goblinciano,310,RACISMO_DISCRIMINACION|ACOSO_PERSONAL|AMENAZA_DIRECTA,9.82 chunks de daño y 0.58 amenazas por video en el corpus base,85
taJYWwbgGX4,https://www.youtube.com/watch?v=taJYWwbgGX4,LIMA EN EMERGENCIA #peru #noticias,Goblinciano,,482.0,high_yield_channel,Goblinciano,311,RACISMO_DISCRIMINACION|ACOSO_PERSONAL|AMENAZA_DIRECTA,9.82 chunks de daño y 0.58 amenazas por video en el corpus base,85
Euox0i9Q2yY,https://www.youtube.com/watch?v=Euox0i9Q2yY,I DON'T WANT TO BE PERUVIAN ANYMORE | MILEI PERFORMS A MIRACLE #peru #argentina #milei,Goblinciano,,487.0,high_yield_channel,Goblinciano,312,RACISMO_DISCRIMINACION|ACOSO_PERSONAL|AMENAZA_DIRECTA,9.82 chunks de daño y 0.58 amenazas por video en el corpus base,85
eyVuJXgtjRQ,https://www.youtube.com/watch?v=eyVuJXgtjRQ,TIKTOKER CONERA DENUNCIA AL MINISTERIO Y DESPIDEN A 55 TRABAJADORES #peru #tiktok,Goblinciano,,482.0,high_yield_channel,Goblinciano,313,RACISMO_DISCRIMINACION|ACOSO_PERSONAL|AMENAZA_DIRECTA,9.82 chunks de daño y 0.58 amenazas por video en el corpus base,85
U-TICcaQDGc,https://www.youtube.com/watch?v=U-TICcaQDGc,JAJAJA GANAMOS LOS HOMBRES #peru #argentina #noticias,Goblinciano,,504.0,high_yield_channel,Goblinciano,314,RACISMO_DISCRIMINACION|ACOSO_PERSONAL|AMENAZA_DIRECTA,9.82 chunks de daño y 0.58 amenazas por video en el corpus base,85
DHVoUjY2uAw,https://www.youtube.com/watch?v=DHVoUjY2uAw,EMPRESARIO ENFRIA A CHORO DE 17 AÑITOS  #peru #noticias,Goblinciano,,521.0,high_yield_channel,Goblinciano,315,RACISMO_DISCRIMINACION|ACOSO_PERSONAL|AMENAZA_DIRECTA,9.82 chunks de daño y 0.58 amenazas por video en el corpus base,85
6Vexz8dqkiE,https://www.youtube.com/watch?v=6Vexz8dqkiE,Se acabó...,Goblinciano,,521.0,high_yield_channel,Goblinciano,316,RACISMO_DISCRIMINACION|ACOSO_PERSONAL|AMENAZA_DIRECTA,9.82 chunks de daño y 0.58 amenazas por video en el corpus base,85
Wk98QvcucII,https://www.youtube.com/watch?v=Wk98QvcucII,🤡 QUE VERGÜENZA SER PERUANO | LA TRAGEDIA DE SANTA ANITA LIMA-PERU,Goblinciano,,487.0,high_yield_channel,Goblinciano,317,RACISMO_DISCRIMINACION|ACOSO_PERSONAL|AMENAZA_DIRECTA,9.82 chunks de daño y 0.58 amenazas por video en el corpus base,85
CmnVRY7S1oc,https://www.youtube.com/watch?v=CmnVRY7S1oc,PAOLO GUERRERO ES UN HUEVONAZO | JUBILATE ANCIANO... #peru #noticias,Goblinciano,,571.0,high_yield_channel,Goblinciano,318,RACISMO_DISCRIMINACION|ACOSO_PERSONAL|AMENAZA_DIRECTA,9.82 chunks de daño y 0.58 amenazas por video en el corpus base,85
r1_TG0Mh7xM,https://www.youtube.com/watch?v=r1_TG0Mh7xM,POLICIAS PERUANOS ZZZ  #peru  #noticias,Goblinciano,,548.0,high_yield_channel,Goblinciano,319,RACISMO_DISCRIMINACION|ACOSO_PERSONAL|AMENAZA_DIRECTA,9.82 chunks de daño y 0.58 amenazas por video en el corpus base,85
z9L3iiYUcxU,https://www.youtube.com/watch?v=z9L3iiYUcxU,CUIDADO CON LAS CHAMAS DE LIMA NORTE #peru,Goblinciano,,611.0,high_yield_channel,Goblinciano,320,RACISMO_DISCRIMINACION|ACOSO_PERSONAL|AMENAZA_DIRECTA,9.82 chunks de daño y 0.58 amenazas por video en el corpus base,85
m45DUCUEtUA,https://www.youtube.com/watch?v=m45DUCUEtUA,Calor extremo en Perú 🫠,Goblinciano,,522.0,high_yield_channel,Goblinciano,321,RACISMO_DISCRIMINACION|ACOSO_PERSONAL|AMENAZA_DIRECTA,9.82 chunks de daño y 0.58 amenazas por video en el corpus base,85
3qx6dhLkTJg,https://www.youtube.com/watch?v=3qx6dhLkTJg,THE END OF PERUVIAN TIKTOKERS | TIME TO LOOK FOR A JOB PIPIPI #peru #tiktok,Goblinciano,,494.0,high_yield_channel,Goblinciano,322,RACISMO_DISCRIMINACION|ACOSO_PERSONAL|AMENAZA_DIRECTA,9.82 chunks de daño y 0.58 amenazas por video en el corpus base,85
Z8Gz6LwSZQw,https://www.youtube.com/watch?v=Z8Gz6LwSZQw,"PERU'S MOST FOOLISH MAN | JESUS ​​BARCO, A SOCCER PLAYER WHO CONFESSED TO BEING UNFAITHFUL #Peru",Goblinciano,,520.0,high_yield_channel,Goblinciano,323,RACISMO_DISCRIMINACION|ACOSO_PERSONAL|AMENAZA_DIRECTA,9.82 chunks de daño y 0.58 amenazas por video en el corpus base,85
o_LTze261nQ,https://www.youtube.com/watch?v=o_LTze261nQ,GRACIAS POR NADA YOUTUBE... #peru #noticias,Goblinciano,,669.0,high_yield_channel,Goblinciano,324,RACISMO_DISCRIMINACION|ACOSO_PERSONAL|AMENAZA_DIRECTA,9.82 chunks de daño y 0.58 amenazas por video en el corpus base,85
FxhZTciSt9Y,https://www.youtube.com/watch?v=FxhZTciSt9Y,COQUETTE PERUANAS DE CERRO #peru,Goblinciano,,531.0,high_yield_channel,Goblinciano,325,RACISMO_DISCRIMINACION|ACOSO_PERSONAL|AMENAZA_DIRECTA,9.82 chunks de daño y 0.58 amenazas por video en el corpus base,85
mlDoh7k1lQw,https://www.youtube.com/watch?v=mlDoh7k1lQw,ME CAÍ DEL MALECÓN @FANODRICPodcast @masalladelgol #peru,Goblinciano,,635.0,high_yield_channel,Goblinciano,326,RACISMO_DISCRIMINACION|ACOSO_PERSONAL|AMENAZA_DIRECTA,9.82 chunks de daño y 0.58 amenazas por video en el corpus base,85
XeQuF1FTyg8,https://www.youtube.com/watch?v=XeQuF1FTyg8,JULIANA OXENFORD BUSCA TRABAJO EN PLAZA SAN MARTIN | DINA BOLUARTE ES GOMEADA #peru #noticias,Goblinciano,,483.0,high_yield_channel,Goblinciano,327,RACISMO_DISCRIMINACION|ACOSO_PERSONAL|AMENAZA_DIRECTA,9.82 chunks de daño y 0.58 amenazas por video en el corpus base,85
XZamRtQqFDs,https://www.youtube.com/watch?v=XZamRtQqFDs,LOS CHOROS SON HUMANOS 😥 #peru #noticias #ecuador,Goblinciano,,490.0,high_yield_channel,Goblinciano,328,RACISMO_DISCRIMINACION|ACOSO_PERSONAL|AMENAZA_DIRECTA,9.82 chunks de daño y 0.58 amenazas por video en el corpus base,85
SGeVQDAaBSI,https://www.youtube.com/watch?v=SGeVQDAaBSI,GANE LA SUBASTA DE PERUANAS OTAKU POR S/300 SOLES | NO ES BROMITA #peru,Goblinciano,,651.0,high_yield_channel,Goblinciano,329,RACISMO_DISCRIMINACION|ACOSO_PERSONAL|AMENAZA_DIRECTA,9.82 chunks de daño y 0.58 amenazas por video en el corpus base,85
DLuxvC9BLMs,https://www.youtube.com/watch?v=DLuxvC9BLMs,SUBASTA DE PERUANAS OTAKUS #peru #lima,Goblinciano,,543.0,high_yield_channel,Goblinciano,330,RACISMO_DISCRIMINACION|ACOSO_PERSONAL|AMENAZA_DIRECTA,9.82 chunks de daño y 0.58 amenazas por video en el corpus base,85
OdHxTYtNZeg,https://www.youtube.com/watch?v=OdHxTYtNZeg,NOVIAS DE ALQUILER PERUANAS | CONERA SE SUBASTA POR 1300 SOLES #peru #noticias #lima,Goblinciano,,537.0,high_yield_channel,Goblinciano,331,RACISMO_DISCRIMINACION|ACOSO_PERSONAL|AMENAZA_DIRECTA,9.82 chunks de daño y 0.58 amenazas por video en el corpus base,85
1LwMqL03t5A,https://www.youtube.com/watch?v=1LwMqL03t5A,VUELA ALTO THAINA FIELDS #peru #noticias,Goblinciano,,328.0,high_yield_channel,Goblinciano,332,RACISMO_DISCRIMINACION|ACOSO_PERSONAL|AMENAZA_DIRECTA,9.82 chunks de daño y 0.58 amenazas por video en el corpus base,85
aA-ievz5ORc,https://www.youtube.com/watch?v=aA-ievz5ORc,BOLIVIA ENTRA EN CRISIS POR MEDIDAS DE JAVIER MILEI #peru #noticias #argentina,Goblinciano,,519.0,high_yield_channel,Goblinciano,333,RACISMO_DISCRIMINACION|ACOSO_PERSONAL|AMENAZA_DIRECTA,9.82 chunks de daño y 0.58 amenazas por video en el corpus base,85
Jdx2JclwQAs,https://www.youtube.com/watch?v=Jdx2JclwQAs,😭 LIMA NUNCA SERÁ POTENCIA MUNDIAL 2024 | ME ARREPIENTO DE MI VOTO A PORKY #peru #lima #noticias,Goblinciano,,537.0,high_yield_channel,Goblinciano,334,RACISMO_DISCRIMINACION|ACOSO_PERSONAL|AMENAZA_DIRECTA,9.82 chunks de daño y 0.58 amenazas por video en el corpus base,85
9HxzJYhShnA,https://www.youtube.com/watch?v=9HxzJYhShnA,ESCAPA DE TU CERRO #peru #japon #noticias,Goblinciano,,502.0,high_yield_channel,Goblinciano,335,RACISMO_DISCRIMINACION|ACOSO_PERSONAL|AMENAZA_DIRECTA,9.82 chunks de daño y 0.58 amenazas por video en el corpus base,85
ebKoQxhAibc,https://www.youtube.com/watch?v=ebKoQxhAibc,pipipi gentita #peru,Goblinciano,,568.0,high_yield_channel,Goblinciano,336,RACISMO_DISCRIMINACION|ACOSO_PERSONAL|AMENAZA_DIRECTA,9.82 chunks de daño y 0.58 amenazas por video en el corpus base,85
TK0tWpITpmI,https://www.youtube.com/watch?v=TK0tWpITpmI,Goodbye Pedrito #peru #news,Goblinciano,,505.0,high_yield_channel,Goblinciano,337,RACISMO_DISCRIMINACION|ACOSO_PERSONAL|AMENAZA_DIRECTA,9.82 chunks de daño y 0.58 amenazas por video en el corpus base,85
oy-cmhDVebw,https://www.youtube.com/watch?v=oy-cmhDVebw,MILEI PONE FIN A BOLIVIA | LOS DEJA SIN COMIDA #peru #argentina #milei,Goblinciano,,490.0,high_yield_channel,Goblinciano,338,RACISMO_DISCRIMINACION|ACOSO_PERSONAL|AMENAZA_DIRECTA,9.82 chunks de daño y 0.58 amenazas por video en el corpus base,85
9NP2cIq2lok,https://www.youtube.com/watch?v=9NP2cIq2lok,CANSERBERO FUE ENFRIADO POR SU MANAGER | POR FIN SALIO TODA LA VERDAD... #noticias #peru,Goblinciano,,512.0,high_yield_channel,Goblinciano,339,RACISMO_DISCRIMINACION|ACOSO_PERSONAL|AMENAZA_DIRECTA,9.82 chunks de daño y 0.58 amenazas por video en el corpus base,85
ETrDrX1XJmo,https://www.youtube.com/watch?v=ETrDrX1XJmo,EL INSANO DE MALLPLAZA TRUJILLO #peru #noticias,Goblinciano,,542.0,high_yield_channel,Goblinciano,340,RACISMO_DISCRIMINACION|ACOSO_PERSONAL|AMENAZA_DIRECTA,9.82 chunks de daño y 0.58 amenazas por video en el corpus base,85
y2ICZqsxskY,https://www.youtube.com/watch?v=y2ICZqsxskY,ESTO NO ES BUENO...  #peru #noticias #dolar,Goblinciano,,488.0,high_yield_channel,Goblinciano,341,RACISMO_DISCRIMINACION|ACOSO_PERSONAL|AMENAZA_DIRECTA,9.82 chunks de daño y 0.58 amenazas por video en el corpus base,85
0QqHsSHt09g,https://www.youtube.com/watch?v=0QqHsSHt09g,"¡ARGENTINA SE HUNDE! | ""FIN DE MILEI 🤡"" #peru #argentina #milei",Goblinciano,,563.0,high_yield_channel,Goblinciano,342,RACISMO_DISCRIMINACION|ACOSO_PERSONAL|AMENAZA_DIRECTA,9.82 chunks de daño y 0.58 amenazas por video en el corpus base,85
hrcEw615A4o,https://www.youtube.com/watch?v=hrcEw615A4o,RPP ME QUIERE ENFRIAR #peru #noticias,Goblinciano,,649.0,high_yield_channel,Goblinciano,343,RACISMO_DISCRIMINACION|ACOSO_PERSONAL|AMENAZA_DIRECTA,9.82 chunks de daño y 0.58 amenazas por video en el corpus base,85
FFIW8EhoR4M,https://www.youtube.com/watch?v=FFIW8EhoR4M,NATIONAL EMERGENCY IN PERU #peru,Goblinciano,,540.0,high_yield_channel,Goblinciano,344,RACISMO_DISCRIMINACION|ACOSO_PERSONAL|AMENAZA_DIRECTA,9.82 chunks de daño y 0.58 amenazas por video en el corpus base,85
Qj9bSO9eFrA,https://www.youtube.com/watch?v=Qj9bSO9eFrA,COUNTRY IN DECADENCE ... QUESTION 12-YEAR-OLD GIRL IN COMA #peru,Goblinciano,,547.0,high_yield_channel,Goblinciano,345,RACISMO_DISCRIMINACION|ACOSO_PERSONAL|AMENAZA_DIRECTA,9.82 chunks de daño y 0.58 amenazas por video en el corpus base,85
sr1e22pMEFc,https://www.youtube.com/watch?v=sr1e22pMEFc,¡NO HAY PLATA! MILEI CIERRA EL MINISTERIO DE LA MUJER #peru #argentina,Goblinciano,,489.0,high_yield_channel,Goblinciano,346,RACISMO_DISCRIMINACION|ACOSO_PERSONAL|AMENAZA_DIRECTA,9.82 chunks de daño y 0.58 amenazas por video en el corpus base,85
B8ykdOWw3r4,https://www.youtube.com/watch?v=B8ykdOWw3r4,VERGÜENZA SER PERUANO | MAKANAKY ES NOMBRADO GERENTE DE EDUCACION | NO ES BROMA... #peru,Goblinciano,,519.0,high_yield_channel,Goblinciano,347,RACISMO_DISCRIMINACION|ACOSO_PERSONAL|AMENAZA_DIRECTA,9.82 chunks de daño y 0.58 amenazas por video en el corpus base,85
RCRQU3oCLjE,https://www.youtube.com/watch?v=RCRQU3oCLjE,EL FIN DE SU CARRERA | JULIANA OXENFORD ES EXPUESTA POR CERRON #peru,Goblinciano,,528.0,high_yield_channel,Goblinciano,348,RACISMO_DISCRIMINACION|ACOSO_PERSONAL|AMENAZA_DIRECTA,9.82 chunks de daño y 0.58 amenazas por video en el corpus base,85
vVvfKLRxqic,https://www.youtube.com/watch?v=vVvfKLRxqic,¡URGENTE! SACA TU DINERO DEL BCP Y YAPE #peru,Goblinciano,,561.0,high_yield_channel,Goblinciano,349,RACISMO_DISCRIMINACION|ACOSO_PERSONAL|AMENAZA_DIRECTA,9.82 chunks de daño y 0.58 amenazas por video en el corpus base,85
Cvzq87pBiHc,https://www.youtube.com/watch?v=Cvzq87pBiHc,FIN DEL JUEGO CAVIARES | LIBERAN A FUJIMORI #peru #lima,Goblinciano,,511.0,high_yield_channel,Goblinciano,350,RACISMO_DISCRIMINACION|ACOSO_PERSONAL|AMENAZA_DIRECTA,9.82 chunks de daño y 0.58 amenazas por video en el corpus base,85
jSOLkn7q83Y,https://www.youtube.com/watch?v=jSOLkn7q83Y,HABLANDO HUEVADAS - Duodécima Temporada [LA HISTORIA DE JORGE Y EL GUARDIA],Hablando Huevadas,,5537.0,high_yield_channel,Hablando Huevadas,1,CONTENIDO_SEXUAL|ACOSO_GENERO_IDENTIDAD|AMENAZA_DIRECTA,22.60 chunks de daño y 0.86 amenazas por video en el corpus base,70
gPeqpgRrspo,https://www.youtube.com/watch?v=gPeqpgRrspo,HABLANDO HUEVADAS - Duodécima Temporada [EL INGENIERO Y SU MARIDO],Hablando Huevadas,,5730.0,high_yield_channel,Hablando Huevadas,2,CONTENIDO_SEXUAL|ACOSO_GENERO_IDENTIDAD|AMENAZA_DIRECTA,22.60 chunks de daño y 0.86 amenazas por video en el corpus base,70
OPVXQLSmyR8,https://www.youtube.com/watch?v=OPVXQLSmyR8,HABLANDO HUEVADAS - Duodécima Temporada [VIENEN DOS HIDROCEFÁLICAS],Hablando Huevadas,,5716.0,high_yield_channel,Hablando Huevadas,3,CONTENIDO_SEXUAL|ACOSO_GENERO_IDENTIDAD|AMENAZA_DIRECTA,22.60 chunks de daño y 0.86 amenazas por video en el corpus base,70
v4U0u96pVZU,https://www.youtube.com/watch?v=v4U0u96pVZU,HABLANDO HUEVADAS - Duodécima Temporada [EL MATAPATOS Y EL PATO],Hablando Huevadas,,4912.0,high_yield_channel,Hablando Huevadas,4,CONTENIDO_SEXUAL|ACOSO_GENERO_IDENTIDAD|AMENAZA_DIRECTA,22.60 chunks de daño y 0.86 amenazas por video en el corpus base,70
ecOKkO2OGHM,https://www.youtube.com/watch?v=ecOKkO2OGHM,HABLANDO HUEVADAS - Duodécima Temporada [UNA DOCTORA NOS MIRA MAL],Hablando Huevadas,,5064.0,high_yield_channel,Hablando Huevadas,5,CONTENIDO_SEXUAL|ACOSO_GENERO_IDENTIDAD|AMENAZA_DIRECTA,22.60 chunks de daño y 0.86 amenazas por video en el corpus base,70
EbGVcsBK3Ls,https://www.youtube.com/watch?v=EbGVcsBK3Ls,HABLANDO HUEVADAS - Duodécima Temporada [LA SEÑORA MÁS AMARGADA],Hablando Huevadas,,5805.0,high_yield_channel,Hablando Huevadas,6,CONTENIDO_SEXUAL|ACOSO_GENERO_IDENTIDAD|AMENAZA_DIRECTA,22.60 chunks de daño y 0.86 amenazas por video en el corpus base,70
PzdDCB1jkf0,https://www.youtube.com/watch?v=PzdDCB1jkf0,HABLANDO HUEVADAS - Duodécima Temporada [¿QUÉ HACES SI TU MUJER TE ENGAÑA?],Hablando Huevadas,,5382.0,high_yield_channel,Hablando Huevadas,7,CONTENIDO_SEXUAL|ACOSO_GENERO_IDENTIDAD|AMENAZA_DIRECTA,22.60 chunks de daño y 0.86 amenazas por video en el corpus base,70
q81OqAv6CVU,https://www.youtube.com/watch?v=q81OqAv6CVU,HABLANDO HUEVADAS - Duodécima Temporada [CUMPLIMOS SUEÑO A NIÑO MICROBUSERO],Hablando Huevadas,,5665.0,high_yield_channel,Hablando Huevadas,8,CONTENIDO_SEXUAL|ACOSO_GENERO_IDENTIDAD|AMENAZA_DIRECTA,22.60 chunks de daño y 0.86 amenazas por video en el corpus base,70
gtRwmm361nA,https://www.youtube.com/watch?v=gtRwmm361nA,HABLANDO HUEVADAS - Duodécima Temporada [SEÑORA GANÓ 4 MILLONES DE DOLARES],Hablando Huevadas,,5377.0,high_yield_channel,Hablando Huevadas,9,CONTENIDO_SEXUAL|ACOSO_GENERO_IDENTIDAD|AMENAZA_DIRECTA,22.60 chunks de daño y 0.86 amenazas por video en el corpus base,70
b3eJMXGhXtw,https://www.youtube.com/watch?v=b3eJMXGhXtw,HABLANDO HUEVADAS - Duodécima Temporada [LOS HOMBRES DEBEN PEDIR PERMISO],Hablando Huevadas,,5465.0,high_yield_channel,Hablando Huevadas,10,CONTENIDO_SEXUAL|ACOSO_GENERO_IDENTIDAD|AMENAZA_DIRECTA,22.60 chunks de daño y 0.86 amenazas por video en el corpus base,70
blR2OR5WPws,https://www.youtube.com/watch?v=blR2OR5WPws,HABLANDO HUEVADAS - Duodécima Temporada [JORGE PELEA CON UN DISCAPACITADO],Hablando Huevadas,,6263.0,high_yield_channel,Hablando Huevadas,11,CONTENIDO_SEXUAL|ACOSO_GENERO_IDENTIDAD|AMENAZA_DIRECTA,22.60 chunks de daño y 0.86 amenazas por video en el corpus base,70
WbhUSGpc-A0,https://www.youtube.com/watch?v=WbhUSGpc-A0,HABLANDO HUEVADAS - Duodécima Temporada [CAMILA LA COQUETA],Hablando Huevadas,,6040.0,high_yield_channel,Hablando Huevadas,12,CONTENIDO_SEXUAL|ACOSO_GENERO_IDENTIDAD|AMENAZA_DIRECTA,22.60 chunks de daño y 0.86 amenazas por video en el corpus base,70
Hlu5jBgxPiA,https://www.youtube.com/watch?v=Hlu5jBgxPiA,HABLANDO HUEVADAS - Duodécima Temporada [EL HOMBRE MÁS FUERTE DEL MUNDO],Hablando Huevadas,,5946.0,high_yield_channel,Hablando Huevadas,13,CONTENIDO_SEXUAL|ACOSO_GENERO_IDENTIDAD|AMENAZA_DIRECTA,22.60 chunks de daño y 0.86 amenazas por video en el corpus base,70
QehTFxWfw-Y,https://www.youtube.com/watch?v=QehTFxWfw-Y,HABLANDO HUEVADAS - Duodécima Temporada [NIÑA CUENTA LA MEJOR ANÉCDOTA],Hablando Huevadas,,5588.0,high_yield_channel,Hablando Huevadas,14,CONTENIDO_SEXUAL|ACOSO_GENERO_IDENTIDAD|AMENAZA_DIRECTA,22.60 chunks de daño y 0.86 amenazas por video en el corpus base,70
JofddXZxpM4,https://www.youtube.com/watch?v=JofddXZxpM4,HABLANDO HUEVADAS - Duodécima Temporada [JORGE Y LA MEJOR PROPINA],Hablando Huevadas,,5543.0,high_yield_channel,Hablando Huevadas,15,CONTENIDO_SEXUAL|ACOSO_GENERO_IDENTIDAD|AMENAZA_DIRECTA,22.60 chunks de daño y 0.86 amenazas por video en el corpus base,70
dkNkhybzhbw,https://www.youtube.com/watch?v=dkNkhybzhbw,HABLANDO HUEVADAS - Duodécima Temporada [EL JUICIO POR ALIMENTOS],Hablando Huevadas,,5471.0,high_yield_channel,Hablando Huevadas,16,CONTENIDO_SEXUAL|ACOSO_GENERO_IDENTIDAD|AMENAZA_DIRECTA,22.60 chunks de daño y 0.86 amenazas por video en el corpus base,70
TNgS7sRfA58,https://www.youtube.com/watch?v=TNgS7sRfA58,HABLANDO HUEVADAS - Duodécima Temporada [EL CHICO QUE NO PASÓ EL CASTING],Hablando Huevadas,,6078.0,high_yield_channel,Hablando Huevadas,17,CONTENIDO_SEXUAL|ACOSO_GENERO_IDENTIDAD|AMENAZA_DIRECTA,22.60 chunks de daño y 0.86 amenazas por video en el corpus base,70
E6uXI7kWuN0,https://www.youtube.com/watch?v=E6uXI7kWuN0,HABLANDO HUEVADAS - Duodécima Temporada [DEBATE PRESIDENCIAL - AMPAY EN EL YATE],Hablando Huevadas,,7082.0,high_yield_channel,Hablando Huevadas,18,CONTENIDO_SEXUAL|ACOSO_GENERO_IDENTIDAD|AMENAZA_DIRECTA,22.60 chunks de daño y 0.86 amenazas por video en el corpus base,70
duFRnVo2LXg,https://www.youtube.com/watch?v=duFRnVo2LXg,HABLANDO HUEVADAS - Duodécima Temporada [¡ESTAMOS EN LA CIMA!],Hablando Huevadas,,5895.0,high_yield_channel,Hablando Huevadas,19,CONTENIDO_SEXUAL|ACOSO_GENERO_IDENTIDAD|AMENAZA_DIRECTA,22.60 chunks de daño y 0.86 amenazas por video en el corpus base,70
t-aFU36gRKs,https://www.youtube.com/watch?v=t-aFU36gRKs,HABLANDO HUEVADAS - Duodécima Temporada [EXPONIENDO INFIELES],Hablando Huevadas,,6255.0,high_yield_channel,Hablando Huevadas,20,CONTENIDO_SEXUAL|ACOSO_GENERO_IDENTIDAD|AMENAZA_DIRECTA,22.60 chunks de daño y 0.86 amenazas por video en el corpus base,70
8TRHEOii-AM,https://www.youtube.com/watch?v=8TRHEOii-AM,HABLANDO HUEVADAS - Duodécima Temporada [RICARDO YA ES PAPÁ],Hablando Huevadas,,5078.0,high_yield_channel,Hablando Huevadas,21,CONTENIDO_SEXUAL|ACOSO_GENERO_IDENTIDAD|AMENAZA_DIRECTA,22.60 chunks de daño y 0.86 amenazas por video en el corpus base,70
5R53jbgXVo8,https://www.youtube.com/watch?v=5R53jbgXVo8,Bonus Track HABLANDO HUEVADAS - Undécima Temporada [JORGITO Y JORGITA],Hablando Huevadas,,5427.0,high_yield_channel,Hablando Huevadas,22,CONTENIDO_SEXUAL|ACOSO_GENERO_IDENTIDAD|AMENAZA_DIRECTA,22.60 chunks de daño y 0.86 amenazas por video en el corpus base,70
gLE7dOYCFqI,https://www.youtube.com/watch?v=gLE7dOYCFqI,HABLANDO HUEVADAS - Undécima Temporada [TROLEAN A JORGE],Hablando Huevadas,,6034.0,high_yield_channel,Hablando Huevadas,23,CONTENIDO_SEXUAL|ACOSO_GENERO_IDENTIDAD|AMENAZA_DIRECTA,22.60 chunks de daño y 0.86 amenazas por video en el corpus base,70
JWIdrIBI1_g,https://www.youtube.com/watch?v=JWIdrIBI1_g,🇧🇴 HABLANDO HUEVADAS - Undécima Temporada [NOTICIAS SOBRE EL VICEPRESIDENTE],Hablando Huevadas,,4992.0,high_yield_channel,Hablando Huevadas,24,CONTENIDO_SEXUAL|ACOSO_GENERO_IDENTIDAD|AMENAZA_DIRECTA,22.60 chunks de daño y 0.86 amenazas por video en el corpus base,70
eXULF18ULvw,https://www.youtube.com/watch?v=eXULF18ULvw,🇵🇾 HABLANDO HUEVADAS - Undécima Temporada [UNA SERPIENTE EN EL ESCENARIO],Hablando Huevadas,,5352.0,high_yield_channel,Hablando Huevadas,25,CONTENIDO_SEXUAL|ACOSO_GENERO_IDENTIDAD|AMENAZA_DIRECTA,22.60 chunks de daño y 0.86 amenazas por video en el corpus base,70
PwH9UcCD-gA,https://www.youtube.com/watch?v=PwH9UcCD-gA,HABLANDO HUEVADAS - Undécima Temporada [SEÑORA TIENE SUEÑOS CON JORGE],Hablando Huevadas,,4202.0,high_yield_channel,Hablando Huevadas,26,CONTENIDO_SEXUAL|ACOSO_GENERO_IDENTIDAD|AMENAZA_DIRECTA,22.60 chunks de daño y 0.86 amenazas por video en el corpus base,70
DV3LgKWCPVI,https://www.youtube.com/watch?v=DV3LgKWCPVI,HABLANDO HUEVADAS - Undécima Temporada [CANTAMOS REGGAETON PARA VELORIOS],Hablando Huevadas,,5755.0,high_yield_channel,Hablando Huevadas,27,CONTENIDO_SEXUAL|ACOSO_GENERO_IDENTIDAD|AMENAZA_DIRECTA,22.60 chunks de daño y 0.86 amenazas por video en el corpus base,70
b3UTzycbjRs,https://www.youtube.com/watch?v=b3UTzycbjRs,🇲🇽 HABLANDO HUEVADAS - Undécima Temporada [JORGE Y RICARDO SON EMBOSCADOS],Hablando Huevadas,,5104.0,high_yield_channel,Hablando Huevadas,28,CONTENIDO_SEXUAL|ACOSO_GENERO_IDENTIDAD|AMENAZA_DIRECTA,22.60 chunks de daño y 0.86 amenazas por video en el corpus base,70
WlyEVokPJq4,https://www.youtube.com/watch?v=WlyEVokPJq4,🇲🇽 HABLANDO HUEVADAS - Undécima Temporada [JORGE Y EL TRAUMA DEL AVIÓN],Hablando Huevadas,,5499.0,high_yield_channel,Hablando Huevadas,29,CONTENIDO_SEXUAL|ACOSO_GENERO_IDENTIDAD|AMENAZA_DIRECTA,22.60 chunks de daño y 0.86 amenazas por video en el corpus base,70
feSWMY9cw7M,https://www.youtube.com/watch?v=feSWMY9cw7M,🇦🇷 HABLANDO HUEVADAS - Undécima Temporada [EL FANTASMA Ñ@JA Ñ@JA],Hablando Huevadas,,5300.0,high_yield_channel,Hablando Huevadas,30,CONTENIDO_SEXUAL|ACOSO_GENERO_IDENTIDAD|AMENAZA_DIRECTA,22.60 chunks de daño y 0.86 amenazas por video en el corpus base,70
oI1eamjjTAo,https://www.youtube.com/watch?v=oI1eamjjTAo,HABLANDO HUEVADAS - Undécima Temporada [JORGE LE REGALÓ UNA CASA A SU MAMÁ],Hablando Huevadas,,6020.0,high_yield_channel,Hablando Huevadas,31,CONTENIDO_SEXUAL|ACOSO_GENERO_IDENTIDAD|AMENAZA_DIRECTA,22.60 chunks de daño y 0.86 amenazas por video en el corpus base,70
s51em5tbDu8,https://www.youtube.com/watch?v=s51em5tbDu8,HABLANDO HUEVADAS - Tráiler [JORGE Y LA SORPRESA PARA SU MAMÁ],Hablando Huevadas,,97.0,high_yield_channel,Hablando Huevadas,32,CONTENIDO_SEXUAL|ACOSO_GENERO_IDENTIDAD|AMENAZA_DIRECTA,22.60 chunks de daño y 0.86 amenazas por video en el corpus base,70
8qaobeWSE9k,https://www.youtube.com/watch?v=8qaobeWSE9k,HABLANDO HUEVADAS - Undécima Temporada [EL MEJOR REGALO DE NAVIDAD],Hablando Huevadas,,5315.0,high_yield_channel,Hablando Huevadas,33,CONTENIDO_SEXUAL|ACOSO_GENERO_IDENTIDAD|AMENAZA_DIRECTA,22.60 chunks de daño y 0.86 amenazas por video en el corpus base,70
ZBnsbJiwWEQ,https://www.youtube.com/watch?v=ZBnsbJiwWEQ,HABLANDO HUEVADAS - Undécima Temporada [SEÑORA SIN DIENTES VIENE AL SHOW],Hablando Huevadas,,5427.0,high_yield_channel,Hablando Huevadas,34,CONTENIDO_SEXUAL|ACOSO_GENERO_IDENTIDAD|AMENAZA_DIRECTA,22.60 chunks de daño y 0.86 amenazas por video en el corpus base,70
i_1UpBKmzw0,https://www.youtube.com/watch?v=i_1UpBKmzw0,HABLANDO HUEVADAS - Trailer [SEÑORA SIN DIENTES VIENE AL SHOW],Hablando Huevadas,,77.0,high_yield_channel,Hablando Huevadas,35,CONTENIDO_SEXUAL|ACOSO_GENERO_IDENTIDAD|AMENAZA_DIRECTA,22.60 chunks de daño y 0.86 amenazas por video en el corpus base,70
uWzgyrh_UTI,https://www.youtube.com/watch?v=uWzgyrh_UTI,🇨🇱 HABLANDO HUEVADAS - Undécima Temporada [PROGRAMA NEGRO Y OSCURO],Hablando Huevadas,,5655.0,high_yield_channel,Hablando Huevadas,36,CONTENIDO_SEXUAL|ACOSO_GENERO_IDENTIDAD|AMENAZA_DIRECTA,22.60 chunks de daño y 0.86 amenazas por video en el corpus base,70
KTfK2FniMLs,https://www.youtube.com/watch?v=KTfK2FniMLs,HABLANDO HUEVADAS - Trailer [PROGRAMA NEGRO Y OSCURO],Hablando Huevadas,,76.0,high_yield_channel,Hablando Huevadas,37,CONTENIDO_SEXUAL|ACOSO_GENERO_IDENTIDAD|AMENAZA_DIRECTA,22.60 chunks de daño y 0.86 amenazas por video en el corpus base,70
mLPi4x-ykD0,https://www.youtube.com/watch?v=mLPi4x-ykD0,HABLANDO HUEVADAS - Undécima Temporada [SEÑORA ESTAFA A JORGE],Hablando Huevadas,,5650.0,high_yield_channel,Hablando Huevadas,38,CONTENIDO_SEXUAL|ACOSO_GENERO_IDENTIDAD|AMENAZA_DIRECTA,22.60 chunks de daño y 0.86 amenazas por video en el corpus base,70
7-Zr7B_cfpA,https://www.youtube.com/watch?v=7-Zr7B_cfpA,HABLANDO HUEVADAS - Undécima Temporada [JORGE NO DEJA EN PAZ A RICARDO],Hablando Huevadas,,5066.0,high_yield_channel,Hablando Huevadas,39,CONTENIDO_SEXUAL|ACOSO_GENERO_IDENTIDAD|AMENAZA_DIRECTA,22.60 chunks de daño y 0.86 amenazas por video en el corpus base,70
xC3NAEzp1TA,https://www.youtube.com/watch?v=xC3NAEzp1TA,HABLANDO HUEVADAS - Undécima Temporada [EL REGALO CARÍSIMO DE JORGE PARA RICARDO],Hablando Huevadas,,4987.0,high_yield_channel,Hablando Huevadas,40,CONTENIDO_SEXUAL|ACOSO_GENERO_IDENTIDAD|AMENAZA_DIRECTA,22.60 chunks de daño y 0.86 amenazas por video en el corpus base,70
mIfMMpQa1ZA,https://www.youtube.com/watch?v=mIfMMpQa1ZA,HABLANDO HUEVADAS - Undécima Temporada [NIÑA RACISTA],Hablando Huevadas,,5457.0,high_yield_channel,Hablando Huevadas,41,CONTENIDO_SEXUAL|ACOSO_GENERO_IDENTIDAD|AMENAZA_DIRECTA,22.60 chunks de daño y 0.86 amenazas por video en el corpus base,70
KZus6qfO8m0,https://www.youtube.com/watch?v=KZus6qfO8m0,HABLANDO HUEVADAS - Undécima Temporada [ANTES DE PARTIR],Hablando Huevadas,,5480.0,high_yield_channel,Hablando Huevadas,42,CONTENIDO_SEXUAL|ACOSO_GENERO_IDENTIDAD|AMENAZA_DIRECTA,22.60 chunks de daño y 0.86 amenazas por video en el corpus base,70
-cu17mg1xfI,https://www.youtube.com/watch?v=-cu17mg1xfI,"HABLANDO HUEVADAS - ""QUISPE MAMANI"" - PRE TEMPORADA",Hablando Huevadas,,5762.0,high_yield_channel,Hablando Huevadas,43,CONTENIDO_SEXUAL|ACOSO_GENERO_IDENTIDAD|AMENAZA_DIRECTA,22.60 chunks de daño y 0.86 amenazas por video en el corpus base,70
q4wz6R3o7Lg,https://www.youtube.com/watch?v=q4wz6R3o7Lg,"HABLANDO HUEVADAS - ""¿SERÁ NIÑO O NIÑA?"" - PRE TEMPORADA",Hablando Huevadas,,5873.0,high_yield_channel,Hablando Huevadas,44,CONTENIDO_SEXUAL|ACOSO_GENERO_IDENTIDAD|AMENAZA_DIRECTA,22.60 chunks de daño y 0.86 amenazas por video en el corpus base,70
iqysgTTkVvU,https://www.youtube.com/watch?v=iqysgTTkVvU,"[🇮🇹MILÁN] HABLANDO HUEVADAS - ""JORGE EL PATRÓN DE LOS MARRONES"" - PRE TEMPORADA",Hablando Huevadas,,4840.0,high_yield_channel,Hablando Huevadas,45,CONTENIDO_SEXUAL|ACOSO_GENERO_IDENTIDAD|AMENAZA_DIRECTA,22.60 chunks de daño y 0.86 amenazas por video en el corpus base,70
EaV-RzkOcXY,https://www.youtube.com/watch?v=EaV-RzkOcXY,"[🇪🇸BARCELONA] HABLANDO HUEVADAS - ""VUELVE NIÑO CON LEUCEMIA"" - PRE TEMPORADA",Hablando Huevadas,,5381.0,high_yield_channel,Hablando Huevadas,46,CONTENIDO_SEXUAL|ACOSO_GENERO_IDENTIDAD|AMENAZA_DIRECTA,22.60 chunks de daño y 0.86 amenazas por video en el corpus base,70
jZ_TwG--0Yc,https://www.youtube.com/watch?v=jZ_TwG--0Yc,"[🇪🇸MADRID] HABLANDO HUEVADAS - ""ÑAJA ÑAJA VIENE AL SHOW"" - PRE TEMPORADA",Hablando Huevadas,,5519.0,high_yield_channel,Hablando Huevadas,47,CONTENIDO_SEXUAL|ACOSO_GENERO_IDENTIDAD|AMENAZA_DIRECTA,22.60 chunks de daño y 0.86 amenazas por video en el corpus base,70
6dWRhnLIu6A,https://www.youtube.com/watch?v=6dWRhnLIu6A,"[🇫🇷TORRE EIFFEL] HABLANDO HUEVADAS - RICARDO VA A SER PAPÁ, ¡AHORA SÍ! ""NO ES BROMA"" - PRE TEMPORADA",Hablando Huevadas,,5354.0,high_yield_channel,Hablando Huevadas,48,CONTENIDO_SEXUAL|ACOSO_GENERO_IDENTIDAD|AMENAZA_DIRECTA,22.60 chunks de daño y 0.86 amenazas por video en el corpus base,70
26Eunk33TRI,https://www.youtube.com/watch?v=26Eunk33TRI,[BONUS TRACK] HABLANDO HUEVADAS - UNA COSA ES VERLO DE AFUERA Y OTRA COSA DE ADENTRO - PRE TEMPORADA,Hablando Huevadas,,5402.0,high_yield_channel,Hablando Huevadas,49,CONTENIDO_SEXUAL|ACOSO_GENERO_IDENTIDAD|AMENAZA_DIRECTA,22.60 chunks de daño y 0.86 amenazas por video en el corpus base,70
aP3cJA53NXI,https://www.youtube.com/watch?v=aP3cJA53NXI,HABLANDO HUEVADAS - Último Capítulo de Temporada [LA NOVIA DE RICARDO TIENE ANTOJOS],Hablando Huevadas,,4967.0,high_yield_channel,Hablando Huevadas,50,CONTENIDO_SEXUAL|ACOSO_GENERO_IDENTIDAD|AMENAZA_DIRECTA,22.60 chunks de daño y 0.86 amenazas por video en el corpus base,70
EHIRL5KuYzk,https://www.youtube.com/watch?v=EHIRL5KuYzk,HABLANDO HUEVADAS - TRAILER [LA NOVIA DE RICARDO TIENE ANTOJOS],Hablando Huevadas,,122.0,high_yield_channel,Hablando Huevadas,51,CONTENIDO_SEXUAL|ACOSO_GENERO_IDENTIDAD|AMENAZA_DIRECTA,22.60 chunks de daño y 0.86 amenazas por video en el corpus base,70
209idI9MhmQ,https://www.youtube.com/watch?v=209idI9MhmQ,"""Del Perú pa'l mundo""... el documental de Hablando Huevadas - DISPONIBLE AHORA",Hablando Huevadas,,86.0,high_yield_channel,Hablando Huevadas,52,CONTENIDO_SEXUAL|ACOSO_GENERO_IDENTIDAD|AMENAZA_DIRECTA,22.60 chunks de daño y 0.86 amenazas por video en el corpus base,70
ZDJgxxVGLAg,https://www.youtube.com/watch?v=ZDJgxxVGLAg,HABLANDO HUEVADAS - Décima Temporada [NIÑO CON MEDIO CEREBRO SE EMOCIONA EN EL SHOW],Hablando Huevadas,,5646.0,high_yield_channel,Hablando Huevadas,53,CONTENIDO_SEXUAL|ACOSO_GENERO_IDENTIDAD|AMENAZA_DIRECTA,22.60 chunks de daño y 0.86 amenazas por video en el corpus base,70
BnTny-M-rCs,https://www.youtube.com/watch?v=BnTny-M-rCs,"¡Estreno exclusivo! ""Del Perú pa'l mundo""... el documental de Hablando Huevadas.",Hablando Huevadas,,111.0,high_yield_channel,Hablando Huevadas,54,CONTENIDO_SEXUAL|ACOSO_GENERO_IDENTIDAD|AMENAZA_DIRECTA,22.60 chunks de daño y 0.86 amenazas por video en el corpus base,70
i2xoFGhxxeM,https://www.youtube.com/watch?v=i2xoFGhxxeM,HABLANDO HUEVADAS - Décima Temporada [JORGE Y EL PONTÍFICE PAPA JUNTOS],Hablando Huevadas,,5417.0,high_yield_channel,Hablando Huevadas,55,CONTENIDO_SEXUAL|ACOSO_GENERO_IDENTIDAD|AMENAZA_DIRECTA,22.60 chunks de daño y 0.86 amenazas por video en el corpus base,70
UsE8lbqhzTA,https://www.youtube.com/watch?v=UsE8lbqhzTA,HABLANDO HUEVADAS - Décima Temporada [INSULTAN A RICARDO EN PLENO SHOW],Hablando Huevadas,,5825.0,high_yield_channel,Hablando Huevadas,56,CONTENIDO_SEXUAL|ACOSO_GENERO_IDENTIDAD|AMENAZA_DIRECTA,22.60 chunks de daño y 0.86 amenazas por video en el corpus base,70
FRaONGlzgp0,https://www.youtube.com/watch?v=FRaONGlzgp0,HABLANDO HUEVADAS - Décima Temporada [JORGE LE ENSEÑA A CASTIGAR A UN HIJO],Hablando Huevadas,,5845.0,high_yield_channel,Hablando Huevadas,57,CONTENIDO_SEXUAL|ACOSO_GENERO_IDENTIDAD|AMENAZA_DIRECTA,22.60 chunks de daño y 0.86 amenazas por video en el corpus base,70
3WUILU1BvLo,https://www.youtube.com/watch?v=3WUILU1BvLo,HABLANDO HUEVADAS - Décima Temporada [JORGE GANA DEMANDA AL ESTADO PERUANO],Hablando Huevadas,,5205.0,high_yield_channel,Hablando Huevadas,58,CONTENIDO_SEXUAL|ACOSO_GENERO_IDENTIDAD|AMENAZA_DIRECTA,22.60 chunks de daño y 0.86 amenazas por video en el corpus base,70
nbQn58ceOSQ,https://www.youtube.com/watch?v=nbQn58ceOSQ,HABLANDO HUEVADAS - Décima Temporada [RICARDO HACE SU PRIMERA TAREA ESCOLAR],Hablando Huevadas,,5130.0,high_yield_channel,Hablando Huevadas,59,CONTENIDO_SEXUAL|ACOSO_GENERO_IDENTIDAD|AMENAZA_DIRECTA,22.60 chunks de daño y 0.86 amenazas por video en el corpus base,70
iuF2CSqgj9c,https://www.youtube.com/watch?v=iuF2CSqgj9c,"HABLANDO HUEVADAS - Décima Temporada [A RICARDO LE GUSTAN LOS HOMBRES ""CONFIRMADO""]",Hablando Huevadas,,5932.0,high_yield_channel,Hablando Huevadas,60,CONTENIDO_SEXUAL|ACOSO_GENERO_IDENTIDAD|AMENAZA_DIRECTA,22.60 chunks de daño y 0.86 amenazas por video en el corpus base,70
kEucTbP08ik,https://www.youtube.com/watch?v=kEucTbP08ik,"HABLANDO HUEVADAS - Décima Temporada [MORALEJA: ""NO HABLEN SIN HABLAR""]",Hablando Huevadas,,5527.0,high_yield_channel,Hablando Huevadas,61,CONTENIDO_SEXUAL|ACOSO_GENERO_IDENTIDAD|AMENAZA_DIRECTA,22.60 chunks de daño y 0.86 amenazas por video en el corpus base,70
iKY8V-CA_bk,https://www.youtube.com/watch?v=iKY8V-CA_bk,HABLANDO HUEVADAS - Décima Temporada [JORGE GANA UNA RIFA],Hablando Huevadas,,5887.0,high_yield_channel,Hablando Huevadas,62,CONTENIDO_SEXUAL|ACOSO_GENERO_IDENTIDAD|AMENAZA_DIRECTA,22.60 chunks de daño y 0.86 amenazas por video en el corpus base,70
4E6j45nMySI,https://www.youtube.com/watch?v=4E6j45nMySI,HABLANDO HUEVADAS - Décima Temporada [LA NOVIA DE RICARDO FUE A LA CASA DE JORGE],Hablando Huevadas,,5317.0,high_yield_channel,Hablando Huevadas,63,CONTENIDO_SEXUAL|ACOSO_GENERO_IDENTIDAD|AMENAZA_DIRECTA,22.60 chunks de daño y 0.86 amenazas por video en el corpus base,70
lcYtusniQUk,https://www.youtube.com/watch?v=lcYtusniQUk,HABLANDO HUEVADAS - Décima Temporada [LA CHICA SIN CRÁNEO VOLVIÓ],Hablando Huevadas,,4807.0,high_yield_channel,Hablando Huevadas,64,CONTENIDO_SEXUAL|ACOSO_GENERO_IDENTIDAD|AMENAZA_DIRECTA,22.60 chunks de daño y 0.86 amenazas por video en el corpus base,70
s8b5RWPie6M,https://www.youtube.com/watch?v=s8b5RWPie6M,HABLANDO HUEVADAS - Décima Temporada [JUANITA VS. ALEXA],Hablando Huevadas,,5418.0,high_yield_channel,Hablando Huevadas,65,CONTENIDO_SEXUAL|ACOSO_GENERO_IDENTIDAD|AMENAZA_DIRECTA,22.60 chunks de daño y 0.86 amenazas por video en el corpus base,70
vnV98Na1Q1Q,https://www.youtube.com/watch?v=vnV98Na1Q1Q,HABLANDO HUEVADAS - Décima Temporada [LA VECINA DE JORGE],Hablando Huevadas,,5637.0,high_yield_channel,Hablando Huevadas,66,CONTENIDO_SEXUAL|ACOSO_GENERO_IDENTIDAD|AMENAZA_DIRECTA,22.60 chunks de daño y 0.86 amenazas por video en el corpus base,70
QSjUBZOJutI,https://www.youtube.com/watch?v=QSjUBZOJutI,HABLANDO HUEVADAS - Décima Temporada [LA MEJOR HISTORIA],Hablando Huevadas,,4843.0,high_yield_channel,Hablando Huevadas,67,CONTENIDO_SEXUAL|ACOSO_GENERO_IDENTIDAD|AMENAZA_DIRECTA,22.60 chunks de daño y 0.86 amenazas por video en el corpus base,70
AhV_50Vz4TE,https://www.youtube.com/watch?v=AhV_50Vz4TE,HABLANDO HUEVADAS - Décima Temporada [MOTOS CON CHALECOS FEOS],Hablando Huevadas,,5561.0,high_yield_channel,Hablando Huevadas,68,CONTENIDO_SEXUAL|ACOSO_GENERO_IDENTIDAD|AMENAZA_DIRECTA,22.60 chunks de daño y 0.86 amenazas por video en el corpus base,70
q5y_vDfKG2I,https://www.youtube.com/watch?v=q5y_vDfKG2I,HABLANDO HUEVADAS - Décima Temporada [EL PAPA SE PASÓ DE PERUANO],Hablando Huevadas,,4882.0,high_yield_channel,Hablando Huevadas,69,CONTENIDO_SEXUAL|ACOSO_GENERO_IDENTIDAD|AMENAZA_DIRECTA,22.60 chunks de daño y 0.86 amenazas por video en el corpus base,70
8J8_PWop0aQ,https://www.youtube.com/watch?v=8J8_PWop0aQ,"HABLANDO HUEVADAS - Décima Temporada [UNA FUNA MÁS, UNA FUNA MENOS]",Hablando Huevadas,,4947.0,high_yield_channel,Hablando Huevadas,70,CONTENIDO_SEXUAL|ACOSO_GENERO_IDENTIDAD|AMENAZA_DIRECTA,22.60 chunks de daño y 0.86 amenazas por video en el corpus base,70
rYNbOrAitoo,https://www.youtube.com/watch?v=rYNbOrAitoo,HABLANDO HUEVADAS - Décima Temporada [JORGE EL MEJOR JEFE],Hablando Huevadas,,5856.0,high_yield_channel,Hablando Huevadas,71,CONTENIDO_SEXUAL|ACOSO_GENERO_IDENTIDAD|AMENAZA_DIRECTA,22.60 chunks de daño y 0.86 amenazas por video en el corpus base,70
y5DYSxHalo8,https://www.youtube.com/watch?v=y5DYSxHalo8,HABLANDO HUEVADAS - Décima Temporada [LESBIANAS CRIOLLAS],Hablando Huevadas,,5733.0,high_yield_channel,Hablando Huevadas,72,CONTENIDO_SEXUAL|ACOSO_GENERO_IDENTIDAD|AMENAZA_DIRECTA,22.60 chunks de daño y 0.86 amenazas por video en el corpus base,70
i-OXqVxFZ7w,https://www.youtube.com/watch?v=i-OXqVxFZ7w,HABLANDO HUEVADAS - Décima Temporada [RICARDO LE PEGÓ A SU NOVIA],Hablando Huevadas,,5877.0,high_yield_channel,Hablando Huevadas,73,CONTENIDO_SEXUAL|ACOSO_GENERO_IDENTIDAD|AMENAZA_DIRECTA,22.60 chunks de daño y 0.86 amenazas por video en el corpus base,70
udXis1gUzP4,https://www.youtube.com/watch?v=udXis1gUzP4,HABLANDO HUEVADAS - Décima Temporada [UNA CHICA NOS ESCUPE EN EL SHOW],Hablando Huevadas,,6862.0,high_yield_channel,Hablando Huevadas,74,CONTENIDO_SEXUAL|ACOSO_GENERO_IDENTIDAD|AMENAZA_DIRECTA,22.60 chunks de daño y 0.86 amenazas por video en el corpus base,70
VSxP2FZMHio,https://www.youtube.com/watch?v=VSxP2FZMHio,HABLANDO HUEVADAS - Décima Temporada [RICARDO VIO EL VESTIDO DE NOVIA],Hablando Huevadas,,5738.0,high_yield_channel,Hablando Huevadas,75,CONTENIDO_SEXUAL|ACOSO_GENERO_IDENTIDAD|AMENAZA_DIRECTA,22.60 chunks de daño y 0.86 amenazas por video en el corpus base,70
BHqPOSTt1gI,https://www.youtube.com/watch?v=BHqPOSTt1gI,HABLANDO HUEVADAS - Novena Temporada [RICARDO CASTIGA NIÑOS QUE NO SON SUYOS],Hablando Huevadas,,5997.0,high_yield_channel,Hablando Huevadas,76,CONTENIDO_SEXUAL|ACOSO_GENERO_IDENTIDAD|AMENAZA_DIRECTA,22.60 chunks de daño y 0.86 amenazas por video en el corpus base,70
k55ilSfEVEg,https://www.youtube.com/watch?v=k55ilSfEVEg,HABLANDO HUEVADAS - Novena Temporada [JORGE Y LA HISTORIA SECRETA],Hablando Huevadas,,5650.0,high_yield_channel,Hablando Huevadas,77,CONTENIDO_SEXUAL|ACOSO_GENERO_IDENTIDAD|AMENAZA_DIRECTA,22.60 chunks de daño y 0.86 amenazas por video en el corpus base,70
HkZGDgW2pSQ,https://www.youtube.com/watch?v=HkZGDgW2pSQ,HABLANDO HUEVADAS - Novena Temporada [¡LA NOVIA DE RICARDO ES POBRE!],Hablando Huevadas,,5871.0,high_yield_channel,Hablando Huevadas,78,CONTENIDO_SEXUAL|ACOSO_GENERO_IDENTIDAD|AMENAZA_DIRECTA,22.60 chunks de daño y 0.86 amenazas por video en el corpus base,70
acPw-tIoyLs,https://www.youtube.com/watch?v=acPw-tIoyLs,"HABLANDO HUEVADAS - Novena Temporada [RICARDO SE VA A CASAR, ¡NO ES BROMA!]",Hablando Huevadas,,6108.0,high_yield_channel,Hablando Huevadas,79,CONTENIDO_SEXUAL|ACOSO_GENERO_IDENTIDAD|AMENAZA_DIRECTA,22.60 chunks de daño y 0.86 amenazas por video en el corpus base,70
yB3Dj0lkdA0,https://www.youtube.com/watch?v=yB3Dj0lkdA0,HABLANDO HUEVADAS - Novena Temporada [RICARDO QUIERE SER PAPÁ],Hablando Huevadas,,5732.0,high_yield_channel,Hablando Huevadas,80,CONTENIDO_SEXUAL|ACOSO_GENERO_IDENTIDAD|AMENAZA_DIRECTA,22.60 chunks de daño y 0.86 amenazas por video en el corpus base,70
MPAfqXpMImo,https://www.youtube.com/watch?v=MPAfqXpMImo,"HABLANDO HUEVADAS - Novena Temporada [¡ADIÓS COJO, TE QUEREMOS!]",Hablando Huevadas,,5996.0,high_yield_channel,Hablando Huevadas,81,CONTENIDO_SEXUAL|ACOSO_GENERO_IDENTIDAD|AMENAZA_DIRECTA,22.60 chunks de daño y 0.86 amenazas por video en el corpus base,70
lkcc7s9jUpg,https://www.youtube.com/watch?v=lkcc7s9jUpg,HABLANDO HUEVADAS - Novena Temporada [FUERZA TRUJILLO],Hablando Huevadas,,5406.0,high_yield_channel,Hablando Huevadas,82,CONTENIDO_SEXUAL|ACOSO_GENERO_IDENTIDAD|AMENAZA_DIRECTA,22.60 chunks de daño y 0.86 amenazas por video en el corpus base,70
1MGd2qZpGPk,https://www.youtube.com/watch?v=1MGd2qZpGPk,HABLANDO HUEVADAS - Novena Temporada [EL PVT0 GORRAS],Hablando Huevadas,,6694.0,high_yield_channel,Hablando Huevadas,83,CONTENIDO_SEXUAL|ACOSO_GENERO_IDENTIDAD|AMENAZA_DIRECTA,22.60 chunks de daño y 0.86 amenazas por video en el corpus base,70
9liH9GksQok,https://www.youtube.com/watch?v=9liH9GksQok,HABLANDO HUEVADAS - Novena Temporada [EL SEÑOR QUE LLORA PARA REÍR],Hablando Huevadas,,4586.0,high_yield_channel,Hablando Huevadas,84,CONTENIDO_SEXUAL|ACOSO_GENERO_IDENTIDAD|AMENAZA_DIRECTA,22.60 chunks de daño y 0.86 amenazas por video en el corpus base,70
Po0vdJnve_A,https://www.youtube.com/watch?v=Po0vdJnve_A,HABLANDO HUEVADAS - Novena Temporada [BRUJERÍA EN VIVO],Hablando Huevadas,,6151.0,high_yield_channel,Hablando Huevadas,85,CONTENIDO_SEXUAL|ACOSO_GENERO_IDENTIDAD|AMENAZA_DIRECTA,22.60 chunks de daño y 0.86 amenazas por video en el corpus base,70
iHo1pVj5JbY,https://www.youtube.com/watch?v=iHo1pVj5JbY,HABLANDO HUEVADAS - Novena Temporada [OTRO SUICIDA QUE SALVAMOS],Hablando Huevadas,,5943.0,high_yield_channel,Hablando Huevadas,86,CONTENIDO_SEXUAL|ACOSO_GENERO_IDENTIDAD|AMENAZA_DIRECTA,22.60 chunks de daño y 0.86 amenazas por video en el corpus base,70
T3_U8lbS2oc,https://www.youtube.com/watch?v=T3_U8lbS2oc,HABLANDO HUEVADAS - Novena Temporada [JORGE SE COMPRÓ UN EQUIPO DE FÚTBOL],Hablando Huevadas,,6806.0,high_yield_channel,Hablando Huevadas,87,CONTENIDO_SEXUAL|ACOSO_GENERO_IDENTIDAD|AMENAZA_DIRECTA,22.60 chunks de daño y 0.86 amenazas por video en el corpus base,70
PBrCfG1i260,https://www.youtube.com/watch?v=PBrCfG1i260,HABLANDO HUEVADAS - Novena Temporada [LA VOLVIÓ LESBIANA],Hablando Huevadas,,5803.0,high_yield_channel,Hablando Huevadas,88,CONTENIDO_SEXUAL|ACOSO_GENERO_IDENTIDAD|AMENAZA_DIRECTA,22.60 chunks de daño y 0.86 amenazas por video en el corpus base,70
BprT9BdgQJs,https://www.youtube.com/watch?v=BprT9BdgQJs,HABLANDO HUEVADAS - Novena Temporada [LA SEÑORA DE HUAYCÁN],Hablando Huevadas,,5907.0,high_yield_channel,Hablando Huevadas,89,CONTENIDO_SEXUAL|ACOSO_GENERO_IDENTIDAD|AMENAZA_DIRECTA,22.60 chunks de daño y 0.86 amenazas por video en el corpus base,70
OvQX2fgSylM,https://www.youtube.com/watch?v=OvQX2fgSylM,RADIO HUEVADAS ft. PERIQUITO DE TRÉBOL CLAN,Hablando Huevadas,,3816.0,high_yield_channel,Hablando Huevadas,90,CONTENIDO_SEXUAL|ACOSO_GENERO_IDENTIDAD|AMENAZA_DIRECTA,22.60 chunks de daño y 0.86 amenazas por video en el corpus base,70
-i3x6RuFhFs,https://www.youtube.com/watch?v=-i3x6RuFhFs,HABLANDO HUEVADAS - Novena Temporada [OJALÁ ESTE PROGRAMA NO LO VEA LA FISCALÍA],Hablando Huevadas,,6984.0,high_yield_channel,Hablando Huevadas,91,CONTENIDO_SEXUAL|ACOSO_GENERO_IDENTIDAD|AMENAZA_DIRECTA,22.60 chunks de daño y 0.86 amenazas por video en el corpus base,70
Xmp80Nnx9Mc,https://www.youtube.com/watch?v=Xmp80Nnx9Mc,HABLANDO HUEVADAS - Novena Temporada [EL CHICO MÁS TÍMIDO DE LA HISTORIA],Hablando Huevadas,,5511.0,high_yield_channel,Hablando Huevadas,92,CONTENIDO_SEXUAL|ACOSO_GENERO_IDENTIDAD|AMENAZA_DIRECTA,22.60 chunks de daño y 0.86 amenazas por video en el corpus base,70
mYknvV1XdwU,https://www.youtube.com/watch?v=mYknvV1XdwU,HABLANDO HUEVADAS - Novena Temporada [NIÑA CON LEUCEMIA NOS ROBÓ],Hablando Huevadas,,5375.0,high_yield_channel,Hablando Huevadas,93,CONTENIDO_SEXUAL|ACOSO_GENERO_IDENTIDAD|AMENAZA_DIRECTA,22.60 chunks de daño y 0.86 amenazas por video en el corpus base,70
LpvsrCdjPy4,https://www.youtube.com/watch?v=LpvsrCdjPy4,HABLANDO HUEVADAS - Novena Temporada [SEÑORA DISCAPACITADA NO COLABORA],Hablando Huevadas,,6441.0,high_yield_channel,Hablando Huevadas,94,CONTENIDO_SEXUAL|ACOSO_GENERO_IDENTIDAD|AMENAZA_DIRECTA,22.60 chunks de daño y 0.86 amenazas por video en el corpus base,70
q0pc1Ujz-Co,https://www.youtube.com/watch?v=q0pc1Ujz-Co,HABLANDO HUEVADAS - Novena Temporada [JUANITA SE VA DE VACACIONES],Hablando Huevadas,,6060.0,high_yield_channel,Hablando Huevadas,95,CONTENIDO_SEXUAL|ACOSO_GENERO_IDENTIDAD|AMENAZA_DIRECTA,22.60 chunks de daño y 0.86 amenazas por video en el corpus base,70
xXB86WbaNMA,https://www.youtube.com/watch?v=xXB86WbaNMA,HABLANDO HUEVADAS - Barcelona [SOY AMIGO DE LAMINE YAMAL],Hablando Huevadas,,6521.0,high_yield_channel,Hablando Huevadas,96,CONTENIDO_SEXUAL|ACOSO_GENERO_IDENTIDAD|AMENAZA_DIRECTA,22.60 chunks de daño y 0.86 amenazas por video en el corpus base,70
BeAM28cXcP4,https://www.youtube.com/watch?v=BeAM28cXcP4,HABLANDO HUEVADAS - Novena Temporada [LA VENDEDORA QUE NO SABE QUÉ VENDE],Hablando Huevadas,,6034.0,high_yield_channel,Hablando Huevadas,97,CONTENIDO_SEXUAL|ACOSO_GENERO_IDENTIDAD|AMENAZA_DIRECTA,22.60 chunks de daño y 0.86 amenazas por video en el corpus base,70
A8ZSwd9Pflg,https://www.youtube.com/watch?v=A8ZSwd9Pflg,HABLANDO HUEVADAS - Novena Temporada [EL CHICO CON TOURETTE / HEMOS PECADO PADRE],Hablando Huevadas,,5684.0,high_yield_channel,Hablando Huevadas,98,CONTENIDO_SEXUAL|ACOSO_GENERO_IDENTIDAD|AMENAZA_DIRECTA,22.60 chunks de daño y 0.86 amenazas por video en el corpus base,70
gOCHf6NsE0s,https://www.youtube.com/watch?v=gOCHf6NsE0s,HABLANDO HUEVADAS - Novena Temporada [EL NIÑO DE LAS MIL HERIDAS Y LAS MIL PULSERAS],Hablando Huevadas,,5961.0,high_yield_channel,Hablando Huevadas,99,CONTENIDO_SEXUAL|ACOSO_GENERO_IDENTIDAD|AMENAZA_DIRECTA,22.60 chunks de daño y 0.86 amenazas por video en el corpus base,70
lMwv0knNOmo,https://www.youtube.com/watch?v=lMwv0knNOmo,RADIO HUEVADAS FT. JOHANNA SAN MIGUEL,Hablando Huevadas,,4250.0,high_yield_channel,Hablando Huevadas,100,CONTENIDO_SEXUAL|ACOSO_GENERO_IDENTIDAD|AMENAZA_DIRECTA,22.60 chunks de daño y 0.86 amenazas por video en el corpus base,70
qblE5nX7Hok,https://www.youtube.com/watch?v=qblE5nX7Hok,HABLANDO HUEVADAS - Novena Temporada [LA MAMÁ DE JORGE LE PEGÓ EN SU COLEGIO],Hablando Huevadas,,6625.0,high_yield_channel,Hablando Huevadas,101,CONTENIDO_SEXUAL|ACOSO_GENERO_IDENTIDAD|AMENAZA_DIRECTA,22.60 chunks de daño y 0.86 amenazas por video en el corpus base,70
fO3eL-4ZrIM,https://www.youtube.com/watch?v=fO3eL-4ZrIM,HABLANDO HUEVADAS - MADISON SQUARE GARDEN [HUMILDAD],Hablando Huevadas,,5461.0,high_yield_channel,Hablando Huevadas,102,CONTENIDO_SEXUAL|ACOSO_GENERO_IDENTIDAD|AMENAZA_DIRECTA,22.60 chunks de daño y 0.86 amenazas por video en el corpus base,70
DIaSdQP31Yc,https://www.youtube.com/watch?v=DIaSdQP31Yc,"HABLANDO HUEVADAS - Novena Temporada [NIÑERA, CONERA Y CON MUCHA ACTITUD]",Hablando Huevadas,,6851.0,high_yield_channel,Hablando Huevadas,103,CONTENIDO_SEXUAL|ACOSO_GENERO_IDENTIDAD|AMENAZA_DIRECTA,22.60 chunks de daño y 0.86 amenazas por video en el corpus base,70
qWSk2Ku2BG4,https://www.youtube.com/watch?v=qWSk2Ku2BG4,HABLANDO HUEVADAS - Novena Temporada [JORGE Y LA SEÑORA MUSULMANA],Hablando Huevadas,,6611.0,high_yield_channel,Hablando Huevadas,104,CONTENIDO_SEXUAL|ACOSO_GENERO_IDENTIDAD|AMENAZA_DIRECTA,22.60 chunks de daño y 0.86 amenazas por video en el corpus base,70
0k9gUF-Y2uk,https://www.youtube.com/watch?v=0k9gUF-Y2uk,HABLANDO HUEVADAS - Novena Temporada [OTRA VEZ JUANITA],Hablando Huevadas,,6510.0,high_yield_channel,Hablando Huevadas,105,CONTENIDO_SEXUAL|ACOSO_GENERO_IDENTIDAD|AMENAZA_DIRECTA,22.60 chunks de daño y 0.86 amenazas por video en el corpus base,70
9FJFWRM2R0Y,https://www.youtube.com/watch?v=9FJFWRM2R0Y,¡Hablando Huevadas en el Madison Square Garden!,Hablando Huevadas,,136.0,high_yield_channel,Hablando Huevadas,106,CONTENIDO_SEXUAL|ACOSO_GENERO_IDENTIDAD|AMENAZA_DIRECTA,22.60 chunks de daño y 0.86 amenazas por video en el corpus base,70
7gRuo0lnfZ0,https://www.youtube.com/watch?v=7gRuo0lnfZ0,HABLANDO HUEVADAS - Último Programa de Temporada [ME FUERON INFIEL EN IBIZA],Hablando Huevadas,,5124.0,high_yield_channel,Hablando Huevadas,107,CONTENIDO_SEXUAL|ACOSO_GENERO_IDENTIDAD|AMENAZA_DIRECTA,22.60 chunks de daño y 0.86 amenazas por video en el corpus base,70
vFHIBiV65Us,https://www.youtube.com/watch?v=vFHIBiV65Us,HABLANDO HUEVADAS - Octava Temporada [UNA BOMBA EN EL AVIÓN],Hablando Huevadas,,6659.0,high_yield_channel,Hablando Huevadas,108,CONTENIDO_SEXUAL|ACOSO_GENERO_IDENTIDAD|AMENAZA_DIRECTA,22.60 chunks de daño y 0.86 amenazas por video en el corpus base,70
qsKQ7WMpXJg,https://www.youtube.com/watch?v=qsKQ7WMpXJg,HABLANDO HUEVADAS - Octava Temporada [UNA PARAPLÉJICA VIENE AL SHOW],Hablando Huevadas,,6998.0,high_yield_channel,Hablando Huevadas,109,CONTENIDO_SEXUAL|ACOSO_GENERO_IDENTIDAD|AMENAZA_DIRECTA,22.60 chunks de daño y 0.86 amenazas por video en el corpus base,70
_Y5QOcyzCNA,https://www.youtube.com/watch?v=_Y5QOcyzCNA,HABLANDO HUEVADAS - Octava Temporada [EL COLCHÓN VIEJO DE JORGE],Hablando Huevadas,,6664.0,high_yield_channel,Hablando Huevadas,110,CONTENIDO_SEXUAL|ACOSO_GENERO_IDENTIDAD|AMENAZA_DIRECTA,22.60 chunks de daño y 0.86 amenazas por video en el corpus base,70
d3CDLLforQ8,https://www.youtube.com/watch?v=d3CDLLforQ8,HABLANDO HUEVADAS - Octava Temporada [EL P0T0 ESCALDADO DE JORGE],Hablando Huevadas,,6527.0,high_yield_channel,Hablando Huevadas,111,CONTENIDO_SEXUAL|ACOSO_GENERO_IDENTIDAD|AMENAZA_DIRECTA,22.60 chunks de daño y 0.86 amenazas por video en el corpus base,70
pe8cp8lJrmA,https://www.youtube.com/watch?v=pe8cp8lJrmA,HABLANDO HUEVADAS - Octava Temporada [ENTERRAMOS A UNA SEÑORA EN VIVO],Hablando Huevadas,,6454.0,high_yield_channel,Hablando Huevadas,112,CONTENIDO_SEXUAL|ACOSO_GENERO_IDENTIDAD|AMENAZA_DIRECTA,22.60 chunks de daño y 0.86 amenazas por video en el corpus base,70
wWwXhl6JWjM,https://www.youtube.com/watch?v=wWwXhl6JWjM,HABLANDO HUEVADAS - Octava Temporada [JORGE HABLO CON ROMEO SANTOS] / [SECUESTRAN A RICARDO],Hablando Huevadas,,6977.0,high_yield_channel,Hablando Huevadas,113,CONTENIDO_SEXUAL|ACOSO_GENERO_IDENTIDAD|AMENAZA_DIRECTA,22.60 chunks de daño y 0.86 amenazas por video en el corpus base,70
fkecpble2IU,https://www.youtube.com/watch?v=fkecpble2IU,HABLANDO HUEVADAS - Octava Temporada [LA INTERPOL BUSCA A RICARDO],Hablando Huevadas,,5609.0,high_yield_channel,Hablando Huevadas,114,CONTENIDO_SEXUAL|ACOSO_GENERO_IDENTIDAD|AMENAZA_DIRECTA,22.60 chunks de daño y 0.86 amenazas por video en el corpus base,70
zNhgusBiuOk,https://www.youtube.com/watch?v=zNhgusBiuOk,HABLANDO HUEVADAS - Octava Temporada [RICARDO PRESENTA A SU NUEVA NOVIA],Hablando Huevadas,,6247.0,high_yield_channel,Hablando Huevadas,115,CONTENIDO_SEXUAL|ACOSO_GENERO_IDENTIDAD|AMENAZA_DIRECTA,22.60 chunks de daño y 0.86 amenazas por video en el corpus base,70
Qc-IEQ86C9g,https://www.youtube.com/watch?v=Qc-IEQ86C9g,"HABLANDO HUEVADAS - Octava Temporada [""LA CHUPAPÍ Y LA CHUPACÚ""]",Hablando Huevadas,,5622.0,high_yield_channel,Hablando Huevadas,116,CONTENIDO_SEXUAL|ACOSO_GENERO_IDENTIDAD|AMENAZA_DIRECTA,22.60 chunks de daño y 0.86 amenazas por video en el corpus base,70
kiNIcjJd5w8,https://www.youtube.com/watch?v=kiNIcjJd5w8,HABLANDO HUEVADAS - Octava Temporada [EL SHOW QUE TE HARÁ LLORAR],Hablando Huevadas,,6291.0,high_yield_channel,Hablando Huevadas,117,CONTENIDO_SEXUAL|ACOSO_GENERO_IDENTIDAD|AMENAZA_DIRECTA,22.60 chunks de daño y 0.86 amenazas por video en el corpus base,70
GLYE-AOA_MM,https://www.youtube.com/watch?v=GLYE-AOA_MM,HABLANDO HUEVADAS - Octava Temporada [NO NOS MERECEN],Hablando Huevadas,,6216.0,high_yield_channel,Hablando Huevadas,118,CONTENIDO_SEXUAL|ACOSO_GENERO_IDENTIDAD|AMENAZA_DIRECTA,22.60 chunks de daño y 0.86 amenazas por video en el corpus base,70
snUgRK6Y-JU,https://www.youtube.com/watch?v=snUgRK6Y-JU,HABLANDO HUEVADAS - Octava Temporada [NIÑO ANTICUCHERO],Hablando Huevadas,,5185.0,high_yield_channel,Hablando Huevadas,119,CONTENIDO_SEXUAL|ACOSO_GENERO_IDENTIDAD|AMENAZA_DIRECTA,22.60 chunks de daño y 0.86 amenazas por video en el corpus base,70
BpoeXZ4lbPQ,https://www.youtube.com/watch?v=BpoeXZ4lbPQ,HABLANDO HUEVADAS - Octava Temporada [JORGE CASI SE PELEA EN UNA PICHANGA],Hablando Huevadas,,5620.0,high_yield_channel,Hablando Huevadas,120,CONTENIDO_SEXUAL|ACOSO_GENERO_IDENTIDAD|AMENAZA_DIRECTA,22.60 chunks de daño y 0.86 amenazas por video en el corpus base,70
bF968KQTddg,https://www.youtube.com/watch?v=bF968KQTddg,HABLANDO HUEVADAS - Octava Temporada [LA HISTORIA MÁS LARGA],Hablando Huevadas,,6947.0,high_yield_channel,Hablando Huevadas,121,CONTENIDO_SEXUAL|ACOSO_GENERO_IDENTIDAD|AMENAZA_DIRECTA,22.60 chunks de daño y 0.86 amenazas por video en el corpus base,70
l-3RU46fHrY,https://www.youtube.com/watch?v=l-3RU46fHrY,HABLANDO HUEVADAS - Octava Temporada [CHICA INFIEL PIDE PERDÓN],Hablando Huevadas,,5419.0,high_yield_channel,Hablando Huevadas,122,CONTENIDO_SEXUAL|ACOSO_GENERO_IDENTIDAD|AMENAZA_DIRECTA,22.60 chunks de daño y 0.86 amenazas por video en el corpus base,70
ZMPYUxpQ-9c,https://www.youtube.com/watch?v=ZMPYUxpQ-9c,HABLANDO HUEVADAS - Octava Temporada [SE LE CAYÓ LA DENTADURA A LA SEÑO],Hablando Huevadas,,5807.0,high_yield_channel,Hablando Huevadas,123,CONTENIDO_SEXUAL|ACOSO_GENERO_IDENTIDAD|AMENAZA_DIRECTA,22.60 chunks de daño y 0.86 amenazas por video en el corpus base,70
6Uyerf_9EDk,https://www.youtube.com/watch?v=6Uyerf_9EDk,HABLANDO HUEVADAS - Octava Temporada [EL CUMPLE DE JORGITO],Hablando Huevadas,,6624.0,high_yield_channel,Hablando Huevadas,124,CONTENIDO_SEXUAL|ACOSO_GENERO_IDENTIDAD|AMENAZA_DIRECTA,22.60 chunks de daño y 0.86 amenazas por video en el corpus base,70
xXvtr4nrBwo,https://www.youtube.com/watch?v=xXvtr4nrBwo,HABLANDO HUEVADAS - Octava Temporada [JORGE HACE UN ORAL EN EL AVIÓN],Hablando Huevadas,,6192.0,high_yield_channel,Hablando Huevadas,125,CONTENIDO_SEXUAL|ACOSO_GENERO_IDENTIDAD|AMENAZA_DIRECTA,22.60 chunks de daño y 0.86 amenazas por video en el corpus base,70
i5iGzwF_uVM,https://www.youtube.com/watch?v=i5iGzwF_uVM,HABLANDO HUEVADAS - Octava Temporada [N1Ñ0 VENDE C0ND0N3S],Hablando Huevadas,,5325.0,high_yield_channel,Hablando Huevadas,126,CONTENIDO_SEXUAL|ACOSO_GENERO_IDENTIDAD|AMENAZA_DIRECTA,22.60 chunks de daño y 0.86 amenazas por video en el corpus base,70
zs0ApRyc42c,https://www.youtube.com/watch?v=zs0ApRyc42c,HABLANDO HUEVADAS - Octava Temporada [JORGE SE PONE LOCAZO EN UN AVIÓN],Hablando Huevadas,,6058.0,high_yield_channel,Hablando Huevadas,127,CONTENIDO_SEXUAL|ACOSO_GENERO_IDENTIDAD|AMENAZA_DIRECTA,22.60 chunks de daño y 0.86 amenazas por video en el corpus base,70
rHZNbmZXOa4,https://www.youtube.com/watch?v=rHZNbmZXOa4,HABLANDO HUEVADAS - Octava Temporada [RICARDO COMPRA POLO DE 2MIL SOLES],Hablando Huevadas,,6149.0,high_yield_channel,Hablando Huevadas,128,CONTENIDO_SEXUAL|ACOSO_GENERO_IDENTIDAD|AMENAZA_DIRECTA,22.60 chunks de daño y 0.86 amenazas por video en el corpus base,70
Y7D6yII0VW4,https://www.youtube.com/watch?v=Y7D6yII0VW4,HABLANDO HUEVADAS - Octava Temporada [JORGE Y LA PIJAMA DE SU MUJER],Hablando Huevadas,,6057.0,high_yield_channel,Hablando Huevadas,129,CONTENIDO_SEXUAL|ACOSO_GENERO_IDENTIDAD|AMENAZA_DIRECTA,22.60 chunks de daño y 0.86 amenazas por video en el corpus base,70
Lcg-YRxSAuA,https://www.youtube.com/watch?v=Lcg-YRxSAuA,HABLANDO HUEVADAS - Octava Temporada [DOMINGUEZ ES UN HU3VON4ZO],Hablando Huevadas,,5404.0,high_yield_channel,Hablando Huevadas,130,CONTENIDO_SEXUAL|ACOSO_GENERO_IDENTIDAD|AMENAZA_DIRECTA,22.60 chunks de daño y 0.86 amenazas por video en el corpus base,70
5mhc3JSs-XI,https://www.youtube.com/watch?v=5mhc3JSs-XI,HABLANDO HUEVADAS - Séptima Temporada [ES HORA DE DECIR ADIÓS],Hablando Huevadas,,6196.0,high_yield_channel,Hablando Huevadas,131,CONTENIDO_SEXUAL|ACOSO_GENERO_IDENTIDAD|AMENAZA_DIRECTA,22.60 chunks de daño y 0.86 amenazas por video en el corpus base,70
7pZGLnGJAJs,https://www.youtube.com/watch?v=7pZGLnGJAJs,Estreno 17 de Diciembre - HIJO DE... - LA SERIE,Hablando Huevadas,,87.0,high_yield_channel,Hablando Huevadas,132,CONTENIDO_SEXUAL|ACOSO_GENERO_IDENTIDAD|AMENAZA_DIRECTA,22.60 chunks de daño y 0.86 amenazas por video en el corpus base,70
sUYBSxp57iA,https://www.youtube.com/watch?v=sUYBSxp57iA,HABLANDO HUEVADAS - Séptima Temporada [SE PASARON DE POBRES EN EL MALL DE SJL],Hablando Huevadas,,5806.0,high_yield_channel,Hablando Huevadas,133,CONTENIDO_SEXUAL|ACOSO_GENERO_IDENTIDAD|AMENAZA_DIRECTA,22.60 chunks de daño y 0.86 amenazas por video en el corpus base,70
JRhP2M2YodM,https://www.youtube.com/watch?v=JRhP2M2YodM,HABLANDO HUEVADAS - Séptima Temporada [EL TRISTE CASO DEL NIÑO ABANDONADO],Hablando Huevadas,,5914.0,high_yield_channel,Hablando Huevadas,134,CONTENIDO_SEXUAL|ACOSO_GENERO_IDENTIDAD|AMENAZA_DIRECTA,22.60 chunks de daño y 0.86 amenazas por video en el corpus base,70
QJrhR2qpQV4,https://www.youtube.com/watch?v=QJrhR2qpQV4,RADIO HUEVADAS FT. DILO NO MÁS,Hablando Huevadas,,3449.0,high_yield_channel,Hablando Huevadas,135,CONTENIDO_SEXUAL|ACOSO_GENERO_IDENTIDAD|AMENAZA_DIRECTA,22.60 chunks de daño y 0.86 amenazas por video en el corpus base,70
I6I2oAifl38,https://www.youtube.com/watch?v=I6I2oAifl38,HABLANDO HUEVADAS - Séptima Temporada [JORGE LE MIENTE A LOS RAPPIS],Hablando Huevadas,,6663.0,high_yield_channel,Hablando Huevadas,136,CONTENIDO_SEXUAL|ACOSO_GENERO_IDENTIDAD|AMENAZA_DIRECTA,22.60 chunks de daño y 0.86 amenazas por video en el corpus base,70
kg0i5SXeEc4,https://www.youtube.com/watch?v=kg0i5SXeEc4,HABLANDO HUEVADAS - Séptima Temporada [JORGE SE HACE UNA PAJITA EN LA CLÍNICA],Hablando Huevadas,,5812.0,high_yield_channel,Hablando Huevadas,137,CONTENIDO_SEXUAL|ACOSO_GENERO_IDENTIDAD|AMENAZA_DIRECTA,22.60 chunks de daño y 0.86 amenazas por video en el corpus base,70
jty6uEoHEJo,https://www.youtube.com/watch?v=jty6uEoHEJo,RADIO HUEVADAS FT. DEYVIS OROSCO,Hablando Huevadas,,3573.0,high_yield_channel,Hablando Huevadas,138,CONTENIDO_SEXUAL|ACOSO_GENERO_IDENTIDAD|AMENAZA_DIRECTA,22.60 chunks de daño y 0.86 amenazas por video en el corpus base,70
zgMN3uoHlsk,https://www.youtube.com/watch?v=zgMN3uoHlsk,"HABLANDO HUEVADAS - Séptima Temporada [PERREO PA LOS NENES, PERREO PA LAS NENAS]",Hablando Huevadas,,6149.0,high_yield_channel,Hablando Huevadas,139,CONTENIDO_SEXUAL|ACOSO_GENERO_IDENTIDAD|AMENAZA_DIRECTA,22.60 chunks de daño y 0.86 amenazas por video en el corpus base,70
RuaW67kdoq0,https://www.youtube.com/watch?v=RuaW67kdoq0,HABLANDO HUEVADAS - Séptima Temporada [JORGE SERÁ PRESIDENTE],Hablando Huevadas,,6294.0,high_yield_channel,Hablando Huevadas,140,CONTENIDO_SEXUAL|ACOSO_GENERO_IDENTIDAD|AMENAZA_DIRECTA,22.60 chunks de daño y 0.86 amenazas por video en el corpus base,70
j1xMfJa89es,https://www.youtube.com/watch?v=j1xMfJa89es,HABLANDO HUEVADAS - Séptima Temporada [UN ENANO ME RESPIRA LA NUCA],Hablando Huevadas,,5850.0,high_yield_channel,Hablando Huevadas,141,CONTENIDO_SEXUAL|ACOSO_GENERO_IDENTIDAD|AMENAZA_DIRECTA,22.60 chunks de daño y 0.86 amenazas por video en el corpus base,70
mmSXOgi6fAM,https://www.youtube.com/watch?v=mmSXOgi6fAM,HABLANDO HUEVADAS - Séptima Temporada [LEDERES EMPRESAREALES NOS VESETAN],Hablando Huevadas,,5817.0,high_yield_channel,Hablando Huevadas,142,CONTENIDO_SEXUAL|ACOSO_GENERO_IDENTIDAD|AMENAZA_DIRECTA,22.60 chunks de daño y 0.86 amenazas por video en el corpus base,70
edhl1KkH6VU,https://www.youtube.com/watch?v=edhl1KkH6VU,HABLANDO HUEVADAS - Séptima Temporada [NIÑO LLORA POR AMOR],Hablando Huevadas,,6249.0,high_yield_channel,Hablando Huevadas,143,CONTENIDO_SEXUAL|ACOSO_GENERO_IDENTIDAD|AMENAZA_DIRECTA,22.60 chunks de daño y 0.86 amenazas por video en el corpus base,70
6uWBBZC2oWM,https://www.youtube.com/watch?v=6uWBBZC2oWM,RADIO HUEVADAS FT. PHILLIP CHU JOY,Hablando Huevadas,,4203.0,high_yield_channel,Hablando Huevadas,144,CONTENIDO_SEXUAL|ACOSO_GENERO_IDENTIDAD|AMENAZA_DIRECTA,22.60 chunks de daño y 0.86 amenazas por video en el corpus base,70
Y7Tlxz99ebg,https://www.youtube.com/watch?v=Y7Tlxz99ebg,HABLANDO HUEVADAS - Séptima Temporada [¡POR FIN TENEMOS AUSPICIADOR!],Hablando Huevadas,,5992.0,high_yield_channel,Hablando Huevadas,145,CONTENIDO_SEXUAL|ACOSO_GENERO_IDENTIDAD|AMENAZA_DIRECTA,22.60 chunks de daño y 0.86 amenazas por video en el corpus base,70
RvBBiTVp9Sg,https://www.youtube.com/watch?v=RvBBiTVp9Sg,HABLANDO HUEVADAS - Séptima Temporada [¿CÓMO CRÍAS A TUS HIJOS?],Hablando Huevadas,,5301.0,high_yield_channel,Hablando Huevadas,146,CONTENIDO_SEXUAL|ACOSO_GENERO_IDENTIDAD|AMENAZA_DIRECTA,22.60 chunks de daño y 0.86 amenazas por video en el corpus base,70
kTe7fV8RRAk,https://www.youtube.com/watch?v=kTe7fV8RRAk,HABLANDO HUEVADAS - Séptima Temporada [SI NO APAGO LA LUZ MI FAMILIA SE MUERE],Hablando Huevadas,,5871.0,high_yield_channel,Hablando Huevadas,147,CONTENIDO_SEXUAL|ACOSO_GENERO_IDENTIDAD|AMENAZA_DIRECTA,22.60 chunks de daño y 0.86 amenazas por video en el corpus base,70
73sDXhfbIus,https://www.youtube.com/watch?v=73sDXhfbIus,HABLANDO HUEVADAS - Séptima Temporada [¡MILAGRO! SE LEVANTÓ EL DISCAPACITADO],Hablando Huevadas,,5342.0,high_yield_channel,Hablando Huevadas,148,CONTENIDO_SEXUAL|ACOSO_GENERO_IDENTIDAD|AMENAZA_DIRECTA,22.60 chunks de daño y 0.86 amenazas por video en el corpus base,70
me16dYmSe8A,https://www.youtube.com/watch?v=me16dYmSe8A,RADIO HUEVADAS FT. HENRY SPENCER,Hablando Huevadas,,2927.0,high_yield_channel,Hablando Huevadas,149,CONTENIDO_SEXUAL|ACOSO_GENERO_IDENTIDAD|AMENAZA_DIRECTA,22.60 chunks de daño y 0.86 amenazas por video en el corpus base,70
1V3rgtAW71c,https://www.youtube.com/watch?v=1V3rgtAW71c,HABLANDO HUEVADAS - Séptima Temporada [VINO AL SHOW UNA SEÑORA BORRACHA],Hablando Huevadas,,5250.0,high_yield_channel,Hablando Huevadas,150,CONTENIDO_SEXUAL|ACOSO_GENERO_IDENTIDAD|AMENAZA_DIRECTA,22.60 chunks de daño y 0.86 amenazas por video en el corpus base,70
6oTllXbgRc4,https://www.youtube.com/watch?v=6oTllXbgRc4,HABLANDO HUEVADAS - Séptima Temporada [ME LA HICE CON 12 SOLES],Hablando Huevadas,,5047.0,high_yield_channel,Hablando Huevadas,151,CONTENIDO_SEXUAL|ACOSO_GENERO_IDENTIDAD|AMENAZA_DIRECTA,22.60 chunks de daño y 0.86 amenazas por video en el corpus base,70
uqBijAxaT2Y,https://www.youtube.com/watch?v=uqBijAxaT2Y,HABLANDO HUEVADAS - Séptima Temporada [COLORIDO TEST PARA UN DALTÓNICO],Hablando Huevadas,,6338.0,high_yield_channel,Hablando Huevadas,152,CONTENIDO_SEXUAL|ACOSO_GENERO_IDENTIDAD|AMENAZA_DIRECTA,22.60 chunks de daño y 0.86 amenazas por video en el corpus base,70
LvndnVqZCJo,https://www.youtube.com/watch?v=LvndnVqZCJo,RADIO HUEVADAS FT. DR. FIT,Hablando Huevadas,,2844.0,high_yield_channel,Hablando Huevadas,153,CONTENIDO_SEXUAL|ACOSO_GENERO_IDENTIDAD|AMENAZA_DIRECTA,22.60 chunks de daño y 0.86 amenazas por video en el corpus base,70
V8AVjOwEq6A,https://www.youtube.com/watch?v=V8AVjOwEq6A,HABLANDO HUEVADAS - Séptima Temporada [UN CHINO KOREANO QUE ES JAPONÉS],Hablando Huevadas,,5361.0,high_yield_channel,Hablando Huevadas,154,CONTENIDO_SEXUAL|ACOSO_GENERO_IDENTIDAD|AMENAZA_DIRECTA,22.60 chunks de daño y 0.86 amenazas por video en el corpus base,70
daRp1ixwIfc,https://www.youtube.com/watch?v=daRp1ixwIfc,RADIO HUEVADAS FT. CÉSAR RITTER,Hablando Huevadas,,3645.0,high_yield_channel,Hablando Huevadas,155,CONTENIDO_SEXUAL|ACOSO_GENERO_IDENTIDAD|AMENAZA_DIRECTA,22.60 chunks de daño y 0.86 amenazas por video en el corpus base,70
ahdUTalHtJ0,https://www.youtube.com/watch?v=ahdUTalHtJ0,"HABLANDO HUEVADAS - Séptima Temporada [UNA SEÑORA ""LA VE"" EN VIVO]",Hablando Huevadas,,5668.0,high_yield_channel,Hablando Huevadas,156,CONTENIDO_SEXUAL|ACOSO_GENERO_IDENTIDAD|AMENAZA_DIRECTA,22.60 chunks de daño y 0.86 amenazas por video en el corpus base,70
WyqPAkbM-aY,https://www.youtube.com/watch?v=WyqPAkbM-aY,HABLANDO HUEVADAS - Séptima Temporada [CUMPLIMOS LOS ÚLTIMOS DESEOS A UN FAN],Hablando Huevadas,,5219.0,high_yield_channel,Hablando Huevadas,157,CONTENIDO_SEXUAL|ACOSO_GENERO_IDENTIDAD|AMENAZA_DIRECTA,22.60 chunks de daño y 0.86 amenazas por video en el corpus base,70
Zcni4I2Kr38,https://www.youtube.com/watch?v=Zcni4I2Kr38,RADIO HUEVADAS FT. EVA AYLLÓN,Hablando Huevadas,,3549.0,high_yield_channel,Hablando Huevadas,158,CONTENIDO_SEXUAL|ACOSO_GENERO_IDENTIDAD|AMENAZA_DIRECTA,22.60 chunks de daño y 0.86 amenazas por video en el corpus base,70
RMEFtb6-oLs,https://www.youtube.com/watch?v=RMEFtb6-oLs,HABLANDO HUEVADAS - Séptima Temporada [¿QUÉ VAMOS A COMPRAR CON 35 MILLONES?],Hablando Huevadas,,5397.0,high_yield_channel,Hablando Huevadas,159,CONTENIDO_SEXUAL|ACOSO_GENERO_IDENTIDAD|AMENAZA_DIRECTA,22.60 chunks de daño y 0.86 amenazas por video en el corpus base,70
95UbHf26700,https://www.youtube.com/watch?v=95UbHf26700,HABLANDO HUEVADAS - Séptima Temporada [JORGE Y EL CUMPLE DE SU ESPOSA],Hablando Huevadas,,6146.0,high_yield_channel,Hablando Huevadas,160,CONTENIDO_SEXUAL|ACOSO_GENERO_IDENTIDAD|AMENAZA_DIRECTA,22.60 chunks de daño y 0.86 amenazas por video en el corpus base,70
ptIZcm6BPnw,https://www.youtube.com/watch?v=ptIZcm6BPnw,Liam Z - Otra Noche Mas Remix Ft. Hablando Huevadas (Videoclip Oficial),Hablando Huevadas,,207.0,high_yield_channel,Hablando Huevadas,161,CONTENIDO_SEXUAL|ACOSO_GENERO_IDENTIDAD|AMENAZA_DIRECTA,22.60 chunks de daño y 0.86 amenazas por video en el corpus base,70
RRfC8bo81Sc,https://www.youtube.com/watch?v=RRfC8bo81Sc,HABLANDO HUEVADAS - Séptima Temporada [UN MEME VIENE A VERNOS],Hablando Huevadas,,5989.0,high_yield_channel,Hablando Huevadas,162,CONTENIDO_SEXUAL|ACOSO_GENERO_IDENTIDAD|AMENAZA_DIRECTA,22.60 chunks de daño y 0.86 amenazas por video en el corpus base,70
Aoz84jdIM5c,https://www.youtube.com/watch?v=Aoz84jdIM5c,RADIO HUEVADAS FT. YARITA LIZETH,Hablando Huevadas,,2800.0,high_yield_channel,Hablando Huevadas,163,CONTENIDO_SEXUAL|ACOSO_GENERO_IDENTIDAD|AMENAZA_DIRECTA,22.60 chunks de daño y 0.86 amenazas por video en el corpus base,70
5oIY5J3WlFo,https://www.youtube.com/watch?v=5oIY5J3WlFo,HABLANDO HUEVADAS - Séptima Temporada [NIÑO CON LEUCEM1A NOS ROBA],Hablando Huevadas,,5331.0,high_yield_channel,Hablando Huevadas,164,CONTENIDO_SEXUAL|ACOSO_GENERO_IDENTIDAD|AMENAZA_DIRECTA,22.60 chunks de daño y 0.86 amenazas por video en el corpus base,70
E646yAAcoqk,https://www.youtube.com/watch?v=E646yAAcoqk,HABLANDO HUEVADAS - Séptima Temporada [BULLYING NUNCA MÁS],Hablando Huevadas,,5442.0,high_yield_channel,Hablando Huevadas,165,CONTENIDO_SEXUAL|ACOSO_GENERO_IDENTIDAD|AMENAZA_DIRECTA,22.60 chunks de daño y 0.86 amenazas por video en el corpus base,70
5TYGqN7uwCk,https://www.youtube.com/watch?v=5TYGqN7uwCk,HABLANDO HUEVADAS - Séptima Temporada [EX PELADITA SE LE REGALA A JORGE],Hablando Huevadas,,6729.0,high_yield_channel,Hablando Huevadas,166,CONTENIDO_SEXUAL|ACOSO_GENERO_IDENTIDAD|AMENAZA_DIRECTA,22.60 chunks de daño y 0.86 amenazas por video en el corpus base,70
pF1t5Ha-rkI,https://www.youtube.com/watch?v=pF1t5Ha-rkI,RADIO HUEVADAS FT. LESLIE SHAW,Hablando Huevadas,,2746.0,high_yield_channel,Hablando Huevadas,167,CONTENIDO_SEXUAL|ACOSO_GENERO_IDENTIDAD|AMENAZA_DIRECTA,22.60 chunks de daño y 0.86 amenazas por video en el corpus base,70
vmor2SavLIU,https://www.youtube.com/watch?v=vmor2SavLIU,HABLANDO HUEVADAS - Séptima Temporada [NOS TOMAMOS FOTO CON UN MU3RTO],Hablando Huevadas,,5910.0,high_yield_channel,Hablando Huevadas,168,CONTENIDO_SEXUAL|ACOSO_GENERO_IDENTIDAD|AMENAZA_DIRECTA,22.60 chunks de daño y 0.86 amenazas por video en el corpus base,70
81Z4T8RUCTU,https://www.youtube.com/watch?v=81Z4T8RUCTU,HABLANDO HUEVADAS - Séptima Temporada [¡QUÉ SE CASEN LOS H0M0S3XU4L3S!],Hablando Huevadas,,5678.0,high_yield_channel,Hablando Huevadas,169,CONTENIDO_SEXUAL|ACOSO_GENERO_IDENTIDAD|AMENAZA_DIRECTA,22.60 chunks de daño y 0.86 amenazas por video en el corpus base,70
GLt6k_BRhv8,https://www.youtube.com/watch?v=GLt6k_BRhv8,RADIO HUEVADAS FT. SASKIA BERNAOLA,Hablando Huevadas,,3191.0,high_yield_channel,Hablando Huevadas,170,CONTENIDO_SEXUAL|ACOSO_GENERO_IDENTIDAD|AMENAZA_DIRECTA,22.60 chunks de daño y 0.86 amenazas por video en el corpus base,70
T0Wbv117iPg,https://www.youtube.com/watch?v=T0Wbv117iPg,HABLANDO HUEVADAS - Séptima Temporada [JORGE Y EL LIMPIA LUNAS EXTORSIONADOR],Hablando Huevadas,,6594.0,high_yield_channel,Hablando Huevadas,171,CONTENIDO_SEXUAL|ACOSO_GENERO_IDENTIDAD|AMENAZA_DIRECTA,22.60 chunks de daño y 0.86 amenazas por video en el corpus base,70
GBzkcH1mXRs,https://www.youtube.com/watch?v=GBzkcH1mXRs,RADIO HUEVADAS FT. VERÓNICA LINARES,Hablando Huevadas,,4900.0,high_yield_channel,Hablando Huevadas,172,CONTENIDO_SEXUAL|ACOSO_GENERO_IDENTIDAD|AMENAZA_DIRECTA,22.60 chunks de daño y 0.86 amenazas por video en el corpus base,70
R7snFUuoBR8,https://www.youtube.com/watch?v=R7snFUuoBR8,HABLANDO HUEVADAS - Sexta Temporada [FIN DE TEMPORADA - SOY PUT4 DE 50 SOLES],Hablando Huevadas,,6802.0,high_yield_channel,Hablando Huevadas,173,CONTENIDO_SEXUAL|ACOSO_GENERO_IDENTIDAD|AMENAZA_DIRECTA,22.60 chunks de daño y 0.86 amenazas por video en el corpus base,70
VGaNoh3LTrg,https://www.youtube.com/watch?v=VGaNoh3LTrg,RADIO HUEVADAS FT. ACTORES DE BETTY LA FEA,Hablando Huevadas,,2395.0,high_yield_channel,Hablando Huevadas,174,CONTENIDO_SEXUAL|ACOSO_GENERO_IDENTIDAD|AMENAZA_DIRECTA,22.60 chunks de daño y 0.86 amenazas por video en el corpus base,70
xMedL8a6RkE,https://www.youtube.com/watch?v=xMedL8a6RkE,Un Año Más Contra El Mundo - SHOW STREAMING,Hablando Huevadas,,76.0,high_yield_channel,Hablando Huevadas,175,CONTENIDO_SEXUAL|ACOSO_GENERO_IDENTIDAD|AMENAZA_DIRECTA,22.60 chunks de daño y 0.86 amenazas por video en el corpus base,70
pH1RC0QnrOY,https://www.youtube.com/watch?v=pH1RC0QnrOY,RADIO HUEVADAS FT. PATRICIA PORTOCARRERO,Hablando Huevadas,,4159.0,high_yield_channel,Hablando Huevadas,176,CONTENIDO_SEXUAL|ACOSO_GENERO_IDENTIDAD|AMENAZA_DIRECTA,22.60 chunks de daño y 0.86 amenazas por video en el corpus base,70
yCjQC2ganZo,https://www.youtube.com/watch?v=yCjQC2ganZo,HABLANDO HUEVADAS - Sexta Temporada [JORGE Y SU ESPOSA EN UN S3XSHOP],Hablando Huevadas,,5138.0,high_yield_channel,Hablando Huevadas,177,CONTENIDO_SEXUAL|ACOSO_GENERO_IDENTIDAD|AMENAZA_DIRECTA,22.60 chunks de daño y 0.86 amenazas por video en el corpus base,70
_CoqVImnI7Q,https://www.youtube.com/watch?v=_CoqVImnI7Q,HABLANDO HUEVADAS - Sexta Temporada [GRABAMOS UN VIDEOCLIP],Hablando Huevadas,,5128.0,high_yield_channel,Hablando Huevadas,178,CONTENIDO_SEXUAL|ACOSO_GENERO_IDENTIDAD|AMENAZA_DIRECTA,22.60 chunks de daño y 0.86 amenazas por video en el corpus base,70
Iy8_Rrz6WMY,https://www.youtube.com/watch?v=Iy8_Rrz6WMY,HABLANDO HUEVADAS - Sexta Temporada [¡CORREEEE EL HUAYCO!],Hablando Huevadas,,5212.0,high_yield_channel,Hablando Huevadas,179,CONTENIDO_SEXUAL|ACOSO_GENERO_IDENTIDAD|AMENAZA_DIRECTA,22.60 chunks de daño y 0.86 amenazas por video en el corpus base,70
e34BRxYjfQ0,https://www.youtube.com/watch?v=e34BRxYjfQ0,HABLANDO HUEVADAS - Sexta Temporada [EL NIÑO CUADRAPLÉJICO MALCRIADO] HH EN ARGENTINA - GRAN REX,Hablando Huevadas,,5297.0,high_yield_channel,Hablando Huevadas,180,CONTENIDO_SEXUAL|ACOSO_GENERO_IDENTIDAD|AMENAZA_DIRECTA,22.60 chunks de daño y 0.86 amenazas por video en el corpus base,70
XgTC2tDGXQs,https://www.youtube.com/watch?v=XgTC2tDGXQs,HABLANDO HUEVADAS - Sexta Temporada [JORGE ES UN M0TH3R FVCK3R] HH EN LONDRES,Hablando Huevadas,,5741.0,high_yield_channel,Hablando Huevadas,181,CONTENIDO_SEXUAL|ACOSO_GENERO_IDENTIDAD|AMENAZA_DIRECTA,22.60 chunks de daño y 0.86 amenazas por video en el corpus base,70
0DyxIk9LQ7s,https://www.youtube.com/watch?v=0DyxIk9LQ7s,HABLANDO HUEVADAS - Sexta Temporada [EL PODER DE FRANCO ESCAMILLA] HH EN MÉXICO,Hablando Huevadas,,5388.0,high_yield_channel,Hablando Huevadas,182,CONTENIDO_SEXUAL|ACOSO_GENERO_IDENTIDAD|AMENAZA_DIRECTA,22.60 chunks de daño y 0.86 amenazas por video en el corpus base,70
ZkQ30nxvRUM,https://www.youtube.com/watch?v=ZkQ30nxvRUM,RADIO HUEVADAS FT. ANDY & LUCAS,Hablando Huevadas,,2617.0,high_yield_channel,Hablando Huevadas,183,CONTENIDO_SEXUAL|ACOSO_GENERO_IDENTIDAD|AMENAZA_DIRECTA,22.60 chunks de daño y 0.86 amenazas por video en el corpus base,70
_mxlPlAVA0U,https://www.youtube.com/watch?v=_mxlPlAVA0U,HABLANDO HUEVADAS - Sexta Temporada [MI PAPÁ Y MI EX NOVIO TIENEN ALGO],Hablando Huevadas,,5786.0,high_yield_channel,Hablando Huevadas,184,CONTENIDO_SEXUAL|ACOSO_GENERO_IDENTIDAD|AMENAZA_DIRECTA,22.60 chunks de daño y 0.86 amenazas por video en el corpus base,70
npw20i4Ru3Q,https://www.youtube.com/watch?v=npw20i4Ru3Q,HABLANDO HUEVADAS - Sexta Temporada [RICARDO VS LA CRISTIANA DEL PÚBLICO],Hablando Huevadas,,6553.0,high_yield_channel,Hablando Huevadas,185,CONTENIDO_SEXUAL|ACOSO_GENERO_IDENTIDAD|AMENAZA_DIRECTA,22.60 chunks de daño y 0.86 amenazas por video en el corpus base,70
IuPdGNTy2L4,https://www.youtube.com/watch?v=IuPdGNTy2L4,HABLANDO HUEVADAS - Sexta Temporada [EL CÁNCER DE MAMA TIENE SUS VENTAJAS],Hablando Huevadas,,5314.0,high_yield_channel,Hablando Huevadas,186,CONTENIDO_SEXUAL|ACOSO_GENERO_IDENTIDAD|AMENAZA_DIRECTA,22.60 chunks de daño y 0.86 amenazas por video en el corpus base,70
JTwhxgqThzs,https://www.youtube.com/watch?v=JTwhxgqThzs,"HABLANDO HUEVADAS - Sexta Temporada [ESTUVE EN COMA, COMO QUIEN DICE, VEGETAL]",Hablando Huevadas,,5922.0,high_yield_channel,Hablando Huevadas,187,CONTENIDO_SEXUAL|ACOSO_GENERO_IDENTIDAD|AMENAZA_DIRECTA,22.60 chunks de daño y 0.86 amenazas por video en el corpus base,70
g_HXLpNsoT4,https://www.youtube.com/watch?v=g_HXLpNsoT4,HABLANDO HUEVADAS - Sexta Temporada [OTRO ESCLAVO NOS TRAICIONA],Hablando Huevadas,,7589.0,high_yield_channel,Hablando Huevadas,188,CONTENIDO_SEXUAL|ACOSO_GENERO_IDENTIDAD|AMENAZA_DIRECTA,22.60 chunks de daño y 0.86 amenazas por video en el corpus base,70
2kWj-GdcaqU,https://www.youtube.com/watch?v=2kWj-GdcaqU,HABLANDO HUEVADAS - Sexta Temporada [EL LOCO TARZÁN DE TACNA],Hablando Huevadas,,5499.0,high_yield_channel,Hablando Huevadas,189,CONTENIDO_SEXUAL|ACOSO_GENERO_IDENTIDAD|AMENAZA_DIRECTA,22.60 chunks de daño y 0.86 amenazas por video en el corpus base,70
DfOQ_nw_R34,https://www.youtube.com/watch?v=DfOQ_nw_R34,RADIO HUEVADAS FT. DAFONSEKA,Hablando Huevadas,,3720.0,high_yield_channel,Hablando Huevadas,190,CONTENIDO_SEXUAL|ACOSO_GENERO_IDENTIDAD|AMENAZA_DIRECTA,22.60 chunks de daño y 0.86 amenazas por video en el corpus base,70
HDR9p5-qbMs,https://www.youtube.com/watch?v=HDR9p5-qbMs,HABLANDO HUEVADAS - Sexta Temporada [LA CASACA AZÚL DE PEDRO CASTILLO],Hablando Huevadas,,6045.0,high_yield_channel,Hablando Huevadas,191,CONTENIDO_SEXUAL|ACOSO_GENERO_IDENTIDAD|AMENAZA_DIRECTA,22.60 chunks de daño y 0.86 amenazas por video en el corpus base,70
ssI21JPYAEo,https://www.youtube.com/watch?v=ssI21JPYAEo,RADIO HUEVADAS FT. GONCHO,Hablando Huevadas,,4348.0,high_yield_channel,Hablando Huevadas,192,CONTENIDO_SEXUAL|ACOSO_GENERO_IDENTIDAD|AMENAZA_DIRECTA,22.60 chunks de daño y 0.86 amenazas por video en el corpus base,70
BGLQApQItUA,https://www.youtube.com/watch?v=BGLQApQItUA,HABLANDO HUEVADAS - Sexta Temporada [REGALAMOS UN BEBÉ EN VIVO],Hablando Huevadas,,5374.0,high_yield_channel,Hablando Huevadas,193,CONTENIDO_SEXUAL|ACOSO_GENERO_IDENTIDAD|AMENAZA_DIRECTA,22.60 chunks de daño y 0.86 amenazas por video en el corpus base,70
5-Rc7dU-tvU,https://www.youtube.com/watch?v=5-Rc7dU-tvU,RADIO HUEVADAS FT. DJ PELIGRO,Hablando Huevadas,,3435.0,high_yield_channel,Hablando Huevadas,194,CONTENIDO_SEXUAL|ACOSO_GENERO_IDENTIDAD|AMENAZA_DIRECTA,22.60 chunks de daño y 0.86 amenazas por video en el corpus base,70
D5qev6kWArs,https://www.youtube.com/watch?v=D5qev6kWArs,HABLANDO HUEVADAS - Sexta Temporada [RICARDO MATÓ A UN FAN],Hablando Huevadas,,4616.0,high_yield_channel,Hablando Huevadas,195,CONTENIDO_SEXUAL|ACOSO_GENERO_IDENTIDAD|AMENAZA_DIRECTA,22.60 chunks de daño y 0.86 amenazas por video en el corpus base,70
nPWikoYqrBI,https://www.youtube.com/watch?v=nPWikoYqrBI,RADIO HUEVADAS FT. MARISOL,Hablando Huevadas,,3268.0,high_yield_channel,Hablando Huevadas,196,CONTENIDO_SEXUAL|ACOSO_GENERO_IDENTIDAD|AMENAZA_DIRECTA,22.60 chunks de daño y 0.86 amenazas por video en el corpus base,70
UNRw154kwvg,https://www.youtube.com/watch?v=UNRw154kwvg,HABLANDO HUEVADAS - Sexta Temporada [GRABAMOS UN COMERCIAL CON “OREJITA”],Hablando Huevadas,,5414.0,high_yield_channel,Hablando Huevadas,197,CONTENIDO_SEXUAL|ACOSO_GENERO_IDENTIDAD|AMENAZA_DIRECTA,22.60 chunks de daño y 0.86 amenazas por video en el corpus base,70
kXI3Z9wFvkU,https://www.youtube.com/watch?v=kXI3Z9wFvkU,RADIO HUEVADAS FT. LUCIANEKA,Hablando Huevadas,,3713.0,high_yield_channel,Hablando Huevadas,198,CONTENIDO_SEXUAL|ACOSO_GENERO_IDENTIDAD|AMENAZA_DIRECTA,22.60 chunks de daño y 0.86 amenazas por video en el corpus base,70
xkJyIr-Jaow,https://www.youtube.com/watch?v=xkJyIr-Jaow,HABLANDO HUEVADAS - Sexta Temporada [HAY NIÑOS QUE TIENEN HAMBRE],Hablando Huevadas,,5286.0,high_yield_channel,Hablando Huevadas,199,CONTENIDO_SEXUAL|ACOSO_GENERO_IDENTIDAD|AMENAZA_DIRECTA,22.60 chunks de daño y 0.86 amenazas por video en el corpus base,70
-YuSocNOc7Q,https://www.youtube.com/watch?v=-YuSocNOc7Q,RADIO HUEVADAS FT. YACO ESKENAZI,Hablando Huevadas,,4160.0,high_yield_channel,Hablando Huevadas,200,CONTENIDO_SEXUAL|ACOSO_GENERO_IDENTIDAD|AMENAZA_DIRECTA,22.60 chunks de daño y 0.86 amenazas por video en el corpus base,70
53QQGKobCpk,https://www.youtube.com/watch?v=53QQGKobCpk,RADIO HUEVADAS FT.  KING LEÓN,Hablando Huevadas,,3704.0,high_yield_channel,Hablando Huevadas,201,CONTENIDO_SEXUAL|ACOSO_GENERO_IDENTIDAD|AMENAZA_DIRECTA,22.60 chunks de daño y 0.86 amenazas por video en el corpus base,70
PuDbgDK82Ng,https://www.youtube.com/watch?v=PuDbgDK82Ng,RADIO HUEVADAS FT. NICOLASA,Hablando Huevadas,,3165.0,high_yield_channel,Hablando Huevadas,202,CONTENIDO_SEXUAL|ACOSO_GENERO_IDENTIDAD|AMENAZA_DIRECTA,22.60 chunks de daño y 0.86 amenazas por video en el corpus base,70
WVFtak_a8Is,https://www.youtube.com/watch?v=WVFtak_a8Is,RADIO HUEVADAS FT.  LOS SIBLINGS,Hablando Huevadas,,3607.0,high_yield_channel,Hablando Huevadas,203,CONTENIDO_SEXUAL|ACOSO_GENERO_IDENTIDAD|AMENAZA_DIRECTA,22.60 chunks de daño y 0.86 amenazas por video en el corpus base,70
6resdgG2-bg,https://www.youtube.com/watch?v=6resdgG2-bg,RADIO HUEVADAS FT.  NATALIA MÁLAGA,Hablando Huevadas,,3026.0,high_yield_channel,Hablando Huevadas,204,CONTENIDO_SEXUAL|ACOSO_GENERO_IDENTIDAD|AMENAZA_DIRECTA,22.60 chunks de daño y 0.86 amenazas por video en el corpus base,70
kTdfS_01kxk,https://www.youtube.com/watch?v=kTdfS_01kxk,HABLANDO HUEVADAS - Quinta Temporada [FIN DE TEMPORADA - FLUYENDO COMO UN MANATÍ],Hablando Huevadas,,5353.0,high_yield_channel,Hablando Huevadas,205,CONTENIDO_SEXUAL|ACOSO_GENERO_IDENTIDAD|AMENAZA_DIRECTA,22.60 chunks de daño y 0.86 amenazas por video en el corpus base,70
oTEdbTLyBvc,https://www.youtube.com/watch?v=oTEdbTLyBvc,HABLANDO HUEVADAS - Quinta Temporada [JORGITO EN UN RESTAURANTE CARO],Hablando Huevadas,,5055.0,high_yield_channel,Hablando Huevadas,206,CONTENIDO_SEXUAL|ACOSO_GENERO_IDENTIDAD|AMENAZA_DIRECTA,22.60 chunks de daño y 0.86 amenazas por video en el corpus base,70
HfKL2EcKfj4,https://www.youtube.com/watch?v=HfKL2EcKfj4,HABLANDO HUEVADAS - Quinta Temporada [ADIVINA QUIÉN ES ADOPTADO],Hablando Huevadas,,6113.0,high_yield_channel,Hablando Huevadas,207,CONTENIDO_SEXUAL|ACOSO_GENERO_IDENTIDAD|AMENAZA_DIRECTA,22.60 chunks de daño y 0.86 amenazas por video en el corpus base,70
BI-O7F9Bwpc,https://www.youtube.com/watch?v=BI-O7F9Bwpc,HABLANDO HUEVADAS - Quinta Temporada [JORGE Y SU NUEVA HIJA SAMAHARA],Hablando Huevadas,,5145.0,high_yield_channel,Hablando Huevadas,208,CONTENIDO_SEXUAL|ACOSO_GENERO_IDENTIDAD|AMENAZA_DIRECTA,22.60 chunks de daño y 0.86 amenazas por video en el corpus base,70
uMoqqrFWOmI,https://www.youtube.com/watch?v=uMoqqrFWOmI,HABLANDO HUEVADAS - Quinta Temporada [A RICHAVO LE VINO LA REGLA],Hablando Huevadas,,6017.0,high_yield_channel,Hablando Huevadas,209,CONTENIDO_SEXUAL|ACOSO_GENERO_IDENTIDAD|AMENAZA_DIRECTA,22.60 chunks de daño y 0.86 amenazas por video en el corpus base,70
9SMKAFqPwSs,https://www.youtube.com/watch?v=9SMKAFqPwSs,HABLANDO HUEVADAS - Quinta Temporada [SE VENGA DE SU EX EN VIVO],Hablando Huevadas,,5767.0,high_yield_channel,Hablando Huevadas,210,CONTENIDO_SEXUAL|ACOSO_GENERO_IDENTIDAD|AMENAZA_DIRECTA,22.60 chunks de daño y 0.86 amenazas por video en el corpus base,70
n-BBjJ9t7sQ,https://www.youtube.com/watch?v=n-BBjJ9t7sQ,HABLANDO HUEVADAS - Quinta Temporada [NOS HICIMOS UN TEST DE AUTISMO],Hablando Huevadas,,6114.0,high_yield_channel,Hablando Huevadas,211,CONTENIDO_SEXUAL|ACOSO_GENERO_IDENTIDAD|AMENAZA_DIRECTA,22.60 chunks de daño y 0.86 amenazas por video en el corpus base,70
MIkhrxK1bR8,https://www.youtube.com/watch?v=MIkhrxK1bR8,HABLANDO HUEVADAS - Quinta Temporada [IQUITOS - MI ABUELA MATÓ A UN COCODRILO],Hablando Huevadas,,5654.0,high_yield_channel,Hablando Huevadas,212,CONTENIDO_SEXUAL|ACOSO_GENERO_IDENTIDAD|AMENAZA_DIRECTA,22.60 chunks de daño y 0.86 amenazas por video en el corpus base,70
_61noQLqjaU,https://www.youtube.com/watch?v=_61noQLqjaU,HABLANDO HUEVADAS - Quinta Temporada [EL CIRCO DE HABLANDO HUEVADAS],Hablando Huevadas,,6204.0,high_yield_channel,Hablando Huevadas,213,CONTENIDO_SEXUAL|ACOSO_GENERO_IDENTIDAD|AMENAZA_DIRECTA,22.60 chunks de daño y 0.86 amenazas por video en el corpus base,70
_oKf1EVBBZQ,https://www.youtube.com/watch?v=_oKf1EVBBZQ,HABLANDO HUEVADAS - Quinta Temporada [ESO SI ES TRISTE],Hablando Huevadas,,4318.0,high_yield_channel,Hablando Huevadas,214,CONTENIDO_SEXUAL|ACOSO_GENERO_IDENTIDAD|AMENAZA_DIRECTA,22.60 chunks de daño y 0.86 amenazas por video en el corpus base,70
7dRQvZqRU-A,https://www.youtube.com/watch?v=7dRQvZqRU-A,HABLANDO HUEVADAS - Quinta Temporada [UN ESCLAVO VA A SER PAPÁ],Hablando Huevadas,,5297.0,high_yield_channel,Hablando Huevadas,215,CONTENIDO_SEXUAL|ACOSO_GENERO_IDENTIDAD|AMENAZA_DIRECTA,22.60 chunks de daño y 0.86 amenazas por video en el corpus base,70
sHZ-xvPDQuc,https://www.youtube.com/watch?v=sHZ-xvPDQuc,HABLANDO HUEVADAS - Quinta Temporada [SON POCOS MUERTOS],Hablando Huevadas,,4144.0,high_yield_channel,Hablando Huevadas,216,CONTENIDO_SEXUAL|ACOSO_GENERO_IDENTIDAD|AMENAZA_DIRECTA,22.60 chunks de daño y 0.86 amenazas por video en el corpus base,70
3TR-UUdPw9s,https://www.youtube.com/watch?v=3TR-UUdPw9s,HABLANDO HUEVADAS - Quinta Temporada [CONGRESISTA VIENE AL SHOW],Hablando Huevadas,,6907.0,high_yield_channel,Hablando Huevadas,217,CONTENIDO_SEXUAL|ACOSO_GENERO_IDENTIDAD|AMENAZA_DIRECTA,22.60 chunks de daño y 0.86 amenazas por video en el corpus base,70
DhU-s1H38ds,https://www.youtube.com/watch?v=DhU-s1H38ds,HABLANDO HUEVADAS - Quinta Temporada [JORGE Y RICARDO SE BESAN],Hablando Huevadas,,5538.0,high_yield_channel,Hablando Huevadas,218,CONTENIDO_SEXUAL|ACOSO_GENERO_IDENTIDAD|AMENAZA_DIRECTA,22.60 chunks de daño y 0.86 amenazas por video en el corpus base,70
W1NaJDOUJrY,https://www.youtube.com/watch?v=W1NaJDOUJrY,HABLANDO HUEVADAS - Quinta Temporada [JORGE Y EL POLICÍA DE QATAR],Hablando Huevadas,,5115.0,high_yield_channel,Hablando Huevadas,219,CONTENIDO_SEXUAL|ACOSO_GENERO_IDENTIDAD|AMENAZA_DIRECTA,22.60 chunks de daño y 0.86 amenazas por video en el corpus base,70
YMOS8GSkxQ4,https://www.youtube.com/watch?v=YMOS8GSkxQ4,HABLANDO HUEVADAS - Quinta Temporada [JORGE VS EL MALDITO MIMO PAYASO],Hablando Huevadas,,4051.0,high_yield_channel,Hablando Huevadas,220,CONTENIDO_SEXUAL|ACOSO_GENERO_IDENTIDAD|AMENAZA_DIRECTA,22.60 chunks de daño y 0.86 amenazas por video en el corpus base,70
AlPTMIigK1w,https://www.youtube.com/watch?v=AlPTMIigK1w,HABLANDO HUEVADAS - Quinta Temporada [LOS CABALLOS DE TOTORA SON BUENOS ANIMALES],Hablando Huevadas,,5795.0,high_yield_channel,Hablando Huevadas,221,CONTENIDO_SEXUAL|ACOSO_GENERO_IDENTIDAD|AMENAZA_DIRECTA,22.60 chunks de daño y 0.86 amenazas por video en el corpus base,70
z6tl0YnOmys,https://www.youtube.com/watch?v=z6tl0YnOmys,RADIO HUEVADAS FT.  RENZO SCHULLER,Hablando Huevadas,,4838.0,high_yield_channel,Hablando Huevadas,222,CONTENIDO_SEXUAL|ACOSO_GENERO_IDENTIDAD|AMENAZA_DIRECTA,22.60 chunks de daño y 0.86 amenazas por video en el corpus base,70
PyJZ71zkU0c,https://www.youtube.com/watch?v=PyJZ71zkU0c,HABLANDO HUEVADAS - Quinta Temporada [ARRUINAMOS LA BODA DE UN FAN],Hablando Huevadas,,4494.0,high_yield_channel,Hablando Huevadas,223,CONTENIDO_SEXUAL|ACOSO_GENERO_IDENTIDAD|AMENAZA_DIRECTA,22.60 chunks de daño y 0.86 amenazas por video en el corpus base,70
9nIK-X-dRL8,https://www.youtube.com/watch?v=9nIK-X-dRL8,HABLANDO HUEVADAS - Quinta Temporada [ME HUEVEO DE HUECO],Hablando Huevadas,,4366.0,high_yield_channel,Hablando Huevadas,224,CONTENIDO_SEXUAL|ACOSO_GENERO_IDENTIDAD|AMENAZA_DIRECTA,22.60 chunks de daño y 0.86 amenazas por video en el corpus base,70
PKTrPL3iArA,https://www.youtube.com/watch?v=PKTrPL3iArA,HABLANDO HUEVADAS - Quinta Temporada [LA MAMÁ DE RICHAVO VIENE AL SHOW],Hablando Huevadas,,4194.0,high_yield_channel,Hablando Huevadas,225,CONTENIDO_SEXUAL|ACOSO_GENERO_IDENTIDAD|AMENAZA_DIRECTA,22.60 chunks de daño y 0.86 amenazas por video en el corpus base,70
Pxhf8r6VmKo,https://www.youtube.com/watch?v=Pxhf8r6VmKo,RADIO HUEVADAS FT.  RODRIGO SÁNCHEZ PATIÑO,Hablando Huevadas,,3870.0,high_yield_channel,Hablando Huevadas,226,CONTENIDO_SEXUAL|ACOSO_GENERO_IDENTIDAD|AMENAZA_DIRECTA,22.60 chunks de daño y 0.86 amenazas por video en el corpus base,70
bKfbWk4zBZc,https://www.youtube.com/watch?v=bKfbWk4zBZc,HABLANDO HUEVADAS - Quinta Temporada (EL PAPÁ DE RICHAVO ESTÁ EN DROGAS),Hablando Huevadas,,5231.0,high_yield_channel,Hablando Huevadas,227,CONTENIDO_SEXUAL|ACOSO_GENERO_IDENTIDAD|AMENAZA_DIRECTA,22.60 chunks de daño y 0.86 amenazas por video en el corpus base,70
M240RwDkPlE,https://www.youtube.com/watch?v=M240RwDkPlE,HABLANDO HUEVADAS - Quinta Temporada (Jorge Duerme Con Una Momia),Hablando Huevadas,,4297.0,high_yield_channel,Hablando Huevadas,228,CONTENIDO_SEXUAL|ACOSO_GENERO_IDENTIDAD|AMENAZA_DIRECTA,22.60 chunks de daño y 0.86 amenazas por video en el corpus base,70
5ONFP3YMST4,https://www.youtube.com/watch?v=5ONFP3YMST4,RADIO HUEVADAS FT.  NORLAM,Hablando Huevadas,,3387.0,high_yield_channel,Hablando Huevadas,229,CONTENIDO_SEXUAL|ACOSO_GENERO_IDENTIDAD|AMENAZA_DIRECTA,22.60 chunks de daño y 0.86 amenazas por video en el corpus base,70
SkyZjgRf0XE,https://www.youtube.com/watch?v=SkyZjgRf0XE,HABLANDO HUEVADAS - Quinta Temporada [DESCUBRIMOS QUIÉN ES EL HACKER],Hablando Huevadas,,4614.0,high_yield_channel,Hablando Huevadas,230,CONTENIDO_SEXUAL|ACOSO_GENERO_IDENTIDAD|AMENAZA_DIRECTA,22.60 chunks de daño y 0.86 amenazas por video en el corpus base,70
bsZktqAudCg,https://www.youtube.com/watch?v=bsZktqAudCg,HABLANDO HUEVADAS - Quinta Temporada [JORGITO VIAJA AL URUGUAY - PERÚ],Hablando Huevadas,,4529.0,high_yield_channel,Hablando Huevadas,231,CONTENIDO_SEXUAL|ACOSO_GENERO_IDENTIDAD|AMENAZA_DIRECTA,22.60 chunks de daño y 0.86 amenazas por video en el corpus base,70
hKJdvJgKZIE,https://www.youtube.com/watch?v=hKJdvJgKZIE,HABLANDO HUEVADAS - Quinta Temporada [Nos Piden s3x0 En Un Velorio],Hablando Huevadas,,4020.0,high_yield_channel,Hablando Huevadas,232,CONTENIDO_SEXUAL|ACOSO_GENERO_IDENTIDAD|AMENAZA_DIRECTA,22.60 chunks de daño y 0.86 amenazas por video en el corpus base,70
J1zJVzuk__Y,https://www.youtube.com/watch?v=J1zJVzuk__Y,HABLANDO HUEVADAS - Especial [EL CUMPLEAÑOS DE JORGITO],Hablando Huevadas,,4430.0,high_yield_channel,Hablando Huevadas,233,CONTENIDO_SEXUAL|ACOSO_GENERO_IDENTIDAD|AMENAZA_DIRECTA,22.60 chunks de daño y 0.86 amenazas por video en el corpus base,70
wn7b-LTTkL8,https://www.youtube.com/watch?v=wn7b-LTTkL8,RADIO HUEVADAS FT.  ALBERTO TEJADA,Hablando Huevadas,,3354.0,high_yield_channel,Hablando Huevadas,234,CONTENIDO_SEXUAL|ACOSO_GENERO_IDENTIDAD|AMENAZA_DIRECTA,22.60 chunks de daño y 0.86 amenazas por video en el corpus base,70
D_IyWXJbuXw,https://www.youtube.com/watch?v=D_IyWXJbuXw,HABLANDO HUEVADAS - #TourProvincia [FISCAL BUSCA A RICHAVO EN SHOW],Hablando Huevadas,,3845.0,high_yield_channel,Hablando Huevadas,235,CONTENIDO_SEXUAL|ACOSO_GENERO_IDENTIDAD|AMENAZA_DIRECTA,22.60 chunks de daño y 0.86 amenazas por video en el corpus base,70
ASst1QbloOo,https://www.youtube.com/watch?v=ASst1QbloOo,RADIO HUEVADAS FT.  PATRICIA DEL RIO,Hablando Huevadas,,4250.0,high_yield_channel,Hablando Huevadas,236,CONTENIDO_SEXUAL|ACOSO_GENERO_IDENTIDAD|AMENAZA_DIRECTA,22.60 chunks de daño y 0.86 amenazas por video en el corpus base,70
x0aoY0g2jOw,https://www.youtube.com/watch?v=x0aoY0g2jOw,HABLANDO HUEVADAS - #TourProvincia [EL SUPER HEROE CON CANCER],Hablando Huevadas,,5124.0,high_yield_channel,Hablando Huevadas,237,CONTENIDO_SEXUAL|ACOSO_GENERO_IDENTIDAD|AMENAZA_DIRECTA,22.60 chunks de daño y 0.86 amenazas por video en el corpus base,70
N-z9Y8YoPjw,https://www.youtube.com/watch?v=N-z9Y8YoPjw,RADIO HUEVADAS FT.  SUSEL PAREDES,Hablando Huevadas,,5086.0,high_yield_channel,Hablando Huevadas,238,CONTENIDO_SEXUAL|ACOSO_GENERO_IDENTIDAD|AMENAZA_DIRECTA,22.60 chunks de daño y 0.86 amenazas por video en el corpus base,70
wM5l94LBkCE,https://www.youtube.com/watch?v=wM5l94LBkCE,"HABLANDO HUEVADAS - Fin de la PreTemporada [NO FUI YO, FUE RICHAVO]",Hablando Huevadas,,4552.0,high_yield_channel,Hablando Huevadas,239,CONTENIDO_SEXUAL|ACOSO_GENERO_IDENTIDAD|AMENAZA_DIRECTA,22.60 chunks de daño y 0.86 amenazas por video en el corpus base,70
aEUnj7q6MCc,https://www.youtube.com/watch?v=aEUnj7q6MCc,HABLANDO HUEVADAS - Especial PreTemporada [NUESTRAS MAMÁS SON POBRES],Hablando Huevadas,,4769.0,high_yield_channel,Hablando Huevadas,240,CONTENIDO_SEXUAL|ACOSO_GENERO_IDENTIDAD|AMENAZA_DIRECTA,22.60 chunks de daño y 0.86 amenazas por video en el corpus base,70
N0BWayV3erE,https://www.youtube.com/watch?v=N0BWayV3erE,HABLANDO HUEVADAS - Especial PreTemporada [RONALDHINO CASI MUERE EN LA NIEVE],Hablando Huevadas,,4164.0,high_yield_channel,Hablando Huevadas,241,CONTENIDO_SEXUAL|ACOSO_GENERO_IDENTIDAD|AMENAZA_DIRECTA,22.60 chunks de daño y 0.86 amenazas por video en el corpus base,70
e-oGP-tNty0,https://www.youtube.com/watch?v=e-oGP-tNty0,RADIO HUEVADAS FT.  AÍDA MARTÍNEZ,Hablando Huevadas,,3973.0,high_yield_channel,Hablando Huevadas,242,CONTENIDO_SEXUAL|ACOSO_GENERO_IDENTIDAD|AMENAZA_DIRECTA,22.60 chunks de daño y 0.86 amenazas por video en el corpus base,70
sSqbIo_dBoc,https://www.youtube.com/watch?v=sSqbIo_dBoc,HABLANDO HUEVADAS - Especial PreTemporada [Tito Nieves y R.K.M cierran el programa],Hablando Huevadas,,5061.0,high_yield_channel,Hablando Huevadas,243,CONTENIDO_SEXUAL|ACOSO_GENERO_IDENTIDAD|AMENAZA_DIRECTA,22.60 chunks de daño y 0.86 amenazas por video en el corpus base,70
T5YaD1h_pQ8,https://www.youtube.com/watch?v=T5YaD1h_pQ8,HABLANDO HUEVADAS - Especial PreTemporada [NO PASE EL CASTING DE LA CHOLA CHABUCA],Hablando Huevadas,,6258.0,high_yield_channel,Hablando Huevadas,244,CONTENIDO_SEXUAL|ACOSO_GENERO_IDENTIDAD|AMENAZA_DIRECTA,22.60 chunks de daño y 0.86 amenazas por video en el corpus base,70
n5ED9GpNkJU,https://www.youtube.com/watch?v=n5ED9GpNkJU,RADIO HUEVADAS FT  RAÚL ROMERO,Hablando Huevadas,,5021.0,high_yield_channel,Hablando Huevadas,245,CONTENIDO_SEXUAL|ACOSO_GENERO_IDENTIDAD|AMENAZA_DIRECTA,22.60 chunks de daño y 0.86 amenazas por video en el corpus base,70
i1oCrq2ceII,https://www.youtube.com/watch?v=i1oCrq2ceII,RADIO HUEVADAS FT.  JAZE,Hablando Huevadas,,4021.0,high_yield_channel,Hablando Huevadas,246,CONTENIDO_SEXUAL|ACOSO_GENERO_IDENTIDAD|AMENAZA_DIRECTA,22.60 chunks de daño y 0.86 amenazas por video en el corpus base,70
YmfRClWkvhs,https://www.youtube.com/watch?v=YmfRClWkvhs,HABLANDO HUEVADAS - Especial PreTemporada [NOS PROPONEN SER CONDUCTORES DE EEG],Hablando Huevadas,,5403.0,high_yield_channel,Hablando Huevadas,247,CONTENIDO_SEXUAL|ACOSO_GENERO_IDENTIDAD|AMENAZA_DIRECTA,22.60 chunks de daño y 0.86 amenazas por video en el corpus base,70
2b8UgYl4cVA,https://www.youtube.com/watch?v=2b8UgYl4cVA,RADIO HUEVADAS FT.  REIMOND MANCO,Hablando Huevadas,,4657.0,high_yield_channel,Hablando Huevadas,248,CONTENIDO_SEXUAL|ACOSO_GENERO_IDENTIDAD|AMENAZA_DIRECTA,22.60 chunks de daño y 0.86 amenazas por video en el corpus base,70
K_bIJXnaeFo,https://www.youtube.com/watch?v=K_bIJXnaeFo,HABLANDO HUEVADAS - Especial PreTemporada [NO JODAS A SERGIO PEÑA/KARINA RIVERA DESPIDE EL PROGRAMA],Hablando Huevadas,,5509.0,high_yield_channel,Hablando Huevadas,249,CONTENIDO_SEXUAL|ACOSO_GENERO_IDENTIDAD|AMENAZA_DIRECTA,22.60 chunks de daño y 0.86 amenazas por video en el corpus base,70
N1lLsxovuJQ,https://www.youtube.com/watch?v=N1lLsxovuJQ,HABLANDO HUEVADAS - Cuarta Temporada [ES EL FIN DE HABLANDO HUEV4D4S],Hablando Huevadas,,7286.0,high_yield_channel,Hablando Huevadas,250,CONTENIDO_SEXUAL|ACOSO_GENERO_IDENTIDAD|AMENAZA_DIRECTA,22.60 chunks de daño y 0.86 amenazas por video en el corpus base,70
Nc1ESIFLzFs,https://www.youtube.com/watch?v=Nc1ESIFLzFs,HABLANDO HUEVADAS - Cuarta Temporada [NOS CANTA CON LABIO LEPORINO],Hablando Huevadas,,5006.0,high_yield_channel,Hablando Huevadas,251,CONTENIDO_SEXUAL|ACOSO_GENERO_IDENTIDAD|AMENAZA_DIRECTA,22.60 chunks de daño y 0.86 amenazas por video en el corpus base,70
Sd_I1c_8yAk,https://www.youtube.com/watch?v=Sd_I1c_8yAk,RADIO HUEVADAS FT.  YAHAIRA PLASENCIA,Hablando Huevadas,,3956.0,high_yield_channel,Hablando Huevadas,252,CONTENIDO_SEXUAL|ACOSO_GENERO_IDENTIDAD|AMENAZA_DIRECTA,22.60 chunks de daño y 0.86 amenazas por video en el corpus base,70
xsQW9dUFMW0,https://www.youtube.com/watch?v=xsQW9dUFMW0,HABLANDO HUEVADAS - Cuarta Temporada [MI SUEÑO ES AUTOCHUPÁRMELA],Hablando Huevadas,,4216.0,high_yield_channel,Hablando Huevadas,253,CONTENIDO_SEXUAL|ACOSO_GENERO_IDENTIDAD|AMENAZA_DIRECTA,22.60 chunks de daño y 0.86 amenazas por video en el corpus base,70
VoVGFtYkZNc,https://www.youtube.com/watch?v=VoVGFtYkZNc,RADIO HUEVADAS FT.  ROSA MARÍA PALACIOS,Hablando Huevadas,,4748.0,high_yield_channel,Hablando Huevadas,254,CONTENIDO_SEXUAL|ACOSO_GENERO_IDENTIDAD|AMENAZA_DIRECTA,22.60 chunks de daño y 0.86 amenazas por video en el corpus base,70
mYl85c8t-t4,https://www.youtube.com/watch?v=mYl85c8t-t4,HABLANDO HUEVADAS - Cuarta Temporada [NOS VISITA UN CURA PUTAÑERO],Hablando Huevadas,,4007.0,high_yield_channel,Hablando Huevadas,255,CONTENIDO_SEXUAL|ACOSO_GENERO_IDENTIDAD|AMENAZA_DIRECTA,22.60 chunks de daño y 0.86 amenazas por video en el corpus base,70
qDaqZkRQBfs,https://www.youtube.com/watch?v=qDaqZkRQBfs,HABLANDO HUEVADAS - Cuarta Temporada [CHICO TRANS VIENE AL SHOW],Hablando Huevadas,,4656.0,high_yield_channel,Hablando Huevadas,256,CONTENIDO_SEXUAL|ACOSO_GENERO_IDENTIDAD|AMENAZA_DIRECTA,22.60 chunks de daño y 0.86 amenazas por video en el corpus base,70
hwaF71JYHd0,https://www.youtube.com/watch?v=hwaF71JYHd0,RADIO HUEVADAS FT.  DON RICARDO MENDOZA,Hablando Huevadas,,4372.0,high_yield_channel,Hablando Huevadas,257,CONTENIDO_SEXUAL|ACOSO_GENERO_IDENTIDAD|AMENAZA_DIRECTA,22.60 chunks de daño y 0.86 amenazas por video en el corpus base,70
IbK1Vn-Ihcc,https://www.youtube.com/watch?v=IbK1Vn-Ihcc,HABLANDO HUEVADAS - Cuarta Temporada [RICARDO VE MORIR A SU ABUELA],Hablando Huevadas,,4163.0,high_yield_channel,Hablando Huevadas,258,CONTENIDO_SEXUAL|ACOSO_GENERO_IDENTIDAD|AMENAZA_DIRECTA,22.60 chunks de daño y 0.86 amenazas por video en el corpus base,70
YO-G78PRSTA,https://www.youtube.com/watch?v=YO-G78PRSTA,RADIO HUEVADAS FT.  ALDO MIYASHIRO,Hablando Huevadas,,4059.0,high_yield_channel,Hablando Huevadas,259,CONTENIDO_SEXUAL|ACOSO_GENERO_IDENTIDAD|AMENAZA_DIRECTA,22.60 chunks de daño y 0.86 amenazas por video en el corpus base,70
w0JDb1RCppU,https://www.youtube.com/watch?v=w0JDb1RCppU,HABLANDO HUEVADAS - Cuarta Temporada [VINO A VERNOS UNA CIEGA],Hablando Huevadas,,4739.0,high_yield_channel,Hablando Huevadas,260,CONTENIDO_SEXUAL|ACOSO_GENERO_IDENTIDAD|AMENAZA_DIRECTA,22.60 chunks de daño y 0.86 amenazas por video en el corpus base,70
90NssDwOtp0,https://www.youtube.com/watch?v=90NssDwOtp0,RADIO HUEVADAS FT.  MATEO GARRIDO LECCA,Hablando Huevadas,,3535.0,high_yield_channel,Hablando Huevadas,261,CONTENIDO_SEXUAL|ACOSO_GENERO_IDENTIDAD|AMENAZA_DIRECTA,22.60 chunks de daño y 0.86 amenazas por video en el corpus base,70
f7J5-1_w0Ks,https://www.youtube.com/watch?v=f7J5-1_w0Ks,HABLANDO HUEVADAS - Cuarta Temporada [JORGE Y RICARDO APUESTAN 2 MIL SOLES EN VIVO],Hablando Huevadas,,4544.0,high_yield_channel,Hablando Huevadas,262,CONTENIDO_SEXUAL|ACOSO_GENERO_IDENTIDAD|AMENAZA_DIRECTA,22.60 chunks de daño y 0.86 amenazas por video en el corpus base,70
i6h-bjWcj9w,https://www.youtube.com/watch?v=i6h-bjWcj9w,RADIO HUEVADAS FT.  JAIME FERRARO,Hablando Huevadas,,3676.0,high_yield_channel,Hablando Huevadas,263,CONTENIDO_SEXUAL|ACOSO_GENERO_IDENTIDAD|AMENAZA_DIRECTA,22.60 chunks de daño y 0.86 amenazas por video en el corpus base,70
8p0NKUdTeSU,https://www.youtube.com/watch?v=8p0NKUdTeSU,HABLANDO HUEVADAS - Cuarta Temporada [JORGE ANUNCIA SU NUEVO NEGOCIO],Hablando Huevadas,,4259.0,high_yield_channel,Hablando Huevadas,264,CONTENIDO_SEXUAL|ACOSO_GENERO_IDENTIDAD|AMENAZA_DIRECTA,22.60 chunks de daño y 0.86 amenazas por video en el corpus base,70
k0n4I8pQp-c,https://www.youtube.com/watch?v=k0n4I8pQp-c,RADIO HUEVADAS FT.  ANDRES SALAS,Hablando Huevadas,,3377.0,high_yield_channel,Hablando Huevadas,265,CONTENIDO_SEXUAL|ACOSO_GENERO_IDENTIDAD|AMENAZA_DIRECTA,22.60 chunks de daño y 0.86 amenazas por video en el corpus base,70
UFW0Fzh6pp8,https://www.youtube.com/watch?v=UFW0Fzh6pp8,HABLANDO HUEVADAS - Cuarta Temporada [BROMA TELEFÓNICA DE JORGE EN VIVO],Hablando Huevadas,,3980.0,high_yield_channel,Hablando Huevadas,266,CONTENIDO_SEXUAL|ACOSO_GENERO_IDENTIDAD|AMENAZA_DIRECTA,22.60 chunks de daño y 0.86 amenazas por video en el corpus base,70
eRSHNNng0qE,https://www.youtube.com/watch?v=eRSHNNng0qE,RADIO HUEVADAS FT  CHOLO MENA,Hablando Huevadas,,4660.0,high_yield_channel,Hablando Huevadas,267,CONTENIDO_SEXUAL|ACOSO_GENERO_IDENTIDAD|AMENAZA_DIRECTA,22.60 chunks de daño y 0.86 amenazas por video en el corpus base,70
Lawe221tDCA,https://www.youtube.com/watch?v=Lawe221tDCA,Radio Huevadas FT.  Tony Succar,Hablando Huevadas,,4722.0,high_yield_channel,Hablando Huevadas,268,CONTENIDO_SEXUAL|ACOSO_GENERO_IDENTIDAD|AMENAZA_DIRECTA,22.60 chunks de daño y 0.86 amenazas por video en el corpus base,70
Fm9vSP-2O8s,https://www.youtube.com/watch?v=Fm9vSP-2O8s,HABLANDO HUEVADAS - Cuarta Temporada [JORGE Y SUS 8 MILLONES DE SOLES],Hablando Huevadas,,4087.0,high_yield_channel,Hablando Huevadas,269,CONTENIDO_SEXUAL|ACOSO_GENERO_IDENTIDAD|AMENAZA_DIRECTA,22.60 chunks de daño y 0.86 amenazas por video en el corpus base,70
WvsDtgcgZfQ,https://www.youtube.com/watch?v=WvsDtgcgZfQ,HABLANDO HUEVADAS - Cuarta Temporada [INCENDIO EN PLENO SHOW],Hablando Huevadas,,3260.0,high_yield_channel,Hablando Huevadas,270,CONTENIDO_SEXUAL|ACOSO_GENERO_IDENTIDAD|AMENAZA_DIRECTA,22.60 chunks de daño y 0.86 amenazas por video en el corpus base,70
hN0kJIXdC6o,https://www.youtube.com/watch?v=hN0kJIXdC6o,HABLANDO HUEVADAS - Cuarta Temporada [JORGITO BAILA EN VIVO],Hablando Huevadas,,3406.0,high_yield_channel,Hablando Huevadas,271,CONTENIDO_SEXUAL|ACOSO_GENERO_IDENTIDAD|AMENAZA_DIRECTA,22.60 chunks de daño y 0.86 amenazas por video en el corpus base,70
KdHK7NAcJMU,https://www.youtube.com/watch?v=KdHK7NAcJMU,HABLANDO HUEVADAS - Cuarta Temporada [EL COJO FANTASMA],Hablando Huevadas,,3703.0,high_yield_channel,Hablando Huevadas,272,CONTENIDO_SEXUAL|ACOSO_GENERO_IDENTIDAD|AMENAZA_DIRECTA,22.60 chunks de daño y 0.86 amenazas por video en el corpus base,70
KP4yEbNPzxU,https://www.youtube.com/watch?v=KP4yEbNPzxU,El confesionario - fin de temporada,Hablando Huevadas,,436.0,high_yield_channel,Hablando Huevadas,273,CONTENIDO_SEXUAL|ACOSO_GENERO_IDENTIDAD|AMENAZA_DIRECTA,22.60 chunks de daño y 0.86 amenazas por video en el corpus base,70
hAZzPr8r0-c,https://www.youtube.com/watch?v=hAZzPr8r0-c,Radio Huevadas FT. La Uchulu,Hablando Huevadas,,4486.0,high_yield_channel,Hablando Huevadas,274,CONTENIDO_SEXUAL|ACOSO_GENERO_IDENTIDAD|AMENAZA_DIRECTA,22.60 chunks de daño y 0.86 amenazas por video en el corpus base,70
sRzaXUhcLfM,https://www.youtube.com/watch?v=sRzaXUhcLfM,HABLANDO HUEVADAS - Tercera Temporada [EL OBRERO FANTASMA DEL TEATRO],Hablando Huevadas,,2361.0,high_yield_channel,Hablando Huevadas,275,CONTENIDO_SEXUAL|ACOSO_GENERO_IDENTIDAD|AMENAZA_DIRECTA,22.60 chunks de daño y 0.86 amenazas por video en el corpus base,70
Os5nE75gEuE,https://www.youtube.com/watch?v=Os5nE75gEuE,Radio Huevadas FT  METZ,Hablando Huevadas,,4198.0,high_yield_channel,Hablando Huevadas,276,CONTENIDO_SEXUAL|ACOSO_GENERO_IDENTIDAD|AMENAZA_DIRECTA,22.60 chunks de daño y 0.86 amenazas por video en el corpus base,70
5agUov7z_f4,https://www.youtube.com/watch?v=5agUov7z_f4,"HABLANDO HUEVADAS - Tercera Temporada [HELENITA VS. EL ""GIGANTE VERDE""]",Hablando Huevadas,,3476.0,high_yield_channel,Hablando Huevadas,277,CONTENIDO_SEXUAL|ACOSO_GENERO_IDENTIDAD|AMENAZA_DIRECTA,22.60 chunks de daño y 0.86 amenazas por video en el corpus base,70
7bHNi2W5nBA,https://www.youtube.com/watch?v=7bHNi2W5nBA,Radio Huevadas FT  Chino Pinto,Hablando Huevadas,,3426.0,high_yield_channel,Hablando Huevadas,278,CONTENIDO_SEXUAL|ACOSO_GENERO_IDENTIDAD|AMENAZA_DIRECTA,22.60 chunks de daño y 0.86 amenazas por video en el corpus base,70
JbwoDIkE9v4,https://www.youtube.com/watch?v=JbwoDIkE9v4,Radio Huevadas FT. What The Chic,Hablando Huevadas,,4019.0,high_yield_channel,Hablando Huevadas,279,CONTENIDO_SEXUAL|ACOSO_GENERO_IDENTIDAD|AMENAZA_DIRECTA,22.60 chunks de daño y 0.86 amenazas por video en el corpus base,70
4Lw9NEY9m4I,https://www.youtube.com/watch?v=4Lw9NEY9m4I,HABLANDO HUEVADAS - Tercera Temporada [Jorge y sus Tristes Zapatillas Bambas],Hablando Huevadas,,4203.0,high_yield_channel,Hablando Huevadas,280,CONTENIDO_SEXUAL|ACOSO_GENERO_IDENTIDAD|AMENAZA_DIRECTA,22.60 chunks de daño y 0.86 amenazas por video en el corpus base,70
Udi6JLRy_zI,https://www.youtube.com/watch?v=Udi6JLRy_zI,Inéditos - Fui tan tóxico que... - Hablando Huevadas,Hablando Huevadas,,472.0,high_yield_channel,Hablando Huevadas,281,CONTENIDO_SEXUAL|ACOSO_GENERO_IDENTIDAD|AMENAZA_DIRECTA,22.60 chunks de daño y 0.86 amenazas por video en el corpus base,70
tp8YpDxyL1s,https://www.youtube.com/watch?v=tp8YpDxyL1s,Radio Huevadas FT. Victor Hugo,Hablando Huevadas,,3645.0,high_yield_channel,Hablando Huevadas,282,CONTENIDO_SEXUAL|ACOSO_GENERO_IDENTIDAD|AMENAZA_DIRECTA,22.60 chunks de daño y 0.86 amenazas por video en el corpus base,70
D9p9YUJKAqQ,https://www.youtube.com/watch?v=D9p9YUJKAqQ,HABLANDO HUEVADAS - Tercera Temporada [JORGE SE MUDA A ESPANA] - [ME SACO LA VUELTA UN YOUTUBER],Hablando Huevadas,,3580.0,high_yield_channel,Hablando Huevadas,283,CONTENIDO_SEXUAL|ACOSO_GENERO_IDENTIDAD|AMENAZA_DIRECTA,22.60 chunks de daño y 0.86 amenazas por video en el corpus base,70
2GWSEKNgCbQ,https://www.youtube.com/watch?v=2GWSEKNgCbQ,Radio Huevadas FT. Amy Gutierrez,Hablando Huevadas,,4022.0,high_yield_channel,Hablando Huevadas,284,CONTENIDO_SEXUAL|ACOSO_GENERO_IDENTIDAD|AMENAZA_DIRECTA,22.60 chunks de daño y 0.86 amenazas por video en el corpus base,70
dLD9U8mSQJQ,https://www.youtube.com/watch?v=dLD9U8mSQJQ,HABLANDO HUEVADAS - Tercera Temporada [REGALAMOS SCOOTER ELECTRICO A UN FAN],Hablando Huevadas,,3650.0,high_yield_channel,Hablando Huevadas,285,CONTENIDO_SEXUAL|ACOSO_GENERO_IDENTIDAD|AMENAZA_DIRECTA,22.60 chunks de daño y 0.86 amenazas por video en el corpus base,70
A-XbsNHC-kk,https://www.youtube.com/watch?v=A-XbsNHC-kk,Inéditos - ¿Cómo enamorar a los Esclavos? - Hablando Huevadas,Hablando Huevadas,,354.0,high_yield_channel,Hablando Huevadas,286,CONTENIDO_SEXUAL|ACOSO_GENERO_IDENTIDAD|AMENAZA_DIRECTA,22.60 chunks de daño y 0.86 amenazas por video en el corpus base,70
EpjDkjuOT24,https://www.youtube.com/watch?v=EpjDkjuOT24,HABLANDO HUEVADAS - Tercera Temporada [MARIO: ME LA CHUP0 UN TR4VEZT1],Hablando Huevadas,,4156.0,high_yield_channel,Hablando Huevadas,287,CONTENIDO_SEXUAL|ACOSO_GENERO_IDENTIDAD|AMENAZA_DIRECTA,22.60 chunks de daño y 0.86 amenazas por video en el corpus base,70
Xkl7xqsdjIQ,https://www.youtube.com/watch?v=Xkl7xqsdjIQ,"TRAILER - HH LA SERIE ""EL FINAL""",Hablando Huevadas,,61.0,high_yield_channel,Hablando Huevadas,288,CONTENIDO_SEXUAL|ACOSO_GENERO_IDENTIDAD|AMENAZA_DIRECTA,22.60 chunks de daño y 0.86 amenazas por video en el corpus base,70
AQU9MvtH2KE,https://www.youtube.com/watch?v=AQU9MvtH2KE,¡ESTOS SON LOS LOS ACTORES QUE PARTICIPARÁN EN LA ÚLTIMA TEMPORADA DE HH LA SERIE!,Hablando Huevadas,,60.0,high_yield_channel,Hablando Huevadas,289,CONTENIDO_SEXUAL|ACOSO_GENERO_IDENTIDAD|AMENAZA_DIRECTA,22.60 chunks de daño y 0.86 amenazas por video en el corpus base,70
GhdDQFjOCMc,https://www.youtube.com/watch?v=GhdDQFjOCMc,Show privado - Incorrectos,Hablando Huevadas,,61.0,high_yield_channel,Hablando Huevadas,290,CONTENIDO_SEXUAL|ACOSO_GENERO_IDENTIDAD|AMENAZA_DIRECTA,22.60 chunks de daño y 0.86 amenazas por video en el corpus base,70
IoGEzAmLcDg,https://www.youtube.com/watch?v=IoGEzAmLcDg,HABLANDO HUEVADAS - Tercera Temporada [CLASES DE GILEO CON EL COJO],Hablando Huevadas,,3573.0,high_yield_channel,Hablando Huevadas,291,CONTENIDO_SEXUAL|ACOSO_GENERO_IDENTIDAD|AMENAZA_DIRECTA,22.60 chunks de daño y 0.86 amenazas por video en el corpus base,70
_aF_aamt7eY,https://www.youtube.com/watch?v=_aF_aamt7eY,Inéditos - Ví un fastama mientras tir4ba - Hablando Huevadas,Hablando Huevadas,,717.0,high_yield_channel,Hablando Huevadas,292,CONTENIDO_SEXUAL|ACOSO_GENERO_IDENTIDAD|AMENAZA_DIRECTA,22.60 chunks de daño y 0.86 amenazas por video en el corpus base,70
nF-JQQye-f4,https://www.youtube.com/watch?v=nF-JQQye-f4,HABLANDO HUEVADAS - Tercera Temporada [SOMOS MIEMBRO DE MESA],Hablando Huevadas,,3344.0,high_yield_channel,Hablando Huevadas,293,CONTENIDO_SEXUAL|ACOSO_GENERO_IDENTIDAD|AMENAZA_DIRECTA,22.60 chunks de daño y 0.86 amenazas por video en el corpus base,70
0FckKxC3rwA,https://www.youtube.com/watch?v=0FckKxC3rwA,HABLANDO HUEVADAS - Tercera Temporada [Presidente no nos C4gues],Hablando Huevadas,,3245.0,high_yield_channel,Hablando Huevadas,294,CONTENIDO_SEXUAL|ACOSO_GENERO_IDENTIDAD|AMENAZA_DIRECTA,22.60 chunks de daño y 0.86 amenazas por video en el corpus base,70
XPGtb4x53pE,https://www.youtube.com/watch?v=XPGtb4x53pE,HABLANDO HUEVADAS - Tercera Temporada [JORGE VS EL PEOR MAGO DEL MUNDO],Hablando Huevadas,,2931.0,high_yield_channel,Hablando Huevadas,295,CONTENIDO_SEXUAL|ACOSO_GENERO_IDENTIDAD|AMENAZA_DIRECTA,22.60 chunks de daño y 0.86 amenazas por video en el corpus base,70
kaJk41J6CT4,https://www.youtube.com/watch?v=kaJk41J6CT4,Inéditos - Jorge el Tóxico - Hablando Huevadas,Hablando Huevadas,,305.0,high_yield_channel,Hablando Huevadas,296,CONTENIDO_SEXUAL|ACOSO_GENERO_IDENTIDAD|AMENAZA_DIRECTA,22.60 chunks de daño y 0.86 amenazas por video en el corpus base,70
JlsCBdPJJOQ,https://www.youtube.com/watch?v=JlsCBdPJJOQ,HABLANDO HUEVADAS - Tercera Temporada [Jorge VS La Policía],Hablando Huevadas,,3049.0,high_yield_channel,Hablando Huevadas,297,CONTENIDO_SEXUAL|ACOSO_GENERO_IDENTIDAD|AMENAZA_DIRECTA,22.60 chunks de daño y 0.86 amenazas por video en el corpus base,70
R3w9qGoFMUs,https://www.youtube.com/watch?v=R3w9qGoFMUs,HABLANDO HUEVADAS - Tercera Temporada-[¿Qué le pasó a Paco Bazán?],Hablando Huevadas,,3390.0,high_yield_channel,Hablando Huevadas,298,CONTENIDO_SEXUAL|ACOSO_GENERO_IDENTIDAD|AMENAZA_DIRECTA,22.60 chunks de daño y 0.86 amenazas por video en el corpus base,70
iXFsx10dYFw,https://www.youtube.com/watch?v=iXFsx10dYFw,Inéditos - Un fantasma peculiar - Hablando Huevadas,Hablando Huevadas,,380.0,high_yield_channel,Hablando Huevadas,299,CONTENIDO_SEXUAL|ACOSO_GENERO_IDENTIDAD|AMENAZA_DIRECTA,22.60 chunks de daño y 0.86 amenazas por video en el corpus base,70
BOWdmHBWPp0,https://www.youtube.com/watch?v=BOWdmHBWPp0,HABLANDO HUEVADAS - Tercera Temporada-[Keiko VS Castillo],Hablando Huevadas,,3678.0,high_yield_channel,Hablando Huevadas,300,CONTENIDO_SEXUAL|ACOSO_GENERO_IDENTIDAD|AMENAZA_DIRECTA,22.60 chunks de daño y 0.86 amenazas por video en el corpus base,70
5I_3PnZwn-s,https://www.youtube.com/watch?v=5I_3PnZwn-s,Te amo a doble sentido - Hablando Huevadas Ft. DJ Peligro,Hablando Huevadas,,182.0,high_yield_channel,Hablando Huevadas,301,CONTENIDO_SEXUAL|ACOSO_GENERO_IDENTIDAD|AMENAZA_DIRECTA,22.60 chunks de daño y 0.86 amenazas por video en el corpus base,70
joTML7FHivA,https://www.youtube.com/watch?v=joTML7FHivA,Inéditos - Nombre de PR0STIBUL0S - Hablando Huevadas,Hablando Huevadas,,272.0,high_yield_channel,Hablando Huevadas,302,CONTENIDO_SEXUAL|ACOSO_GENERO_IDENTIDAD|AMENAZA_DIRECTA,22.60 chunks de daño y 0.86 amenazas por video en el corpus base,70
y3qgyYIdTPg,https://www.youtube.com/watch?v=y3qgyYIdTPg,HABLANDO HUEVADAS - Tercera Temporada-[Tenemos PRESIDENTE],Hablando Huevadas,,3930.0,high_yield_channel,Hablando Huevadas,303,CONTENIDO_SEXUAL|ACOSO_GENERO_IDENTIDAD|AMENAZA_DIRECTA,22.60 chunks de daño y 0.86 amenazas por video en el corpus base,70
yE-7b2TJzt4,https://www.youtube.com/watch?v=yE-7b2TJzt4,Inéditos - Problemas amorosos - Hablando Huevadas,Hablando Huevadas,,243.0,high_yield_channel,Hablando Huevadas,304,CONTENIDO_SEXUAL|ACOSO_GENERO_IDENTIDAD|AMENAZA_DIRECTA,22.60 chunks de daño y 0.86 amenazas por video en el corpus base,70
iB5YX9XcAUw,https://www.youtube.com/watch?v=iB5YX9XcAUw,HABLANDO HUEVADAS - Tercera Temporada-[Llamada importante EN VIVO],Hablando Huevadas,,3390.0,high_yield_channel,Hablando Huevadas,305,CONTENIDO_SEXUAL|ACOSO_GENERO_IDENTIDAD|AMENAZA_DIRECTA,22.60 chunks de daño y 0.86 amenazas por video en el corpus base,70
AuhBhnpaKnQ,https://www.youtube.com/watch?v=AuhBhnpaKnQ,Inéditos - ¿Alicia hizo un pacto de sangre? - Hablando Huevadas,Hablando Huevadas,,125.0,high_yield_channel,Hablando Huevadas,306,CONTENIDO_SEXUAL|ACOSO_GENERO_IDENTIDAD|AMENAZA_DIRECTA,22.60 chunks de daño y 0.86 amenazas por video en el corpus base,70
N-lR3BwKqt0,https://www.youtube.com/watch?v=N-lR3BwKqt0,HABLANDO HUEVADAS - Tercera Temporada-[Jorgito chupando con un delivery],Hablando Huevadas,,4096.0,high_yield_channel,Hablando Huevadas,307,CONTENIDO_SEXUAL|ACOSO_GENERO_IDENTIDAD|AMENAZA_DIRECTA,22.60 chunks de daño y 0.86 amenazas por video en el corpus base,70
A-cv0uuzzhE,https://www.youtube.com/watch?v=A-cv0uuzzhE,Inéditos - Las llamadas más imprudentes - Hablando Huevadas,Hablando Huevadas,,382.0,high_yield_channel,Hablando Huevadas,308,CONTENIDO_SEXUAL|ACOSO_GENERO_IDENTIDAD|AMENAZA_DIRECTA,22.60 chunks de daño y 0.86 amenazas por video en el corpus base,70
u1ZEVRTMUkQ,https://www.youtube.com/watch?v=u1ZEVRTMUkQ,HABLANDO HUEVADAS - Tercera Temporada-[Lopez Aliaga habla huevadas]&[Jorge tuvo una pareja hombre],Hablando Huevadas,,3005.0,high_yield_channel,Hablando Huevadas,309,CONTENIDO_SEXUAL|ACOSO_GENERO_IDENTIDAD|AMENAZA_DIRECTA,22.60 chunks de daño y 0.86 amenazas por video en el corpus base,70
culkZLKZcPc,https://www.youtube.com/watch?v=culkZLKZcPc,Inéditos - Como renunciar del Juecepe - Hablando Huevadas,Hablando Huevadas,,232.0,high_yield_channel,Hablando Huevadas,310,CONTENIDO_SEXUAL|ACOSO_GENERO_IDENTIDAD|AMENAZA_DIRECTA,22.60 chunks de daño y 0.86 amenazas por video en el corpus base,70
Yh3fWRZ7jbQ,https://www.youtube.com/watch?v=Yh3fWRZ7jbQ,SORTEO PARA LOS BROERCITOS PREMIUM - MARZO,Hablando Huevadas,,42.0,high_yield_channel,Hablando Huevadas,311,CONTENIDO_SEXUAL|ACOSO_GENERO_IDENTIDAD|AMENAZA_DIRECTA,22.60 chunks de daño y 0.86 amenazas por video en el corpus base,70
c8NX31igOcU,https://www.youtube.com/watch?v=c8NX31igOcU,HABLANDO HUEVADAS - Tercera Temporada-[Forsyth vuelve]&[Carloncho se va],Hablando Huevadas,,3328.0,high_yield_channel,Hablando Huevadas,312,CONTENIDO_SEXUAL|ACOSO_GENERO_IDENTIDAD|AMENAZA_DIRECTA,22.60 chunks de daño y 0.86 amenazas por video en el corpus base,70
vHm6fU5MsmI,https://www.youtube.com/watch?v=vHm6fU5MsmI,Inéditos - Richavo paranormal - Hablando Huevadas,Hablando Huevadas,,234.0,high_yield_channel,Hablando Huevadas,313,CONTENIDO_SEXUAL|ACOSO_GENERO_IDENTIDAD|AMENAZA_DIRECTA,22.60 chunks de daño y 0.86 amenazas por video en el corpus base,70
Wpb4ZsKncho,https://www.youtube.com/watch?v=Wpb4ZsKncho,Inéditos - Están falsificando nuestro Oxígeno - Hablando Huevadas,Hablando Huevadas,,273.0,high_yield_channel,Hablando Huevadas,314,CONTENIDO_SEXUAL|ACOSO_GENERO_IDENTIDAD|AMENAZA_DIRECTA,22.60 chunks de daño y 0.86 amenazas por video en el corpus base,70
6gdCfVCXi34,https://www.youtube.com/watch?v=6gdCfVCXi34,HABLANDO HUEVADAS - Tercera Temporada-[El show que hizo llorar a Jorge]&[Volvemos famosa a la gente],Hablando Huevadas,,3187.0,high_yield_channel,Hablando Huevadas,315,CONTENIDO_SEXUAL|ACOSO_GENERO_IDENTIDAD|AMENAZA_DIRECTA,22.60 chunks de daño y 0.86 amenazas por video en el corpus base,70
OvoGLACjZsA,https://www.youtube.com/watch?v=OvoGLACjZsA,Inéditos - Joseph el chico de los canjes - Hablando Huevadas,Hablando Huevadas,,246.0,high_yield_channel,Hablando Huevadas,316,CONTENIDO_SEXUAL|ACOSO_GENERO_IDENTIDAD|AMENAZA_DIRECTA,22.60 chunks de daño y 0.86 amenazas por video en el corpus base,70
n-7ZuzNB6ZY,https://www.youtube.com/watch?v=n-7ZuzNB6ZY,Inéditos - Como no ir al trabajo y seguir cobrando - Hablando Huevadas,Hablando Huevadas,,652.0,high_yield_channel,Hablando Huevadas,317,CONTENIDO_SEXUAL|ACOSO_GENERO_IDENTIDAD|AMENAZA_DIRECTA,22.60 chunks de daño y 0.86 amenazas por video en el corpus base,70
1WgYlUPi3bA,https://www.youtube.com/watch?v=1WgYlUPi3bA,HABLANDO HUEVADAS - Tercera Temporada - [Estamos contigo Robotín]&[Nos habló un congresista],Hablando Huevadas,,3001.0,high_yield_channel,Hablando Huevadas,318,CONTENIDO_SEXUAL|ACOSO_GENERO_IDENTIDAD|AMENAZA_DIRECTA,22.60 chunks de daño y 0.86 amenazas por video en el corpus base,70
JDs0vaaElls,https://www.youtube.com/watch?v=JDs0vaaElls,Inéditos - Congresista 4:2O - Hablando Huevadas,Hablando Huevadas,,439.0,high_yield_channel,Hablando Huevadas,319,CONTENIDO_SEXUAL|ACOSO_GENERO_IDENTIDAD|AMENAZA_DIRECTA,22.60 chunks de daño y 0.86 amenazas por video en el corpus base,70
CbLZ6jRrN2M,https://www.youtube.com/watch?v=CbLZ6jRrN2M,Inéditos - Pelicula para llorar & Los esclavos y sus chistes estúpidos - Hablando Huevadas,Hablando Huevadas,,225.0,high_yield_channel,Hablando Huevadas,320,CONTENIDO_SEXUAL|ACOSO_GENERO_IDENTIDAD|AMENAZA_DIRECTA,22.60 chunks de daño y 0.86 amenazas por video en el corpus base,70
gJtXP-CTKc0,https://www.youtube.com/watch?v=gJtXP-CTKc0,HABLANDO HUEVADAS - Tercera Temporada - [¿Cómo sabes que llegó al 0RGASM0?],Hablando Huevadas,,3209.0,high_yield_channel,Hablando Huevadas,321,CONTENIDO_SEXUAL|ACOSO_GENERO_IDENTIDAD|AMENAZA_DIRECTA,22.60 chunks de daño y 0.86 amenazas por video en el corpus base,70
I4k49q47jc0,https://www.youtube.com/watch?v=I4k49q47jc0,Inéditos - El esclavo y su helado mágico - Hablando Huevadas,Hablando Huevadas,,485.0,high_yield_channel,Hablando Huevadas,322,CONTENIDO_SEXUAL|ACOSO_GENERO_IDENTIDAD|AMENAZA_DIRECTA,22.60 chunks de daño y 0.86 amenazas por video en el corpus base,70
4Y-Ic4-9BQ0,https://www.youtube.com/watch?v=4Y-Ic4-9BQ0,Inéditos - Gente que no sabe nadar va al mar - Hablando Huevadas,Hablando Huevadas,,183.0,high_yield_channel,Hablando Huevadas,323,CONTENIDO_SEXUAL|ACOSO_GENERO_IDENTIDAD|AMENAZA_DIRECTA,22.60 chunks de daño y 0.86 amenazas por video en el corpus base,70
lAZBb_VVFZE,https://www.youtube.com/watch?v=lAZBb_VVFZE,"HABLANDO HUEVADAS - Tercera Temporada - [¿Por qué Jorge no iba a ""Quinos""?]",Hablando Huevadas,,3249.0,high_yield_channel,Hablando Huevadas,324,CONTENIDO_SEXUAL|ACOSO_GENERO_IDENTIDAD|AMENAZA_DIRECTA,22.60 chunks de daño y 0.86 amenazas por video en el corpus base,70
PE9uSaALal4,https://www.youtube.com/watch?v=PE9uSaALal4,Inéditos - Lobos vs Aldeanos - Hablando Huevadas,Hablando Huevadas,,1223.0,high_yield_channel,Hablando Huevadas,325,CONTENIDO_SEXUAL|ACOSO_GENERO_IDENTIDAD|AMENAZA_DIRECTA,22.60 chunks de daño y 0.86 amenazas por video en el corpus base,70
sAMR9e5J770,https://www.youtube.com/watch?v=sAMR9e5J770,Inéditos - Los Pistoleros - Hablando Huevadas,Hablando Huevadas,,287.0,high_yield_channel,Hablando Huevadas,326,CONTENIDO_SEXUAL|ACOSO_GENERO_IDENTIDAD|AMENAZA_DIRECTA,22.60 chunks de daño y 0.86 amenazas por video en el corpus base,70
SgmPitz4HLc,https://www.youtube.com/watch?v=SgmPitz4HLc,HABLANDO HUEVADAS - Tercera Temporada - [Paltas en el s3x0],Hablando Huevadas,,3176.0,high_yield_channel,Hablando Huevadas,327,CONTENIDO_SEXUAL|ACOSO_GENERO_IDENTIDAD|AMENAZA_DIRECTA,22.60 chunks de daño y 0.86 amenazas por video en el corpus base,70
Vi4kSgZwFLA,https://www.youtube.com/watch?v=Vi4kSgZwFLA,Inéditos - Historias HOT - Hablando Huevadas,Hablando Huevadas,,332.0,high_yield_channel,Hablando Huevadas,328,CONTENIDO_SEXUAL|ACOSO_GENERO_IDENTIDAD|AMENAZA_DIRECTA,22.60 chunks de daño y 0.86 amenazas por video en el corpus base,70
fkE4TPSFDqg,https://www.youtube.com/watch?v=fkE4TPSFDqg,Inéditos - Jorge casi muere por amor - Hablando Huevadas,Hablando Huevadas,,696.0,high_yield_channel,Hablando Huevadas,329,CONTENIDO_SEXUAL|ACOSO_GENERO_IDENTIDAD|AMENAZA_DIRECTA,22.60 chunks de daño y 0.86 amenazas por video en el corpus base,70
j3Mk9ENJhOI,https://www.youtube.com/watch?v=j3Mk9ENJhOI,Inéditos - Una historia triste - Hablando Huevadas,Hablando Huevadas,,885.0,high_yield_channel,Hablando Huevadas,330,CONTENIDO_SEXUAL|ACOSO_GENERO_IDENTIDAD|AMENAZA_DIRECTA,22.60 chunks de daño y 0.86 amenazas por video en el corpus base,70
gtlktw-9mZ8,https://www.youtube.com/watch?v=gtlktw-9mZ8,HABLANDO HUEVADAS - Tercera Temporada - [Ricardo se agarró a una peladita],Hablando Huevadas,,3386.0,high_yield_channel,Hablando Huevadas,331,CONTENIDO_SEXUAL|ACOSO_GENERO_IDENTIDAD|AMENAZA_DIRECTA,22.60 chunks de daño y 0.86 amenazas por video en el corpus base,70
kTf5xt5_Xos,https://www.youtube.com/watch?v=kTf5xt5_Xos,Inéditos - Talentos de Mi3rd4 - Hablando Huevadas,Hablando Huevadas,,266.0,high_yield_channel,Hablando Huevadas,332,CONTENIDO_SEXUAL|ACOSO_GENERO_IDENTIDAD|AMENAZA_DIRECTA,22.60 chunks de daño y 0.86 amenazas por video en el corpus base,70
0vdQ9M0vDK8,https://www.youtube.com/watch?v=0vdQ9M0vDK8,Inéditos - La familia Kardashian Luna - Hablando Huevadas,Hablando Huevadas,,451.0,high_yield_channel,Hablando Huevadas,333,CONTENIDO_SEXUAL|ACOSO_GENERO_IDENTIDAD|AMENAZA_DIRECTA,22.60 chunks de daño y 0.86 amenazas por video en el corpus base,70
sRkWpMVyatI,https://www.youtube.com/watch?v=sRkWpMVyatI,Inéditos - Jorge y su plan para llegar a Perú - Hablando Huevadas,Hablando Huevadas,,288.0,high_yield_channel,Hablando Huevadas,334,CONTENIDO_SEXUAL|ACOSO_GENERO_IDENTIDAD|AMENAZA_DIRECTA,22.60 chunks de daño y 0.86 amenazas por video en el corpus base,70
I6chWnc48KE,https://www.youtube.com/watch?v=I6chWnc48KE,HABLANDO HUEVADAS - Tercera Temporada - [Un esclavo renunció en vivo]&[Shakira se vuelve lesbiana],Hablando Huevadas,,3485.0,high_yield_channel,Hablando Huevadas,335,CONTENIDO_SEXUAL|ACOSO_GENERO_IDENTIDAD|AMENAZA_DIRECTA,22.60 chunks de daño y 0.86 amenazas por video en el corpus base,70
Yjmtp0wrWKU,https://www.youtube.com/watch?v=Yjmtp0wrWKU,HABLANDO HUEVADAS - Segunda Temporada - [Ronaldinho y su Tarántula]&[Denunciaron a Jorgito],Hablando Huevadas,,3981.0,high_yield_channel,Hablando Huevadas,336,CONTENIDO_SEXUAL|ACOSO_GENERO_IDENTIDAD|AMENAZA_DIRECTA,22.60 chunks de daño y 0.86 amenazas por video en el corpus base,70
vzUOGWtpr_k,https://www.youtube.com/watch?v=vzUOGWtpr_k,HABLANDO HUEVADAS - Segunda Temporada - [El pelado no quiso tomarse la foto]&[Al congreso le dicen],Hablando Huevadas,,3932.0,high_yield_channel,Hablando Huevadas,337,CONTENIDO_SEXUAL|ACOSO_GENERO_IDENTIDAD|AMENAZA_DIRECTA,22.60 chunks de daño y 0.86 amenazas por video en el corpus base,70
67npdN2H24E,https://www.youtube.com/watch?v=67npdN2H24E,Inéditos - La Tía lava dinero - Hablando Huevadas,Hablando Huevadas,,154.0,high_yield_channel,Hablando Huevadas,338,CONTENIDO_SEXUAL|ACOSO_GENERO_IDENTIDAD|AMENAZA_DIRECTA,22.60 chunks de daño y 0.86 amenazas por video en el corpus base,70
7UvdLMmE_XI,https://www.youtube.com/watch?v=7UvdLMmE_XI,HABLANDO HUEVADAS - Segunda Temporada - [Jorgito dejó sordo a su Tío]&[Baladas S3EXU4L3S],Hablando Huevadas,,3763.0,high_yield_channel,Hablando Huevadas,339,CONTENIDO_SEXUAL|ACOSO_GENERO_IDENTIDAD|AMENAZA_DIRECTA,22.60 chunks de daño y 0.86 amenazas por video en el corpus base,70
A0SjH069yzI,https://www.youtube.com/watch?v=A0SjH069yzI,Inéditos - Jorge y un niño de la calle - Hablando Huevadas,Hablando Huevadas,,223.0,high_yield_channel,Hablando Huevadas,340,CONTENIDO_SEXUAL|ACOSO_GENERO_IDENTIDAD|AMENAZA_DIRECTA,22.60 chunks de daño y 0.86 amenazas por video en el corpus base,70
yJpUEVVW8zg,https://www.youtube.com/watch?v=yJpUEVVW8zg,Inéditos - Hacemos una fiesta en Zoom - Hablando Huevadas,Hablando Huevadas,,211.0,high_yield_channel,Hablando Huevadas,341,CONTENIDO_SEXUAL|ACOSO_GENERO_IDENTIDAD|AMENAZA_DIRECTA,22.60 chunks de daño y 0.86 amenazas por video en el corpus base,70
MvFqdyU0Ga4,https://www.youtube.com/watch?v=MvFqdyU0Ga4,HABLANDO HUEVADAS - Segunda Temporada - [Nos están Asaltando],Hablando Huevadas,,3413.0,high_yield_channel,Hablando Huevadas,342,CONTENIDO_SEXUAL|ACOSO_GENERO_IDENTIDAD|AMENAZA_DIRECTA,22.60 chunks de daño y 0.86 amenazas por video en el corpus base,70
dDsKdBEg9K4,https://www.youtube.com/watch?v=dDsKdBEg9K4,Inéditos - Nos comimos la comida de Richavo - Hablando Huevadas,Hablando Huevadas,,382.0,high_yield_channel,Hablando Huevadas,343,CONTENIDO_SEXUAL|ACOSO_GENERO_IDENTIDAD|AMENAZA_DIRECTA,22.60 chunks de daño y 0.86 amenazas por video en el corpus base,70
ImSAZMbLjT4,https://www.youtube.com/watch?v=ImSAZMbLjT4,Inéditos - La doble de Monique - Hablando Huevadas,Hablando Huevadas,,257.0,high_yield_channel,Hablando Huevadas,344,CONTENIDO_SEXUAL|ACOSO_GENERO_IDENTIDAD|AMENAZA_DIRECTA,22.60 chunks de daño y 0.86 amenazas por video en el corpus base,70
6vxFsOTb4Ic,https://www.youtube.com/watch?v=6vxFsOTb4Ic,Inéditos - Como conocí a Chiquiwillo - Hablando Huevadas,Hablando Huevadas,,159.0,high_yield_channel,Hablando Huevadas,345,CONTENIDO_SEXUAL|ACOSO_GENERO_IDENTIDAD|AMENAZA_DIRECTA,22.60 chunks de daño y 0.86 amenazas por video en el corpus base,70
YHzcjUGiegs,https://www.youtube.com/watch?v=YHzcjUGiegs,Inéditos - Juegos de Niñas - Hablando Huevadas,Hablando Huevadas,,212.0,high_yield_channel,Hablando Huevadas,346,CONTENIDO_SEXUAL|ACOSO_GENERO_IDENTIDAD|AMENAZA_DIRECTA,22.60 chunks de daño y 0.86 amenazas por video en el corpus base,70
dFGm9yoHZ1Y,https://www.youtube.com/watch?v=dFGm9yoHZ1Y,Inéditos - Nuestro negocio de Empleadas - Hablando Huevadas,Hablando Huevadas,,180.0,high_yield_channel,Hablando Huevadas,347,CONTENIDO_SEXUAL|ACOSO_GENERO_IDENTIDAD|AMENAZA_DIRECTA,22.60 chunks de daño y 0.86 amenazas por video en el corpus base,70
fagUyeSh_8w,https://www.youtube.com/watch?v=fagUyeSh_8w,HABLANDO HUEVADAS- Segunda Temporada- [Árbitro hijo de Put#] & [Jorge y su cena entre políticos],Hablando Huevadas,,3583.0,high_yield_channel,Hablando Huevadas,348,CONTENIDO_SEXUAL|ACOSO_GENERO_IDENTIDAD|AMENAZA_DIRECTA,22.60 chunks de daño y 0.86 amenazas por video en el corpus base,70
owZOLHOXA5Y,https://www.youtube.com/watch?v=owZOLHOXA5Y,Inéditos - Una Mujer enamorada - Hablando Huevadas,Hablando Huevadas,,190.0,high_yield_channel,Hablando Huevadas,349,CONTENIDO_SEXUAL|ACOSO_GENERO_IDENTIDAD|AMENAZA_DIRECTA,22.60 chunks de daño y 0.86 amenazas por video en el corpus base,70
D9Jjv1TWh54,https://www.youtube.com/watch?v=D9Jjv1TWh54,Inéditos - No solo me engaña con mujeres - Hablando Huevadas,Hablando Huevadas,,459.0,high_yield_channel,Hablando Huevadas,350,CONTENIDO_SEXUAL|ACOSO_GENERO_IDENTIDAD|AMENAZA_DIRECTA,22.60 chunks de daño y 0.86 amenazas por video en el corpus base,70
NMEeVb8fQ1U,https://www.youtube.com/watch?v=NMEeVb8fQ1U,🤣 [Ep. 4 - T3] Juanito y Richard - En Red 2 / Los Tramposos (Julio 2026),Juanito y Richard,,353.0,high_yield_channel,Juanito y Richard,1,RACISMO_DISCRIMINACION|AMENAZA_DIRECTA,2.22 chunks de daño por video; máximo observado de 11 amenazas en un episodio,85
zws_IuhBrZM,https://www.youtube.com/watch?v=zws_IuhBrZM,🤣 [Ep. 3 - T3] Juanito y Richard - En Red 2 / La Cobranza (2026),Juanito y Richard,,1317.0,high_yield_channel,Juanito y Richard,2,RACISMO_DISCRIMINACION|AMENAZA_DIRECTA,2.22 chunks de daño por video; máximo observado de 11 amenazas en un episodio,85
9-WRT_gEMOE,https://www.youtube.com/watch?v=9-WRT_gEMOE,🤣 [Ep. 2 - T3] Juanito y Richard - En Red 2 / Yerba Santa (2026),Juanito y Richard,,889.0,high_yield_channel,Juanito y Richard,3,RACISMO_DISCRIMINACION|AMENAZA_DIRECTA,2.22 chunks de daño por video; máximo observado de 11 amenazas en un episodio,85
xAXKmBBpNYE,https://www.youtube.com/watch?v=xAXKmBBpNYE,"🤣 ¿Plata Como Cancha? Juanito y Richard - En Red 2 ¡Piensa Bien, Elige Bien! [Clip]",Juanito y Richard,,292.0,high_yield_channel,Juanito y Richard,4,RACISMO_DISCRIMINACION|AMENAZA_DIRECTA,2.22 chunks de daño por video; máximo observado de 11 amenazas en un episodio,85
U4k_nQ_J4pY,https://www.youtube.com/watch?v=U4k_nQ_J4pY,"🤣 ¿Chanchito? Juanito y Richard - En Red 2 ¡Piensa Bien, Elige Bien! [Clip]",Juanito y Richard,,168.0,high_yield_channel,Juanito y Richard,5,RACISMO_DISCRIMINACION|AMENAZA_DIRECTA,2.22 chunks de daño por video; máximo observado de 11 amenazas en un episodio,85
vzdzml45znM,https://www.youtube.com/watch?v=vzdzml45znM,"🤣 ¿Chinita? Juanito y Richard - En Red 2 ¡Piensa Bien, Elige Bien! [Clip]",Juanito y Richard,,216.0,high_yield_channel,Juanito y Richard,6,RACISMO_DISCRIMINACION|AMENAZA_DIRECTA,2.22 chunks de daño por video; máximo observado de 11 amenazas en un episodio,85
yAvEIfcVs-g,https://www.youtube.com/watch?v=yAvEIfcVs-g,"🤣 [Ep. 1 - T3] Juanito y Richard - En Red 2 ¡Piensa Bien, Elige Bien! (2026)",Juanito y Richard,,1069.0,high_yield_channel,Juanito y Richard,7,RACISMO_DISCRIMINACION|AMENAZA_DIRECTA,2.22 chunks de daño por video; máximo observado de 11 amenazas en un episodio,85
vpUqgocctRc,https://www.youtube.com/watch?v=vpUqgocctRc,🤣 Juanito y Richard & Emerzon y Su Encanto / Boquita de Caramelo (Vivo),Juanito y Richard,,246.0,high_yield_channel,Juanito y Richard,8,RACISMO_DISCRIMINACION|AMENAZA_DIRECTA,2.22 chunks de daño por video; máximo observado de 11 amenazas en un episodio,85
t6emV2Gd6UE,https://www.youtube.com/watch?v=t6emV2Gd6UE,"🤣 [Ep. 3 - T2] Juanito y Richard - En Red 2 / ""Mamá, Solo Hay Una"" 2025 ¡Tendencia! 🔥",Juanito y Richard,,1820.0,high_yield_channel,Juanito y Richard,9,RACISMO_DISCRIMINACION|AMENAZA_DIRECTA,2.22 chunks de daño por video; máximo observado de 11 amenazas en un episodio,85
KFL2Yv2pgd8,https://www.youtube.com/watch?v=KFL2Yv2pgd8,"🤣 [Ep. 2 - T2] Juanito y Richard - En Red 2 / ""El Precio De La Traición"" 2025 ¡Tendencia! 🔥",Juanito y Richard,,1022.0,high_yield_channel,Juanito y Richard,10,RACISMO_DISCRIMINACION|AMENAZA_DIRECTA,2.22 chunks de daño por video; máximo observado de 11 amenazas en un episodio,85
k2Wb_NjWuPM,https://www.youtube.com/watch?v=k2Wb_NjWuPM,"😂 Las Aventuras del Oficial Douglas - ""El Arreglo"" / Comedia 2025",Juanito y Richard,,305.0,high_yield_channel,Juanito y Richard,11,RACISMO_DISCRIMINACION|AMENAZA_DIRECTA,2.22 chunks de daño por video; máximo observado de 11 amenazas en un episodio,85
w7gWi-nCUbQ,https://www.youtube.com/watch?v=w7gWi-nCUbQ,"🤣 [Ep. 1 - T2] Juanito y Richard - En Red 2 🤑 ""El Juego del Si Señor"" 2025 ¡Tendencia! 🔥",Juanito y Richard,,1217.0,high_yield_channel,Juanito y Richard,12,RACISMO_DISCRIMINACION|AMENAZA_DIRECTA,2.22 chunks de daño por video; máximo observado de 11 amenazas en un episodio,85
_gZkDmQjhsA,https://www.youtube.com/watch?v=_gZkDmQjhsA,"🤣 [Cap. 5] Juanito y Richard - En Red 2 / ""Huevos Al Paso"" 🥚 2024",Juanito y Richard,,1471.0,high_yield_channel,Juanito y Richard,13,RACISMO_DISCRIMINACION|AMENAZA_DIRECTA,2.22 chunks de daño por video; máximo observado de 11 amenazas en un episodio,85
VzynZi4lkMA,https://www.youtube.com/watch?v=VzynZi4lkMA,"🤣 [Cap. 4] Juanito y Richard - En Red 2 / ""La Gran Herencia"" 💰 2024",Juanito y Richard,,1106.0,high_yield_channel,Juanito y Richard,14,RACISMO_DISCRIMINACION|AMENAZA_DIRECTA,2.22 chunks de daño por video; máximo observado de 11 amenazas en un episodio,85
HFW0A6Yvuvw,https://www.youtube.com/watch?v=HFW0A6Yvuvw,"🤣 [Cap. 3] Juanito y Richard - En Red 2 / ""Los Periodistas"" 📰 2024",Juanito y Richard,,844.0,high_yield_channel,Juanito y Richard,15,RACISMO_DISCRIMINACION|AMENAZA_DIRECTA,2.22 chunks de daño por video; máximo observado de 11 amenazas en un episodio,85
MwVZUspyZj8,https://www.youtube.com/watch?v=MwVZUspyZj8,"🤣 [Cap. 2] Juanito y Richard - En Red 2 / ""Los Polis"" 👮 2024",Juanito y Richard,,980.0,high_yield_channel,Juanito y Richard,16,RACISMO_DISCRIMINACION|AMENAZA_DIRECTA,2.22 chunks de daño por video; máximo observado de 11 amenazas en un episodio,85
qJzSLa_2NwY,https://www.youtube.com/watch?v=qJzSLa_2NwY,"🤣 [Cap. 1] Juanito y Richard - En Red 2 / ""El Jugadorazo"" ⚽ 2024",Juanito y Richard,,720.0,high_yield_channel,Juanito y Richard,17,RACISMO_DISCRIMINACION|AMENAZA_DIRECTA,2.22 chunks de daño por video; máximo observado de 11 amenazas en un episodio,85
bo8W17OB02E,https://www.youtube.com/watch?v=bo8W17OB02E,"🏡 [Cap. 23] Juanito y Richard - La Casona / ""La Wawita"" 👶 2024",Juanito y Richard,,1011.0,high_yield_channel,Juanito y Richard,18,RACISMO_DISCRIMINACION|AMENAZA_DIRECTA,2.22 chunks de daño por video; máximo observado de 11 amenazas en un episodio,85
PAWC2K-iAbw,https://www.youtube.com/watch?v=PAWC2K-iAbw,¡Juanito y Richard! 🤣  GIRA 2023 🚐 - ESPINAR🤣,Juanito y Richard,,218.0,high_yield_channel,Juanito y Richard,19,RACISMO_DISCRIMINACION|AMENAZA_DIRECTA,2.22 chunks de daño por video; máximo observado de 11 amenazas en un episodio,85
T7dlZw2HDUk,https://www.youtube.com/watch?v=T7dlZw2HDUk,¡Juanito y Richard! 🤣  GIRA 2023 🚐 - CHALLHUAHUACHO 🤣,Juanito y Richard,,227.0,high_yield_channel,Juanito y Richard,20,RACISMO_DISCRIMINACION|AMENAZA_DIRECTA,2.22 chunks de daño por video; máximo observado de 11 amenazas en un episodio,85
gzl0fpnwTYM,https://www.youtube.com/watch?v=gzl0fpnwTYM,"🏡 [Cap. 22] Juanito y Richard - La Casona / ""El Doble de Riesgo"" 🔫 Oficial",Juanito y Richard,,990.0,high_yield_channel,Juanito y Richard,21,RACISMO_DISCRIMINACION|AMENAZA_DIRECTA,2.22 chunks de daño por video; máximo observado de 11 amenazas en un episodio,85
cMgI8PLe-4g,https://www.youtube.com/watch?v=cMgI8PLe-4g,🔴ENTRE JUEGOS Y RISAS - EDICION ESPECIAL (YAURISQUE)🤣,Juanito y Richard,,535.0,high_yield_channel,Juanito y Richard,22,RACISMO_DISCRIMINACION|AMENAZA_DIRECTA,2.22 chunks de daño por video; máximo observado de 11 amenazas en un episodio,85
U5BXU92rqts,https://www.youtube.com/watch?v=U5BXU92rqts,PREGUNTAS EN LA CALLE,Juanito y Richard,,67.0,high_yield_channel,Juanito y Richard,23,RACISMO_DISCRIMINACION|AMENAZA_DIRECTA,2.22 chunks de daño por video; máximo observado de 11 amenazas en un episodio,85
1etBmKHO4Ws,https://www.youtube.com/watch?v=1etBmKHO4Ws,"🏡 [Cap. 21] Juanito y Richard - La Casona / ""La Escuelita"" 🎼 (Parte 2)",Juanito y Richard,,840.0,high_yield_channel,Juanito y Richard,24,RACISMO_DISCRIMINACION|AMENAZA_DIRECTA,2.22 chunks de daño por video; máximo observado de 11 amenazas en un episodio,85
7bf_znaizkc,https://www.youtube.com/watch?v=7bf_znaizkc,"🏡 [Cap. 21] Juanito y Richard - La Casona / ""La Escuelita"" 🎼 (Parte 1)",Juanito y Richard,,496.0,high_yield_channel,Juanito y Richard,25,RACISMO_DISCRIMINACION|AMENAZA_DIRECTA,2.22 chunks de daño por video; máximo observado de 11 amenazas en un episodio,85
eie4Pd7bOiY,https://www.youtube.com/watch?v=eie4Pd7bOiY,ENSAYANDO CORTA VENAS,Juanito y Richard,,170.0,high_yield_channel,Juanito y Richard,26,RACISMO_DISCRIMINACION|AMENAZA_DIRECTA,2.22 chunks de daño por video; máximo observado de 11 amenazas en un episodio,85
DkHIsaxrwWY,https://www.youtube.com/watch?v=DkHIsaxrwWY,MAMITAS AREQUIPEÑAS...,Juanito y Richard,,252.0,high_yield_channel,Juanito y Richard,27,RACISMO_DISCRIMINACION|AMENAZA_DIRECTA,2.22 chunks de daño por video; máximo observado de 11 amenazas en un episodio,85
X0hmf0BWIco,https://www.youtube.com/watch?v=X0hmf0BWIco,"🏡 [Cap. 20] Juanito y Richard - La Casona / ""El Hotel"" ⭐ Rosario Flores - Oficial",Juanito y Richard,,429.0,high_yield_channel,Juanito y Richard,28,RACISMO_DISCRIMINACION|AMENAZA_DIRECTA,2.22 chunks de daño por video; máximo observado de 11 amenazas en un episodio,85
2QMmvS1-cuM,https://www.youtube.com/watch?v=2QMmvS1-cuM,"🏡 [Cap. 19] Juanito y Richard - La Casona / ""Los Brujos"" ☠️ Oficial",Juanito y Richard,,895.0,high_yield_channel,Juanito y Richard,29,RACISMO_DISCRIMINACION|AMENAZA_DIRECTA,2.22 chunks de daño por video; máximo observado de 11 amenazas en un episodio,85
V90-ntDNbGg,https://www.youtube.com/watch?v=V90-ntDNbGg,"🏡 [Cap. 18] Juanito y Richard - La Casona / ""Cazatalentos"" 🎼 Oficial",Juanito y Richard,,1121.0,high_yield_channel,Juanito y Richard,30,RACISMO_DISCRIMINACION|AMENAZA_DIRECTA,2.22 chunks de daño por video; máximo observado de 11 amenazas en un episodio,85
mcXrXsdW7EU,https://www.youtube.com/watch?v=mcXrXsdW7EU,"🏡 [Cap. 17] Juanito y Richard - La Casona / ""El Hotel"" ⭐ Ft. Hugo Larico - Oficial",Juanito y Richard,,951.0,high_yield_channel,Juanito y Richard,31,RACISMO_DISCRIMINACION|AMENAZA_DIRECTA,2.22 chunks de daño por video; máximo observado de 11 amenazas en un episodio,85
jOKnpl7vlDM,https://www.youtube.com/watch?v=jOKnpl7vlDM,"🏡 [Cap. 16] Juanito y Richard - La Casona / ""El Hotel"" ⭐ Ft. Chila Jatun - Oficial",Juanito y Richard,,1143.0,high_yield_channel,Juanito y Richard,32,RACISMO_DISCRIMINACION|AMENAZA_DIRECTA,2.22 chunks de daño por video; máximo observado de 11 amenazas en un episodio,85
5l8SlsXR3sQ,https://www.youtube.com/watch?v=5l8SlsXR3sQ,"🏡 [Cap. 15] Juanito y Richard - La Casona / ""Bombero"" 👨‍🚒 Oficial",Juanito y Richard,,611.0,high_yield_channel,Juanito y Richard,33,RACISMO_DISCRIMINACION|AMENAZA_DIRECTA,2.22 chunks de daño por video; máximo observado de 11 amenazas en un episodio,85
ZhOAYcJX9c0,https://www.youtube.com/watch?v=ZhOAYcJX9c0,"🏡 [Cap. 14] Juanito y Richard - La Casona / ""El Gran Desfile"" 🎺 Oficial",Juanito y Richard,,665.0,high_yield_channel,Juanito y Richard,34,RACISMO_DISCRIMINACION|AMENAZA_DIRECTA,2.22 chunks de daño por video; máximo observado de 11 amenazas en un episodio,85
f1pgFpex_8w,https://www.youtube.com/watch?v=f1pgFpex_8w,"🏡 [Cap. 13] Juanito y Richard - La Casona / ""El Hotel"" ⭐Video Oficial",Juanito y Richard,,1296.0,high_yield_channel,Juanito y Richard,35,RACISMO_DISCRIMINACION|AMENAZA_DIRECTA,2.22 chunks de daño por video; máximo observado de 11 amenazas en un episodio,85
2Yv2HVklU2A,https://www.youtube.com/watch?v=2Yv2HVklU2A,🔥 Mensaje A La Nación / Juanito y Richard - ¡Felices Fiestas Patrias Perú! 🏡,Juanito y Richard,,62.0,high_yield_channel,Juanito y Richard,36,RACISMO_DISCRIMINACION|AMENAZA_DIRECTA,2.22 chunks de daño por video; máximo observado de 11 amenazas en un episodio,85
vNijCaCNf90,https://www.youtube.com/watch?v=vNijCaCNf90,Inauguración MINI-Estadio del Cholo Juanito - 23 Julio 2022 - ExHacienda Puquin / Santiago - CUSCO,Juanito y Richard,,85.0,high_yield_channel,Juanito y Richard,37,RACISMO_DISCRIMINACION|AMENAZA_DIRECTA,2.22 chunks de daño por video; máximo observado de 11 amenazas en un episodio,85
Jw3Up-9W-EA,https://www.youtube.com/watch?v=Jw3Up-9W-EA,"🏡 [Cap. 12] Juanito y Richard - La Casona / ""El Hotel"" ⭐ Ft. Gladys Vila - Oficial",Juanito y Richard,,733.0,high_yield_channel,Juanito y Richard,38,RACISMO_DISCRIMINACION|AMENAZA_DIRECTA,2.22 chunks de daño por video; máximo observado de 11 amenazas en un episodio,85
p-sTWo09yq4,https://www.youtube.com/watch?v=p-sTWo09yq4,"🔴 Juanito y Richard entre Juegos y Risas ""Glotones"" - Comiendo Helados / 2022",Juanito y Richard,,733.0,high_yield_channel,Juanito y Richard,39,RACISMO_DISCRIMINACION|AMENAZA_DIRECTA,2.22 chunks de daño por video; máximo observado de 11 amenazas en un episodio,85
odLXrQSU8eU,https://www.youtube.com/watch?v=odLXrQSU8eU,"🏡 [Cap. 11] Juanito y Richard - La Casona / ""El Hotel"" ⭐ Ft. Briyit Palomino - Oficial",Juanito y Richard,,647.0,high_yield_channel,Juanito y Richard,40,RACISMO_DISCRIMINACION|AMENAZA_DIRECTA,2.22 chunks de daño por video; máximo observado de 11 amenazas en un episodio,85
SDAMs7BqLVs,https://www.youtube.com/watch?v=SDAMs7BqLVs,¡Street Fighter! Juanito y Richard  / Mayo 2022,Juanito y Richard,,64.0,high_yield_channel,Juanito y Richard,41,RACISMO_DISCRIMINACION|AMENAZA_DIRECTA,2.22 chunks de daño por video; máximo observado de 11 amenazas en un episodio,85
KC9xTQxu4TE,https://www.youtube.com/watch?v=KC9xTQxu4TE,¡El Policía! Juanito y Richard / Mayo 2022,Juanito y Richard,,68.0,high_yield_channel,Juanito y Richard,42,RACISMO_DISCRIMINACION|AMENAZA_DIRECTA,2.22 chunks de daño por video; máximo observado de 11 amenazas en un episodio,85
4Lma61c9XMI,https://www.youtube.com/watch?v=4Lma61c9XMI,¡Es Chocolate! Juanito y Richard / Mayo 2022,Juanito y Richard,,194.0,high_yield_channel,Juanito y Richard,43,RACISMO_DISCRIMINACION|AMENAZA_DIRECTA,2.22 chunks de daño por video; máximo observado de 11 amenazas en un episodio,85
-vU_wAppNV4,https://www.youtube.com/watch?v=-vU_wAppNV4,"🔴 Juanito & Richard en Vivo -  Juego ""Pelatodo"" - Pelando Papas",Juanito y Richard,,237.0,high_yield_channel,Juanito y Richard,44,RACISMO_DISCRIMINACION|AMENAZA_DIRECTA,2.22 chunks de daño por video; máximo observado de 11 amenazas en un episodio,85
4fHcvr8U2t8,https://www.youtube.com/watch?v=4fHcvr8U2t8,🔴 Juanito & Richard - Ayuda Solidaria / Yonaida Oncebay Pante (ICA) Vda. de Yhony Quinto Contreras,Juanito y Richard,,190.0,high_yield_channel,Juanito y Richard,45,RACISMO_DISCRIMINACION|AMENAZA_DIRECTA,2.22 chunks de daño por video; máximo observado de 11 amenazas en un episodio,85
6sEdw_R5Ttg,https://www.youtube.com/watch?v=6sEdw_R5Ttg,"🏡 [Cap. 10] Juanito y Richard - La Casona / ""Identidad Secreta"" 🕵️ Oficial",Juanito y Richard,,813.0,high_yield_channel,Juanito y Richard,46,RACISMO_DISCRIMINACION|AMENAZA_DIRECTA,2.22 chunks de daño por video; máximo observado de 11 amenazas en un episodio,85
tvvcpNLBoZY,https://www.youtube.com/watch?v=tvvcpNLBoZY,"🏡 Avance 🪪 Juanito y Richard - Identidad Secreta / La Casona (Cap. 10) Estreno 15 Abril 2022, 12M.",Juanito y Richard,,57.0,high_yield_channel,Juanito y Richard,47,RACISMO_DISCRIMINACION|AMENAZA_DIRECTA,2.22 chunks de daño por video; máximo observado de 11 amenazas en un episodio,85
N8Tn4_vy95Y,https://www.youtube.com/watch?v=N8Tn4_vy95Y,🔴 Juanito y Richard Entre Juegos y Risas N°1 - Miércoles 06/04/2022 / Primer Programa 🤣,Juanito y Richard,,5953.0,high_yield_channel,Juanito y Richard,48,RACISMO_DISCRIMINACION|AMENAZA_DIRECTA,2.22 chunks de daño por video; máximo observado de 11 amenazas en un episodio,85
RWOIC0pmnfY,https://www.youtube.com/watch?v=RWOIC0pmnfY,📺 Juanito y Richard - EN VIVO / Hoy miércoles 6 de abril de 2022 ¡6PM Estreno de Primer Programa!,Juanito y Richard,,48.0,high_yield_channel,Juanito y Richard,49,RACISMO_DISCRIMINACION|AMENAZA_DIRECTA,2.22 chunks de daño por video; máximo observado de 11 amenazas en un episodio,85
Di4eUNsWPqg,https://www.youtube.com/watch?v=Di4eUNsWPqg,📺 Juanito y Richard - Restaurant El Mirador de Richard / Spot / Anuncio / Publicidad,Juanito y Richard,,39.0,high_yield_channel,Juanito y Richard,50,RACISMO_DISCRIMINACION|AMENAZA_DIRECTA,2.22 chunks de daño por video; máximo observado de 11 amenazas en un episodio,85
HUXBtTiOhww,https://www.youtube.com/watch?v=HUXBtTiOhww,📺 Juanito y Richard - Mochilas LOGAN / Spot / Anuncio / Publicidad,Juanito y Richard,,57.0,high_yield_channel,Juanito y Richard,51,RACISMO_DISCRIMINACION|AMENAZA_DIRECTA,2.22 chunks de daño por video; máximo observado de 11 amenazas en un episodio,85
Vi-AgQM_mOU,https://www.youtube.com/watch?v=Vi-AgQM_mOU,📺 Juanito y Richard - Pollería Sabroso Perú / Spot / Anuncio / Publicidad,Juanito y Richard,,61.0,high_yield_channel,Juanito y Richard,52,RACISMO_DISCRIMINACION|AMENAZA_DIRECTA,2.22 chunks de daño por video; máximo observado de 11 amenazas en un episodio,85
0cAzVPQ7qnQ,https://www.youtube.com/watch?v=0cAzVPQ7qnQ,📺 Juanito y Richard - Cancha La Rinconada / Spot / Anuncio / Publicidad,Juanito y Richard,,16.0,high_yield_channel,Juanito y Richard,53,RACISMO_DISCRIMINACION|AMENAZA_DIRECTA,2.22 chunks de daño por video; máximo observado de 11 amenazas en un episodio,85
6pn6ol-BJc0,https://www.youtube.com/watch?v=6pn6ol-BJc0,📺 Juanito y Richard - Lubricentro Marielita / Spot / Anuncio / Publicidad,Juanito y Richard,,54.0,high_yield_channel,Juanito y Richard,54,RACISMO_DISCRIMINACION|AMENAZA_DIRECTA,2.22 chunks de daño por video; máximo observado de 11 amenazas en un episodio,85
sEumShpxAas,https://www.youtube.com/watch?v=sEumShpxAas,📺 Juanito y Richard - Café Subia / Spot / Anuncio / Publicidad,Juanito y Richard,,29.0,high_yield_channel,Juanito y Richard,55,RACISMO_DISCRIMINACION|AMENAZA_DIRECTA,2.22 chunks de daño por video; máximo observado de 11 amenazas en un episodio,85
MPTMyTWLTBE,https://www.youtube.com/watch?v=MPTMyTWLTBE,📺 Juanito y Richard - CyM Plast / Spot / Anuncio / Publicidad,Juanito y Richard,,30.0,high_yield_channel,Juanito y Richard,56,RACISMO_DISCRIMINACION|AMENAZA_DIRECTA,2.22 chunks de daño por video; máximo observado de 11 amenazas en un episodio,85
V07XVE3VCxk,https://www.youtube.com/watch?v=V07XVE3VCxk,📺 Juanito y Richard - Maderera Alegría / Spot / Anuncio / Publicidad,Juanito y Richard,,41.0,high_yield_channel,Juanito y Richard,57,RACISMO_DISCRIMINACION|AMENAZA_DIRECTA,2.22 chunks de daño por video; máximo observado de 11 amenazas en un episodio,85
wUXOKoFe3Lk,https://www.youtube.com/watch?v=wUXOKoFe3Lk,"🏡 [Cap. 9] Juanito y Richard - La Casona / ""El Cupido Del Amor"" ❤️ Oficial",Juanito y Richard,,1243.0,high_yield_channel,Juanito y Richard,58,RACISMO_DISCRIMINACION|AMENAZA_DIRECTA,2.22 chunks de daño por video; máximo observado de 11 amenazas en un episodio,85
IIfy910ocJI,https://www.youtube.com/watch?v=IIfy910ocJI,🏡 Avance 🏹 Juanito y Richard - El Cupido Del Amor / La Casona (Cap. 9) Estreno 14 Marzo 2022,Juanito y Richard,,70.0,high_yield_channel,Juanito y Richard,59,RACISMO_DISCRIMINACION|AMENAZA_DIRECTA,2.22 chunks de daño por video; máximo observado de 11 amenazas en un episodio,85
lODLlTH-Exs,https://www.youtube.com/watch?v=lODLlTH-Exs,🏡 El Amor ❤️ Juanito y Richard / La Casona (Clip) Estreno 2 Marzo 2022,Juanito y Richard,,320.0,high_yield_channel,Juanito y Richard,60,RACISMO_DISCRIMINACION|AMENAZA_DIRECTA,2.22 chunks de daño por video; máximo observado de 11 amenazas en un episodio,85
B0X-bBB_MZU,https://www.youtube.com/watch?v=B0X-bBB_MZU,"🏡 [Cap. 8] Juanito y Richard - La Casona / ""De Pocas Pulgas"" 🐶 Oficial",Juanito y Richard,,1165.0,high_yield_channel,Juanito y Richard,61,RACISMO_DISCRIMINACION|AMENAZA_DIRECTA,2.22 chunks de daño por video; máximo observado de 11 amenazas en un episodio,85
zdonySQ72ow,https://www.youtube.com/watch?v=zdonySQ72ow,"🏡 [Cap. 7] Juanito y Richard - La Casona / ""La Llegada de Serpentino"" 🎉 Oficial",Juanito y Richard,,795.0,high_yield_channel,Juanito y Richard,62,RACISMO_DISCRIMINACION|AMENAZA_DIRECTA,2.22 chunks de daño por video; máximo observado de 11 amenazas en un episodio,85
G2Vys0bkJis,https://www.youtube.com/watch?v=G2Vys0bkJis,"🏡 [Cap. 6] Juanito y Richard - La Casona / ""Feliz Navidad"" 🎅 Oficial",Juanito y Richard,,1761.0,high_yield_channel,Juanito y Richard,63,RACISMO_DISCRIMINACION|AMENAZA_DIRECTA,2.22 chunks de daño por video; máximo observado de 11 amenazas en un episodio,85
jMgv43qRSxw,https://www.youtube.com/watch?v=jMgv43qRSxw,"🏡 [Cap. 5] Juanito y Richard - La Casona / ""Feliz Cumpleaños"" 🥳 Oficial",Juanito y Richard,,991.0,high_yield_channel,Juanito y Richard,64,RACISMO_DISCRIMINACION|AMENAZA_DIRECTA,2.22 chunks de daño por video; máximo observado de 11 amenazas en un episodio,85
Qa6VE5edEjI,https://www.youtube.com/watch?v=Qa6VE5edEjI,"🏡 [Cap. 4] Juanito y Richard - La Casona / ""El Novio"" 💍 Oficial",Juanito y Richard,,1306.0,high_yield_channel,Juanito y Richard,65,RACISMO_DISCRIMINACION|AMENAZA_DIRECTA,2.22 chunks de daño por video; máximo observado de 11 amenazas en un episodio,85
N0REKWyEHPQ,https://www.youtube.com/watch?v=N0REKWyEHPQ,🔴 LIVE - Cholo Juanito y Richard Douglas - Radio Nueva Q / Edwin Sierra y Oscar del Río (Lima),Juanito y Richard,,639.0,high_yield_channel,Juanito y Richard,66,RACISMO_DISCRIMINACION|AMENAZA_DIRECTA,2.22 chunks de daño por video; máximo observado de 11 amenazas en un episodio,85
5QOBa8yM7hI,https://www.youtube.com/watch?v=5QOBa8yM7hI,🔴 LIVE - Cholo Juanito y Richard Douglas - Radio Nueva Q / Edwin Sierra y Oscar del Río (Lima),Juanito y Richard,,900.0,high_yield_channel,Juanito y Richard,67,RACISMO_DISCRIMINACION|AMENAZA_DIRECTA,2.22 chunks de daño por video; máximo observado de 11 amenazas en un episodio,85
vToZK7SPThE,https://www.youtube.com/watch?v=vToZK7SPThE,🔴 LIVE - Cholo Juanito y Richard Douglas ¡NUESTRO PRIMER MILLÓN EN YOUTUBE! 🔥🔥🔥,Juanito y Richard,,4007.0,high_yield_channel,Juanito y Richard,68,RACISMO_DISCRIMINACION|AMENAZA_DIRECTA,2.22 chunks de daño por video; máximo observado de 11 amenazas en un episodio,85
YRRecOrndyI,https://www.youtube.com/watch?v=YRRecOrndyI,🔴 LIVE - Cholo Juanito y Richard Douglas - La Radio De Moda -  En Vivo / Entrevista ECUADOR (Cuenca),Juanito y Richard,,2609.0,high_yield_channel,Juanito y Richard,69,RACISMO_DISCRIMINACION|AMENAZA_DIRECTA,2.22 chunks de daño por video; máximo observado de 11 amenazas en un episodio,85
_Swnzkf8zJ8,https://www.youtube.com/watch?v=_Swnzkf8zJ8,🔴 LIVE - Cholo Juanito y Richard Douglas - Radio Main Street En Vivo / Entrevista ECUADOR,Juanito y Richard,,1100.0,high_yield_channel,Juanito y Richard,70,RACISMO_DISCRIMINACION|AMENAZA_DIRECTA,2.22 chunks de daño por video; máximo observado de 11 amenazas en un episodio,85
QDMvXz1Uy-s,https://www.youtube.com/watch?v=QDMvXz1Uy-s,LIVE - Cholo Juanito y Richard Douglas - Radio Mega 103.3 FM En Vivo / Entrevista ECUADOR,Juanito y Richard,,1452.0,high_yield_channel,Juanito y Richard,71,RACISMO_DISCRIMINACION|AMENAZA_DIRECTA,2.22 chunks de daño por video; máximo observado de 11 amenazas en un episodio,85
P4NbLS9nu_w,https://www.youtube.com/watch?v=P4NbLS9nu_w,"🏡 [Cap. 3] Juanito y Richard - La Casona / ""Halloween"" 🎃 Oficial",Juanito y Richard,,842.0,high_yield_channel,Juanito y Richard,72,RACISMO_DISCRIMINACION|AMENAZA_DIRECTA,2.22 chunks de daño por video; máximo observado de 11 amenazas en un episodio,85
klMHwtBHmh0,https://www.youtube.com/watch?v=klMHwtBHmh0,🔥Aeropuerto - Rumbo al Ecuador... Tour 2021 Cholo Juanito y Richard Douglas 🔥,Juanito y Richard,,791.0,high_yield_channel,Juanito y Richard,73,RACISMO_DISCRIMINACION|AMENAZA_DIRECTA,2.22 chunks de daño por video; máximo observado de 11 amenazas en un episodio,85
c1Yg3Md60IA,https://www.youtube.com/watch?v=c1Yg3Md60IA,🎥 Cholo Juanito y Richard Douglas - Helicóptero Malogra Grabación / La Casona - Detrás de Cámaras 🔥,Juanito y Richard,,76.0,high_yield_channel,Juanito y Richard,74,RACISMO_DISCRIMINACION|AMENAZA_DIRECTA,2.22 chunks de daño por video; máximo observado de 11 amenazas en un episodio,85
rNhm38oWekg,https://www.youtube.com/watch?v=rNhm38oWekg,"🏡 [Cap. 2] Juanito y Richard - La Casona / ""La Truchada"" 🤣 Oficial",Juanito y Richard,,813.0,high_yield_channel,Juanito y Richard,75,RACISMO_DISCRIMINACION|AMENAZA_DIRECTA,2.22 chunks de daño por video; máximo observado de 11 amenazas en un episodio,85
JsCVHIfBcrg,https://www.youtube.com/watch?v=JsCVHIfBcrg,🏡Cholo Juanito y Richard Douglas - La Casona (Clip 2) El Caballero 🤣 Oficial Estreno Octubre 2021,Juanito y Richard,,172.0,high_yield_channel,Juanito y Richard,76,RACISMO_DISCRIMINACION|AMENAZA_DIRECTA,2.22 chunks de daño por video; máximo observado de 11 amenazas en un episodio,85
Pp0AfrcIxos,https://www.youtube.com/watch?v=Pp0AfrcIxos,🏡 Juanito y Richard - La Casona / Los Tóxicos 🤣,Juanito y Richard,,65.0,high_yield_channel,Juanito y Richard,77,RACISMO_DISCRIMINACION|AMENAZA_DIRECTA,2.22 chunks de daño por video; máximo observado de 11 amenazas en un episodio,85
GKwa_CL9tnk,https://www.youtube.com/watch?v=GKwa_CL9tnk,🔥Tour Ecuador 2021 / Cholo Juanito y Richard Douglas / Oficial,Juanito y Richard,,108.0,high_yield_channel,Juanito y Richard,78,RACISMO_DISCRIMINACION|AMENAZA_DIRECTA,2.22 chunks de daño por video; máximo observado de 11 amenazas en un episodio,85
gmvy6CkZv9k,https://www.youtube.com/watch?v=gmvy6CkZv9k,🏡 [Cap. 1] Juanito y Richard - La Casona / La Bienvenida 🤣 Oficial,Juanito y Richard,,721.0,high_yield_channel,Juanito y Richard,79,RACISMO_DISCRIMINACION|AMENAZA_DIRECTA,2.22 chunks de daño por video; máximo observado de 11 amenazas en un episodio,85
PqCGQrFURO4,https://www.youtube.com/watch?v=PqCGQrFURO4,🏡¡Nueva Temporada! 🤣 Cholo Juanito y Richard Douglas - La Casona / 2021... Muy Pronto!,Juanito y Richard,,123.0,high_yield_channel,Juanito y Richard,80,RACISMO_DISCRIMINACION|AMENAZA_DIRECTA,2.22 chunks de daño por video; máximo observado de 11 amenazas en un episodio,85
GiecipaKTuw,https://www.youtube.com/watch?v=GiecipaKTuw,💉La Gran Vacunatón - Juanito y Richard 🤣 Chistes,Juanito y Richard,,385.0,high_yield_channel,Juanito y Richard,81,RACISMO_DISCRIMINACION|AMENAZA_DIRECTA,2.22 chunks de daño por video; máximo observado de 11 amenazas en un episodio,85
xTcGwJnS3qY,https://www.youtube.com/watch?v=xTcGwJnS3qY,🇵🇪 ¡Feliz Bicentenario Patrio Perú! Cholo Juanito y Richard Douglas 🤣 Chistes 2021,Juanito y Richard,,377.0,high_yield_channel,Juanito y Richard,82,RACISMO_DISCRIMINACION|AMENAZA_DIRECTA,2.22 chunks de daño por video; máximo observado de 11 amenazas en un episodio,85
AuA2ufzozoY,https://www.youtube.com/watch?v=AuA2ufzozoY,🇪🇨 (CLIP) Cholo Juanito y Richard Douglas - Linda Bienvenida a Ecuador 2020,Juanito y Richard,,447.0,high_yield_channel,Juanito y Richard,83,RACISMO_DISCRIMINACION|AMENAZA_DIRECTA,2.22 chunks de daño por video; máximo observado de 11 amenazas en un episodio,85
879YaScxrVs,https://www.youtube.com/watch?v=879YaScxrVs,🍬 El Sugar Daddy - Cholo Juanito y Richard Douglas & Marcos Otavalo (2020),Juanito y Richard,,369.0,high_yield_channel,Juanito y Richard,84,RACISMO_DISCRIMINACION|AMENAZA_DIRECTA,2.22 chunks de daño por video; máximo observado de 11 amenazas en un episodio,85
5qHf51YEKuY,https://www.youtube.com/watch?v=5qHf51YEKuY,(LIVE) QUE COSA YA (Kalesy & Jhely Romero) Cholo Juanito y Richard Douglas (TikTok 2020),Juanito y Richard,,3959.0,high_yield_channel,Juanito y Richard,85,RACISMO_DISCRIMINACION|AMENAZA_DIRECTA,2.22 chunks de daño por video; máximo observado de 11 amenazas en un episodio,85
VualBL6VZNY,https://www.youtube.com/watch?v=VualBL6VZNY,⌚ (CLIP) Sólo Un Minuto - Cholo Juanito y Richard Douglas / Perú,Juanito y Richard,,147.0,high_yield_channel,Juanito y Richard,86,RACISMO_DISCRIMINACION|AMENAZA_DIRECTA,2.22 chunks de daño por video; máximo observado de 11 amenazas en un episodio,85
jOnMkZXppEs,https://www.youtube.com/watch?v=jOnMkZXppEs,😠 (CLIP) Una Mujer Con Carácter - Cholo Juanito y Richard Douglas / Perú,Juanito y Richard,,194.0,high_yield_channel,Juanito y Richard,87,RACISMO_DISCRIMINACION|AMENAZA_DIRECTA,2.22 chunks de daño por video; máximo observado de 11 amenazas en un episodio,85
VKyQO_eMDb8,https://www.youtube.com/watch?v=VKyQO_eMDb8,🍗 Pollería Don Clemente - Cholo Juanito y Richard Douglas / 2020,Juanito y Richard,,238.0,high_yield_channel,Juanito y Richard,88,RACISMO_DISCRIMINACION|AMENAZA_DIRECTA,2.22 chunks de daño por video; máximo observado de 11 amenazas en un episodio,85
U1zNXi_B6v8,https://www.youtube.com/watch?v=U1zNXi_B6v8,3 Veces Sr. Juez - Cholo Juanito y Richard Douglas & Sheyla Osorio (TikTok 2020),Juanito y Richard,,62.0,high_yield_channel,Juanito y Richard,89,RACISMO_DISCRIMINACION|AMENAZA_DIRECTA,2.22 chunks de daño por video; máximo observado de 11 amenazas en un episodio,85
UKKmN5r_4dw,https://www.youtube.com/watch?v=UKKmN5r_4dw,¡Feliz Cumpleaños Cholo Juanito! 29 Setiembre 2020 / CUSCO,Juanito y Richard,,101.0,high_yield_channel,Juanito y Richard,90,RACISMO_DISCRIMINACION|AMENAZA_DIRECTA,2.22 chunks de daño por video; máximo observado de 11 amenazas en un episodio,85
nNZUrRqUyFA,https://www.youtube.com/watch?v=nNZUrRqUyFA,"😘 (CLIP) El Perfume... Sígueme, Sígueme - Cholo Juanito y Richard Douglas / Perú",Juanito y Richard,,191.0,high_yield_channel,Juanito y Richard,91,RACISMO_DISCRIMINACION|AMENAZA_DIRECTA,2.22 chunks de daño por video; máximo observado de 11 amenazas en un episodio,85
NqKrWNzKZAI,https://www.youtube.com/watch?v=NqKrWNzKZAI,Feliz Día Miguel Facundo - Cholo Juanito y Richard Douglas / SALUDO.pe,Juanito y Richard,,106.0,high_yield_channel,Juanito y Richard,92,RACISMO_DISCRIMINACION|AMENAZA_DIRECTA,2.22 chunks de daño por video; máximo observado de 11 amenazas en un episodio,85
mOascH8hpzU,https://www.youtube.com/watch?v=mOascH8hpzU,📺 Juanito y Richard - Avícola Los Manantiales (Guatemala) Spot / Anuncio / Publicidad,Juanito y Richard,,164.0,high_yield_channel,Juanito y Richard,93,RACISMO_DISCRIMINACION|AMENAZA_DIRECTA,2.22 chunks de daño por video; máximo observado de 11 amenazas en un episodio,85
QjUxc3hiAUU,https://www.youtube.com/watch?v=QjUxc3hiAUU,📺 Juanito y Richard - Alixfort Store / Spot / Anuncio / Publicidad,Juanito y Richard,,181.0,high_yield_channel,Juanito y Richard,94,RACISMO_DISCRIMINACION|AMENAZA_DIRECTA,2.22 chunks de daño por video; máximo observado de 11 amenazas en un episodio,85
cuCQ3A6nxSk,https://www.youtube.com/watch?v=cuCQ3A6nxSk,(VIVO) Chola Puca & Cholo Juanito y Richard Douglas,Juanito y Richard,,1582.0,high_yield_channel,Juanito y Richard,95,RACISMO_DISCRIMINACION|AMENAZA_DIRECTA,2.22 chunks de daño por video; máximo observado de 11 amenazas en un episodio,85
XHDwSzAInzw,https://www.youtube.com/watch?v=XHDwSzAInzw,👮 (CLIP) Qué Tal POLI - Cholo Juanito y Richard Douglas / Perú,Juanito y Richard,,173.0,high_yield_channel,Juanito y Richard,96,RACISMO_DISCRIMINACION|AMENAZA_DIRECTA,2.22 chunks de daño por video; máximo observado de 11 amenazas en un episodio,85
MYRJJY6XyVM,https://www.youtube.com/watch?v=MYRJJY6XyVM,💰 (CLIP) ¿Y Tus Impuestos? - Cholo Juanito y Richard Douglas / Perú,Juanito y Richard,,274.0,high_yield_channel,Juanito y Richard,97,RACISMO_DISCRIMINACION|AMENAZA_DIRECTA,2.22 chunks de daño por video; máximo observado de 11 amenazas en un episodio,85
vVRwQa6-rRk,https://www.youtube.com/watch?v=vVRwQa6-rRk,🙏 (CLIP) Que D i 0 s Te Lo Pague - Cholo Juanito y Richard Douglas / Perú,Juanito y Richard,,115.0,high_yield_channel,Juanito y Richard,98,RACISMO_DISCRIMINACION|AMENAZA_DIRECTA,2.22 chunks de daño por video; máximo observado de 11 amenazas en un episodio,85
Ozs5LlXMwso,https://www.youtube.com/watch?v=Ozs5LlXMwso,🚮 (CLIP) La Basura En El Basurero - Cholo Juanito y Richard Douglas / Perú,Juanito y Richard,,146.0,high_yield_channel,Juanito y Richard,99,RACISMO_DISCRIMINACION|AMENAZA_DIRECTA,2.22 chunks de daño por video; máximo observado de 11 amenazas en un episodio,85
hHPfDlUR-1U,https://www.youtube.com/watch?v=hHPfDlUR-1U,🥊(CLIP) El Ganador - Cholo Juanito y Richard Douglas / Perú,Juanito y Richard,,202.0,high_yield_channel,Juanito y Richard,100,RACISMO_DISCRIMINACION|AMENAZA_DIRECTA,2.22 chunks de daño por video; máximo observado de 11 amenazas en un episodio,85
sIS7ab1fGds,https://www.youtube.com/watch?v=sIS7ab1fGds,✈️ (CLIP) Adiós Pueblo Querido - Cholo Juanito y Richard Douglas / Perú,Juanito y Richard,,269.0,high_yield_channel,Juanito y Richard,101,RACISMO_DISCRIMINACION|AMENAZA_DIRECTA,2.22 chunks de daño por video; máximo observado de 11 amenazas en un episodio,85
BlJzj9nxbWI,https://www.youtube.com/watch?v=BlJzj9nxbWI,💔 (CLIP) Linda Rosita... Chiquita Linda - Cholo Juanito y Richard Douglas / Perú,Juanito y Richard,,203.0,high_yield_channel,Juanito y Richard,102,RACISMO_DISCRIMINACION|AMENAZA_DIRECTA,2.22 chunks de daño por video; máximo observado de 11 amenazas en un episodio,85
TWuiNyEUbhQ,https://www.youtube.com/watch?v=TWuiNyEUbhQ,🌃(CLIP) ¿Nos Vamos A La Ciudad? Cholo Juanito y Richard Douglas / Perú,Juanito y Richard,,377.0,high_yield_channel,Juanito y Richard,103,RACISMO_DISCRIMINACION|AMENAZA_DIRECTA,2.22 chunks de daño por video; máximo observado de 11 amenazas en un episodio,85
9Q9dhX4Pfow,https://www.youtube.com/watch?v=9Q9dhX4Pfow,√ (CLIP) La Raíz Cuadrada - Cholo Juanito y Richard Douglas / Perú,Juanito y Richard,,206.0,high_yield_channel,Juanito y Richard,104,RACISMO_DISCRIMINACION|AMENAZA_DIRECTA,2.22 chunks de daño por video; máximo observado de 11 amenazas en un episodio,85
BcH2pH9x1Y4,https://www.youtube.com/watch?v=BcH2pH9x1Y4,😘 (CLIP) Enséñame A Besar - Cholo Juanito y Richard Douglas / Perú,Juanito y Richard,,258.0,high_yield_channel,Juanito y Richard,105,RACISMO_DISCRIMINACION|AMENAZA_DIRECTA,2.22 chunks de daño por video; máximo observado de 11 amenazas en un episodio,85
sb7WcAZXf-Y,https://www.youtube.com/watch?v=sb7WcAZXf-Y,📱 (CLIP) Tecnología 5G - Cholo Juanito y Richard Douglas / Perú,Juanito y Richard,,221.0,high_yield_channel,Juanito y Richard,106,RACISMO_DISCRIMINACION|AMENAZA_DIRECTA,2.22 chunks de daño por video; máximo observado de 11 amenazas en un episodio,85
P_j1e_KFlvQ,https://www.youtube.com/watch?v=P_j1e_KFlvQ,La Sonámbula - Cholo Juanito y Richard Douglas (VIVO),Juanito y Richard,,619.0,high_yield_channel,Juanito y Richard,107,RACISMO_DISCRIMINACION|AMENAZA_DIRECTA,2.22 chunks de daño por video; máximo observado de 11 amenazas en un episodio,85
ZIgaXQOCubs,https://www.youtube.com/watch?v=ZIgaXQOCubs,😷 El Mercado - Cholo Juanito y Richard Douglas 🏥 Abril 2020 PERÚ,Juanito y Richard,,296.0,high_yield_channel,Juanito y Richard,108,RACISMO_DISCRIMINACION|AMENAZA_DIRECTA,2.22 chunks de daño por video; máximo observado de 11 amenazas en un episodio,85
8QGI_WoaN-I,https://www.youtube.com/watch?v=8QGI_WoaN-I,Ella No Volverá - Cholo Juanito y Richard Douglas (TikTok 2020),Juanito y Richard,,63.0,high_yield_channel,Juanito y Richard,109,RACISMO_DISCRIMINACION|AMENAZA_DIRECTA,2.22 chunks de daño por video; máximo observado de 11 amenazas en un episodio,85
aHIdi6dRmL0,https://www.youtube.com/watch?v=aHIdi6dRmL0,¡Mensaje al Mundo! - Ronald Gutiérrez / Cholo Juanito y Richard Douglas,Juanito y Richard,,754.0,high_yield_channel,Juanito y Richard,110,RACISMO_DISCRIMINACION|AMENAZA_DIRECTA,2.22 chunks de daño por video; máximo observado de 11 amenazas en un episodio,85
yJQ3Lay4utY,https://www.youtube.com/watch?v=yJQ3Lay4utY,Cuarentonas - Cholo Juanito y Richard Douglas / Marzo Perú 2020,Juanito y Richard,,664.0,high_yield_channel,Juanito y Richard,111,RACISMO_DISCRIMINACION|AMENAZA_DIRECTA,2.22 chunks de daño por video; máximo observado de 11 amenazas en un episodio,85
G-3AD1Pi7GY,https://www.youtube.com/watch?v=G-3AD1Pi7GY,"NO estoy G0RD0, estoy GRU3S0 - Cholo Juanito y Richard Douglas / Ecuador 2020",Juanito y Richard,,373.0,high_yield_channel,Juanito y Richard,112,RACISMO_DISCRIMINACION|AMENAZA_DIRECTA,2.22 chunks de daño por video; máximo observado de 11 amenazas en un episodio,85
bFbIOfxcJ4w,https://www.youtube.com/watch?v=bFbIOfxcJ4w,ECUADOR ¡Volveremos! Cholo Juanito y Richard Douglas (Vivo 2020),Juanito y Richard,,7154.0,high_yield_channel,Juanito y Richard,113,RACISMO_DISCRIMINACION|AMENAZA_DIRECTA,2.22 chunks de daño por video; máximo observado de 11 amenazas en un episodio,85
pRuDddSrG-I,https://www.youtube.com/watch?v=pRuDddSrG-I,Mi Prima - Cholo Juanito y Richard Douglas (Ecuador 2020),Juanito y Richard,,220.0,high_yield_channel,Juanito y Richard,114,RACISMO_DISCRIMINACION|AMENAZA_DIRECTA,2.22 chunks de daño por video; máximo observado de 11 amenazas en un episodio,85
ynq4_N3mVuI,https://www.youtube.com/watch?v=ynq4_N3mVuI,ECUADOR ¡Agradable Sorpresa! - Cholo Juanito y Richard Douglas / Vivo 2020,Juanito y Richard,,1780.0,high_yield_channel,Juanito y Richard,115,RACISMO_DISCRIMINACION|AMENAZA_DIRECTA,2.22 chunks de daño por video; máximo observado de 11 amenazas en un episodio,85
2fKTVcSCqUw,https://www.youtube.com/watch?v=2fKTVcSCqUw,PAWKAR Perafan - Cotacachi / Cholo Juanito y Richard Douglas / 24 Feb. 2020,Juanito y Richard,,47.0,high_yield_channel,Juanito y Richard,116,RACISMO_DISCRIMINACION|AMENAZA_DIRECTA,2.22 chunks de daño por video; máximo observado de 11 amenazas en un episodio,85
M24oOPj-lpM,https://www.youtube.com/watch?v=M24oOPj-lpM,Casi Nos Deja El Avión - Cholo Juanito y Richard Douglas,Juanito y Richard,,713.0,high_yield_channel,Juanito y Richard,117,RACISMO_DISCRIMINACION|AMENAZA_DIRECTA,2.22 chunks de daño por video; máximo observado de 11 amenazas en un episodio,85
tyXyJv_xi1M,https://www.youtube.com/watch?v=tyXyJv_xi1M,PAWKAR Perafan - Cotacachi / Cholo Juanito y Richard Douglas / 2020,Juanito y Richard,,53.0,high_yield_channel,Juanito y Richard,118,RACISMO_DISCRIMINACION|AMENAZA_DIRECTA,2.22 chunks de daño por video; máximo observado de 11 amenazas en un episodio,85
V9yyurAyY-o,https://www.youtube.com/watch?v=V9yyurAyY-o,¡Nos Vamos a ECUADOR! Cholo Juanito y Richard Douglas / Febrero,Juanito y Richard,,69.0,high_yield_channel,Juanito y Richard,119,RACISMO_DISCRIMINACION|AMENAZA_DIRECTA,2.22 chunks de daño por video; máximo observado de 11 amenazas en un episodio,85
u1edvLI0VWI,https://www.youtube.com/watch?v=u1edvLI0VWI,📱 (CLIP) Celular Último Modelo - Cholo Juanito y Richard Douglas / Perú,Juanito y Richard,,245.0,high_yield_channel,Juanito y Richard,120,RACISMO_DISCRIMINACION|AMENAZA_DIRECTA,2.22 chunks de daño por video; máximo observado de 11 amenazas en un episodio,85
lb6LLU_Rqc8,https://www.youtube.com/watch?v=lb6LLU_Rqc8,📱 (CLIP) Cuando Te Enamoras Por Facebook - Cholo Juanito y Richard Douglas / Perú,Juanito y Richard,,294.0,high_yield_channel,Juanito y Richard,121,RACISMO_DISCRIMINACION|AMENAZA_DIRECTA,2.22 chunks de daño por video; máximo observado de 11 amenazas en un episodio,85
nEbX1Z4gID0,https://www.youtube.com/watch?v=nEbX1Z4gID0,¡Elecciones Perú! Juanito y Richard / Campaña Política - Vol. 7,Juanito y Richard,,1355.0,high_yield_channel,Juanito y Richard,122,RACISMO_DISCRIMINACION|AMENAZA_DIRECTA,2.22 chunks de daño por video; máximo observado de 11 amenazas en un episodio,85
Ua5xLwNGqmw,https://www.youtube.com/watch?v=Ua5xLwNGqmw,¡Yo Si Soy! Cholo Juanito y Richard Douglas - LIMA / En Vivo,Juanito y Richard,,2179.0,high_yield_channel,Juanito y Richard,123,RACISMO_DISCRIMINACION|AMENAZA_DIRECTA,2.22 chunks de daño por video; máximo observado de 11 amenazas en un episodio,85
bDkSXxft_Eg,https://www.youtube.com/watch?v=bDkSXxft_Eg,Preguntas y Respuestas - Cholo Juanito y Richard Douglas ¡FELIZ 2020!,Juanito y Richard,,3094.0,high_yield_channel,Juanito y Richard,124,RACISMO_DISCRIMINACION|AMENAZA_DIRECTA,2.22 chunks de daño por video; máximo observado de 11 amenazas en un episodio,85
QEg2nJ862Y0,https://www.youtube.com/watch?v=QEg2nJ862Y0,"Wi Doble, Wi Doble - Cholo Juanito y Richard Douglas / Pedro Paccha (2020)",Juanito y Richard,,269.0,high_yield_channel,Juanito y Richard,125,RACISMO_DISCRIMINACION|AMENAZA_DIRECTA,2.22 chunks de daño por video; máximo observado de 11 amenazas en un episodio,85
4Qm_-mYJHt8,https://www.youtube.com/watch?v=4Qm_-mYJHt8,"¡Ya No Puede, Ya No Jala! Cholo Juanito y Richard Douglas / Rosita de Espinar",Juanito y Richard,,34.0,high_yield_channel,Juanito y Richard,126,RACISMO_DISCRIMINACION|AMENAZA_DIRECTA,2.22 chunks de daño por video; máximo observado de 11 amenazas en un episodio,85
S_XsM7osnIA,https://www.youtube.com/watch?v=S_XsM7osnIA,Cholo Juanito y Richard Douglas - El Juego Del Caramelo / 2019,Juanito y Richard,,457.0,high_yield_channel,Juanito y Richard,127,RACISMO_DISCRIMINACION|AMENAZA_DIRECTA,2.22 chunks de daño por video; máximo observado de 11 amenazas en un episodio,85
dD3E847lcws,https://www.youtube.com/watch?v=dD3E847lcws,Cholo juanito y Richard Douglas - ¡Yo Soy Alicia Delgado! 2020,Juanito y Richard,,338.0,high_yield_channel,Juanito y Richard,128,RACISMO_DISCRIMINACION|AMENAZA_DIRECTA,2.22 chunks de daño por video; máximo observado de 11 amenazas en un episodio,85
vx3Yia4bxDI,https://www.youtube.com/watch?v=vx3Yia4bxDI,Cholo Juanito y Richard Douglas - Págame Lo Que Me Debes / 2019,Juanito y Richard,,1349.0,high_yield_channel,Juanito y Richard,129,RACISMO_DISCRIMINACION|AMENAZA_DIRECTA,2.22 chunks de daño por video; máximo observado de 11 amenazas en un episodio,85
tjVW7_AzONs,https://www.youtube.com/watch?v=tjVW7_AzONs,Cholo Juanito y Richard Douglas - VIRÚ / Domingo 29 Set. 2019 / Evento,Juanito y Richard,,56.0,high_yield_channel,Juanito y Richard,130,RACISMO_DISCRIMINACION|AMENAZA_DIRECTA,2.22 chunks de daño por video; máximo observado de 11 amenazas en un episodio,85
khryrbnplCs,https://www.youtube.com/watch?v=khryrbnplCs,Cholo Juanito y Richard Douglas - SANTA / Sábado 28 Set. 2019 / Evento,Juanito y Richard,,75.0,high_yield_channel,Juanito y Richard,131,RACISMO_DISCRIMINACION|AMENAZA_DIRECTA,2.22 chunks de daño por video; máximo observado de 11 amenazas en un episodio,85
7g7uhGZ1eqI,https://www.youtube.com/watch?v=7g7uhGZ1eqI,Cholo Juanito y Richard Douglas - CHAO / Viernes 27 Set. 2019 / Evento,Juanito y Richard,,66.0,high_yield_channel,Juanito y Richard,132,RACISMO_DISCRIMINACION|AMENAZA_DIRECTA,2.22 chunks de daño por video; máximo observado de 11 amenazas en un episodio,85
o3itIHLnlL0,https://www.youtube.com/watch?v=o3itIHLnlL0,💵 (CLIP) Cholo Juanito y Richard Douglas - El Negocio Del Siglo / Bolivia 2020,Juanito y Richard,,355.0,high_yield_channel,Juanito y Richard,133,RACISMO_DISCRIMINACION|AMENAZA_DIRECTA,2.22 chunks de daño por video; máximo observado de 11 amenazas en un episodio,85
llrkLhPyhNI,https://www.youtube.com/watch?v=llrkLhPyhNI,Cholo Juanito y Richard Douglas - Último Minuto,Juanito y Richard,,1011.0,high_yield_channel,Juanito y Richard,134,RACISMO_DISCRIMINACION|AMENAZA_DIRECTA,2.22 chunks de daño por video; máximo observado de 11 amenazas en un episodio,85
9AQTYLNtwMM,https://www.youtube.com/watch?v=9AQTYLNtwMM,📺 Juanito y Richard - Mochilas LOGAN / Spot / Anuncio / Publicidad,Juanito y Richard,,61.0,high_yield_channel,Juanito y Richard,135,RACISMO_DISCRIMINACION|AMENAZA_DIRECTA,2.22 chunks de daño por video; máximo observado de 11 amenazas en un episodio,85
85EKc77ISMQ,https://www.youtube.com/watch?v=85EKc77ISMQ,ORURO - Cholo Juanito y Richard Douglas / En Vivo,Juanito y Richard,,171.0,high_yield_channel,Juanito y Richard,136,RACISMO_DISCRIMINACION|AMENAZA_DIRECTA,2.22 chunks de daño por video; máximo observado de 11 amenazas en un episodio,85
ldwc2MzQwqs,https://www.youtube.com/watch?v=ldwc2MzQwqs,CIUDAD DE EL ALTO - Cholo Juanito y Richard Douglas / En Vivo,Juanito y Richard,,87.0,high_yield_channel,Juanito y Richard,137,RACISMO_DISCRIMINACION|AMENAZA_DIRECTA,2.22 chunks de daño por video; máximo observado de 11 amenazas en un episodio,85
llY1a7h28cM,https://www.youtube.com/watch?v=llY1a7h28cM,Visitando Ixiamas y Tumupasa - Cholo Juanito y Richard Douglas / Agosto 2019,Juanito y Richard,,1061.0,high_yield_channel,Juanito y Richard,138,RACISMO_DISCRIMINACION|AMENAZA_DIRECTA,2.22 chunks de daño por video; máximo observado de 11 amenazas en un episodio,85
zByH9UBS_q8,https://www.youtube.com/watch?v=zByH9UBS_q8,Cholo Juanito y Richard Douglas - Los Poetas (Vol. 4),Juanito y Richard,,340.0,high_yield_channel,Juanito y Richard,139,RACISMO_DISCRIMINACION|AMENAZA_DIRECTA,2.22 chunks de daño por video; máximo observado de 11 amenazas en un episodio,85
wjqaH8sAp2A,https://www.youtube.com/watch?v=wjqaH8sAp2A,Cholo Juanito y Richard Douglas - El Galán (Vol. 4),Juanito y Richard,,502.0,high_yield_channel,Juanito y Richard,140,RACISMO_DISCRIMINACION|AMENAZA_DIRECTA,2.22 chunks de daño por video; máximo observado de 11 amenazas en un episodio,85
bsPIhsW7LsI,https://www.youtube.com/watch?v=bsPIhsW7LsI,Cholo Juanito y Richard Douglas - Nuestra Música Peruana (Vol. 4),Juanito y Richard,,713.0,high_yield_channel,Juanito y Richard,141,RACISMO_DISCRIMINACION|AMENAZA_DIRECTA,2.22 chunks de daño por video; máximo observado de 11 amenazas en un episodio,85
a4QAqFaWupY,https://www.youtube.com/watch?v=a4QAqFaWupY,Cholo Juanito y Richard Douglas - El Juego De Las Abejitas (Vol. 4),Juanito y Richard,,704.0,high_yield_channel,Juanito y Richard,142,RACISMO_DISCRIMINACION|AMENAZA_DIRECTA,2.22 chunks de daño por video; máximo observado de 11 amenazas en un episodio,85
UEM4-i9hKL8,https://www.youtube.com/watch?v=UEM4-i9hKL8,Cholo Juanito y Richard Douglas - Los Ambulantes (Vol. 4),Juanito y Richard,,428.0,high_yield_channel,Juanito y Richard,143,RACISMO_DISCRIMINACION|AMENAZA_DIRECTA,2.22 chunks de daño por video; máximo observado de 11 amenazas en un episodio,85
eQswRCmziTE,https://www.youtube.com/watch?v=eQswRCmziTE,Cholo Juanito y Richard Douglas - María Virginia / Maricarmen Pinedo (2019),Juanito y Richard,,263.0,high_yield_channel,Juanito y Richard,144,RACISMO_DISCRIMINACION|AMENAZA_DIRECTA,2.22 chunks de daño por video; máximo observado de 11 amenazas en un episodio,85
MBBHkDcqYew,https://www.youtube.com/watch?v=MBBHkDcqYew,Cholo Juanito y Richard Douglas - La Doctora Corazón (Vol. 4),Juanito y Richard,,1251.0,high_yield_channel,Juanito y Richard,145,RACISMO_DISCRIMINACION|AMENAZA_DIRECTA,2.22 chunks de daño por video; máximo observado de 11 amenazas en un episodio,85
HNfrNCw5siY,https://www.youtube.com/watch?v=HNfrNCw5siY,Cholo Juanito y Richard Douglas - En Coya - Calca / Cusco (En Vivo),Juanito y Richard,,2391.0,high_yield_channel,Juanito y Richard,146,RACISMO_DISCRIMINACION|AMENAZA_DIRECTA,2.22 chunks de daño por video; máximo observado de 11 amenazas en un episodio,85
YgJ8nlG7SeQ,https://www.youtube.com/watch?v=YgJ8nlG7SeQ,Cholo Juanito y Richard Douglas - No Te Vayas (Vol. 3),Juanito y Richard,,298.0,high_yield_channel,Juanito y Richard,147,RACISMO_DISCRIMINACION|AMENAZA_DIRECTA,2.22 chunks de daño por video; máximo observado de 11 amenazas en un episodio,85
WINzngn1F6c,https://www.youtube.com/watch?v=WINzngn1F6c,Cholo Juanito y Richard Douglas - El Milagro (Vol. 3),Juanito y Richard,,233.0,high_yield_channel,Juanito y Richard,148,RACISMO_DISCRIMINACION|AMENAZA_DIRECTA,2.22 chunks de daño por video; máximo observado de 11 amenazas en un episodio,85
AytPRJ-TWcM,https://www.youtube.com/watch?v=AytPRJ-TWcM,Cholo Juanito y Richard Douglas - La Moda Alpaca Fashion (Vol. 3),Juanito y Richard,,436.0,high_yield_channel,Juanito y Richard,149,RACISMO_DISCRIMINACION|AMENAZA_DIRECTA,2.22 chunks de daño por video; máximo observado de 11 amenazas en un episodio,85
_lA-N_dOf6g,https://www.youtube.com/watch?v=_lA-N_dOf6g,¡Sarita! Cholo Juanito y Richard Douglas - Busco Un Amor (Vol. 3),Juanito y Richard,,477.0,high_yield_channel,Juanito y Richard,150,RACISMO_DISCRIMINACION|AMENAZA_DIRECTA,2.22 chunks de daño por video; máximo observado de 11 amenazas en un episodio,85
FATJRY_ERa8,https://www.youtube.com/watch?v=FATJRY_ERa8,Cholo Juanito y Richard Douglas - Transmisión En Vivo / SALAY,Juanito y Richard,,342.0,high_yield_channel,Juanito y Richard,151,RACISMO_DISCRIMINACION|AMENAZA_DIRECTA,2.22 chunks de daño por video; máximo observado de 11 amenazas en un episodio,85
ApFg82eOkLE,https://www.youtube.com/watch?v=ApFg82eOkLE,"Cholo Juanito y Richard Douglas - El Canchis, Canchis (Vol. 2)",Juanito y Richard,,244.0,high_yield_channel,Juanito y Richard,152,RACISMO_DISCRIMINACION|AMENAZA_DIRECTA,2.22 chunks de daño por video; máximo observado de 11 amenazas en un episodio,85
UKBT0B3pNp4,https://www.youtube.com/watch?v=UKBT0B3pNp4,Cholo Juanito y Richard Douglas - Primero Lo Nuestro (Vol. 1),Juanito y Richard,,266.0,high_yield_channel,Juanito y Richard,153,RACISMO_DISCRIMINACION|AMENAZA_DIRECTA,2.22 chunks de daño por video; máximo observado de 11 amenazas en un episodio,85
2olu0DvP2rM,https://www.youtube.com/watch?v=2olu0DvP2rM,Cholo Juanito y Richard Douglas - Suavecito (Vol. 1),Juanito y Richard,,353.0,high_yield_channel,Juanito y Richard,154,RACISMO_DISCRIMINACION|AMENAZA_DIRECTA,2.22 chunks de daño por video; máximo observado de 11 amenazas en un episodio,85
a1aJ6LTJ7yQ,https://www.youtube.com/watch?v=a1aJ6LTJ7yQ,Cholo Juanito y Richard Douglas - Migración Campesina (2da. Parte) - La Gran Estafa / Vol. 9,Juanito y Richard,,773.0,high_yield_channel,Juanito y Richard,155,RACISMO_DISCRIMINACION|AMENAZA_DIRECTA,2.22 chunks de daño por video; máximo observado de 11 amenazas en un episodio,85
fsZsvxtKG5A,https://www.youtube.com/watch?v=fsZsvxtKG5A,Cholo Juanito y Richard Douglas - Mamita Vuelve (Vol. 1),Juanito y Richard,,539.0,high_yield_channel,Juanito y Richard,156,RACISMO_DISCRIMINACION|AMENAZA_DIRECTA,2.22 chunks de daño por video; máximo observado de 11 amenazas en un episodio,85
AWf4Gzk_hCE,https://www.youtube.com/watch?v=AWf4Gzk_hCE,Cholo Juanito y Richard Douglas - Padre e Hijo (Vol. 1),Juanito y Richard,,227.0,high_yield_channel,Juanito y Richard,157,RACISMO_DISCRIMINACION|AMENAZA_DIRECTA,2.22 chunks de daño por video; máximo observado de 11 amenazas en un episodio,85
zc7WKo3JmrA,https://www.youtube.com/watch?v=zc7WKo3JmrA,Cholo Juanito y Richard Douglas - Mi Cuñadita (Vol. 1),Juanito y Richard,,763.0,high_yield_channel,Juanito y Richard,158,RACISMO_DISCRIMINACION|AMENAZA_DIRECTA,2.22 chunks de daño por video; máximo observado de 11 amenazas en un episodio,85
KUB-9smZtng,https://www.youtube.com/watch?v=KUB-9smZtng,Cholo Juanito y Richard Douglas - Tú Sabes Quién Soy (Vol. 1),Juanito y Richard,,559.0,high_yield_channel,Juanito y Richard,159,RACISMO_DISCRIMINACION|AMENAZA_DIRECTA,2.22 chunks de daño por video; máximo observado de 11 amenazas en un episodio,85
J_YkmOYBTnM,https://www.youtube.com/watch?v=J_YkmOYBTnM,Cholo Juanito y Richard Douglas - Papeles Hablan (Vol. 0),Juanito y Richard,,1243.0,high_yield_channel,Juanito y Richard,160,RACISMO_DISCRIMINACION|AMENAZA_DIRECTA,2.22 chunks de daño por video; máximo observado de 11 amenazas en un episodio,85
J41hRSDIcVc,https://www.youtube.com/watch?v=J41hRSDIcVc,Cholo Juanito y Richard Douglas - Buscando Trabajo / Detrás De Cámaras (2014),Juanito y Richard,,523.0,high_yield_channel,Juanito y Richard,161,RACISMO_DISCRIMINACION|AMENAZA_DIRECTA,2.22 chunks de daño por video; máximo observado de 11 amenazas en un episodio,85
OSNSO-1mQk0,https://www.youtube.com/watch?v=OSNSO-1mQk0,Cholo Juanito y Richard Douglas - Inicio Del Show (Vol. 2),Juanito y Richard,,277.0,high_yield_channel,Juanito y Richard,162,RACISMO_DISCRIMINACION|AMENAZA_DIRECTA,2.22 chunks de daño por video; máximo observado de 11 amenazas en un episodio,85
KlPv7tarWzU,https://www.youtube.com/watch?v=KlPv7tarWzU,Cholo Juanito y Richard Douglas - Bienvenida a Bolivia (Vol. 2),Juanito y Richard,,459.0,high_yield_channel,Juanito y Richard,163,RACISMO_DISCRIMINACION|AMENAZA_DIRECTA,2.22 chunks de daño por video; máximo observado de 11 amenazas en un episodio,85
szEBU_ojzJA,https://www.youtube.com/watch?v=szEBU_ojzJA,Cholo Juanito y Richard Douglas - Clases de Baile (Vol. 2),Juanito y Richard,,246.0,high_yield_channel,Juanito y Richard,164,RACISMO_DISCRIMINACION|AMENAZA_DIRECTA,2.22 chunks de daño por video; máximo observado de 11 amenazas en un episodio,85
wxKgt0JPAgc,https://www.youtube.com/watch?v=wxKgt0JPAgc,Cholo Juanito y Richard Douglas - Baile Mi Cuñadita / Volumen 2 Oficial,Juanito y Richard,,621.0,high_yield_channel,Juanito y Richard,165,RACISMO_DISCRIMINACION|AMENAZA_DIRECTA,2.22 chunks de daño por video; máximo observado de 11 amenazas en un episodio,85
aBWrLviYWXk,https://www.youtube.com/watch?v=aBWrLviYWXk,Cholo Juanito y Richard Douglas - El Hijo Pródigo (Vol. 2),Juanito y Richard,,1271.0,high_yield_channel,Juanito y Richard,166,RACISMO_DISCRIMINACION|AMENAZA_DIRECTA,2.22 chunks de daño por video; máximo observado de 11 amenazas en un episodio,85
cSYGKoqUgwM,https://www.youtube.com/watch?v=cSYGKoqUgwM,Cholo Juanito y Richard Douglas - Hoy Me Iré / Detrás De Cámaras (2014),Juanito y Richard,,195.0,high_yield_channel,Juanito y Richard,167,RACISMO_DISCRIMINACION|AMENAZA_DIRECTA,2.22 chunks de daño por video; máximo observado de 11 amenazas en un episodio,85
uZy7wIpPvKo,https://www.youtube.com/watch?v=uZy7wIpPvKo,🦈(CLIP) Pescaditos - Cholo Juanito y Richard Douglas ¡Tiburón Cómeme! Los Pescadores (2020),Juanito y Richard,,97.0,high_yield_channel,Juanito y Richard,168,RACISMO_DISCRIMINACION|AMENAZA_DIRECTA,2.22 chunks de daño por video; máximo observado de 11 amenazas en un episodio,85
XWgJlXnMOdo,https://www.youtube.com/watch?v=XWgJlXnMOdo,Cholo Juanito y Richard Douglas - Mijael / Vol. 10,Juanito y Richard,,387.0,high_yield_channel,Juanito y Richard,169,RACISMO_DISCRIMINACION|AMENAZA_DIRECTA,2.22 chunks de daño por video; máximo observado de 11 amenazas en un episodio,85
7ovSndxL-t4,https://www.youtube.com/watch?v=7ovSndxL-t4,Cholo Juanito y Richard Douglas - Nunca Cambies (Vol. 9),Juanito y Richard,,797.0,high_yield_channel,Juanito y Richard,170,RACISMO_DISCRIMINACION|AMENAZA_DIRECTA,2.22 chunks de daño por video; máximo observado de 11 amenazas en un episodio,85
V8_k9fOkeDs,https://www.youtube.com/watch?v=V8_k9fOkeDs,La EX del Cholo Juanito (Completo) Yarita Lizeth Yanarico,Juanito y Richard,,1760.0,high_yield_channel,Juanito y Richard,171,RACISMO_DISCRIMINACION|AMENAZA_DIRECTA,2.22 chunks de daño por video; máximo observado de 11 amenazas en un episodio,85
B2PHGOe5l4U,https://www.youtube.com/watch?v=B2PHGOe5l4U,Cholo Juanito y Richard Douglas - Detrás De Cámaras Volumen 10,Juanito y Richard,,210.0,high_yield_channel,Juanito y Richard,172,RACISMO_DISCRIMINACION|AMENAZA_DIRECTA,2.22 chunks de daño por video; máximo observado de 11 amenazas en un episodio,85
ZsZiRzbt8QQ,https://www.youtube.com/watch?v=ZsZiRzbt8QQ,Cholo Juanito y Richard Douglas - Inocencia / Vol. 10,Juanito y Richard,,201.0,high_yield_channel,Juanito y Richard,173,RACISMO_DISCRIMINACION|AMENAZA_DIRECTA,2.22 chunks de daño por video; máximo observado de 11 amenazas en un episodio,85
k8w1oibIpXQ,https://www.youtube.com/watch?v=k8w1oibIpXQ,Cholo Juanito y Richard Douglas - Vol. 10 Completo Oficial,Juanito y Richard,,3301.0,high_yield_channel,Juanito y Richard,174,RACISMO_DISCRIMINACION|AMENAZA_DIRECTA,2.22 chunks de daño por video; máximo observado de 11 amenazas en un episodio,85
3v-nL5wAwxI,https://www.youtube.com/watch?v=3v-nL5wAwxI,Cholo Juanito y Richard Douglas - Perfume Alpaca Fashion (Vol. 10),Juanito y Richard,,544.0,high_yield_channel,Juanito y Richard,175,RACISMO_DISCRIMINACION|AMENAZA_DIRECTA,2.22 chunks de daño por video; máximo observado de 11 amenazas en un episodio,85
qUAkI-PzT8w,https://www.youtube.com/watch?v=qUAkI-PzT8w,Cholo Juanito y Richard Douglas - Revelación De Machos (Vol. 10),Juanito y Richard,,800.0,high_yield_channel,Juanito y Richard,176,RACISMO_DISCRIMINACION|AMENAZA_DIRECTA,2.22 chunks de daño por video; máximo observado de 11 amenazas en un episodio,85
eHMYZsNsLR0,https://www.youtube.com/watch?v=eHMYZsNsLR0,🤣 Juanito y Richard - Las Mandonas (Vol. 10),Juanito y Richard,,646.0,high_yield_channel,Juanito y Richard,177,RACISMO_DISCRIMINACION|AMENAZA_DIRECTA,2.22 chunks de daño por video; máximo observado de 11 amenazas en un episodio,85
yJHQ927qgN4,https://www.youtube.com/watch?v=yJHQ927qgN4,Cholo Juanito y Richard Douglas - Mi Pobre Vecino (Vol. 10),Juanito y Richard,,862.0,high_yield_channel,Juanito y Richard,178,RACISMO_DISCRIMINACION|AMENAZA_DIRECTA,2.22 chunks de daño por video; máximo observado de 11 amenazas en un episodio,85
eGgH76r4dUI,https://www.youtube.com/watch?v=eGgH76r4dUI,Cholo Juanito y Richard Douglas - Volumen 10 (Tráiler Oficial),Juanito y Richard,,76.0,high_yield_channel,Juanito y Richard,179,RACISMO_DISCRIMINACION|AMENAZA_DIRECTA,2.22 chunks de daño por video; máximo observado de 11 amenazas en un episodio,85
GXPts3nPIv8,https://www.youtube.com/watch?v=GXPts3nPIv8,Cholo Juanito y Richard Douglas - En Canchi Grande (En Vivo),Juanito y Richard,,6989.0,high_yield_channel,Juanito y Richard,180,RACISMO_DISCRIMINACION|AMENAZA_DIRECTA,2.22 chunks de daño por video; máximo observado de 11 amenazas en un episodio,85
5JYGnDqPDdk,https://www.youtube.com/watch?v=5JYGnDqPDdk,Cholo Juanito y Richard Douglas - La Rifa / La Vecindad,Juanito y Richard,,2659.0,high_yield_channel,Juanito y Richard,181,RACISMO_DISCRIMINACION|AMENAZA_DIRECTA,2.22 chunks de daño por video; máximo observado de 11 amenazas en un episodio,85
yO-RcPkIpDc,https://www.youtube.com/watch?v=yO-RcPkIpDc,Cholo Juanito y Richard Douglas - Tocando Guitarra Bandurria,Juanito y Richard,,158.0,high_yield_channel,Juanito y Richard,182,RACISMO_DISCRIMINACION|AMENAZA_DIRECTA,2.22 chunks de daño por video; máximo observado de 11 amenazas en un episodio,85
6fj0Ud_FlJc,https://www.youtube.com/watch?v=6fj0Ud_FlJc,Cholo Juanito y Richard Douglas - El Enamorado / La Vecindad,Juanito y Richard,,2737.0,high_yield_channel,Juanito y Richard,183,RACISMO_DISCRIMINACION|AMENAZA_DIRECTA,2.22 chunks de daño por video; máximo observado de 11 amenazas en un episodio,85
VCsyRD5-T68,https://www.youtube.com/watch?v=VCsyRD5-T68,Cholo Juanito y Richard Douglas - El Fotógrafo / La Vecindad,Juanito y Richard,,2704.0,high_yield_channel,Juanito y Richard,184,RACISMO_DISCRIMINACION|AMENAZA_DIRECTA,2.22 chunks de daño por video; máximo observado de 11 amenazas en un episodio,85
2oJyAFe26lM,https://www.youtube.com/watch?v=2oJyAFe26lM,Cholo Juanito y Richard Douglas - El Boxeador / La Vecindad,Juanito y Richard,,2921.0,high_yield_channel,Juanito y Richard,185,RACISMO_DISCRIMINACION|AMENAZA_DIRECTA,2.22 chunks de daño por video; máximo observado de 11 amenazas en un episodio,85
a6ocaHSKaT0,https://www.youtube.com/watch?v=a6ocaHSKaT0,Cholo Juanito y Richard Douglas - Pronto el Vol. 10 / Pedro Paccha,Juanito y Richard,,320.0,high_yield_channel,Juanito y Richard,186,RACISMO_DISCRIMINACION|AMENAZA_DIRECTA,2.22 chunks de daño por video; máximo observado de 11 amenazas en un episodio,85
5kYW38Pj-Kw,https://www.youtube.com/watch?v=5kYW38Pj-Kw,"Magaly TV La Firme: July 24, 2026 Program",Magaly TV La Firme,,3228.0,high_yield_channel,Magaly TV La Firme,1,ACOSO_PERSONAL|CONTENIDO_SEXUAL|AMENAZA_DIRECTA,1.17 chunks de daño por video y cobertura de conflicto interpersonal,35
uknUTWpEi54,https://www.youtube.com/watch?v=uknUTWpEi54,"Shirley Arica breaks down over Samahara Lobatón: ""It hurts, I really cared for her a lot""",Magaly TV La Firme,,534.0,high_yield_channel,Magaly TV La Firme,2,ACOSO_PERSONAL|CONTENIDO_SEXUAL|AMENAZA_DIRECTA,1.17 chunks de daño por video y cobertura de conflicto interpersonal,35
oDnCaklthnQ,https://www.youtube.com/watch?v=oDnCaklthnQ,Shirley Arica confirms she knew about the rumors involving Lesly Reyna and Pablo Heredia,Magaly TV La Firme,,192.0,high_yield_channel,Magaly TV La Firme,3,ACOSO_PERSONAL|CONTENIDO_SEXUAL|AMENAZA_DIRECTA,1.17 chunks de daño por video y cobertura de conflicto interpersonal,35
w8LF7txAkis,https://www.youtube.com/watch?v=w8LF7txAkis,"Shirley Arica hits back at Pablo Heredia: ""Don't fool people""",Magaly TV La Firme,,332.0,high_yield_channel,Magaly TV La Firme,4,ACOSO_PERSONAL|CONTENIDO_SEXUAL|AMENAZA_DIRECTA,1.17 chunks de daño por video y cobertura de conflicto interpersonal,35
t3dHGgLyA_s,https://www.youtube.com/watch?v=t3dHGgLyA_s,Masiel Málaga fights for her son and continues touring to cover his treatment,Magaly TV La Firme,,335.0,high_yield_channel,Magaly TV La Firme,5,ACOSO_PERSONAL|CONTENIDO_SEXUAL|AMENAZA_DIRECTA,1.17 chunks de daño por video y cobertura de conflicto interpersonal,35
UFR-agZPCaU,https://www.youtube.com/watch?v=UFR-agZPCaU,"Mauricio Diez Canseco, the blonde hunter, reveals he doesn't use the 'Cachín chip'",Magaly TV La Firme,,830.0,high_yield_channel,Magaly TV La Firme,6,ACOSO_PERSONAL|CONTENIDO_SEXUAL|AMENAZA_DIRECTA,1.17 chunks de daño por video y cobertura de conflicto interpersonal,35
R7BieSfTfc8,https://www.youtube.com/watch?v=R7BieSfTfc8,Mauricio Diez Canseco's knack: He turned his company into his own personal 'Tinder',Magaly TV La Firme,,301.0,high_yield_channel,Magaly TV La Firme,7,ACOSO_PERSONAL|CONTENIDO_SEXUAL|AMENAZA_DIRECTA,1.17 chunks de daño por video y cobertura de conflicto interpersonal,35
Si3U61EEoEA,https://www.youtube.com/watch?v=Si3U61EEoEA,Magaly praises Andrea Quesada for reinventing her parents' rotisserie chicken restaurant after 30...,Magaly TV La Firme,,128.0,high_yield_channel,Magaly TV La Firme,8,ACOSO_PERSONAL|CONTENIDO_SEXUAL|AMENAZA_DIRECTA,1.17 chunks de daño por video y cobertura de conflicto interpersonal,35
itWIVy-uGCs,https://www.youtube.com/watch?v=itWIVy-uGCs,Sheyla Rojas stays in Lima and takes advantage of sponsorships after leaving Mexico,Magaly TV La Firme,,111.0,high_yield_channel,Magaly TV La Firme,9,ACOSO_PERSONAL|CONTENIDO_SEXUAL|AMENAZA_DIRECTA,1.17 chunks de daño por video y cobertura de conflicto interpersonal,35
-X82onqTuLE,https://www.youtube.com/watch?v=-X82onqTuLE,Did Ale Belaunde copy her designs? Her clothing collection sparks backlash and gets roasted online,Magaly TV La Firme,,252.0,high_yield_channel,Magaly TV La Firme,10,ACOSO_PERSONAL|CONTENIDO_SEXUAL|AMENAZA_DIRECTA,1.17 chunks de daño por video y cobertura de conflicto interpersonal,35
ox3AFfotge4,https://www.youtube.com/watch?v=ox3AFfotge4,"Magaly TV La Firme: July 23, 2026 Episode",Magaly TV La Firme,,3155.0,high_yield_channel,Magaly TV La Firme,11,ACOSO_PERSONAL|CONTENIDO_SEXUAL|AMENAZA_DIRECTA,1.17 chunks de daño por video y cobertura de conflicto interpersonal,35
GFqrL6PnB0U,https://www.youtube.com/watch?v=GFqrL6PnB0U,Samahara Lobatón apologizes after confrontation with Shirley Arica,Magaly TV La Firme,,119.0,high_yield_channel,Magaly TV La Firme,12,ACOSO_PERSONAL|CONTENIDO_SEXUAL|AMENAZA_DIRECTA,1.17 chunks de daño por video y cobertura de conflicto interpersonal,35
St4ynSC6seo,https://www.youtube.com/watch?v=St4ynSC6seo,"The madness of love, Carlos Galdós style",Magaly TV La Firme,,1109.0,high_yield_channel,Magaly TV La Firme,13,ACOSO_PERSONAL|CONTENIDO_SEXUAL|AMENAZA_DIRECTA,1.17 chunks de daño por video y cobertura de conflicto interpersonal,35
e98APkGvb74,https://www.youtube.com/watch?v=e98APkGvb74,"Samahara Lobatón on Pablo Heredia's intentions toward Lesly Reyna: ""We already knew""",Magaly TV La Firme,,299.0,high_yield_channel,Magaly TV La Firme,14,ACOSO_PERSONAL|CONTENIDO_SEXUAL|AMENAZA_DIRECTA,1.17 chunks de daño por video y cobertura de conflicto interpersonal,35
1RpfnkuqBE4,https://www.youtube.com/watch?v=1RpfnkuqBE4,"Samahara Lobatón: ""The thing with Youna was, practically, just for content""",Magaly TV La Firme,,277.0,high_yield_channel,Magaly TV La Firme,15,ACOSO_PERSONAL|CONTENIDO_SEXUAL|AMENAZA_DIRECTA,1.17 chunks de daño por video y cobertura de conflicto interpersonal,35
o0MykvhQEYs,https://www.youtube.com/watch?v=o0MykvhQEYs,"Pablo Heredia exposed by Lesly Reyna: ""Can we do something? I want to see you""",Magaly TV La Firme,,304.0,high_yield_channel,Magaly TV La Firme,16,ACOSO_PERSONAL|CONTENIDO_SEXUAL|AMENAZA_DIRECTA,1.17 chunks de daño por video y cobertura de conflicto interpersonal,35
66RLC5Xw68U,https://www.youtube.com/watch?v=66RLC5Xw68U,Yaco Eskenazi 'had a hard time' after Natalie Vértiz's unexpected anniversary complaint,Magaly TV La Firme,,396.0,high_yield_channel,Magaly TV La Firme,17,ACOSO_PERSONAL|CONTENIDO_SEXUAL|AMENAZA_DIRECTA,1.17 chunks de daño por video y cobertura de conflicto interpersonal,35
XgCvjkgZo4U,https://www.youtube.com/watch?v=XgCvjkgZo4U,"Marcelo Tinelli and Milett Figueroa's Games: ""A Love Driven by a Need for Fame""",Magaly TV La Firme,,124.0,high_yield_channel,Magaly TV La Firme,18,ACOSO_PERSONAL|CONTENIDO_SEXUAL|AMENAZA_DIRECTA,1.17 chunks de daño por video y cobertura de conflicto interpersonal,35
KAi0PMxAd60,https://www.youtube.com/watch?v=KAi0PMxAd60,"Gisela shuts down Janet Barboza: ""Ours was a working relationship""",Magaly TV La Firme,,121.0,high_yield_channel,Magaly TV La Firme,19,ACOSO_PERSONAL|CONTENIDO_SEXUAL|AMENAZA_DIRECTA,1.17 chunks de daño por video y cobertura de conflicto interpersonal,35
X7XCjJA6rOM,https://www.youtube.com/watch?v=X7XCjJA6rOM,"'La Chocolatita', woman caught on camera with Pedro Aquino, found dead",Magaly TV La Firme,,155.0,high_yield_channel,Magaly TV La Firme,20,ACOSO_PERSONAL|CONTENIDO_SEXUAL|AMENAZA_DIRECTA,1.17 chunks de daño por video y cobertura de conflicto interpersonal,35
kyXw4MW9LYY,https://www.youtube.com/watch?v=kyXw4MW9LYY,Roberto Martínez speaks out following Gisela Valcárcel's tears and Ethel Pozo's statements,Magaly TV La Firme,,46.0,high_yield_channel,Magaly TV La Firme,21,ACOSO_PERSONAL|CONTENIDO_SEXUAL|AMENAZA_DIRECTA,1.17 chunks de daño por video y cobertura de conflicto interpersonal,35
qCry0_QBtfI,https://www.youtube.com/watch?v=qCry0_QBtfI,"The love triangle between Gisela Valcárcel, Roberto Martínez, and Viviana Rivasplata",Magaly TV La Firme,,149.0,high_yield_channel,Magaly TV La Firme,22,ACOSO_PERSONAL|CONTENIDO_SEXUAL|AMENAZA_DIRECTA,1.17 chunks de daño por video y cobertura de conflicto interpersonal,35
yhdgd7XjyXA,https://www.youtube.com/watch?v=yhdgd7XjyXA,"Magaly TV La Firme: Episode for Wednesday, July 22, 2026",Magaly TV La Firme,,1488.0,high_yield_channel,Magaly TV La Firme,23,ACOSO_PERSONAL|CONTENIDO_SEXUAL|AMENAZA_DIRECTA,1.17 chunks de daño por video y cobertura de conflicto interpersonal,35
U2OMPaJm3IU,https://www.youtube.com/watch?v=U2OMPaJm3IU,"María Pía reveals why she kept quiet about her bad relationship with Timoteo: ""I didn't want that...",Magaly TV La Firme,,254.0,high_yield_channel,Magaly TV La Firme,24,ACOSO_PERSONAL|CONTENIDO_SEXUAL|AMENAZA_DIRECTA,1.17 chunks de daño por video y cobertura de conflicto interpersonal,35
6lrNL9cGI-c,https://www.youtube.com/watch?v=6lrNL9cGI-c,"María Pía hits back at those calling her a ""launderer"": ""They defame me every day""",Magaly TV La Firme,,366.0,high_yield_channel,Magaly TV La Firme,25,ACOSO_PERSONAL|CONTENIDO_SEXUAL|AMENAZA_DIRECTA,1.17 chunks de daño por video y cobertura de conflicto interpersonal,35
onJRy3fpWtQ,https://www.youtube.com/watch?v=onJRy3fpWtQ,Mario Hart's infidelity to Leslie Shaw: What did Olinda Castañeda say?,Magaly TV La Firme,,57.0,high_yield_channel,Magaly TV La Firme,26,ACOSO_PERSONAL|CONTENIDO_SEXUAL|AMENAZA_DIRECTA,1.17 chunks de daño por video y cobertura de conflicto interpersonal,35
cQYOzp6Jaec,https://www.youtube.com/watch?v=cQYOzp6Jaec,"Jefferson Farfán won't let go of Magaly Medina and gets roasted online: ""He's fighting by himself""",Magaly TV La Firme,,115.0,high_yield_channel,Magaly TV La Firme,27,ACOSO_PERSONAL|CONTENIDO_SEXUAL|AMENAZA_DIRECTA,1.17 chunks de daño por video y cobertura de conflicto interpersonal,35
SfeWKe1GswI,https://www.youtube.com/watch?v=SfeWKe1GswI,Users mercilessly troll Karla Tarazona for dedicating a song to Christian Domínguez,Magaly TV La Firme,,143.0,high_yield_channel,Magaly TV La Firme,28,ACOSO_PERSONAL|CONTENIDO_SEXUAL|AMENAZA_DIRECTA,1.17 chunks de daño por video y cobertura de conflicto interpersonal,35
KHIeYoaGYUs,https://www.youtube.com/watch?v=KHIeYoaGYUs,Urracochismes: Samahara Lobatón takes responsibility after going out with Ale Fuller and Pablo He...,Magaly TV La Firme,,203.0,high_yield_channel,Magaly TV La Firme,29,ACOSO_PERSONAL|CONTENIDO_SEXUAL|AMENAZA_DIRECTA,1.17 chunks de daño por video y cobertura de conflicto interpersonal,35
8UwM-v6ouag,https://www.youtube.com/watch?v=8UwM-v6ouag,Who is Clímaco Basombrío? The Story of the Killer Known as ‘The Hammer Man’,Magaly TV La Firme,,518.0,high_yield_channel,Magaly TV La Firme,30,ACOSO_PERSONAL|CONTENIDO_SEXUAL|AMENAZA_DIRECTA,1.17 chunks de daño por video y cobertura de conflicto interpersonal,35
4T2b8mtMtPA,https://www.youtube.com/watch?v=4T2b8mtMtPA,"Leslie Shaw tells all on Magaly TV La Firme! - Program for Tuesday, July 21, 2026",Magaly TV La Firme,,2258.0,high_yield_channel,Magaly TV La Firme,31,ACOSO_PERSONAL|CONTENIDO_SEXUAL|AMENAZA_DIRECTA,1.17 chunks de daño por video y cobertura de conflicto interpersonal,35
GcyP0Lt3cro,https://www.youtube.com/watch?v=GcyP0Lt3cro,Cielo Fernández makes relationship with Axel Medina official following cheating scandal,Magaly TV La Firme,,288.0,high_yield_channel,Magaly TV La Firme,32,ACOSO_PERSONAL|CONTENIDO_SEXUAL|AMENAZA_DIRECTA,1.17 chunks de daño por video y cobertura de conflicto interpersonal,35
P_jIMlawfIs,https://www.youtube.com/watch?v=P_jIMlawfIs,Leslie Shaw destroys Pablo Heredia and gives advice to Shirley Arica and Ale Fuller,Magaly TV La Firme,,88.0,high_yield_channel,Magaly TV La Firme,33,ACOSO_PERSONAL|CONTENIDO_SEXUAL|AMENAZA_DIRECTA,1.17 chunks de daño por video y cobertura de conflicto interpersonal,35
a6W9JQanHFU,https://www.youtube.com/watch?v=a6W9JQanHFU,Leslie Shaw to send formal legal notice to Marisol for exposing chats and announces song with Yol...,Magaly TV La Firme,,250.0,high_yield_channel,Magaly TV La Firme,34,ACOSO_PERSONAL|CONTENIDO_SEXUAL|AMENAZA_DIRECTA,1.17 chunks de daño por video y cobertura de conflicto interpersonal,35
EkUTMtKcg14,https://www.youtube.com/watch?v=EkUTMtKcg14,"Leslie Shaw bashes Mario Hart for denying a second cheating scandal: ""Korina, catch up""",Magaly TV La Firme,,558.0,high_yield_channel,Magaly TV La Firme,35,ACOSO_PERSONAL|CONTENIDO_SEXUAL|AMENAZA_DIRECTA,1.17 chunks de daño por video y cobertura de conflicto interpersonal,35
Nojl0hB3yYk,https://www.youtube.com/watch?v=Nojl0hB3yYk,Pablo Heredia and his love story with Ale Fuller: How did the relationship begin?,Magaly TV La Firme,,203.0,high_yield_channel,Magaly TV La Firme,36,ACOSO_PERSONAL|CONTENIDO_SEXUAL|AMENAZA_DIRECTA,1.17 chunks de daño por video y cobertura de conflicto interpersonal,35
NSMJ37c3Z48,https://www.youtube.com/watch?v=NSMJ37c3Z48,"Ethel Pozo still hasn't moved on from Roberto Martínez's infidelity: ""He swore to me he would nev...",Magaly TV La Firme,,37.0,high_yield_channel,Magaly TV La Firme,37,ACOSO_PERSONAL|CONTENIDO_SEXUAL|AMENAZA_DIRECTA,1.17 chunks de daño por video y cobertura de conflicto interpersonal,35
ttNe8otyRkE,https://www.youtube.com/watch?v=ttNe8otyRkE,"Urracogossip: Cueva misses his youngest daughter's birthday, Melcochita makes up with Monserrat, ...",Magaly TV La Firme,,229.0,high_yield_channel,Magaly TV La Firme,38,ACOSO_PERSONAL|CONTENIDO_SEXUAL|AMENAZA_DIRECTA,1.17 chunks de daño por video y cobertura de conflicto interpersonal,35
WwI3Jp183d0,https://www.youtube.com/watch?v=WwI3Jp183d0,Pablo Heredia spends hours at Ale Fuller's house in the middle of the night,Magaly TV La Firme,,456.0,high_yield_channel,Magaly TV La Firme,39,ACOSO_PERSONAL|CONTENIDO_SEXUAL|AMENAZA_DIRECTA,1.17 chunks de daño por video y cobertura de conflicto interpersonal,35
-nmMKZelwEw,https://www.youtube.com/watch?v=-nmMKZelwEw,"Magaly TV La Firme: July 20, 2026 Episode",Magaly TV La Firme,,2398.0,high_yield_channel,Magaly TV La Firme,40,ACOSO_PERSONAL|CONTENIDO_SEXUAL|AMENAZA_DIRECTA,1.17 chunks de daño por video y cobertura de conflicto interpersonal,35
Mk6u-IO-PbU,https://www.youtube.com/watch?v=Mk6u-IO-PbU,"Magaly Medina is honored by the Municipality of La Molina: ""I felt honored""",Magaly TV La Firme,,308.0,high_yield_channel,Magaly TV La Firme,41,ACOSO_PERSONAL|CONTENIDO_SEXUAL|AMENAZA_DIRECTA,1.17 chunks de daño por video y cobertura de conflicto interpersonal,35
FYdD7l3v-jY,https://www.youtube.com/watch?v=FYdD7l3v-jY,"Suhaila Jad slams André Carrillo as a deadbeat dad: ""He abandons his kids to go party""",Magaly TV La Firme,,294.0,high_yield_channel,Magaly TV La Firme,42,ACOSO_PERSONAL|CONTENIDO_SEXUAL|AMENAZA_DIRECTA,1.17 chunks de daño por video y cobertura de conflicto interpersonal,35
TQRrQ_3Izng,https://www.youtube.com/watch?v=TQRrQ_3Izng,"Rebeca Escribens slammed after talking about Ethel Pozo and Janet Barboza: ""You lost all my respe...",Magaly TV La Firme,,224.0,high_yield_channel,Magaly TV La Firme,43,ACOSO_PERSONAL|CONTENIDO_SEXUAL|AMENAZA_DIRECTA,1.17 chunks de daño por video y cobertura de conflicto interpersonal,35
huYi1iA7i08,https://www.youtube.com/watch?v=huYi1iA7i08,"Magaly TV La Firme: Episode from Friday, July 17, 2026",Magaly TV La Firme,,1566.0,high_yield_channel,Magaly TV La Firme,44,ACOSO_PERSONAL|CONTENIDO_SEXUAL|AMENAZA_DIRECTA,1.17 chunks de daño por video y cobertura de conflicto interpersonal,35
HmXwEmJ2BFU,https://www.youtube.com/watch?v=HmXwEmJ2BFU,Designer gives fashion advice to Keiko Fujimori: “She could have looks like Queen Letizia”,Magaly TV La Firme,,266.0,high_yield_channel,Magaly TV La Firme,45,ACOSO_PERSONAL|CONTENIDO_SEXUAL|AMENAZA_DIRECTA,1.17 chunks de daño por video y cobertura de conflicto interpersonal,35
fegRg9n1WfU,https://www.youtube.com/watch?v=fegRg9n1WfU,Is Tinelli trying to clean up his image? 'Gaucho' journalist thinks Milett is falling for his str...,Magaly TV La Firme,,61.0,high_yield_channel,Magaly TV La Firme,46,ACOSO_PERSONAL|CONTENIDO_SEXUAL|AMENAZA_DIRECTA,1.17 chunks de daño por video y cobertura de conflicto interpersonal,35
DEaLC50GcWA,https://www.youtube.com/watch?v=DEaLC50GcWA,"Matías Vázquez talks to Magaly and questions Milett Figueroa: ""Isn't this all staged?""",Magaly TV La Firme,,329.0,high_yield_channel,Magaly TV La Firme,47,ACOSO_PERSONAL|CONTENIDO_SEXUAL|AMENAZA_DIRECTA,1.17 chunks de daño por video y cobertura de conflicto interpersonal,35
jNOz-atevz8,https://www.youtube.com/watch?v=jNOz-atevz8,Leslie Shaw recalls Mario Hart's alleged infidelity with Korina Rivadeneira,Magaly TV La Firme,,261.0,high_yield_channel,Magaly TV La Firme,48,ACOSO_PERSONAL|CONTENIDO_SEXUAL|AMENAZA_DIRECTA,1.17 chunks de daño por video y cobertura de conflicto interpersonal,35
0eOOtL3SB_o,https://www.youtube.com/watch?v=0eOOtL3SB_o,Christian Domínguez confesses that he goes to therapy frequently: “I live there”,Magaly TV La Firme,,29.0,high_yield_channel,Magaly TV La Firme,49,ACOSO_PERSONAL|CONTENIDO_SEXUAL|AMENAZA_DIRECTA,1.17 chunks de daño por video y cobertura de conflicto interpersonal,35
cxWcNFbcFn0,https://www.youtube.com/watch?v=cxWcNFbcFn0,Magaly claims Keiko could become a showcase for Peruvian textile manufacturing,Magaly TV La Firme,,120.0,high_yield_channel,Magaly TV La Firme,50,ACOSO_PERSONAL|CONTENIDO_SEXUAL|AMENAZA_DIRECTA,1.17 chunks de daño por video y cobertura de conflicto interpersonal,35
t-ZOBoRD95o,https://www.youtube.com/watch?v=t-ZOBoRD95o,"Magaly on Gisela's words regarding the interview with Ethel: ""we discovered a different Ethel""",Magaly TV La Firme,,22.0,high_yield_channel,Magaly TV La Firme,51,ACOSO_PERSONAL|CONTENIDO_SEXUAL|AMENAZA_DIRECTA,1.17 chunks de daño por video y cobertura de conflicto interpersonal,35
o-Yg5KzeNvk,https://www.youtube.com/watch?v=o-Yg5KzeNvk,"Bárbara de Regil on Magaly Tv, la firme: ""I like being me, I really enjoy my life, being a mom""",Magaly TV La Firme,,624.0,high_yield_channel,Magaly TV La Firme,52,ACOSO_PERSONAL|CONTENIDO_SEXUAL|AMENAZA_DIRECTA,1.17 chunks de daño por video y cobertura de conflicto interpersonal,35
3LG4-MidY5U,https://www.youtube.com/watch?v=3LG4-MidY5U,"Bárbara de Regil, ""Rosario Tijeras"" actress, arrives in Peru to host 'Motivational Cardio'",Magaly TV La Firme,,88.0,high_yield_channel,Magaly TV La Firme,53,ACOSO_PERSONAL|CONTENIDO_SEXUAL|AMENAZA_DIRECTA,1.17 chunks de daño por video y cobertura de conflicto interpersonal,35
Gw1HUC8A5hM,https://www.youtube.com/watch?v=Gw1HUC8A5hM,Laura Spoya in legal trouble over her accident,Magaly TV La Firme,,571.0,high_yield_channel,Magaly TV La Firme,54,ACOSO_PERSONAL|CONTENIDO_SEXUAL|AMENAZA_DIRECTA,1.17 chunks de daño por video y cobertura de conflicto interpersonal,35
bgyxatp4ev8,https://www.youtube.com/watch?v=bgyxatp4ev8,Sheyla Rojas had been having trouble in paradise with Sir Winston and here is the proof,Magaly TV La Firme,,104.0,high_yield_channel,Magaly TV La Firme,55,ACOSO_PERSONAL|CONTENIDO_SEXUAL|AMENAZA_DIRECTA,1.17 chunks de daño por video y cobertura de conflicto interpersonal,35
fgjXt2Vpiz4,https://www.youtube.com/watch?v=fgjXt2Vpiz4,"Mónica Cabrejos: ""For Janet, there is no such thing as friendship. The next day, she stabs you in...",Magaly TV La Firme,,134.0,high_yield_channel,Magaly TV La Firme,56,ACOSO_PERSONAL|CONTENIDO_SEXUAL|AMENAZA_DIRECTA,1.17 chunks de daño por video y cobertura de conflicto interpersonal,35
0fbmiZVyec4,https://www.youtube.com/watch?v=0fbmiZVyec4,Who are the three mountaineers missing on Mount Huascarán?,Magaly TV La Firme,,454.0,high_yield_channel,Magaly TV La Firme,57,ACOSO_PERSONAL|CONTENIDO_SEXUAL|AMENAZA_DIRECTA,1.17 chunks de daño por video y cobertura de conflicto interpersonal,35
XVyCf6wzwjQ,https://www.youtube.com/watch?v=XVyCf6wzwjQ,"Magaly TV La Firme: July 16, 2026 Episode",Magaly TV La Firme,,2323.0,high_yield_channel,Magaly TV La Firme,58,ACOSO_PERSONAL|CONTENIDO_SEXUAL|AMENAZA_DIRECTA,1.17 chunks de daño por video y cobertura de conflicto interpersonal,35
4SC1qOJKL6w,https://www.youtube.com/watch?v=4SC1qOJKL6w,Pati Lorena opens up to Magaly: She went through hell in the U.S. and recalled a special anecdote...,Magaly TV La Firme,,68.0,high_yield_channel,Magaly TV La Firme,59,ACOSO_PERSONAL|CONTENIDO_SEXUAL|AMENAZA_DIRECTA,1.17 chunks de daño por video y cobertura de conflicto interpersonal,35
NntRoehzxfk,https://www.youtube.com/watch?v=NntRoehzxfk,"Magaly TV La Firme: July 15, 2026 Program",Magaly TV La Firme,,2396.0,high_yield_channel,Magaly TV La Firme,60,ACOSO_PERSONAL|CONTENIDO_SEXUAL|AMENAZA_DIRECTA,1.17 chunks de daño por video y cobertura de conflicto interpersonal,35
sr_Iz0VE4K0,https://www.youtube.com/watch?v=sr_Iz0VE4K0,Everything you didn't see from the historic night between Ethel Pozo and Magaly,Magaly TV La Firme,,437.0,high_yield_channel,Magaly TV La Firme,61,ACOSO_PERSONAL|CONTENIDO_SEXUAL|AMENAZA_DIRECTA,1.17 chunks de daño por video y cobertura de conflicto interpersonal,35
vR_bRk9w9CU,https://www.youtube.com/watch?v=vR_bRk9w9CU,"Magaly, Kurt Villavicencio, and Ric La Torre tear apart Janet Barboza: ""Masterclass in sucking up""",Magaly TV La Firme,,282.0,high_yield_channel,Magaly TV La Firme,62,ACOSO_PERSONAL|CONTENIDO_SEXUAL|AMENAZA_DIRECTA,1.17 chunks de daño por video y cobertura de conflicto interpersonal,35
9Tusy9rGPL0,https://www.youtube.com/watch?v=9Tusy9rGPL0,"Ric La Torre and 'Metiche' bash AH: ""It's an entertainment show disguised as a magazine""",Magaly TV La Firme,,303.0,high_yield_channel,Magaly TV La Firme,63,ACOSO_PERSONAL|CONTENIDO_SEXUAL|AMENAZA_DIRECTA,1.17 chunks de daño por video y cobertura de conflicto interpersonal,35
8wPMvNThtXQ,https://www.youtube.com/watch?v=8wPMvNThtXQ,"Magaly to Vanessa López for 'flipping out' over racy images: ""You're not a priority, get in line""",Magaly TV La Firme,,258.0,high_yield_channel,Magaly TV La Firme,64,ACOSO_PERSONAL|CONTENIDO_SEXUAL|AMENAZA_DIRECTA,1.17 chunks de daño por video y cobertura de conflicto interpersonal,35
0SXHSmdLaDA,https://www.youtube.com/watch?v=0SXHSmdLaDA,Magaly spills the tea on the possibility of Ethel Pozo working at ATV,Magaly TV La Firme,,148.0,high_yield_channel,Magaly TV La Firme,65,ACOSO_PERSONAL|CONTENIDO_SEXUAL|AMENAZA_DIRECTA,1.17 chunks de daño por video y cobertura de conflicto interpersonal,35
HQoAxw9JhtY,https://www.youtube.com/watch?v=HQoAxw9JhtY,"Magaly 'brings Mario Irivarren back to earth' over 'future guest syndrome': ""Who called him?""",Magaly TV La Firme,,24.0,high_yield_channel,Magaly TV La Firme,66,ACOSO_PERSONAL|CONTENIDO_SEXUAL|AMENAZA_DIRECTA,1.17 chunks de daño por video y cobertura de conflicto interpersonal,35
FyZleswj-Q4,https://www.youtube.com/watch?v=FyZleswj-Q4,"Magaly on her interview with Ethel: ""It was like seeing a defenseless little girl who could easil...",Magaly TV La Firme,,205.0,high_yield_channel,Magaly TV La Firme,67,ACOSO_PERSONAL|CONTENIDO_SEXUAL|AMENAZA_DIRECTA,1.17 chunks de daño por video y cobertura de conflicto interpersonal,35
2Jp8qN7sOAo,https://www.youtube.com/watch?v=2Jp8qN7sOAo,"Ethel Pozo reminded Magaly about the criticisms regarding her: ""You've been talking about me sinc...",Magaly TV La Firme,,242.0,high_yield_channel,Magaly TV La Firme,68,ACOSO_PERSONAL|CONTENIDO_SEXUAL|AMENAZA_DIRECTA,1.17 chunks de daño por video y cobertura de conflicto interpersonal,35
6nXS9joRqUE,https://www.youtube.com/watch?v=6nXS9joRqUE,"Ethel Pozo revealed how she felt when she found out she wasn't continuing on América Hoy: ""I was ...",Magaly TV La Firme,,184.0,high_yield_channel,Magaly TV La Firme,69,ACOSO_PERSONAL|CONTENIDO_SEXUAL|AMENAZA_DIRECTA,1.17 chunks de daño por video y cobertura de conflicto interpersonal,35
BJvC6jT4Ay4,https://www.youtube.com/watch?v=BJvC6jT4Ay4,"Ethel Pozo on her husband Julián: ""My mom adores him, he's the son she never had""",Magaly TV La Firme,,397.0,high_yield_channel,Magaly TV La Firme,70,ACOSO_PERSONAL|CONTENIDO_SEXUAL|AMENAZA_DIRECTA,1.17 chunks de daño por video y cobertura de conflicto interpersonal,35
yd1yKu5KpZM,https://www.youtube.com/watch?v=yd1yKu5KpZM,"Ethel Pozo affirms her friendship with Christian Domínguez: ""I don't have any other cheating friend""",Magaly TV La Firme,,74.0,high_yield_channel,Magaly TV La Firme,71,ACOSO_PERSONAL|CONTENIDO_SEXUAL|AMENAZA_DIRECTA,1.17 chunks de daño por video y cobertura de conflicto interpersonal,35
Y17WZ3WgBLg,https://www.youtube.com/watch?v=Y17WZ3WgBLg,"Ethel Pozo on criticisms of living in Gisela's shadow: ""You have to take the bad with the good""",Magaly TV La Firme,,207.0,high_yield_channel,Magaly TV La Firme,72,ACOSO_PERSONAL|CONTENIDO_SEXUAL|AMENAZA_DIRECTA,1.17 chunks de daño por video y cobertura de conflicto interpersonal,35
2pcuOJWxoVg,https://www.youtube.com/watch?v=2pcuOJWxoVg,"Magaly TV La Firme: July 14, 2026 Program",Magaly TV La Firme,,2914.0,high_yield_channel,Magaly TV La Firme,73,ACOSO_PERSONAL|CONTENIDO_SEXUAL|AMENAZA_DIRECTA,1.17 chunks de daño por video y cobertura de conflicto interpersonal,35
urI1qBBlV0Y,https://www.youtube.com/watch?v=urI1qBBlV0Y,Magaly confesses to Ethel that Gisela chose her as an enemy and she defends her,Magaly TV La Firme,,198.0,high_yield_channel,Magaly TV La Firme,74,ACOSO_PERSONAL|CONTENIDO_SEXUAL|AMENAZA_DIRECTA,1.17 chunks de daño por video y cobertura de conflicto interpersonal,35
7YWWtIXkkdw,https://www.youtube.com/watch?v=7YWWtIXkkdw,"Ethel Pozo defends herself against being called a ""phony"" during her time on América Hoy",Magaly TV La Firme,,309.0,high_yield_channel,Magaly TV La Firme,75,ACOSO_PERSONAL|CONTENIDO_SEXUAL|AMENAZA_DIRECTA,1.17 chunks de daño por video y cobertura de conflicto interpersonal,35
y5zbTUhmwU8,https://www.youtube.com/watch?v=y5zbTUhmwU8,Magaly speaks out about accusation against reporter,Magaly TV La Firme,,407.0,high_yield_channel,Magaly TV La Firme,76,ACOSO_PERSONAL|CONTENIDO_SEXUAL|AMENAZA_DIRECTA,1.17 chunks de daño por video y cobertura de conflicto interpersonal,35
ByXaX_zhR4o,https://www.youtube.com/watch?v=ByXaX_zhR4o,Magaly TV La Firme: Programa del lunes 13 de julio de 2026,Magaly TV La Firme,,2053.0,high_yield_channel,Magaly TV La Firme,77,ACOSO_PERSONAL|CONTENIDO_SEXUAL|AMENAZA_DIRECTA,1.17 chunks de daño por video y cobertura de conflicto interpersonal,35
9bsFC7yZJSQ,https://www.youtube.com/watch?v=9bsFC7yZJSQ,Did Sheyla Rojas break up with Sir Winston to get him to react and propose?,Magaly TV La Firme,,249.0,high_yield_channel,Magaly TV La Firme,78,ACOSO_PERSONAL|CONTENIDO_SEXUAL|AMENAZA_DIRECTA,1.17 chunks de daño por video y cobertura de conflicto interpersonal,35
S2piw_nRfu8,https://www.youtube.com/watch?v=S2piw_nRfu8,"Magaly reveals a secret about Sheyla Rojas: ""There are things she found out about his behavior""",Magaly TV La Firme,,144.0,high_yield_channel,Magaly TV La Firme,79,ACOSO_PERSONAL|CONTENIDO_SEXUAL|AMENAZA_DIRECTA,1.17 chunks de daño por video y cobertura de conflicto interpersonal,35
s47zAlWBt5w,https://www.youtube.com/watch?v=s47zAlWBt5w,"Mónica Cabrejos: ""The mistake Sheyla Rojas made was not listening to the man""",Magaly TV La Firme,,246.0,high_yield_channel,Magaly TV La Firme,80,ACOSO_PERSONAL|CONTENIDO_SEXUAL|AMENAZA_DIRECTA,1.17 chunks de daño por video y cobertura de conflicto interpersonal,35
6JOe0ViXMwk,https://www.youtube.com/watch?v=6JOe0ViXMwk,Magaly clarifies the sudden departure of Ricky Rodríguez and explains why he was part of the show,Magaly TV La Firme,,167.0,high_yield_channel,Magaly TV La Firme,81,ACOSO_PERSONAL|CONTENIDO_SEXUAL|AMENAZA_DIRECTA,1.17 chunks de daño por video y cobertura de conflicto interpersonal,35
k8yL2OYWYyM,https://www.youtube.com/watch?v=k8yL2OYWYyM,Vanessa López celebrated a wild birthday in style,Magaly TV La Firme,,135.0,high_yield_channel,Magaly TV La Firme,82,ACOSO_PERSONAL|CONTENIDO_SEXUAL|AMENAZA_DIRECTA,1.17 chunks de daño por video y cobertura de conflicto interpersonal,35
L8wJGGdHIEU,https://www.youtube.com/watch?v=L8wJGGdHIEU,Masiel Málaga has a great time with Youna but clarifies if she likes him,Magaly TV La Firme,,327.0,high_yield_channel,Magaly TV La Firme,83,ACOSO_PERSONAL|CONTENIDO_SEXUAL|AMENAZA_DIRECTA,1.17 chunks de daño por video y cobertura de conflicto interpersonal,35
wuiH6pw320M,https://www.youtube.com/watch?v=wuiH6pw320M,"Exclusive! Magaly Medina confirms Ethel Pozo as a guest: ""We’re going to cover every topic""",Magaly TV La Firme,,24.0,high_yield_channel,Magaly TV La Firme,84,ACOSO_PERSONAL|CONTENIDO_SEXUAL|AMENAZA_DIRECTA,1.17 chunks de daño por video y cobertura de conflicto interpersonal,35
LDjQ163zvq0,https://www.youtube.com/watch?v=LDjQ163zvq0,"Magaly TV La Firme: July 10, 2026 Episode",Magaly TV La Firme,,1958.0,high_yield_channel,Magaly TV La Firme,85,ACOSO_PERSONAL|CONTENIDO_SEXUAL|AMENAZA_DIRECTA,1.17 chunks de daño por video y cobertura de conflicto interpersonal,35
Bo70pHHMDNY,https://www.youtube.com/watch?v=Bo70pHHMDNY,"Magaly on questions regarding her community service: ""When I was in prison, I used to clean""",Magaly TV La Firme,,182.0,high_yield_channel,Magaly TV La Firme,86,ACOSO_PERSONAL|CONTENIDO_SEXUAL|AMENAZA_DIRECTA,1.17 chunks de daño por video y cobertura de conflicto interpersonal,35
O54kPK8UEw0,https://www.youtube.com/watch?v=O54kPK8UEw0,"Beto Ortiz on EVDLV with Martín del Pomar: ""I dreamed that Andrea Llosa would do it""",Magaly TV La Firme,,358.0,high_yield_channel,Magaly TV La Firme,87,ACOSO_PERSONAL|CONTENIDO_SEXUAL|AMENAZA_DIRECTA,1.17 chunks de daño por video y cobertura de conflicto interpersonal,35
fae02CVMu1o,https://www.youtube.com/watch?v=fae02CVMu1o,"Beto Ortiz on his return to university: ""The rector must be my age""",Magaly TV La Firme,,305.0,high_yield_channel,Magaly TV La Firme,88,ACOSO_PERSONAL|CONTENIDO_SEXUAL|AMENAZA_DIRECTA,1.17 chunks de daño por video y cobertura de conflicto interpersonal,35
H8yUs8zdCxw,https://www.youtube.com/watch?v=H8yUs8zdCxw,"Beto Ortiz blasts Phillip Butters: ""He has built his own catastrophe. I think the fame went to hi...",Magaly TV La Firme,,22.0,high_yield_channel,Magaly TV La Firme,89,ACOSO_PERSONAL|CONTENIDO_SEXUAL|AMENAZA_DIRECTA,1.17 chunks de daño por video y cobertura de conflicto interpersonal,35
HpUcpxGCUXk,https://www.youtube.com/watch?v=HpUcpxGCUXk,"Chollywood hops on the ""Tienes en los ojos girasoles"" trend",Magaly TV La Firme,,38.0,high_yield_channel,Magaly TV La Firme,90,ACOSO_PERSONAL|CONTENIDO_SEXUAL|AMENAZA_DIRECTA,1.17 chunks de daño por video y cobertura de conflicto interpersonal,35
C80dxjCrp2Y,https://www.youtube.com/watch?v=C80dxjCrp2Y,Marina Gold and the 'Toledo' impersonator are in a relationship that began while streaming together,Magaly TV La Firme,,84.0,high_yield_channel,Magaly TV La Firme,91,ACOSO_PERSONAL|CONTENIDO_SEXUAL|AMENAZA_DIRECTA,1.17 chunks de daño por video y cobertura de conflicto interpersonal,35
eF9o4Xz390E,https://www.youtube.com/watch?v=eF9o4Xz390E,"Flavia Laos admits Austin Palao may have been an obstacle in her career: ""Choose a nun""",Magaly TV La Firme,,55.0,high_yield_channel,Magaly TV La Firme,92,ACOSO_PERSONAL|CONTENIDO_SEXUAL|AMENAZA_DIRECTA,1.17 chunks de daño por video y cobertura de conflicto interpersonal,35
ICyQ8UPpUJY,https://www.youtube.com/watch?v=ICyQ8UPpUJY,Salsa for export! Masiel Málaga is hitting it big in the United States,Magaly TV La Firme,,89.0,high_yield_channel,Magaly TV La Firme,93,ACOSO_PERSONAL|CONTENIDO_SEXUAL|AMENAZA_DIRECTA,1.17 chunks de daño por video y cobertura de conflicto interpersonal,35
oxn9p6vsX4o,https://www.youtube.com/watch?v=oxn9p6vsX4o,"Deysi Araujo, Paloma de la Guaracha, and La Negra Petróleo cause a scene at Mónica Cabrejos' show",Magaly TV La Firme,,486.0,high_yield_channel,Magaly TV La Firme,94,ACOSO_PERSONAL|CONTENIDO_SEXUAL|AMENAZA_DIRECTA,1.17 chunks de daño por video y cobertura de conflicto interpersonal,35
-W4dKpvIK30,https://www.youtube.com/watch?v=-W4dKpvIK30,Laura Spoya appears with Coquito book to respond to Magaly Medina and gets destroyed on social media,Magaly TV La Firme,,156.0,high_yield_channel,Magaly TV La Firme,95,ACOSO_PERSONAL|CONTENIDO_SEXUAL|AMENAZA_DIRECTA,1.17 chunks de daño por video y cobertura de conflicto interpersonal,35
0g_ShQxzvTM,https://www.youtube.com/watch?v=0g_ShQxzvTM,"Shirley Arica reveals her daughter didn't approve of Pablo Heredia as a partner: ""She doesn't lik...",Magaly TV La Firme,,38.0,high_yield_channel,Magaly TV La Firme,96,ACOSO_PERSONAL|CONTENIDO_SEXUAL|AMENAZA_DIRECTA,1.17 chunks de daño por video y cobertura de conflicto interpersonal,35
abVVb3h1ar0,https://www.youtube.com/watch?v=abVVb3h1ar0,"Magaly Medina destroys Janet Barboza after she denies betraying Ethel Pozo: ""They were disloyal""",Magaly TV La Firme,,148.0,high_yield_channel,Magaly TV La Firme,97,ACOSO_PERSONAL|CONTENIDO_SEXUAL|AMENAZA_DIRECTA,1.17 chunks de daño por video y cobertura de conflicto interpersonal,35
ZBT1Zc_lysc,https://www.youtube.com/watch?v=ZBT1Zc_lysc,"Remembered actor Mario León accuses neighbor of assault and homophobia: ""Take him to jail""",Magaly TV La Firme,,397.0,high_yield_channel,Magaly TV La Firme,98,ACOSO_PERSONAL|CONTENIDO_SEXUAL|AMENAZA_DIRECTA,1.17 chunks de daño por video y cobertura de conflicto interpersonal,35
Pk_9aBtQbls,https://www.youtube.com/watch?v=Pk_9aBtQbls,Criminal defense attorney makes Jefferson Farfán look bad over alleged evidence against Magaly Me...,Magaly TV La Firme,,47.0,high_yield_channel,Magaly TV La Firme,99,ACOSO_PERSONAL|CONTENIDO_SEXUAL|AMENAZA_DIRECTA,1.17 chunks de daño por video y cobertura de conflicto interpersonal,35
0Bpim5MRQLE,https://www.youtube.com/watch?v=0Bpim5MRQLE,Magaly Medina calls out Mario Hart for accusing her of spreading misinformation about his wedding...,Magaly TV La Firme,,98.0,high_yield_channel,Magaly TV La Firme,100,ACOSO_PERSONAL|CONTENIDO_SEXUAL|AMENAZA_DIRECTA,1.17 chunks de daño por video y cobertura de conflicto interpersonal,35
jDLh7g0tkqg,https://www.youtube.com/watch?v=jDLh7g0tkqg,She Still Won't Let Go of Marcelo Tinelli! Milett Figueroa's Social Media Digs,Magaly TV La Firme,,129.0,high_yield_channel,Magaly TV La Firme,101,ACOSO_PERSONAL|CONTENIDO_SEXUAL|AMENAZA_DIRECTA,1.17 chunks de daño por video y cobertura de conflicto interpersonal,35
l0GWwCsx1dU,https://www.youtube.com/watch?v=l0GWwCsx1dU,"Magaly TV La Firme: July 9, 2026 Episode",Magaly TV La Firme,,2305.0,high_yield_channel,Magaly TV La Firme,102,ACOSO_PERSONAL|CONTENIDO_SEXUAL|AMENAZA_DIRECTA,1.17 chunks de daño por video y cobertura de conflicto interpersonal,35
jeNITQRiG70,https://www.youtube.com/watch?v=jeNITQRiG70,"Urracogossip: Karla gets tough with Cabrejos, Flavia 'calls out' Rosángela for flirting, and more",Magaly TV La Firme,,161.0,high_yield_channel,Magaly TV La Firme,103,ACOSO_PERSONAL|CONTENIDO_SEXUAL|AMENAZA_DIRECTA,1.17 chunks de daño por video y cobertura de conflicto interpersonal,35
PHuyJknyei0,https://www.youtube.com/watch?v=PHuyJknyei0,"Ethel Pozo reveals betrayal by Janet Barboza and 'Giselo': ""They knew they were staying""",Magaly TV La Firme,,49.0,high_yield_channel,Magaly TV La Firme,104,ACOSO_PERSONAL|CONTENIDO_SEXUAL|AMENAZA_DIRECTA,1.17 chunks de daño por video y cobertura de conflicto interpersonal,35
S7YwOURb51g,https://www.youtube.com/watch?v=S7YwOURb51g,Magaly Medina: Former INPE Chief and lawyer explain what community service entails,Magaly TV La Firme,,84.0,high_yield_channel,Magaly TV La Firme,105,ACOSO_PERSONAL|CONTENIDO_SEXUAL|AMENAZA_DIRECTA,1.17 chunks de daño por video y cobertura de conflicto interpersonal,35
rXtrxw8yuZ4,https://www.youtube.com/watch?v=rXtrxw8yuZ4,Samahara Lobatón responds after compromising footage with Renato Rossini,Magaly TV La Firme,,155.0,high_yield_channel,Magaly TV La Firme,106,ACOSO_PERSONAL|CONTENIDO_SEXUAL|AMENAZA_DIRECTA,1.17 chunks de daño por video y cobertura de conflicto interpersonal,35
eBzNK1MN86s,https://www.youtube.com/watch?v=eBzNK1MN86s,"Samahara Lobatón reveals that Youna and Bryan Torres give her ""whatever they can"" for their children",Magaly TV La Firme,,171.0,high_yield_channel,Magaly TV La Firme,107,ACOSO_PERSONAL|CONTENIDO_SEXUAL|AMENAZA_DIRECTA,1.17 chunks de daño por video y cobertura de conflicto interpersonal,35
zmlCEG--Ct4,https://www.youtube.com/watch?v=zmlCEG--Ct4,"This is how the INPE responded to Jefferson Farfán for asking them to ""go after"" Magaly Medina",Magaly TV La Firme,,297.0,high_yield_channel,Magaly TV La Firme,108,ACOSO_PERSONAL|CONTENIDO_SEXUAL|AMENAZA_DIRECTA,1.17 chunks de daño por video y cobertura de conflicto interpersonal,35
NhgKn1X0chY,https://www.youtube.com/watch?v=NhgKn1X0chY,"Magaly TV La Firme: July 8, 2026 episode",Magaly TV La Firme,,2703.0,high_yield_channel,Magaly TV La Firme,109,ACOSO_PERSONAL|CONTENIDO_SEXUAL|AMENAZA_DIRECTA,1.17 chunks de daño por video y cobertura de conflicto interpersonal,35
GSVyKNA4lD4,https://www.youtube.com/watch?v=GSVyKNA4lD4,"He didn't pay a dime! Pamela López invited Christian Cueva to their daughter's birthday, but he d...",Magaly TV La Firme,,368.0,high_yield_channel,Magaly TV La Firme,110,ACOSO_PERSONAL|CONTENIDO_SEXUAL|AMENAZA_DIRECTA,1.17 chunks de daño por video y cobertura de conflicto interpersonal,35
UPNqnFrMi4Y,https://www.youtube.com/watch?v=UPNqnFrMi4Y,"Magaly TV La Firme: July 7, 2026 Episode",Magaly TV La Firme,,1546.0,high_yield_channel,Magaly TV La Firme,111,ACOSO_PERSONAL|CONTENIDO_SEXUAL|AMENAZA_DIRECTA,1.17 chunks de daño por video y cobertura de conflicto interpersonal,35
fmoiQEfxMVk,https://www.youtube.com/watch?v=fmoiQEfxMVk,"Magaly Medina slams 'Cachaza' for getting her wedding rings via sponsorship: ""Can't he afford them?""",Magaly TV La Firme,,134.0,high_yield_channel,Magaly TV La Firme,112,ACOSO_PERSONAL|CONTENIDO_SEXUAL|AMENAZA_DIRECTA,1.17 chunks de daño por video y cobertura de conflicto interpersonal,35
yIUkStuplR8,https://www.youtube.com/watch?v=yIUkStuplR8,Caught in the act? Revealing images of Samahara Lobatón and Renato Rossini,Magaly TV La Firme,,324.0,high_yield_channel,Magaly TV La Firme,113,ACOSO_PERSONAL|CONTENIDO_SEXUAL|AMENAZA_DIRECTA,1.17 chunks de daño por video y cobertura de conflicto interpersonal,35
by3NHGm3Sj4,https://www.youtube.com/watch?v=by3NHGm3Sj4,"Magaly Medina on Jefferson Farfán: ""He's obsessed with me, it's sick""",Magaly TV La Firme,,163.0,high_yield_channel,Magaly TV La Firme,114,ACOSO_PERSONAL|CONTENIDO_SEXUAL|AMENAZA_DIRECTA,1.17 chunks de daño por video y cobertura de conflicto interpersonal,35
-lMVPYu-GMo,https://www.youtube.com/watch?v=-lMVPYu-GMo,Million-dollar pickup games! The wild bets happening on streaming,Magaly TV La Firme,,155.0,high_yield_channel,Magaly TV La Firme,115,ACOSO_PERSONAL|CONTENIDO_SEXUAL|AMENAZA_DIRECTA,1.17 chunks de daño por video y cobertura de conflicto interpersonal,35
Ss9glOztHjs,https://www.youtube.com/watch?v=Ss9glOztHjs,Caught red-handed! Mauricio Diez Canseco spotted with a Cuban friend of Aixa Sosa,Magaly TV La Firme,,861.0,high_yield_channel,Magaly TV La Firme,116,ACOSO_PERSONAL|CONTENIDO_SEXUAL|AMENAZA_DIRECTA,1.17 chunks de daño por video y cobertura de conflicto interpersonal,35
-owVevmftLo,https://www.youtube.com/watch?v=-owVevmftLo,Jackson Mora against the ropes: police videos implicate Tilsa Lozano's ex,Magaly TV La Firme,,337.0,high_yield_channel,Magaly TV La Firme,117,ACOSO_PERSONAL|CONTENIDO_SEXUAL|AMENAZA_DIRECTA,1.17 chunks de daño por video y cobertura de conflicto interpersonal,35
DgAyjyA27u4,https://www.youtube.com/watch?v=DgAyjyA27u4,Beto Ortíz reveals that Martín del Pomar will replace him on 'El valor de la verdad',Magaly TV La Firme,,38.0,high_yield_channel,Magaly TV La Firme,118,ACOSO_PERSONAL|CONTENIDO_SEXUAL|AMENAZA_DIRECTA,1.17 chunks de daño por video y cobertura de conflicto interpersonal,35
hWtacZtDL7Q,https://www.youtube.com/watch?v=hWtacZtDL7Q,Magaly TV La Firme: Programa del lunes 6 de julio del 2026,Magaly TV La Firme,,1640.0,high_yield_channel,Magaly TV La Firme,119,ACOSO_PERSONAL|CONTENIDO_SEXUAL|AMENAZA_DIRECTA,1.17 chunks de daño por video y cobertura de conflicto interpersonal,35
IDJ3FprtzHs,https://www.youtube.com/watch?v=IDJ3FprtzHs,"Milet Figueroa snubs Tinelli and Magaly lashes out: ""You pick up whatever dignity you have left""",Magaly TV La Firme,,83.0,high_yield_channel,Magaly TV La Firme,120,ACOSO_PERSONAL|CONTENIDO_SEXUAL|AMENAZA_DIRECTA,1.17 chunks de daño por video y cobertura de conflicto interpersonal,35
sOh0HjKiq0w,https://www.youtube.com/watch?v=sOh0HjKiq0w,Masiel Málaga opens her heart to Magaly and reveals her harsh backstory,Magaly TV La Firme,,481.0,high_yield_channel,Magaly TV La Firme,121,ACOSO_PERSONAL|CONTENIDO_SEXUAL|AMENAZA_DIRECTA,1.17 chunks de daño por video y cobertura de conflicto interpersonal,35
UeAQTRfbHxY,https://www.youtube.com/watch?v=UeAQTRfbHxY,Deysi Araujo gives up and puts her San Isidro apartment up for sale,Magaly TV La Firme,,1213.0,high_yield_channel,Magaly TV La Firme,122,ACOSO_PERSONAL|CONTENIDO_SEXUAL|AMENAZA_DIRECTA,1.17 chunks de daño por video y cobertura de conflicto interpersonal,35
G7M6InLShPA,https://www.youtube.com/watch?v=G7M6InLShPA,"Masiel Málaga's story moves Magaly: ""It has tugged at my heartstrings""",Magaly TV La Firme,,168.0,high_yield_channel,Magaly TV La Firme,123,ACOSO_PERSONAL|CONTENIDO_SEXUAL|AMENAZA_DIRECTA,1.17 chunks de daño por video y cobertura de conflicto interpersonal,35
x5BQqL-MPwU,https://www.youtube.com/watch?v=x5BQqL-MPwU,"Magaly TV La Firme: July 3, 2026 episode",Magaly TV La Firme,,2765.0,high_yield_channel,Magaly TV La Firme,124,ACOSO_PERSONAL|CONTENIDO_SEXUAL|AMENAZA_DIRECTA,1.17 chunks de daño por video y cobertura de conflicto interpersonal,35
aJ3CekQMjdY,https://www.youtube.com/watch?v=aJ3CekQMjdY,"Shirley Arica announces the end of her romance with Pablo Heredia: ""There's nothing to fix""",Magaly TV La Firme,,200.0,high_yield_channel,Magaly TV La Firme,125,ACOSO_PERSONAL|CONTENIDO_SEXUAL|AMENAZA_DIRECTA,1.17 chunks de daño por video y cobertura de conflicto interpersonal,35
gdlt4jbJEOo,https://www.youtube.com/watch?v=gdlt4jbJEOo,Úrsula Boza and Christopher Gianotti share their experience as relationship coaches with Magaly M...,Magaly TV La Firme,,1924.0,high_yield_channel,Magaly TV La Firme,126,ACOSO_PERSONAL|CONTENIDO_SEXUAL|AMENAZA_DIRECTA,1.17 chunks de daño por video y cobertura de conflicto interpersonal,35
cz3KHYxr7tU,https://www.youtube.com/watch?v=cz3KHYxr7tU,"Christopher Gianotti: 'Uchi' doesn't need me for anything in life, she chooses me every day",Magaly TV La Firme,,420.0,high_yield_channel,Magaly TV La Firme,127,ACOSO_PERSONAL|CONTENIDO_SEXUAL|AMENAZA_DIRECTA,1.17 chunks de daño por video y cobertura de conflicto interpersonal,35
wPIRwZMFCo4,https://www.youtube.com/watch?v=wPIRwZMFCo4,He Upstaged the Birthday Girl! Christian Cueva Enjoyed Pamela Franco's Party Like It Was His Own,Magaly TV La Firme,,455.0,high_yield_channel,Magaly TV La Firme,128,ACOSO_PERSONAL|CONTENIDO_SEXUAL|AMENAZA_DIRECTA,1.17 chunks de daño por video y cobertura de conflicto interpersonal,35
3AHWGA4xpfA,https://www.youtube.com/watch?v=3AHWGA4xpfA,"Magaly Medina calls out Alejandra Baigorria live for threatening her: ""You don't scare me""",Magaly TV La Firme,,37.0,high_yield_channel,Magaly TV La Firme,129,ACOSO_PERSONAL|CONTENIDO_SEXUAL|AMENAZA_DIRECTA,1.17 chunks de daño por video y cobertura de conflicto interpersonal,35
sygojuC2VRo,https://www.youtube.com/watch?v=sygojuC2VRo,"Úrsula Boza on Christopher Gianotti: ""I feel very proud of the relationship we have""",Magaly TV La Firme,,218.0,high_yield_channel,Magaly TV La Firme,130,ACOSO_PERSONAL|CONTENIDO_SEXUAL|AMENAZA_DIRECTA,1.17 chunks de daño por video y cobertura de conflicto interpersonal,35
0QdaCyRNz_4,https://www.youtube.com/watch?v=0QdaCyRNz_4,"Magaly TV La Firme: July 2, 2026 Program",Magaly TV La Firme,,3206.0,high_yield_channel,Magaly TV La Firme,131,ACOSO_PERSONAL|CONTENIDO_SEXUAL|AMENAZA_DIRECTA,1.17 chunks de daño por video y cobertura de conflicto interpersonal,35
JMZdJq-Dsdg,https://www.youtube.com/watch?v=JMZdJq-Dsdg,Million-Dollar Fraud! Jackson Mora Arrested and Accused of Belonging to a Criminal Gang,Magaly TV La Firme,,406.0,high_yield_channel,Magaly TV La Firme,132,ACOSO_PERSONAL|CONTENIDO_SEXUAL|AMENAZA_DIRECTA,1.17 chunks de daño por video y cobertura de conflicto interpersonal,35
hNAKNZujugg,https://www.youtube.com/watch?v=hNAKNZujugg,The Origin of the 'Reality Girl': Shirley Arica's Romances and Scandals,Magaly TV La Firme,,779.0,high_yield_channel,Magaly TV La Firme,133,ACOSO_PERSONAL|CONTENIDO_SEXUAL|AMENAZA_DIRECTA,1.17 chunks de daño por video y cobertura de conflicto interpersonal,35
LYvskNMSqdM,https://www.youtube.com/watch?v=LYvskNMSqdM,Alejandra Baigorria loses her cool with reporter for asking about Said Palao's 'ampay',Magaly TV La Firme,,474.0,high_yield_channel,Magaly TV La Firme,134,ACOSO_PERSONAL|CONTENIDO_SEXUAL|AMENAZA_DIRECTA,1.17 chunks de daño por video y cobertura de conflicto interpersonal,35
g3a4Z6PvNAU,https://www.youtube.com/watch?v=g3a4Z6PvNAU,"Magaly Medina criticizes Carlos Orozco's latest vulgarity: ""What absolute coarseness""",Magaly TV La Firme,,63.0,high_yield_channel,Magaly TV La Firme,135,ACOSO_PERSONAL|CONTENIDO_SEXUAL|AMENAZA_DIRECTA,1.17 chunks de daño por video y cobertura de conflicto interpersonal,35
OPz_PXpx_Og,https://www.youtube.com/watch?v=OPz_PXpx_Og,"Magaly Medina slams Tilsa Lozano for her harsh comment to Yaco and 'El Loco': ""What a vocabulary!""",Magaly TV La Firme,,26.0,high_yield_channel,Magaly TV La Firme,136,ACOSO_PERSONAL|CONTENIDO_SEXUAL|AMENAZA_DIRECTA,1.17 chunks de daño por video y cobertura de conflicto interpersonal,35
USNhPhJ9K0c,https://www.youtube.com/watch?v=USNhPhJ9K0c,Pamela López and Vanessa Pumarica team up live to mock Pamela Franco's gifts,Magaly TV La Firme,,820.0,high_yield_channel,Magaly TV La Firme,137,ACOSO_PERSONAL|CONTENIDO_SEXUAL|AMENAZA_DIRECTA,1.17 chunks de daño por video y cobertura de conflicto interpersonal,35
OzjljWzATrs,https://www.youtube.com/watch?v=OzjljWzATrs,"Just a promo deal? The truth about Christian Cueva's ""little gifts"" to Pamela Franco",Magaly TV La Firme,,291.0,high_yield_channel,Magaly TV La Firme,138,ACOSO_PERSONAL|CONTENIDO_SEXUAL|AMENAZA_DIRECTA,1.17 chunks de daño por video y cobertura de conflicto interpersonal,35
iJqZDmGlxGo,https://www.youtube.com/watch?v=iJqZDmGlxGo,"Magaly TV La Firme: July 1, 2026 Episode",Magaly TV La Firme,,2992.0,high_yield_channel,Magaly TV La Firme,139,ACOSO_PERSONAL|CONTENIDO_SEXUAL|AMENAZA_DIRECTA,1.17 chunks de daño por video y cobertura de conflicto interpersonal,35
igpn2_-B7u4,https://www.youtube.com/watch?v=igpn2_-B7u4,A circus? Koky Belaunde trashes the dress code Pamela Franco chose for her birthday,Magaly TV La Firme,,500.0,high_yield_channel,Magaly TV La Firme,140,ACOSO_PERSONAL|CONTENIDO_SEXUAL|AMENAZA_DIRECTA,1.17 chunks de daño por video y cobertura de conflicto interpersonal,35
7tYaNZDta8w,https://www.youtube.com/watch?v=7tYaNZDta8w,Exponen videos de Monserrat mechoneando a su hija y golpeando a la madre de Heydi Amado,Magaly TV La Firme,,122.0,high_yield_channel,Magaly TV La Firme,141,ACOSO_PERSONAL|CONTENIDO_SEXUAL|AMENAZA_DIRECTA,1.17 chunks de daño por video y cobertura de conflicto interpersonal,35
6FdVuSizIO0,https://www.youtube.com/watch?v=6FdVuSizIO0,"Laura Borlini criticizes 'Churrito' Hinostroza for revealing abortion: ""It's extremely private""",Magaly TV La Firme,,345.0,high_yield_channel,Magaly TV La Firme,142,ACOSO_PERSONAL|CONTENIDO_SEXUAL|AMENAZA_DIRECTA,1.17 chunks de daño por video y cobertura de conflicto interpersonal,35
jnNdlInFRkU,https://www.youtube.com/watch?v=jnNdlInFRkU,"Laura Borlini on Pamela Franco and Christian Cueva's interview: ""I would be worried about my chil...",Magaly TV La Firme,,200.0,high_yield_channel,Magaly TV La Firme,143,ACOSO_PERSONAL|CONTENIDO_SEXUAL|AMENAZA_DIRECTA,1.17 chunks de daño por video y cobertura de conflicto interpersonal,35
SmZXPB-54q4,https://www.youtube.com/watch?v=SmZXPB-54q4,Monserrat threatens to sink Melcochita and Susan Villanueva puts a stop to it,Magaly TV La Firme,,458.0,high_yield_channel,Magaly TV La Firme,144,ACOSO_PERSONAL|CONTENIDO_SEXUAL|AMENAZA_DIRECTA,1.17 chunks de daño por video y cobertura de conflicto interpersonal,35
pYvtrJBaQCs,https://www.youtube.com/watch?v=pYvtrJBaQCs,"Magaly TV La Firme: Episode for Tuesday, June 30, 2026",Magaly TV La Firme,,2533.0,high_yield_channel,Magaly TV La Firme,145,ACOSO_PERSONAL|CONTENIDO_SEXUAL|AMENAZA_DIRECTA,1.17 chunks de daño por video y cobertura de conflicto interpersonal,35
FYlWLtpdFmQ,https://www.youtube.com/watch?v=FYlWLtpdFmQ,“Churrito” Hinostroza challenges Massiel Málaga to take a drug test,Magaly TV La Firme,,50.0,high_yield_channel,Magaly TV La Firme,146,ACOSO_PERSONAL|CONTENIDO_SEXUAL|AMENAZA_DIRECTA,1.17 chunks de daño por video y cobertura de conflicto interpersonal,35
GSHXSnXEx08,https://www.youtube.com/watch?v=GSHXSnXEx08,With mariachis and lots of kissing! Shirley Arica celebrates her birthday with Pablo Heredia,Magaly TV La Firme,,281.0,high_yield_channel,Magaly TV La Firme,147,ACOSO_PERSONAL|CONTENIDO_SEXUAL|AMENAZA_DIRECTA,1.17 chunks de daño por video y cobertura de conflicto interpersonal,35
bJTO-vJU1Gk,https://www.youtube.com/watch?v=bJTO-vJU1Gk,"Monserrat fights with Susan Villanueva: ""She would set Melcochita up with women to keep him away ...",Magaly TV La Firme,,303.0,high_yield_channel,Magaly TV La Firme,148,ACOSO_PERSONAL|CONTENIDO_SEXUAL|AMENAZA_DIRECTA,1.17 chunks de daño por video y cobertura de conflicto interpersonal,35
QL4WFomAzqI,https://www.youtube.com/watch?v=QL4WFomAzqI,"Elderly woman abused by her daughter and grandson thanks public for support: ""I feel like I'm not...",Magaly TV La Firme,,152.0,high_yield_channel,Magaly TV La Firme,149,ACOSO_PERSONAL|CONTENIDO_SEXUAL|AMENAZA_DIRECTA,1.17 chunks de daño por video y cobertura de conflicto interpersonal,35
9ktxu3nj-Lw,https://www.youtube.com/watch?v=9ktxu3nj-Lw,"Magaly Medina steals the show in Chota: ""You've made me feel right at home""",Magaly TV La Firme,,188.0,high_yield_channel,Magaly TV La Firme,150,ACOSO_PERSONAL|CONTENIDO_SEXUAL|AMENAZA_DIRECTA,1.17 chunks de daño por video y cobertura de conflicto interpersonal,35
H608DjwG7yc,https://www.youtube.com/watch?v=H608DjwG7yc,"Magaly Medina denies having had too much to drink in Chota: ""I hadn't slept in several hours""",Magaly TV La Firme,,73.0,high_yield_channel,Magaly TV La Firme,151,ACOSO_PERSONAL|CONTENIDO_SEXUAL|AMENAZA_DIRECTA,1.17 chunks de daño por video y cobertura de conflicto interpersonal,35
M7WTFJiL2RU,https://www.youtube.com/watch?v=M7WTFJiL2RU,. ¿Va en serio? Mónica Cabrejos analiza el romance de Shirley Arica y Pablo Heredia,Magaly TV La Firme,,1378.0,high_yield_channel,Magaly TV La Firme,152,ACOSO_PERSONAL|CONTENIDO_SEXUAL|AMENAZA_DIRECTA,1.17 chunks de daño por video y cobertura de conflicto interpersonal,35
S_HCK4kZ5PQ,https://www.youtube.com/watch?v=S_HCK4kZ5PQ,"Magaly TV La Firme: Program for Monday, June 29, 2026",Magaly TV La Firme,,2676.0,high_yield_channel,Magaly TV La Firme,153,ACOSO_PERSONAL|CONTENIDO_SEXUAL|AMENAZA_DIRECTA,1.17 chunks de daño por video y cobertura de conflicto interpersonal,35
2JkJiXvVc6M,https://www.youtube.com/watch?v=2JkJiXvVc6M,"Magaly 'exposes' Loco Wagner after his time on Magaly Tv: ""He was hanging out in the garage""",Magaly TV La Firme,,196.0,high_yield_channel,Magaly TV La Firme,154,ACOSO_PERSONAL|CONTENIDO_SEXUAL|AMENAZA_DIRECTA,1.17 chunks de daño por video y cobertura de conflicto interpersonal,35
je25UVa6Qxk,https://www.youtube.com/watch?v=je25UVa6Qxk,"'Loco' Wagner surprises with confession about his time on Magaly Tv, la firme: ""She is super dema...",Magaly TV La Firme,,119.0,high_yield_channel,Magaly TV La Firme,155,ACOSO_PERSONAL|CONTENIDO_SEXUAL|AMENAZA_DIRECTA,1.17 chunks de daño por video y cobertura de conflicto interpersonal,35
Bqthmi7HZW8,https://www.youtube.com/watch?v=Bqthmi7HZW8,"Chollywood Chronicles! ""Chacalón,"" the Legendary King of Chicha Music",Magaly TV La Firme,,1283.0,high_yield_channel,Magaly TV La Firme,156,ACOSO_PERSONAL|CONTENIDO_SEXUAL|AMENAZA_DIRECTA,1.17 chunks de daño por video y cobertura de conflicto interpersonal,35
pGCwH2d5c_4,https://www.youtube.com/watch?v=pGCwH2d5c_4,Deysi’s pool party! Showgirl celebrates court victory over neighbors with her 'crew',Magaly TV La Firme,,541.0,high_yield_channel,Magaly TV La Firme,157,ACOSO_PERSONAL|CONTENIDO_SEXUAL|AMENAZA_DIRECTA,1.17 chunks de daño por video y cobertura de conflicto interpersonal,35
mI3jMfjVWs4,https://www.youtube.com/watch?v=mI3jMfjVWs4,"Magaly TV La Firme: Friday, June 26, 2026 Program",Magaly TV La Firme,,2240.0,high_yield_channel,Magaly TV La Firme,158,ACOSO_PERSONAL|CONTENIDO_SEXUAL|AMENAZA_DIRECTA,1.17 chunks de daño por video y cobertura de conflicto interpersonal,35
fwwmawxOy_k,https://www.youtube.com/watch?v=fwwmawxOy_k,"Pablo Heredia hace mea culpa por meterse con Flavia Laos: ""Ale no se merecía eso, me equivoqué""",Magaly TV La Firme,,294.0,high_yield_channel,Magaly TV La Firme,159,ACOSO_PERSONAL|CONTENIDO_SEXUAL|AMENAZA_DIRECTA,1.17 chunks de daño por video y cobertura de conflicto interpersonal,35
K6tVrQm2JHI,https://www.youtube.com/watch?v=K6tVrQm2JHI,"Magaly TV La Firme: Episode for Thursday, June 25, 2026",Magaly TV La Firme,,3717.0,high_yield_channel,Magaly TV La Firme,160,ACOSO_PERSONAL|CONTENIDO_SEXUAL|AMENAZA_DIRECTA,1.17 chunks de daño por video y cobertura de conflicto interpersonal,35
8XkF8ptmfQQ,https://www.youtube.com/watch?v=8XkF8ptmfQQ,"Sandra Plevisani opens up to Magaly Medina about her painful loss: ""Baking saved me""",Magaly TV La Firme,,370.0,high_yield_channel,Magaly TV La Firme,161,ACOSO_PERSONAL|CONTENIDO_SEXUAL|AMENAZA_DIRECTA,1.17 chunks de daño por video y cobertura de conflicto interpersonal,35
1rSUrohniUY,https://www.youtube.com/watch?v=1rSUrohniUY,Giuliana Barrios caught making out with Melgar player,Magaly TV La Firme,,273.0,high_yield_channel,Magaly TV La Firme,162,ACOSO_PERSONAL|CONTENIDO_SEXUAL|AMENAZA_DIRECTA,1.17 chunks de daño por video y cobertura de conflicto interpersonal,35
7XBjFcgsTqM,https://www.youtube.com/watch?v=7XBjFcgsTqM,Up to 28 absences! Melcochita confronts Monserrat for not sending their daughters to school,Magaly TV La Firme,,759.0,high_yield_channel,Magaly TV La Firme,163,ACOSO_PERSONAL|CONTENIDO_SEXUAL|AMENAZA_DIRECTA,1.17 chunks de daño por video y cobertura de conflicto interpersonal,35
qDCQJ1dGzR4,https://www.youtube.com/watch?v=qDCQJ1dGzR4,"Pablo Heredia admite que le molestó ver a Shirley Arica con Ivo Ezeta: ""Me puse celosito""",Magaly TV La Firme,,372.0,high_yield_channel,Magaly TV La Firme,164,ACOSO_PERSONAL|CONTENIDO_SEXUAL|AMENAZA_DIRECTA,1.17 chunks de daño por video y cobertura de conflicto interpersonal,35
Au-ebBnYuLI,https://www.youtube.com/watch?v=Au-ebBnYuLI,"Heydi Amado responde a Monserrat por acusarla de no ""alimentar bien"" a Melcochita",Magaly TV La Firme,,331.0,high_yield_channel,Magaly TV La Firme,165,ACOSO_PERSONAL|CONTENIDO_SEXUAL|AMENAZA_DIRECTA,1.17 chunks de daño por video y cobertura de conflicto interpersonal,35
n3PCGKxXzfo,https://www.youtube.com/watch?v=n3PCGKxXzfo,"Pablo Heredia reveals he stayed in Peru for Shirley Arica: ""I feel a lot for her""",Magaly TV La Firme,,233.0,high_yield_channel,Magaly TV La Firme,166,ACOSO_PERSONAL|CONTENIDO_SEXUAL|AMENAZA_DIRECTA,1.17 chunks de daño por video y cobertura de conflicto interpersonal,35
Pp4CDddNjy0,https://www.youtube.com/watch?v=Pp4CDddNjy0,"Magaly Medina tells Pablo Heredia she doesn't see a future for him with Shirley Arica: ""You're to...",Magaly TV La Firme,,435.0,high_yield_channel,Magaly TV La Firme,167,ACOSO_PERSONAL|CONTENIDO_SEXUAL|AMENAZA_DIRECTA,1.17 chunks de daño por video y cobertura de conflicto interpersonal,35
5BiqxtoyaK8,https://www.youtube.com/watch?v=5BiqxtoyaK8,Mujer acusada de agredir a su anciana madre también es denunciada públicamente por su ex,Magaly TV La Firme,,1058.0,high_yield_channel,Magaly TV La Firme,168,ACOSO_PERSONAL|CONTENIDO_SEXUAL|AMENAZA_DIRECTA,1.17 chunks de daño por video y cobertura de conflicto interpersonal,35
RZFhlrof-VM,https://www.youtube.com/watch?v=RZFhlrof-VM,"Magaly TV La Firme: Episode for Wednesday, June 24, 2026",Magaly TV La Firme,,1903.0,high_yield_channel,Magaly TV La Firme,169,ACOSO_PERSONAL|CONTENIDO_SEXUAL|AMENAZA_DIRECTA,1.17 chunks de daño por video y cobertura de conflicto interpersonal,35
q72hpx-UHw0,https://www.youtube.com/watch?v=q72hpx-UHw0,Suheyn Cipriani responds to Samantha Batallanos for downplaying her relationship,Magaly TV La Firme,,59.0,high_yield_channel,Magaly TV La Firme,170,ACOSO_PERSONAL|CONTENIDO_SEXUAL|AMENAZA_DIRECTA,1.17 chunks de daño por video y cobertura de conflicto interpersonal,35
Py5QbcgDBOE,https://www.youtube.com/watch?v=Py5QbcgDBOE,Shouting her love! Suheyn Cipriani goes public with Samantha Batallanos' ex,Magaly TV La Firme,,154.0,high_yield_channel,Magaly TV La Firme,171,ACOSO_PERSONAL|CONTENIDO_SEXUAL|AMENAZA_DIRECTA,1.17 chunks de daño por video y cobertura de conflicto interpersonal,35
be5xvIidQqw,https://www.youtube.com/watch?v=be5xvIidQqw,"Magaly Medina encara en vivo a Alfredo Benavides por ""dejarla plantada"" y él le pide perdón",Magaly TV La Firme,,584.0,high_yield_channel,Magaly TV La Firme,172,ACOSO_PERSONAL|CONTENIDO_SEXUAL|AMENAZA_DIRECTA,1.17 chunks de daño por video y cobertura de conflicto interpersonal,35
ViO9LT78luo,https://www.youtube.com/watch?v=ViO9LT78luo,"Shirley Arica denies hooking up with Ivo Ezeta: ""Notarized letters are in fashion""",Magaly TV La Firme,,359.0,high_yield_channel,Magaly TV La Firme,173,ACOSO_PERSONAL|CONTENIDO_SEXUAL|AMENAZA_DIRECTA,1.17 chunks de daño por video y cobertura de conflicto interpersonal,35
T7zCJyKnPtw,https://www.youtube.com/watch?v=T7zCJyKnPtw,Monserrat acusa a Heydi Amado de descuidar a 'Melcochita' y ella no se queda callada,Magaly TV La Firme,,422.0,high_yield_channel,Magaly TV La Firme,174,ACOSO_PERSONAL|CONTENIDO_SEXUAL|AMENAZA_DIRECTA,1.17 chunks de daño por video y cobertura de conflicto interpersonal,35
Hp9wKtQ8mb0,https://www.youtube.com/watch?v=Hp9wKtQ8mb0,"Shirley Arica confirms she is dating Pablo Heredia: ""We are giving it a try""",Magaly TV La Firme,,523.0,high_yield_channel,Magaly TV La Firme,175,ACOSO_PERSONAL|CONTENIDO_SEXUAL|AMENAZA_DIRECTA,1.17 chunks de daño por video y cobertura de conflicto interpersonal,35
DnJ37EOJD0c,https://www.youtube.com/watch?v=DnJ37EOJD0c,Milett Figueroa makes embarrassing blunders while hosting beauty pageant in Morropón,Magaly TV La Firme,,93.0,high_yield_channel,Magaly TV La Firme,176,ACOSO_PERSONAL|CONTENIDO_SEXUAL|AMENAZA_DIRECTA,1.17 chunks de daño por video y cobertura de conflicto interpersonal,35
maj7NtPYIe0,https://www.youtube.com/watch?v=maj7NtPYIe0,"Magaly TV La Firme: Episode for Tuesday, June 23, 2026",Magaly TV La Firme,,1917.0,high_yield_channel,Magaly TV La Firme,177,ACOSO_PERSONAL|CONTENIDO_SEXUAL|AMENAZA_DIRECTA,1.17 chunks de daño por video y cobertura de conflicto interpersonal,35
gekuv4OHeug,https://www.youtube.com/watch?v=gekuv4OHeug,"Shirley Arica reveals that Pablo Heredia was upset over her photos with Ivo Ezeta: ""I'm a flirt""",Magaly TV La Firme,,300.0,high_yield_channel,Magaly TV La Firme,178,ACOSO_PERSONAL|CONTENIDO_SEXUAL|AMENAZA_DIRECTA,1.17 chunks de daño por video y cobertura de conflicto interpersonal,35
G3o7qTUsD0o,https://www.youtube.com/watch?v=G3o7qTUsD0o,"Greg Michel and Maryjane Ramírez justify their reconciliation: ""There was no violence, it was jus...",Magaly TV La Firme,,936.0,high_yield_channel,Magaly TV La Firme,179,ACOSO_PERSONAL|CONTENIDO_SEXUAL|AMENAZA_DIRECTA,1.17 chunks de daño por video y cobertura de conflicto interpersonal,35
hULFt4JPc7Y,https://www.youtube.com/watch?v=hULFt4JPc7Y,Playing both sides! Shirley Arica 'hooks up' with Pablo Heredia and Ivo Ezeta in under 48 hours,Magaly TV La Firme,,328.0,high_yield_channel,Magaly TV La Firme,180,ACOSO_PERSONAL|CONTENIDO_SEXUAL|AMENAZA_DIRECTA,1.17 chunks de daño por video y cobertura de conflicto interpersonal,35
2WN3jXArzzQ,https://www.youtube.com/watch?v=2WN3jXArzzQ,"Greg Michel fue liberado tras enfrentarse a policías: ""Me han tratado como un trapo""",Magaly TV La Firme,,919.0,high_yield_channel,Magaly TV La Firme,181,ACOSO_PERSONAL|CONTENIDO_SEXUAL|AMENAZA_DIRECTA,1.17 chunks de daño por video y cobertura de conflicto interpersonal,35
Zx0gSnj0tUQ,https://www.youtube.com/watch?v=Zx0gSnj0tUQ,"Magaly TV La Firme: Episode from Monday, June 22, 2026",Magaly TV La Firme,,2575.0,high_yield_channel,Magaly TV La Firme,182,ACOSO_PERSONAL|CONTENIDO_SEXUAL|AMENAZA_DIRECTA,1.17 chunks de daño por video y cobertura de conflicto interpersonal,35
C8QhPNDTOtw,https://www.youtube.com/watch?v=C8QhPNDTOtw,Melanie Martinez's daughter calls out Christian Dominguez for exposing Father's Day message,Magaly TV La Firme,,246.0,high_yield_channel,Magaly TV La Firme,183,ACOSO_PERSONAL|CONTENIDO_SEXUAL|AMENAZA_DIRECTA,1.17 chunks de daño por video y cobertura de conflicto interpersonal,35
TEG32rP-QtI,https://www.youtube.com/watch?v=TEG32rP-QtI,"MagalyTV La Firme: Friday, June 19, 2026 Program",Magaly TV La Firme,,2519.0,high_yield_channel,Magaly TV La Firme,184,ACOSO_PERSONAL|CONTENIDO_SEXUAL|AMENAZA_DIRECTA,1.17 chunks de daño por video y cobertura de conflicto interpersonal,35
YOtJ14u9GOA,https://www.youtube.com/watch?v=YOtJ14u9GOA,"Mary Moncada, the ""good time"" girl, tells Magaly about her fling with Cachín: ""He's my buddy""",Magaly TV La Firme,,977.0,high_yield_channel,Magaly TV La Firme,185,ACOSO_PERSONAL|CONTENIDO_SEXUAL|AMENAZA_DIRECTA,1.17 chunks de daño por video y cobertura de conflicto interpersonal,35
g1tFDDydnZI,https://www.youtube.com/watch?v=g1tFDDydnZI,In honor of all fathers! Haydée Raymundo sings on Magaly TV La Firme,Magaly TV La Firme,,108.0,high_yield_channel,Magaly TV La Firme,186,ACOSO_PERSONAL|CONTENIDO_SEXUAL|AMENAZA_DIRECTA,1.17 chunks de daño por video y cobertura de conflicto interpersonal,35
u679hgcd9mw,https://www.youtube.com/watch?v=u679hgcd9mw,"Cri Cri claims he was ""framed"" and Magaly trolls him: ""As if he were a plant""",Magaly TV La Firme,,224.0,high_yield_channel,Magaly TV La Firme,187,ACOSO_PERSONAL|CONTENIDO_SEXUAL|AMENAZA_DIRECTA,1.17 chunks de daño por video y cobertura de conflicto interpersonal,35
WB7LefkrtFQ,https://www.youtube.com/watch?v=WB7LefkrtFQ,Magaly on Melcochita's apology to his daughter: “He’s just going through the motions”,Magaly TV La Firme,,239.0,high_yield_channel,Magaly TV La Firme,188,ACOSO_PERSONAL|CONTENIDO_SEXUAL|AMENAZA_DIRECTA,1.17 chunks de daño por video y cobertura de conflicto interpersonal,35
t4E67E9cuj0,https://www.youtube.com/watch?v=t4E67E9cuj0,Magaly TV La Firme: Programa del jueves 18 de junio del 2026,Magaly TV La Firme,,3088.0,high_yield_channel,Magaly TV La Firme,189,ACOSO_PERSONAL|CONTENIDO_SEXUAL|AMENAZA_DIRECTA,1.17 chunks de daño por video y cobertura de conflicto interpersonal,35
vEJD26XOViI,https://www.youtube.com/watch?v=vEJD26XOViI,"Susan Villanueva revela que estuvo en servicio social tras ser abusada: ""Estaba con niños asesinos""",Magaly TV La Firme,,425.0,high_yield_channel,Magaly TV La Firme,190,ACOSO_PERSONAL|CONTENIDO_SEXUAL|AMENAZA_DIRECTA,1.17 chunks de daño por video y cobertura de conflicto interpersonal,35
QjIfflGIE74,https://www.youtube.com/watch?v=QjIfflGIE74,Karla Viso responde en vivo por acuerdo de confidencialidad entre Diealis y Verónika Rojas,Magaly TV La Firme,,326.0,high_yield_channel,Magaly TV La Firme,191,ACOSO_PERSONAL|CONTENIDO_SEXUAL|AMENAZA_DIRECTA,1.17 chunks de daño por video y cobertura de conflicto interpersonal,35
zaP-VzavkI8,https://www.youtube.com/watch?v=zaP-VzavkI8,"Magaly Medina is intimidated in the name of Jefferson Farfán: ""They are threatening me with lead""",Magaly TV La Firme,,120.0,high_yield_channel,Magaly TV La Firme,192,ACOSO_PERSONAL|CONTENIDO_SEXUAL|AMENAZA_DIRECTA,1.17 chunks de daño por video y cobertura de conflicto interpersonal,35
NHSoTksCLpc,https://www.youtube.com/watch?v=NHSoTksCLpc,'Cachín' makes out with Mary Moncada at a salsa club and they end up at her place,Magaly TV La Firme,,220.0,high_yield_channel,Magaly TV La Firme,193,ACOSO_PERSONAL|CONTENIDO_SEXUAL|AMENAZA_DIRECTA,1.17 chunks de daño por video y cobertura de conflicto interpersonal,35
Lh3fikgfD_Y,https://www.youtube.com/watch?v=Lh3fikgfD_Y,"Diealis calls Verónika Rojas's lawyer a ""drama seeker"": ""She's a brainwasher""",Magaly TV La Firme,,30.0,high_yield_channel,Magaly TV La Firme,194,ACOSO_PERSONAL|CONTENIDO_SEXUAL|AMENAZA_DIRECTA,1.17 chunks de daño por video y cobertura de conflicto interpersonal,35
6iSRVo8DBmU,https://www.youtube.com/watch?v=6iSRVo8DBmU,"Magaly Medina y su abogado le ponen las cosas claras a Jefferson Farfán: ""Hay mucha ignorancia""",Magaly TV La Firme,,447.0,high_yield_channel,Magaly TV La Firme,195,ACOSO_PERSONAL|CONTENIDO_SEXUAL|AMENAZA_DIRECTA,1.17 chunks de daño por video y cobertura de conflicto interpersonal,35
Uek1-yxTwgo,https://www.youtube.com/watch?v=Uek1-yxTwgo,"Susan aconseja a novia de Melcochita por estar con él: ""Yo jamás hubiera tenido el estómago""",Magaly TV La Firme,,130.0,high_yield_channel,Magaly TV La Firme,196,ACOSO_PERSONAL|CONTENIDO_SEXUAL|AMENAZA_DIRECTA,1.17 chunks de daño por video y cobertura de conflicto interpersonal,35
jR6CHCezpjk,https://www.youtube.com/watch?v=jR6CHCezpjk,"Melcochita confronts Susan Villanueva for revealing childhood abuse, and she exposes his audio re...",Magaly TV La Firme,,222.0,high_yield_channel,Magaly TV La Firme,197,ACOSO_PERSONAL|CONTENIDO_SEXUAL|AMENAZA_DIRECTA,1.17 chunks de daño por video y cobertura de conflicto interpersonal,35
14Oxy16i0jE,https://www.youtube.com/watch?v=14Oxy16i0jE,"'Majo con sabor' speaks out after breakup with Gabriel Calvo: ""You can never lose who you are""",Magaly TV La Firme,,170.0,high_yield_channel,Magaly TV La Firme,198,ACOSO_PERSONAL|CONTENIDO_SEXUAL|AMENAZA_DIRECTA,1.17 chunks de daño por video y cobertura de conflicto interpersonal,35
w7aQFyIHV7w,https://www.youtube.com/watch?v=w7aQFyIHV7w,Fabio Agostini speaks live with Magaly Medina after winning 200 thousand dollars on a reality show,Magaly TV La Firme,,608.0,high_yield_channel,Magaly TV La Firme,199,ACOSO_PERSONAL|CONTENIDO_SEXUAL|AMENAZA_DIRECTA,1.17 chunks de daño por video y cobertura de conflicto interpersonal,35
iUCF-nL3DjY,https://www.youtube.com/watch?v=iUCF-nL3DjY,"Who was Cromwell Gálvez? The dark business of the so-called ""cashier to the showgirls""",Magaly TV La Firme,,755.0,high_yield_channel,Magaly TV La Firme,200,ACOSO_PERSONAL|CONTENIDO_SEXUAL|AMENAZA_DIRECTA,1.17 chunks de daño por video y cobertura de conflicto interpersonal,35
j0TdbjV5dM0,https://www.youtube.com/watch?v=j0TdbjV5dM0,"Darinka Ramírez reminds Jefferson Farfán that their daughter ""didn't have his last name until she...",Magaly TV La Firme,,272.0,high_yield_channel,Magaly TV La Firme,201,ACOSO_PERSONAL|CONTENIDO_SEXUAL|AMENAZA_DIRECTA,1.17 chunks de daño por video y cobertura de conflicto interpersonal,35
nYo_ZdwE9x8,https://www.youtube.com/watch?v=nYo_ZdwE9x8,"Magaly TV La Firme: June 17, 2026 Episode",Magaly TV La Firme,,1417.0,high_yield_channel,Magaly TV La Firme,202,ACOSO_PERSONAL|CONTENIDO_SEXUAL|AMENAZA_DIRECTA,1.17 chunks de daño por video y cobertura de conflicto interpersonal,35
Z2HM_CsrG6k,https://www.youtube.com/watch?v=Z2HM_CsrG6k,"Magaly Medina calls out Jefferson Farfán: ""You don't even measure up to my father's little toe""",Magaly TV La Firme,,140.0,high_yield_channel,Magaly TV La Firme,203,ACOSO_PERSONAL|CONTENIDO_SEXUAL|AMENAZA_DIRECTA,1.17 chunks de daño por video y cobertura de conflicto interpersonal,35
6lt5Ru1gm9I,https://www.youtube.com/watch?v=6lt5Ru1gm9I,"Diego Chávarri, Gabriela Herrera, and Thalía Bentín: How did the love triangle start?",Magaly TV La Firme,,101.0,high_yield_channel,Magaly TV La Firme,204,ACOSO_PERSONAL|CONTENIDO_SEXUAL|AMENAZA_DIRECTA,1.17 chunks de daño por video y cobertura de conflicto interpersonal,35
RuE00y8NTJE,https://www.youtube.com/watch?v=RuE00y8NTJE,"Gabriela Herrera confronts former friend for accusing her of ""husband stealing""",Magaly TV La Firme,,143.0,high_yield_channel,Magaly TV La Firme,205,ACOSO_PERSONAL|CONTENIDO_SEXUAL|AMENAZA_DIRECTA,1.17 chunks de daño por video y cobertura de conflicto interpersonal,35
8iXBhV4wLXg,https://www.youtube.com/watch?v=8iXBhV4wLXg,"Magaly TV La Firme: Episode for Tuesday, June 16, 2026",Magaly TV La Firme,,1970.0,high_yield_channel,Magaly TV La Firme,206,ACOSO_PERSONAL|CONTENIDO_SEXUAL|AMENAZA_DIRECTA,1.17 chunks de daño por video y cobertura de conflicto interpersonal,35
8Srhe_aIQZA,https://www.youtube.com/watch?v=8Srhe_aIQZA,Between shouts and fights! The terrible relationship between Pamela López and Paul Michael expose...,Magaly TV La Firme,,55.0,high_yield_channel,Magaly TV La Firme,207,ACOSO_PERSONAL|CONTENIDO_SEXUAL|AMENAZA_DIRECTA,1.17 chunks de daño por video y cobertura de conflicto interpersonal,35
4s3z8XXhW6c,https://www.youtube.com/watch?v=4s3z8XXhW6c,Mónica Cabrejos slams Gabriela Herrera for getting involved with her friend's husband,Magaly TV La Firme,,98.0,high_yield_channel,Magaly TV La Firme,208,ACOSO_PERSONAL|CONTENIDO_SEXUAL|AMENAZA_DIRECTA,1.17 chunks de daño por video y cobertura de conflicto interpersonal,35
MEA4raxWZcY,https://www.youtube.com/watch?v=MEA4raxWZcY,Gabriela Herrera's former friend accuses her of ruining her marriage,Magaly TV La Firme,,130.0,high_yield_channel,Magaly TV La Firme,209,ACOSO_PERSONAL|CONTENIDO_SEXUAL|AMENAZA_DIRECTA,1.17 chunks de daño por video y cobertura de conflicto interpersonal,35
4A12EAHGzi0,https://www.youtube.com/watch?v=4A12EAHGzi0,Usuarios dan con palo a Jefferson Farfán por meterse con Magaly Medina,Magaly TV La Firme,,328.0,high_yield_channel,Magaly TV La Firme,210,ACOSO_PERSONAL|CONTENIDO_SEXUAL|AMENAZA_DIRECTA,1.17 chunks de daño por video y cobertura de conflicto interpersonal,35
MW37dMMdsRo,https://www.youtube.com/watch?v=MW37dMMdsRo,"Magaly Medina 'calls out' Laura Spoya and Mario Irivarren for defending Jefferson Farfán: ""Mediocre""",Magaly TV La Firme,,37.0,high_yield_channel,Magaly TV La Firme,211,ACOSO_PERSONAL|CONTENIDO_SEXUAL|AMENAZA_DIRECTA,1.17 chunks de daño por video y cobertura de conflicto interpersonal,35
Idsw2I6XwRw,https://www.youtube.com/watch?v=Idsw2I6XwRw,Diealis revela que Verónika Rojas le pidió 35 mil dólares para ella y 15 mil para la abogada Viso,Magaly TV La Firme,,109.0,high_yield_channel,Magaly TV La Firme,212,ACOSO_PERSONAL|CONTENIDO_SEXUAL|AMENAZA_DIRECTA,1.17 chunks de daño por video y cobertura de conflicto interpersonal,35
LtQQ020ASkg,https://www.youtube.com/watch?v=LtQQ020ASkg,Yaco Eskenazi and 'Loco' Wagner crush it with performance in North Lima,Magaly TV La Firme,,438.0,high_yield_channel,Magaly TV La Firme,213,ACOSO_PERSONAL|CONTENIDO_SEXUAL|AMENAZA_DIRECTA,1.17 chunks de daño por video y cobertura de conflicto interpersonal,35
a4h4hhkWOrI,https://www.youtube.com/watch?v=a4h4hhkWOrI,"Urracochismes: Laura Spoya con su 'colágeno', 'Orejas' Flores y Ana Siucho juntos y más",Magaly TV La Firme,,155.0,high_yield_channel,Magaly TV La Firme,214,ACOSO_PERSONAL|CONTENIDO_SEXUAL|AMENAZA_DIRECTA,1.17 chunks de daño por video y cobertura de conflicto interpersonal,35
QirDMedCcl0,https://www.youtube.com/watch?v=QirDMedCcl0,Magaly Medina Responds Live to Jefferson Farfán for Accusing Her of Failing to Perform Community ...,Magaly TV La Firme,,482.0,high_yield_channel,Magaly TV La Firme,215,ACOSO_PERSONAL|CONTENIDO_SEXUAL|AMENAZA_DIRECTA,1.17 chunks de daño por video y cobertura de conflicto interpersonal,35
CwuAFRqNAmc,https://www.youtube.com/watch?v=CwuAFRqNAmc,"Karla Tarazona plays at being ""caught"" to cash in with Christian Domínguez",Magaly TV La Firme,,48.0,high_yield_channel,Magaly TV La Firme,216,ACOSO_PERSONAL|CONTENIDO_SEXUAL|AMENAZA_DIRECTA,1.17 chunks de daño por video y cobertura de conflicto interpersonal,35
-xDE6317hQQ,https://www.youtube.com/watch?v=-xDE6317hQQ,22-year-old woman claims she lost 'Cri Cri's' baby while he was in prison,Magaly TV La Firme,,145.0,high_yield_channel,Magaly TV La Firme,217,ACOSO_PERSONAL|CONTENIDO_SEXUAL|AMENAZA_DIRECTA,1.17 chunks de daño por video y cobertura de conflicto interpersonal,35
kNgh8NPw11w,https://www.youtube.com/watch?v=kNgh8NPw11w,Suhaila Jad exposes André Carrillo: “He had a party with his friends from Corinthians and 9 women”,Magaly TV La Firme,,419.0,high_yield_channel,Magaly TV La Firme,218,ACOSO_PERSONAL|CONTENIDO_SEXUAL|AMENAZA_DIRECTA,1.17 chunks de daño por video y cobertura de conflicto interpersonal,35
pRAswts11aM,https://www.youtube.com/watch?v=pRAswts11aM,Susan Villanueva weeps as she reveals that 'Melcochita's' former brother-in-law abused her as a c...,Magaly TV La Firme,,520.0,high_yield_channel,Magaly TV La Firme,219,ACOSO_PERSONAL|CONTENIDO_SEXUAL|AMENAZA_DIRECTA,1.17 chunks de daño por video y cobertura de conflicto interpersonal,35
8E6HmVibmko,https://www.youtube.com/watch?v=8E6HmVibmko,"Magaly TV La Firme: Friday, June 12, 2026 Episode",Magaly TV La Firme,,1487.0,high_yield_channel,Magaly TV La Firme,220,ACOSO_PERSONAL|CONTENIDO_SEXUAL|AMENAZA_DIRECTA,1.17 chunks de daño por video y cobertura de conflicto interpersonal,35
3morgcNJXgo,https://www.youtube.com/watch?v=3morgcNJXgo,"Magaly on Mario Hart: ""He's dead set on letting people know he's single""",Magaly TV La Firme,,488.0,high_yield_channel,Magaly TV La Firme,221,ACOSO_PERSONAL|CONTENIDO_SEXUAL|AMENAZA_DIRECTA,1.17 chunks de daño por video y cobertura de conflicto interpersonal,35
gdR7WHnaP-U,https://www.youtube.com/watch?v=gdR7WHnaP-U,Any hope with Mario Hart? Magaly analyzes Korina's attitude after the controversy,Magaly TV La Firme,,16.0,high_yield_channel,Magaly TV La Firme,222,ACOSO_PERSONAL|CONTENIDO_SEXUAL|AMENAZA_DIRECTA,1.17 chunks de daño por video y cobertura de conflicto interpersonal,35
HDd7DkUCZ4A,https://www.youtube.com/watch?v=HDd7DkUCZ4A,"Karla Tarazona showed Christian Domínguez's cell phone live: ""Everything is clean""",Magaly TV La Firme,,92.0,high_yield_channel,Magaly TV La Firme,223,ACOSO_PERSONAL|CONTENIDO_SEXUAL|AMENAZA_DIRECTA,1.17 chunks de daño por video y cobertura de conflicto interpersonal,35
_iWfQ7td-7A,https://www.youtube.com/watch?v=_iWfQ7td-7A,Do the dates match up? Magaly reviews the history between Mario Hart and Korina after the controv...,Magaly TV La Firme,,99.0,high_yield_channel,Magaly TV La Firme,224,ACOSO_PERSONAL|CONTENIDO_SEXUAL|AMENAZA_DIRECTA,1.17 chunks de daño por video y cobertura de conflicto interpersonal,35
oB7iYq2IVg8,https://www.youtube.com/watch?v=oB7iYq2IVg8,The war continues! Masiel and 'Churrito' go at it on social media,Magaly TV La Firme,,110.0,high_yield_channel,Magaly TV La Firme,225,ACOSO_PERSONAL|CONTENIDO_SEXUAL|AMENAZA_DIRECTA,1.17 chunks de daño por video y cobertura de conflicto interpersonal,35
9pvh3smVR9k,https://www.youtube.com/watch?v=9pvh3smVR9k,"Magaly on Fabio Agostini's win on 'La Casa de los Famosos': ""He won over the public""",Magaly TV La Firme,,61.0,high_yield_channel,Magaly TV La Firme,226,ACOSO_PERSONAL|CONTENIDO_SEXUAL|AMENAZA_DIRECTA,1.17 chunks de daño por video y cobertura de conflicto interpersonal,35
pAHLrxIybR0,https://www.youtube.com/watch?v=pAHLrxIybR0,Magaly gives her opinion on the Chollywood Talent finale and agrees with the judges,Magaly TV La Firme,,161.0,high_yield_channel,Magaly TV La Firme,227,ACOSO_PERSONAL|CONTENIDO_SEXUAL|AMENAZA_DIRECTA,1.17 chunks de daño por video y cobertura de conflicto interpersonal,35
Xz6LAVd-k28,https://www.youtube.com/watch?v=Xz6LAVd-k28,A close final in Chollywood Talent!: the showdown between Daniela Darcourt and Jean Paul,Magaly TV La Firme,,132.0,high_yield_channel,Magaly TV La Firme,228,ACOSO_PERSONAL|CONTENIDO_SEXUAL|AMENAZA_DIRECTA,1.17 chunks de daño por video y cobertura de conflicto interpersonal,35
dCCPswe9s7I,https://www.youtube.com/watch?v=dCCPswe9s7I,Magaly TV La Firme: Programa del jueves 11 junio 2026,Magaly TV La Firme,,1070.0,high_yield_channel,Magaly TV La Firme,229,ACOSO_PERSONAL|CONTENIDO_SEXUAL|AMENAZA_DIRECTA,1.17 chunks de daño por video y cobertura de conflicto interpersonal,35
6fSKkZIsrCo,https://www.youtube.com/watch?v=6fSKkZIsrCo,"Christian Domínguez cuenteó a Pamela Franco con fondo común para 'depa', según Vanessa Pumarica",Magaly TV La Firme,,132.0,high_yield_channel,Magaly TV La Firme,230,ACOSO_PERSONAL|CONTENIDO_SEXUAL|AMENAZA_DIRECTA,1.17 chunks de daño por video y cobertura de conflicto interpersonal,35
SFh3yiSenrQ,https://www.youtube.com/watch?v=SFh3yiSenrQ,"Leysi Suárez recalls her ex's infidelity: ""I never suspected, I thought we had a beautiful marriage""",Magaly TV La Firme,,43.0,high_yield_channel,Magaly TV La Firme,231,ACOSO_PERSONAL|CONTENIDO_SEXUAL|AMENAZA_DIRECTA,1.17 chunks de daño por video y cobertura de conflicto interpersonal,35
9-tySgRaFhw,https://www.youtube.com/watch?v=9-tySgRaFhw,"Samantha Batallanos echa con todo a Mario Hart: ""Me dijo que hace 3 meses no está con Korina""",Magaly TV La Firme,,147.0,high_yield_channel,Magaly TV La Firme,232,ACOSO_PERSONAL|CONTENIDO_SEXUAL|AMENAZA_DIRECTA,1.17 chunks de daño por video y cobertura de conflicto interpersonal,35
pp_Yew3Himg,https://www.youtube.com/watch?v=pp_Yew3Himg,Magaly Medina se sorprende al ver lujosos outfits de la novia de Ricardo Mendoza,Magaly TV La Firme,,144.0,high_yield_channel,Magaly TV La Firme,233,ACOSO_PERSONAL|CONTENIDO_SEXUAL|AMENAZA_DIRECTA,1.17 chunks de daño por video y cobertura de conflicto interpersonal,35
s0qmBFYBSik,https://www.youtube.com/watch?v=s0qmBFYBSik,Dalia Durán's lawyer clarifies that John Kelvin could still be sentenced for sexual violence,Magaly TV La Firme,,339.0,high_yield_channel,Magaly TV La Firme,234,ACOSO_PERSONAL|CONTENIDO_SEXUAL|AMENAZA_DIRECTA,1.17 chunks de daño por video y cobertura de conflicto interpersonal,35
SyObGTuR5Tc,https://www.youtube.com/watch?v=SyObGTuR5Tc,"Magaly TV La Firme: Episode for Wednesday, June 10, 2026",Magaly TV La Firme,,2696.0,high_yield_channel,Magaly TV La Firme,235,ACOSO_PERSONAL|CONTENIDO_SEXUAL|AMENAZA_DIRECTA,1.17 chunks de daño por video y cobertura de conflicto interpersonal,35
kfFDtEzA310,https://www.youtube.com/watch?v=kfFDtEzA310,"Vanessa Pumarica reveals how Christian Domínguez reacted after the ""car scandal"": ""She was crying""",Magaly TV La Firme,,253.0,high_yield_channel,Magaly TV La Firme,236,ACOSO_PERSONAL|CONTENIDO_SEXUAL|AMENAZA_DIRECTA,1.17 chunks de daño por video y cobertura de conflicto interpersonal,35
6W6M4TwRLCA,https://www.youtube.com/watch?v=6W6M4TwRLCA,"Dalia Durán reports that John Kelvin entered her house: ""He took my three passports""",Magaly TV La Firme,,267.0,high_yield_channel,Magaly TV La Firme,237,ACOSO_PERSONAL|CONTENIDO_SEXUAL|AMENAZA_DIRECTA,1.17 chunks de daño por video y cobertura de conflicto interpersonal,35
uHwrmr94mao,https://www.youtube.com/watch?v=uHwrmr94mao,"Dalia Durán shows proof against John Kelvin: ""He promised to go to rehab""",Magaly TV La Firme,,308.0,high_yield_channel,Magaly TV La Firme,238,ACOSO_PERSONAL|CONTENIDO_SEXUAL|AMENAZA_DIRECTA,1.17 chunks de daño por video y cobertura de conflicto interpersonal,35
S85QJwKwkoU,https://www.youtube.com/watch?v=S85QJwKwkoU,'Loco' Wagner sparks laughter by revealing he takes the bus to his father-in-law's exclusive beac...,Magaly TV La Firme,,56.0,high_yield_channel,Magaly TV La Firme,239,ACOSO_PERSONAL|CONTENIDO_SEXUAL|AMENAZA_DIRECTA,1.17 chunks de daño por video y cobertura de conflicto interpersonal,35
MwuELv-WMXo,https://www.youtube.com/watch?v=MwuELv-WMXo,"Gossip: Melissa Klug and Jesús Barco reappear together, Karla Tarazona blocks Rocío Miranda",Magaly TV La Firme,,117.0,high_yield_channel,Magaly TV La Firme,240,ACOSO_PERSONAL|CONTENIDO_SEXUAL|AMENAZA_DIRECTA,1.17 chunks de daño por video y cobertura de conflicto interpersonal,35
d89768cUHH4,https://www.youtube.com/watch?v=d89768cUHH4,Dalia apologizes to abuse survivors for giving John Kelvin another chance,Magaly TV La Firme,,310.0,high_yield_channel,Magaly TV La Firme,241,ACOSO_PERSONAL|CONTENIDO_SEXUAL|AMENAZA_DIRECTA,1.17 chunks de daño por video y cobertura de conflicto interpersonal,35
E0iYja5fxyA,https://www.youtube.com/watch?v=E0iYja5fxyA,Magaly TV La Firme: Programa del martes 9 junio 2026,Magaly TV La Firme,,2447.0,high_yield_channel,Magaly TV La Firme,242,ACOSO_PERSONAL|CONTENIDO_SEXUAL|AMENAZA_DIRECTA,1.17 chunks de daño por video y cobertura de conflicto interpersonal,35
y9qWXj6Iwuc,https://www.youtube.com/watch?v=y9qWXj6Iwuc,Magaly Medina releases 'Magaly soap opera' about Christian Domínguez and Karla Tarazona,Magaly TV La Firme,,159.0,high_yield_channel,Magaly TV La Firme,243,ACOSO_PERSONAL|CONTENIDO_SEXUAL|AMENAZA_DIRECTA,1.17 chunks de daño por video y cobertura de conflicto interpersonal,35
kL80zdzCHq8,https://www.youtube.com/watch?v=kL80zdzCHq8,Suheyn Cipriani makes out with businessman: Her ex-boyfriend was accused of attempted murder in 2015,Magaly TV La Firme,,234.0,high_yield_channel,Magaly TV La Firme,244,ACOSO_PERSONAL|CONTENIDO_SEXUAL|AMENAZA_DIRECTA,1.17 chunks de daño por video y cobertura de conflicto interpersonal,35
aRnGttusTrQ,https://www.youtube.com/watch?v=aRnGttusTrQ,"Magaly Medina destroys 'Giselo' over his own show: ""He hasn't beaten anyone, he's irrelevant""",Magaly TV La Firme,,190.0,high_yield_channel,Magaly TV La Firme,245,ACOSO_PERSONAL|CONTENIDO_SEXUAL|AMENAZA_DIRECTA,1.17 chunks de daño por video y cobertura de conflicto interpersonal,35
NBGUodhfoGk,https://www.youtube.com/watch?v=NBGUodhfoGk,Dalia Durán files new complaint against John Kelvin and says she fears for her children's lives,Magaly TV La Firme,,148.0,high_yield_channel,Magaly TV La Firme,246,ACOSO_PERSONAL|CONTENIDO_SEXUAL|AMENAZA_DIRECTA,1.17 chunks de daño por video y cobertura de conflicto interpersonal,35
gJ1k5WKC5N8,https://www.youtube.com/watch?v=gJ1k5WKC5N8,"Darinka Ramírez confronts Jefferson Farfán: ""At the very least, meet your daughter's basic needs""",Magaly TV La Firme,,1003.0,high_yield_channel,Magaly TV La Firme,247,ACOSO_PERSONAL|CONTENIDO_SEXUAL|AMENAZA_DIRECTA,1.17 chunks de daño por video y cobertura de conflicto interpersonal,35
wlLvOCRRppE,https://www.youtube.com/watch?v=wlLvOCRRppE,"Jefferson Farfán accuses Darinka Ramírez of trying to pin her other daughter's expenses on him: ""...",Magaly TV La Firme,,221.0,high_yield_channel,Magaly TV La Firme,248,ACOSO_PERSONAL|CONTENIDO_SEXUAL|AMENAZA_DIRECTA,1.17 chunks de daño por video y cobertura de conflicto interpersonal,35
M8p8z9UQ-2Y,https://www.youtube.com/watch?v=M8p8z9UQ-2Y,"Kevin Díaz lashes out at Mario Irivarren: ""Nobody took anything from him, he didn't know how to v...",Magaly TV La Firme,,167.0,high_yield_channel,Magaly TV La Firme,249,ACOSO_PERSONAL|CONTENIDO_SEXUAL|AMENAZA_DIRECTA,1.17 chunks de daño por video y cobertura de conflicto interpersonal,35
GU75HEq4YRU,https://www.youtube.com/watch?v=GU75HEq4YRU,"Magaly Medina tears into Onelia Molina after trip with Kevin Díaz: ""She looks like his older sister""",Magaly TV La Firme,,97.0,high_yield_channel,Magaly TV La Firme,250,ACOSO_PERSONAL|CONTENIDO_SEXUAL|AMENAZA_DIRECTA,1.17 chunks de daño por video y cobertura de conflicto interpersonal,35
XSpdGP4do2k,https://www.youtube.com/watch?v=XSpdGP4do2k,"Magaly TV La Firme: Program from Monday, June 8, 2026",Magaly TV La Firme,,559.0,high_yield_channel,Magaly TV La Firme,251,ACOSO_PERSONAL|CONTENIDO_SEXUAL|AMENAZA_DIRECTA,1.17 chunks de daño por video y cobertura de conflicto interpersonal,35
m24wgga2cC8,https://www.youtube.com/watch?v=m24wgga2cC8,"Karla Casós reveals her husband passed away a year ago: ""The world stopped""",Magaly TV La Firme,,45.0,high_yield_channel,Magaly TV La Firme,252,ACOSO_PERSONAL|CONTENIDO_SEXUAL|AMENAZA_DIRECTA,1.17 chunks de daño por video y cobertura de conflicto interpersonal,35
NlZYjUuIU10,https://www.youtube.com/watch?v=NlZYjUuIU10,Major assault scandal rocks Miss Supranational Peru,Magaly TV La Firme,,152.0,high_yield_channel,Magaly TV La Firme,253,ACOSO_PERSONAL|CONTENIDO_SEXUAL|AMENAZA_DIRECTA,1.17 chunks de daño por video y cobertura de conflicto interpersonal,35
sUeSC5ULduE,https://www.youtube.com/watch?v=sUeSC5ULduE,She denied it a thousand times! Onelia Molina and her history with Kevin Díaz,Magaly TV La Firme,,50.0,high_yield_channel,Magaly TV La Firme,254,ACOSO_PERSONAL|CONTENIDO_SEXUAL|AMENAZA_DIRECTA,1.17 chunks de daño por video y cobertura de conflicto interpersonal,35
59IgbGTOu8s,https://www.youtube.com/watch?v=59IgbGTOu8s,Magaly Medina nicknames Onelia Molina 'Pinochelia' for denying Kevin Díaz,Magaly TV La Firme,,67.0,high_yield_channel,Magaly TV La Firme,255,ACOSO_PERSONAL|CONTENIDO_SEXUAL|AMENAZA_DIRECTA,1.17 chunks de daño por video y cobertura de conflicto interpersonal,35
m-VstPUaFw0,https://www.youtube.com/watch?v=m-VstPUaFw0,Onelia Molina and Kevin Díaz travel to Colombia together and get 'exposed' by their hotel,Magaly TV La Firme,,139.0,high_yield_channel,Magaly TV La Firme,256,ACOSO_PERSONAL|CONTENIDO_SEXUAL|AMENAZA_DIRECTA,1.17 chunks de daño por video y cobertura de conflicto interpersonal,35
0dXIkpaV6AM,https://www.youtube.com/watch?v=0dXIkpaV6AM,Magaly TV La Firme: Programa del viernes 5 junio 2026,Magaly TV La Firme,,2012.0,high_yield_channel,Magaly TV La Firme,257,ACOSO_PERSONAL|CONTENIDO_SEXUAL|AMENAZA_DIRECTA,1.17 chunks de daño por video y cobertura de conflicto interpersonal,35
hMd0uFNjjvU,https://www.youtube.com/watch?v=hMd0uFNjjvU,Magaly on Maju Mantilla and Gustavo Salcedo: “I don’t think she’s having a good time”,Magaly TV La Firme,,50.0,high_yield_channel,Magaly TV La Firme,258,ACOSO_PERSONAL|CONTENIDO_SEXUAL|AMENAZA_DIRECTA,1.17 chunks de daño por video y cobertura de conflicto interpersonal,35
jlQKGpSga6s,https://www.youtube.com/watch?v=jlQKGpSga6s,Magaly puts Maju Mantilla and Gustavo Salcedo's relationship under the microscope,Magaly TV La Firme,,101.0,high_yield_channel,Magaly TV La Firme,259,ACOSO_PERSONAL|CONTENIDO_SEXUAL|AMENAZA_DIRECTA,1.17 chunks de daño por video y cobertura de conflicto interpersonal,35
D-PxteZ5hOQ,https://www.youtube.com/watch?v=D-PxteZ5hOQ,Magaly lashes out at Karla Tarazona: “I’d be envious if she had a faithful man”,Magaly TV La Firme,,742.0,high_yield_channel,Magaly TV La Firme,260,ACOSO_PERSONAL|CONTENIDO_SEXUAL|AMENAZA_DIRECTA,1.17 chunks de daño por video y cobertura de conflicto interpersonal,35
GJrx_nRnHqI,https://www.youtube.com/watch?v=GJrx_nRnHqI,Karla Tarazona responds to criticism about her marriage and claims that people are envious of her.,Magaly TV La Firme,,328.0,high_yield_channel,Magaly TV La Firme,261,ACOSO_PERSONAL|CONTENIDO_SEXUAL|AMENAZA_DIRECTA,1.17 chunks de daño por video y cobertura de conflicto interpersonal,35
UEkw3CV8GMo,https://www.youtube.com/watch?v=UEkw3CV8GMo,Wedding bells! Maido founder Micha Tsumura announces his engagement to Mariana,Magaly TV La Firme,,197.0,high_yield_channel,Magaly TV La Firme,262,ACOSO_PERSONAL|CONTENIDO_SEXUAL|AMENAZA_DIRECTA,1.17 chunks de daño por video y cobertura de conflicto interpersonal,35
2ZuUgkuz5hc,https://www.youtube.com/watch?v=2ZuUgkuz5hc,"Rocío Miranda, former volleyball player, struggles on Chollywood Talent: ""I didn't even sweat thi...",Magaly TV La Firme,,269.0,high_yield_channel,Magaly TV La Firme,263,ACOSO_PERSONAL|CONTENIDO_SEXUAL|AMENAZA_DIRECTA,1.17 chunks de daño por video y cobertura de conflicto interpersonal,35
-VL4HBQ0ZBM,https://www.youtube.com/watch?v=-VL4HBQ0ZBM,Is Waldir Felipa still smitten with Daniela Darcourt?: “The desire is still there”,Magaly TV La Firme,,17.0,high_yield_channel,Magaly TV La Firme,264,ACOSO_PERSONAL|CONTENIDO_SEXUAL|AMENAZA_DIRECTA,1.17 chunks de daño por video y cobertura de conflicto interpersonal,35
-L5yiyNAb2s,https://www.youtube.com/watch?v=-L5yiyNAb2s,Magaly TV La Firme: Programa del jueves 4 junio 2026,Magaly TV La Firme,,1071.0,high_yield_channel,Magaly TV La Firme,265,ACOSO_PERSONAL|CONTENIDO_SEXUAL|AMENAZA_DIRECTA,1.17 chunks de daño por video y cobertura de conflicto interpersonal,35
sZa05a8pkNM,https://www.youtube.com/watch?v=sZa05a8pkNM,'Loco' Wagner and Yaco Eskenazi have a fun interview with Magaly Medina,Magaly TV La Firme,,64.0,high_yield_channel,Magaly TV La Firme,266,ACOSO_PERSONAL|CONTENIDO_SEXUAL|AMENAZA_DIRECTA,1.17 chunks de daño por video y cobertura de conflicto interpersonal,35
MXFI7fhIjMI,https://www.youtube.com/watch?v=MXFI7fhIjMI,"Maju Mantilla and Gustavo Salcedo start with a ""clean slate"": ""We all make mistakes""",Magaly TV La Firme,,278.0,high_yield_channel,Magaly TV La Firme,267,ACOSO_PERSONAL|CONTENIDO_SEXUAL|AMENAZA_DIRECTA,1.17 chunks de daño por video y cobertura de conflicto interpersonal,35
neJqk-dXsAk,https://www.youtube.com/watch?v=neJqk-dXsAk,Veterinarian María Pía Vallejos spends her birthday with Gustavo Salcedo but doesn't make it offi...,Magaly TV La Firme,,117.0,high_yield_channel,Magaly TV La Firme,268,ACOSO_PERSONAL|CONTENIDO_SEXUAL|AMENAZA_DIRECTA,1.17 chunks de daño por video y cobertura de conflicto interpersonal,35
TrGIh1LQhrU,https://www.youtube.com/watch?v=TrGIh1LQhrU,"Urracogossip: Luciana Fuster talks about marrying Juan Morelli, María Pía's closet sale, and more",Magaly TV La Firme,,231.0,high_yield_channel,Magaly TV La Firme,269,ACOSO_PERSONAL|CONTENIDO_SEXUAL|AMENAZA_DIRECTA,1.17 chunks de daño por video y cobertura de conflicto interpersonal,35
eXdtDLTR2E4,https://www.youtube.com/watch?v=eXdtDLTR2E4,"Magaly TV La Firme: Episode for Wednesday, June 3, 2026",Magaly TV La Firme,,2674.0,high_yield_channel,Magaly TV La Firme,270,ACOSO_PERSONAL|CONTENIDO_SEXUAL|AMENAZA_DIRECTA,1.17 chunks de daño por video y cobertura de conflicto interpersonal,35
yKxCAvZ1RGo,https://www.youtube.com/watch?v=yKxCAvZ1RGo,Metiche y Rocío Miranda critican boda de Karla Tarazona y Christian Domínguez,Magaly TV La Firme,,697.0,high_yield_channel,Magaly TV La Firme,271,ACOSO_PERSONAL|CONTENIDO_SEXUAL|AMENAZA_DIRECTA,1.17 chunks de daño por video y cobertura de conflicto interpersonal,35
sf-TUALepzE,https://www.youtube.com/watch?v=sf-TUALepzE,"Karla Tarazona and Christian Domínguez: Experts rule out that their wedding was ""romantic chic mi...",Magaly TV La Firme,,216.0,high_yield_channel,Magaly TV La Firme,272,ACOSO_PERSONAL|CONTENIDO_SEXUAL|AMENAZA_DIRECTA,1.17 chunks de daño por video y cobertura de conflicto interpersonal,35
qtU4Rwkht40,https://www.youtube.com/watch?v=qtU4Rwkht40,"Does 'Metiche' know something about Christian Domínguez?: ""I don't believe in changes""",Magaly TV La Firme,,237.0,high_yield_channel,Magaly TV La Firme,273,ACOSO_PERSONAL|CONTENIDO_SEXUAL|AMENAZA_DIRECTA,1.17 chunks de daño por video y cobertura de conflicto interpersonal,35
9T04pUUpOV4,https://www.youtube.com/watch?v=9T04pUUpOV4,"Rocío Miranda calls out Karla Tarazona for not inviting her to her wedding: ""I know things about ...",Magaly TV La Firme,,269.0,high_yield_channel,Magaly TV La Firme,274,ACOSO_PERSONAL|CONTENIDO_SEXUAL|AMENAZA_DIRECTA,1.17 chunks de daño por video y cobertura de conflicto interpersonal,35
l1GOC2h1H1U,https://www.youtube.com/watch?v=l1GOC2h1H1U,Flor Ortola caught leaving Nicola Porcella's building after partying together,Magaly TV La Firme,,123.0,high_yield_channel,Magaly TV La Firme,275,ACOSO_PERSONAL|CONTENIDO_SEXUAL|AMENAZA_DIRECTA,1.17 chunks de daño por video y cobertura de conflicto interpersonal,35
85wxZ4lviB0,https://www.youtube.com/watch?v=85wxZ4lviB0,"Federico Salazar gets too ""flirty"" with Laura Spoya: ""I am a polygamist""",Magaly TV La Firme,,71.0,high_yield_channel,Magaly TV La Firme,276,ACOSO_PERSONAL|CONTENIDO_SEXUAL|AMENAZA_DIRECTA,1.17 chunks de daño por video y cobertura de conflicto interpersonal,35
uEVR9rjD-n0,https://www.youtube.com/watch?v=uEVR9rjD-n0,"Alejandra Baigorria justifies herself after forgiving Said Palao: ""Decisions are personal""",Magaly TV La Firme,,79.0,high_yield_channel,Magaly TV La Firme,277,ACOSO_PERSONAL|CONTENIDO_SEXUAL|AMENAZA_DIRECTA,1.17 chunks de daño por video y cobertura de conflicto interpersonal,35
McWxFNz3evg,https://www.youtube.com/watch?v=McWxFNz3evg,Río Band singer denies dedicating 'La incondicional' to Karla Tarazona,Magaly TV La Firme,,349.0,high_yield_channel,Magaly TV La Firme,278,ACOSO_PERSONAL|CONTENIDO_SEXUAL|AMENAZA_DIRECTA,1.17 chunks de daño por video y cobertura de conflicto interpersonal,35
EWtCSCoMIM0,https://www.youtube.com/watch?v=EWtCSCoMIM0,"Magaly TV La Firme: Episode for Tuesday, June 2, 2026",Magaly TV La Firme,,2877.0,high_yield_channel,Magaly TV La Firme,279,ACOSO_PERSONAL|CONTENIDO_SEXUAL|AMENAZA_DIRECTA,1.17 chunks de daño por video y cobertura de conflicto interpersonal,35
rc6eNfmPQg4,https://www.youtube.com/watch?v=rc6eNfmPQg4,"Karla Tarazona and Christian Domínguez speak after their wedding: ""We are very happy""",Magaly TV La Firme,,176.0,high_yield_channel,Magaly TV La Firme,280,ACOSO_PERSONAL|CONTENIDO_SEXUAL|AMENAZA_DIRECTA,1.17 chunks de daño por video y cobertura de conflicto interpersonal,35
xcBnHEY7E_Q,https://www.youtube.com/watch?v=xcBnHEY7E_Q,Nicole Akari criticizes Karla Tarazona and Christian Domínguez's wedding looks,Magaly TV La Firme,,391.0,high_yield_channel,Magaly TV La Firme,281,ACOSO_PERSONAL|CONTENIDO_SEXUAL|AMENAZA_DIRECTA,1.17 chunks de daño por video y cobertura de conflicto interpersonal,35
KflSZtZNSvw,https://www.youtube.com/watch?v=KflSZtZNSvw,Footage from Karla Tarazona and Christian Domínguez's party at a country restaurant in Huaral,Magaly TV La Firme,,200.0,high_yield_channel,Magaly TV La Firme,282,ACOSO_PERSONAL|CONTENIDO_SEXUAL|AMENAZA_DIRECTA,1.17 chunks de daño por video y cobertura de conflicto interpersonal,35
xq40kKAAW6g,https://www.youtube.com/watch?v=xq40kKAAW6g,"Mary Moncada reveals that Christian Domínguez called her before his scandal: ""Since 7:00 a.m.""",Magaly TV La Firme,,125.0,high_yield_channel,Magaly TV La Firme,283,ACOSO_PERSONAL|CONTENIDO_SEXUAL|AMENAZA_DIRECTA,1.17 chunks de daño por video y cobertura de conflicto interpersonal,35
sAs-PrfLl6Y,https://www.youtube.com/watch?v=sAs-PrfLl6Y,Karla Tarazona: When she was friends with Melanie Martinez and trashed Christian Domínguez,Magaly TV La Firme,,150.0,high_yield_channel,Magaly TV La Firme,284,ACOSO_PERSONAL|CONTENIDO_SEXUAL|AMENAZA_DIRECTA,1.17 chunks de daño por video y cobertura de conflicto interpersonal,35
d1n_kmD09o4,https://www.youtube.com/watch?v=d1n_kmD09o4,"Mary Moncada warns Karla Tarazona after wedding: ""I see she's in love and I feel sorry for her""",Magaly TV La Firme,,272.0,high_yield_channel,Magaly TV La Firme,285,ACOSO_PERSONAL|CONTENIDO_SEXUAL|AMENAZA_DIRECTA,1.17 chunks de daño por video y cobertura de conflicto interpersonal,35
RrlVrf3_SjU,https://www.youtube.com/watch?v=RrlVrf3_SjU,"Christian Domínguez is slammed for promising Karla Tarazona eternal love: ""A mockery""",Magaly TV La Firme,,176.0,high_yield_channel,Magaly TV La Firme,286,ACOSO_PERSONAL|CONTENIDO_SEXUAL|AMENAZA_DIRECTA,1.17 chunks de daño por video y cobertura de conflicto interpersonal,35
I_7sUP07FQQ,https://www.youtube.com/watch?v=I_7sUP07FQQ,Dressed in black! Melanie Martínez and Mary Moncada mock Karla Tarazona's wedding,Magaly TV La Firme,,159.0,high_yield_channel,Magaly TV La Firme,287,ACOSO_PERSONAL|CONTENIDO_SEXUAL|AMENAZA_DIRECTA,1.17 chunks de daño por video y cobertura de conflicto interpersonal,35
_d0QmdeK7U4,https://www.youtube.com/watch?v=_d0QmdeK7U4,Woman caught with Miguel Trauco in SUV speaks out: Who is Carla Arce?,Magaly TV La Firme,,137.0,high_yield_channel,Magaly TV La Firme,288,ACOSO_PERSONAL|CONTENIDO_SEXUAL|AMENAZA_DIRECTA,1.17 chunks de daño por video y cobertura de conflicto interpersonal,35
LhaiyjaUPp8,https://www.youtube.com/watch?v=LhaiyjaUPp8,Outraged! Suhaila Jad exposes André Carrillo's mother for snooping in her room,Magaly TV La Firme,,115.0,high_yield_channel,Magaly TV La Firme,289,ACOSO_PERSONAL|CONTENIDO_SEXUAL|AMENAZA_DIRECTA,1.17 chunks de daño por video y cobertura de conflicto interpersonal,35
bEvu-3p0DtA,https://www.youtube.com/watch?v=bEvu-3p0DtA,Karla Tarazona and Christian Domínguez's wedding planner reveals details of their wedding,Magaly TV La Firme,,278.0,high_yield_channel,Magaly TV La Firme,290,ACOSO_PERSONAL|CONTENIDO_SEXUAL|AMENAZA_DIRECTA,1.17 chunks de daño por video y cobertura de conflicto interpersonal,35
WFtDyyk-cCc,https://www.youtube.com/watch?v=WFtDyyk-cCc,"Magaly TV La Firme: Program from Monday, June 1, 2026",Magaly TV La Firme,,1842.0,high_yield_channel,Magaly TV La Firme,291,ACOSO_PERSONAL|CONTENIDO_SEXUAL|AMENAZA_DIRECTA,1.17 chunks de daño por video y cobertura de conflicto interpersonal,35
2IYcC0P_DL4,https://www.youtube.com/watch?v=2IYcC0P_DL4,"Magaly Medina responds to Miguel Trauco: ""If you're single, why block our footage?""",Magaly TV La Firme,,260.0,high_yield_channel,Magaly TV La Firme,292,ACOSO_PERSONAL|CONTENIDO_SEXUAL|AMENAZA_DIRECTA,1.17 chunks de daño por video y cobertura de conflicto interpersonal,35
t9gr1AUxLSI,https://www.youtube.com/watch?v=t9gr1AUxLSI,"Miguel Trauco swears he's been single for 3 months after images from 'Magaly TV, la firme'",Magaly TV La Firme,,333.0,high_yield_channel,Magaly TV La Firme,293,ACOSO_PERSONAL|CONTENIDO_SEXUAL|AMENAZA_DIRECTA,1.17 chunks de daño por video y cobertura de conflicto interpersonal,35
3IB-F561fWQ,https://www.youtube.com/watch?v=3IB-F561fWQ,Miguel Trauco files a complaint and sends a legal notice to Magaly Medina to prevent her from air...,Magaly TV La Firme,,305.0,high_yield_channel,Magaly TV La Firme,294,ACOSO_PERSONAL|CONTENIDO_SEXUAL|AMENAZA_DIRECTA,1.17 chunks de daño por video y cobertura de conflicto interpersonal,35
wof17wVZWp8,https://www.youtube.com/watch?v=wof17wVZWp8,"Magaly TV La Firme: Program of Friday, May 29, 2026",Magaly TV La Firme,,2085.0,high_yield_channel,Magaly TV La Firme,295,ACOSO_PERSONAL|CONTENIDO_SEXUAL|AMENAZA_DIRECTA,1.17 chunks de daño por video y cobertura de conflicto interpersonal,35
KAou7HQPRAU,https://www.youtube.com/watch?v=KAou7HQPRAU,"Magaly asks Johanna San Miguel if she's only dating young guys: ""You're like Spoya now.""",Magaly TV La Firme,,905.0,high_yield_channel,Magaly TV La Firme,296,ACOSO_PERSONAL|CONTENIDO_SEXUAL|AMENAZA_DIRECTA,1.17 chunks de daño por video y cobertura de conflicto interpersonal,35
XaO960cRjSE,https://www.youtube.com/watch?v=XaO960cRjSE,"El ‘colágeno’ de Laura Spoya dice que todo era ""joda"", pero Valentino mantiene su versión",Magaly TV La Firme,,254.0,high_yield_channel,Magaly TV La Firme,297,ACOSO_PERSONAL|CONTENIDO_SEXUAL|AMENAZA_DIRECTA,1.17 chunks de daño por video y cobertura de conflicto interpersonal,35
62a4DCzEvRY,https://www.youtube.com/watch?v=62a4DCzEvRY,Wow! Magaly recalls when Nadeska admitted she was the lover of the former mayor of Pachacamac,Magaly TV La Firme,,49.0,high_yield_channel,Magaly TV La Firme,298,ACOSO_PERSONAL|CONTENIDO_SEXUAL|AMENAZA_DIRECTA,1.17 chunks de daño por video y cobertura de conflicto interpersonal,35
2kKB_lOd-H8,https://www.youtube.com/watch?v=2kKB_lOd-H8,Nadeska Widausky and her obsession with money: “I can even smell it”,Magaly TV La Firme,,117.0,high_yield_channel,Magaly TV La Firme,299,ACOSO_PERSONAL|CONTENIDO_SEXUAL|AMENAZA_DIRECTA,1.17 chunks de daño por video y cobertura de conflicto interpersonal,35
N6gweu4nuqI,https://www.youtube.com/watch?v=N6gweu4nuqI,"Magaly on Suheyn Cipriani at the MGI: “This is the Suheyn we want to see, not with just any nobody.”",Magaly TV La Firme,,33.0,high_yield_channel,Magaly TV La Firme,300,ACOSO_PERSONAL|CONTENIDO_SEXUAL|AMENAZA_DIRECTA,1.17 chunks de daño por video y cobertura de conflicto interpersonal,35
qM9RrtLceak,https://www.youtube.com/watch?v=qM9RrtLceak,André Carrillo's ex continues to reveal the suffering she endured during her relationship with th...,Magaly TV La Firme,,402.0,high_yield_channel,Magaly TV La Firme,301,ACOSO_PERSONAL|CONTENIDO_SEXUAL|AMENAZA_DIRECTA,1.17 chunks de daño por video y cobertura de conflicto interpersonal,35
OZxOdLj6pFg,https://www.youtube.com/watch?v=OZxOdLj6pFg,"Magaly on Mario Hart's trip to Italy: ""He's trying to clear his mind after his separation""",Magaly TV La Firme,,34.0,high_yield_channel,Magaly TV La Firme,302,ACOSO_PERSONAL|CONTENIDO_SEXUAL|AMENAZA_DIRECTA,1.17 chunks de daño por video y cobertura de conflicto interpersonal,35
8cMFqBFT5YY,https://www.youtube.com/watch?v=8cMFqBFT5YY,"Katia Palma defends her current ""nun"" character after statement from her former Pataclaun mentor",Magaly TV La Firme,,74.0,high_yield_channel,Magaly TV La Firme,303,ACOSO_PERSONAL|CONTENIDO_SEXUAL|AMENAZA_DIRECTA,1.17 chunks de daño por video y cobertura de conflicto interpersonal,35
3ApFiTnDwAg,https://www.youtube.com/watch?v=3ApFiTnDwAg,"Paola Ruiz's single status was obvious on 'Chollywood Talent'!: ""From here we're going to my house""",Magaly TV La Firme,,35.0,high_yield_channel,Magaly TV La Firme,304,ACOSO_PERSONAL|CONTENIDO_SEXUAL|AMENAZA_DIRECTA,1.17 chunks de daño por video y cobertura de conflicto interpersonal,35
jB1cVVtMFwg,https://www.youtube.com/watch?v=jB1cVVtMFwg,"Kate Candela fails to impress as Anitta on 'Chollywood Talent': ""The audience deserves more""",Magaly TV La Firme,,131.0,high_yield_channel,Magaly TV La Firme,305,ACOSO_PERSONAL|CONTENIDO_SEXUAL|AMENAZA_DIRECTA,1.17 chunks de daño por video y cobertura de conflicto interpersonal,35
SnpWQsBcaaM,https://www.youtube.com/watch?v=SnpWQsBcaaM,"Paola Ruiz confronts Koky Belaunde over 'Chollywood Talent' critiques: ""I don't agree""",Magaly TV La Firme,,89.0,high_yield_channel,Magaly TV La Firme,306,ACOSO_PERSONAL|CONTENIDO_SEXUAL|AMENAZA_DIRECTA,1.17 chunks de daño por video y cobertura de conflicto interpersonal,35
C041e8HeYLg,https://www.youtube.com/watch?v=C041e8HeYLg,Jean Paul Santa Maria dazzles the Chollywood Talent judges with his Chayanne impression,Magaly TV La Firme,,37.0,high_yield_channel,Magaly TV La Firme,307,ACOSO_PERSONAL|CONTENIDO_SEXUAL|AMENAZA_DIRECTA,1.17 chunks de daño por video y cobertura de conflicto interpersonal,35
I0OlnB9uges,https://www.youtube.com/watch?v=I0OlnB9uges,Lesly Reyna surprises with her Christina Aguilera impression on 'Chollywood Talent',Magaly TV La Firme,,109.0,high_yield_channel,Magaly TV La Firme,308,ACOSO_PERSONAL|CONTENIDO_SEXUAL|AMENAZA_DIRECTA,1.17 chunks de daño por video y cobertura de conflicto interpersonal,35
j5KLHNoHIrc,https://www.youtube.com/watch?v=j5KLHNoHIrc,"Valentino 'echa' a colágeno de Laura Spoya y revela que lo invitó a salir: ""Me insistió""",Magaly TV La Firme,,35.0,high_yield_channel,Magaly TV La Firme,309,ACOSO_PERSONAL|CONTENIDO_SEXUAL|AMENAZA_DIRECTA,1.17 chunks de daño por video y cobertura de conflicto interpersonal,35
RkI_bLCEVXg,https://www.youtube.com/watch?v=RkI_bLCEVXg,"Valentino buys a car and takes his first driving lesson: ""I'm flat broke""",Magaly TV La Firme,,349.0,high_yield_channel,Magaly TV La Firme,310,ACOSO_PERSONAL|CONTENIDO_SEXUAL|AMENAZA_DIRECTA,1.17 chunks de daño por video y cobertura de conflicto interpersonal,35
keQJZWeAO_Y,https://www.youtube.com/watch?v=keQJZWeAO_Y,"With a shaman! Karla Tarazona and Christian Domínguez have an astral wedding ""against envy""",Magaly TV La Firme,,439.0,high_yield_channel,Magaly TV La Firme,311,ACOSO_PERSONAL|CONTENIDO_SEXUAL|AMENAZA_DIRECTA,1.17 chunks de daño por video y cobertura de conflicto interpersonal,35
fgG6_74t-8w,https://www.youtube.com/watch?v=fgG6_74t-8w,Pedro Aquino and his wife remain silent when asked about their reconciliation,Magaly TV La Firme,,127.0,high_yield_channel,Magaly TV La Firme,312,ACOSO_PERSONAL|CONTENIDO_SEXUAL|AMENAZA_DIRECTA,1.17 chunks de daño por video y cobertura de conflicto interpersonal,35
4BLvHLfFzLU,https://www.youtube.com/watch?v=4BLvHLfFzLU,"Óscar Junior Custodio, the heir to La Bella Luz: ""My dad sold fish and my mom sold watches""",Magaly TV La Firme,,55.0,high_yield_channel,Magaly TV La Firme,313,ACOSO_PERSONAL|CONTENIDO_SEXUAL|AMENAZA_DIRECTA,1.17 chunks de daño por video y cobertura de conflicto interpersonal,35
rM8aP07clYk,https://www.youtube.com/watch?v=rM8aP07clYk,"Magaly TV La Firme: Program from Thursday, May 28, 2026",Magaly TV La Firme,,1456.0,high_yield_channel,Magaly TV La Firme,314,ACOSO_PERSONAL|CONTENIDO_SEXUAL|AMENAZA_DIRECTA,1.17 chunks de daño por video y cobertura de conflicto interpersonal,35
6RLofafL2y4,https://www.youtube.com/watch?v=6RLofafL2y4,"Magaly TV La Firme: Episode for Wednesday, May 27, 2026",Magaly TV La Firme,,2821.0,high_yield_channel,Magaly TV La Firme,315,ACOSO_PERSONAL|CONTENIDO_SEXUAL|AMENAZA_DIRECTA,1.17 chunks de daño por video y cobertura de conflicto interpersonal,35
SzjOemEMuFo,https://www.youtube.com/watch?v=SzjOemEMuFo,"Milena Zárate, Edwin Sierra, and Greissy Ortega: The Scandal That Brought Chollywood to a Standstill",Magaly TV La Firme,,50.0,high_yield_channel,Magaly TV La Firme,316,ACOSO_PERSONAL|CONTENIDO_SEXUAL|AMENAZA_DIRECTA,1.17 chunks de daño por video y cobertura de conflicto interpersonal,35
hl7dNE0LmkU,https://www.youtube.com/watch?v=hl7dNE0LmkU,"Monserrat warns Melcochita live on air that she won't grant him a divorce: ""Let him suffer""",Magaly TV La Firme,,239.0,high_yield_channel,Magaly TV La Firme,317,ACOSO_PERSONAL|CONTENIDO_SEXUAL|AMENAZA_DIRECTA,1.17 chunks de daño por video y cobertura de conflicto interpersonal,35
yvidHBVxIJM,https://www.youtube.com/watch?v=yvidHBVxIJM,"Melcochita denies neglecting his daughters: ""All I want is peace of mind""",Magaly TV La Firme,,238.0,high_yield_channel,Magaly TV La Firme,318,ACOSO_PERSONAL|CONTENIDO_SEXUAL|AMENAZA_DIRECTA,1.17 chunks de daño por video y cobertura de conflicto interpersonal,35
rgdhE6Onle8,https://www.youtube.com/watch?v=rgdhE6Onle8,"Monserrat accuses Melcochita of being a bad father: ""He doesn't see my daughters, he's dedicated ...",Magaly TV La Firme,,223.0,high_yield_channel,Magaly TV La Firme,319,ACOSO_PERSONAL|CONTENIDO_SEXUAL|AMENAZA_DIRECTA,1.17 chunks de daño por video y cobertura de conflicto interpersonal,35
h4Leg8tAXmg,https://www.youtube.com/watch?v=h4Leg8tAXmg,"What a difference! This was Karla Tarazona's ""no-sponsorship"" wedding with Rafael Fernández",Magaly TV La Firme,,148.0,high_yield_channel,Magaly TV La Firme,320,ACOSO_PERSONAL|CONTENIDO_SEXUAL|AMENAZA_DIRECTA,1.17 chunks de daño por video y cobertura de conflicto interpersonal,35
Z0ULBi21QMM,https://www.youtube.com/watch?v=Z0ULBi21QMM,Could Nadeska Widausky avoid extradition to Belgium? An expert explains,Magaly TV La Firme,,530.0,high_yield_channel,Magaly TV La Firme,321,ACOSO_PERSONAL|CONTENIDO_SEXUAL|AMENAZA_DIRECTA,1.17 chunks de daño por video y cobertura de conflicto interpersonal,35
f7EuppeA2iI,https://www.youtube.com/watch?v=f7EuppeA2iI,Pure nonsense! Guty Carrera and Pedro Moral become 'advisors to Temu',Magaly TV La Firme,,41.0,high_yield_channel,Magaly TV La Firme,322,ACOSO_PERSONAL|CONTENIDO_SEXUAL|AMENAZA_DIRECTA,1.17 chunks de daño por video y cobertura de conflicto interpersonal,35
-jiBU4Hsvfo,https://www.youtube.com/watch?v=-jiBU4Hsvfo,Suhaila Jad 'calls out' André Carrillo again: Did he have another cell phone and hide it from her?,Magaly TV La Firme,,107.0,high_yield_channel,Magaly TV La Firme,323,ACOSO_PERSONAL|CONTENIDO_SEXUAL|AMENAZA_DIRECTA,1.17 chunks de daño por video y cobertura de conflicto interpersonal,35
iHvsQMOdINc,https://www.youtube.com/watch?v=iHvsQMOdINc,"Melissa Klug confirms crisis with Jesús Barco: ""Problems are never lacking""",Magaly TV La Firme,,183.0,high_yield_channel,Magaly TV La Firme,324,ACOSO_PERSONAL|CONTENIDO_SEXUAL|AMENAZA_DIRECTA,1.17 chunks de daño por video y cobertura de conflicto interpersonal,35
skzqOhqK2YI,https://www.youtube.com/watch?v=skzqOhqK2YI,Judiciary orders nine months of pretrial detention for Nadeska Widausky pending extradition,Magaly TV La Firme,,117.0,high_yield_channel,Magaly TV La Firme,325,ACOSO_PERSONAL|CONTENIDO_SEXUAL|AMENAZA_DIRECTA,1.17 chunks de daño por video y cobertura de conflicto interpersonal,35
l1xcbFdhmTc,https://www.youtube.com/watch?v=l1xcbFdhmTc,"Magaly TV La Firme: Episode for Tuesday, May 26, 2026",Magaly TV La Firme,,3058.0,high_yield_channel,Magaly TV La Firme,326,ACOSO_PERSONAL|CONTENIDO_SEXUAL|AMENAZA_DIRECTA,1.17 chunks de daño por video y cobertura de conflicto interpersonal,35
GEmcEmForfY,https://www.youtube.com/watch?v=GEmcEmForfY,"Melanie Martínez vs. Christian Domínguez and Karla Tarazona: ""They messed with my daughter""",Magaly TV La Firme,,299.0,high_yield_channel,Magaly TV La Firme,327,ACOSO_PERSONAL|CONTENIDO_SEXUAL|AMENAZA_DIRECTA,1.17 chunks de daño por video y cobertura de conflicto interpersonal,35
O8QkJlFGn8A,https://www.youtube.com/watch?v=O8QkJlFGn8A,Susan Villanueva confronts Melcochita for neglecting Monserrat's daughters,Magaly TV La Firme,,133.0,high_yield_channel,Magaly TV La Firme,328,ACOSO_PERSONAL|CONTENIDO_SEXUAL|AMENAZA_DIRECTA,1.17 chunks de daño por video y cobertura de conflicto interpersonal,35
zS1_ghZ9B3U,https://www.youtube.com/watch?v=zS1_ghZ9B3U,"Melanie Martinez reveals she is still listed as ""married"": ""Christian Dominguez is a bigamist""",Magaly TV La Firme,,199.0,high_yield_channel,Magaly TV La Firme,329,ACOSO_PERSONAL|CONTENIDO_SEXUAL|AMENAZA_DIRECTA,1.17 chunks de daño por video y cobertura de conflicto interpersonal,35
k2x1cuT-4sA,https://www.youtube.com/watch?v=k2x1cuT-4sA,"Melanie Martinez says that Karla Tarazona was her ""shoulder to cry on""",Magaly TV La Firme,,198.0,high_yield_channel,Magaly TV La Firme,330,ACOSO_PERSONAL|CONTENIDO_SEXUAL|AMENAZA_DIRECTA,1.17 chunks de daño por video y cobertura de conflicto interpersonal,35
cvGGPQtP6nc,https://www.youtube.com/watch?v=cvGGPQtP6nc,"Melanie Martínez advierte a Karla Tarazona: ""Quedarse con Domínguez es perder, él no va a cambiar""",Magaly TV La Firme,,233.0,high_yield_channel,Magaly TV La Firme,331,ACOSO_PERSONAL|CONTENIDO_SEXUAL|AMENAZA_DIRECTA,1.17 chunks de daño por video y cobertura de conflicto interpersonal,35
W7yyVZ0bw4E,https://www.youtube.com/watch?v=W7yyVZ0bw4E,"Magaly Medina recalls Nadeska Widausky's defamation lawsuit: ""Unbelievable""",Magaly TV La Firme,,245.0,high_yield_channel,Magaly TV La Firme,332,ACOSO_PERSONAL|CONTENIDO_SEXUAL|AMENAZA_DIRECTA,1.17 chunks de daño por video y cobertura de conflicto interpersonal,35
S_EFXhYxsNE,https://www.youtube.com/watch?v=S_EFXhYxsNE,Nadeska Widausky's life of luxury: How she showed off her trips around Europe,Magaly TV La Firme,,252.0,high_yield_channel,Magaly TV La Firme,333,ACOSO_PERSONAL|CONTENIDO_SEXUAL|AMENAZA_DIRECTA,1.17 chunks de daño por video y cobertura de conflicto interpersonal,35
gPkzZf041NY,https://www.youtube.com/watch?v=gPkzZf041NY,"Brian Rullan mocks Laura Spoya after she 'goes official' with her boy toy: ""I feel sorry for her""",Magaly TV La Firme,,256.0,high_yield_channel,Magaly TV La Firme,334,ACOSO_PERSONAL|CONTENIDO_SEXUAL|AMENAZA_DIRECTA,1.17 chunks de daño por video y cobertura de conflicto interpersonal,35
icnlpQHYQDc,https://www.youtube.com/watch?v=icnlpQHYQDc,"Rosángela Espinoza announces legal action against Christian Cueva: ""It's time to crack down""",Magaly TV La Firme,,194.0,high_yield_channel,Magaly TV La Firme,335,ACOSO_PERSONAL|CONTENIDO_SEXUAL|AMENAZA_DIRECTA,1.17 chunks de daño por video y cobertura de conflicto interpersonal,35
KJoSclEoCrg,https://www.youtube.com/watch?v=KJoSclEoCrg,Nadeska Widausky: All the details of her arrest by Interpol,Magaly TV La Firme,,335.0,high_yield_channel,Magaly TV La Firme,336,ACOSO_PERSONAL|CONTENIDO_SEXUAL|AMENAZA_DIRECTA,1.17 chunks de daño por video y cobertura de conflicto interpersonal,35
slemq8dnGls,https://www.youtube.com/watch?v=slemq8dnGls,"Flor Ortola shows off outing with 'Cachín', but he allegedly had a bad time: ""He was bored to death""",Magaly TV La Firme,,200.0,high_yield_channel,Magaly TV La Firme,337,ACOSO_PERSONAL|CONTENIDO_SEXUAL|AMENAZA_DIRECTA,1.17 chunks de daño por video y cobertura de conflicto interpersonal,35
o-KNWkfEd6A,https://www.youtube.com/watch?v=o-KNWkfEd6A,"Dalia Durán accuses John Kelvin of assaulting their 16-year-old son: ""He almost killed him twice""",Magaly TV La Firme,,274.0,high_yield_channel,Magaly TV La Firme,338,ACOSO_PERSONAL|CONTENIDO_SEXUAL|AMENAZA_DIRECTA,1.17 chunks de daño por video y cobertura de conflicto interpersonal,35
zyXzoTHtev0,https://www.youtube.com/watch?v=zyXzoTHtev0,"MagalyTV La Firme: Episode for Monday, May 25, 2026",Magaly TV La Firme,,2581.0,high_yield_channel,Magaly TV La Firme,339,ACOSO_PERSONAL|CONTENIDO_SEXUAL|AMENAZA_DIRECTA,1.17 chunks de daño por video y cobertura de conflicto interpersonal,35
KuvbNHNzCMc,https://www.youtube.com/watch?v=KuvbNHNzCMc,"Valentino invites his former castmates to his birthday, but no one shows up: ""I think that's real...",Magaly TV La Firme,,304.0,high_yield_channel,Magaly TV La Firme,340,ACOSO_PERSONAL|CONTENIDO_SEXUAL|AMENAZA_DIRECTA,1.17 chunks de daño por video y cobertura de conflicto interpersonal,35
BIqieSx2bAU,https://www.youtube.com/watch?v=BIqieSx2bAU,Suhaila Jad: Lizbeth Cueva analyzes relationships between soccer players and their partners,Magaly TV La Firme,,764.0,high_yield_channel,Magaly TV La Firme,341,ACOSO_PERSONAL|CONTENIDO_SEXUAL|AMENAZA_DIRECTA,1.17 chunks de daño por video y cobertura de conflicto interpersonal,35
hNknHpEMRYI,https://www.youtube.com/watch?v=hNknHpEMRYI,Pedro Aquino's wife appears to have forgiven infidelity: They are caught at a nightclub,Magaly TV La Firme,,80.0,high_yield_channel,Magaly TV La Firme,342,ACOSO_PERSONAL|CONTENIDO_SEXUAL|AMENAZA_DIRECTA,1.17 chunks de daño por video y cobertura de conflicto interpersonal,35
HfT9d-JZ8bY,https://www.youtube.com/watch?v=HfT9d-JZ8bY,"Dalia Durán reports John Kelvin for assault: ""He hit her in front of their children""",Magaly TV La Firme,,110.0,high_yield_channel,Magaly TV La Firme,343,ACOSO_PERSONAL|CONTENIDO_SEXUAL|AMENAZA_DIRECTA,1.17 chunks de daño por video y cobertura de conflicto interpersonal,35
rscY8UIg_VQ,https://www.youtube.com/watch?v=rscY8UIg_VQ,"Magaly Medina mocks Phillip Butters for claiming he beat her in ratings: ""He's audacious""",Magaly TV La Firme,,230.0,high_yield_channel,Magaly TV La Firme,344,ACOSO_PERSONAL|CONTENIDO_SEXUAL|AMENAZA_DIRECTA,1.17 chunks de daño por video y cobertura de conflicto interpersonal,35
zKBrEIes2XI,https://www.youtube.com/watch?v=zKBrEIes2XI,"Magaly TV La Firme: Friday, May 22, 2026 Episode",Magaly TV La Firme,,2386.0,high_yield_channel,Magaly TV La Firme,345,ACOSO_PERSONAL|CONTENIDO_SEXUAL|AMENAZA_DIRECTA,1.17 chunks de daño por video y cobertura de conflicto interpersonal,35
aGbQPMU8Z8E,https://www.youtube.com/watch?v=aGbQPMU8Z8E,"Jeffry Fischman, former Libido member, lights up the 'Magaly TV La Firme' set with his new song",Magaly TV La Firme,,96.0,high_yield_channel,Magaly TV La Firme,346,ACOSO_PERSONAL|CONTENIDO_SEXUAL|AMENAZA_DIRECTA,1.17 chunks de daño por video y cobertura de conflicto interpersonal,35
NB9-fS7Ty84,https://www.youtube.com/watch?v=NB9-fS7Ty84,'Loco Wagner' dismisses rivalry with 'Hablando Huevadas' over stand-up show,Magaly TV La Firme,,283.0,high_yield_channel,Magaly TV La Firme,347,ACOSO_PERSONAL|CONTENIDO_SEXUAL|AMENAZA_DIRECTA,1.17 chunks de daño por video y cobertura de conflicto interpersonal,35
Rv98cUkNP4s,https://www.youtube.com/watch?v=Rv98cUkNP4s,Magaly vacila al 'Loco Wagner' por sus lujos tras alcanzar el éxito,Magaly TV La Firme,,273.0,high_yield_channel,Magaly TV La Firme,348,ACOSO_PERSONAL|CONTENIDO_SEXUAL|AMENAZA_DIRECTA,1.17 chunks de daño por video y cobertura de conflicto interpersonal,35
gmpO38F1e74,https://www.youtube.com/watch?v=gmpO38F1e74,"'Loco Wagner' opens up on Magaly TV La Firme: ""At 50, success is finally smiling on me""",Magaly TV La Firme,,203.0,high_yield_channel,Magaly TV La Firme,349,ACOSO_PERSONAL|CONTENIDO_SEXUAL|AMENAZA_DIRECTA,1.17 chunks de daño por video y cobertura de conflicto interpersonal,35
OsonsFEd5T4,https://www.youtube.com/watch?v=OsonsFEd5T4,"Magaly says Grace Becerra was overshadowed on 'Chollywood Talent': ""She was rusty""",Magaly TV La Firme,,265.0,high_yield_channel,Magaly TV La Firme,350,ACOSO_PERSONAL|CONTENIDO_SEXUAL|AMENAZA_DIRECTA,1.17 chunks de daño por video y cobertura de conflicto interpersonal,35
3hR_8ht9_nU,https://www.youtube.com/watch?v=3hR_8ht9_nU,FIESTAS PATRIAS EN TODO GOOD | CELEBRAMOS LA PARADA DEL PELAO | HABLA GOOD,Todo Good,,770.0,high_yield_channel,Todo Good,1,ACOSO_PERSONAL|AMENAZA_DIRECTA,2.16 chunks de daño por video en el corpus base,40
ggy0j_dEzzk,https://www.youtube.com/watch?v=ggy0j_dEzzk,SHOULD BTS MEET WITH KEIKO FUJIMORI AT THE GOVERNMENT PALACE? | HABLA GOOD,Todo Good,,706.0,high_yield_channel,Todo Good,2,ACOSO_PERSONAL|AMENAZA_DIRECTA,2.16 chunks de daño por video en el corpus base,40
uSHLX3VBksI,https://www.youtube.com/watch?v=uSHLX3VBksI,ARTISTS REJECT USE OF AI IN PAN AMERICAN GAMES MASCOTS | HABLA GOOD,Todo Good,,612.0,high_yield_channel,Todo Good,3,ACOSO_PERSONAL|AMENAZA_DIRECTA,2.16 chunks de daño por video en el corpus base,40
dlUeXtp3tC8,https://www.youtube.com/watch?v=dlUeXtp3tC8,BEST MOMENTS OF THE SECOND BEYBLADE TOURNAMENT | SPEAKING GOOD,Todo Good,,1214.0,high_yield_channel,Todo Good,4,ACOSO_PERSONAL|AMENAZA_DIRECTA,2.16 chunks de daño por video en el corpus base,40
YL2yeFyRrRQ,https://www.youtube.com/watch?v=YL2yeFyRrRQ,¿MAGALY SE DISCULPÓ CON ETHEL POR AMPAYS? | ETHEL POZO VISITÓ A MAGALY EN SU PROGRAMA | HABLA GOOD,Todo Good,,706.0,high_yield_channel,Todo Good,5,ACOSO_PERSONAL|AMENAZA_DIRECTA,2.16 chunks de daño por video en el corpus base,40
AQW5PSBQ0qo,https://www.youtube.com/watch?v=AQW5PSBQ0qo,¿PONERSE LA CAMISETA BENEFICIA EN EL TRABAJO? | ¿DEBERÍAN QUITAR LOS FERIADOS? | HABLA GOOD,Todo Good,,735.0,high_yield_channel,Todo Good,6,ACOSO_PERSONAL|AMENAZA_DIRECTA,2.16 chunks de daño por video en el corpus base,40
n9qtsCOlHfo,https://www.youtube.com/watch?v=n9qtsCOlHfo,¿CÓMO ERA VALI EN EL COLEGIO? | ANÉCDOTA DE SU PRIMERA P3LE4 | OH MY GOOD,Todo Good,,1779.0,high_yield_channel,Todo Good,7,ACOSO_PERSONAL|AMENAZA_DIRECTA,2.16 chunks de daño por video en el corpus base,40
AiEZSIMCcQw,https://www.youtube.com/watch?v=AiEZSIMCcQw,EVERYTHING ABOUT THE WARREN HOUSE | GOOD TALK,Todo Good,,609.0,high_yield_channel,Todo Good,8,ACOSO_PERSONAL|AMENAZA_DIRECTA,2.16 chunks de daño por video en el corpus base,40
hZ-IRpDHYUQ,https://www.youtube.com/watch?v=hZ-IRpDHYUQ,IS IT WORTH BUYING AN APARTMENT? | HOW MUCH DO I NEED TO EARN TO BUY A PLACE? | TALK GOOD,Todo Good,,617.0,high_yield_channel,Todo Good,9,ACOSO_PERSONAL|AMENAZA_DIRECTA,2.16 chunks de daño por video en el corpus base,40
BpobowctBZM,https://www.youtube.com/watch?v=BpobowctBZM,WHY DID PHILLIP BUTTERS LEAVE SOCCER? | WILL BUTTERS RETURN TO POLITICS? | HABLA GOOD,Todo Good,,849.0,high_yield_channel,Todo Good,10,ACOSO_PERSONAL|AMENAZA_DIRECTA,2.16 chunks de daño por video en el corpus base,40
PzKZXXSnCqs,https://www.youtube.com/watch?v=PzKZXXSnCqs,BAIGORRIA DEFENDS SAID PALAO | CALLS OUT REPORTER | VERY GOOD CLIPS,Todo Good,,753.0,high_yield_channel,Todo Good,11,ACOSO_PERSONAL|AMENAZA_DIRECTA,2.16 chunks de daño por video en el corpus base,40
7fi8997NtdU,https://www.youtube.com/watch?v=7fi8997NtdU,HOW MUCH DO YOU NEED TO BUY AN APARTMENT? | IS RENTING BETTER THAN BUYING? | TALK GOOD,Todo Good,,641.0,high_yield_channel,Todo Good,12,ACOSO_PERSONAL|AMENAZA_DIRECTA,2.16 chunks de daño por video en el corpus base,40
q6nGno7pVLU,https://www.youtube.com/watch?v=q6nGno7pVLU,TALAVERA TELLS US IF THERE WERE GHOSTS IN TODO GOOD | OH MY GOOD,Todo Good,,2554.0,high_yield_channel,Todo Good,13,ACOSO_PERSONAL|AMENAZA_DIRECTA,2.16 chunks de daño por video en el corpus base,40
0e60T6RA8QA,https://www.youtube.com/watch?v=0e60T6RA8QA,¿QUÉ PASÓ EN AS4LT0 EN JR DE LA UNIÓN? | ¿LA POLICÍA NO TIENE PROTOCOLOS CONTRA ROBOS? | HABLA GOOD,Todo Good,,808.0,high_yield_channel,Todo Good,14,ACOSO_PERSONAL|AMENAZA_DIRECTA,2.16 chunks de daño por video en el corpus base,40
R4rTHGmCSfI,https://www.youtube.com/watch?v=R4rTHGmCSfI,WE RECREATE PELAO'S LIFE AND WORK | WE CELEBRATE PELAO FOR FATHER'S DAY | TALK GOOD,Todo Good,,828.0,high_yield_channel,Todo Good,15,ACOSO_PERSONAL|AMENAZA_DIRECTA,2.16 chunks de daño por video en el corpus base,40
NyqIjoSJHeI,https://www.youtube.com/watch?v=NyqIjoSJHeI,¿MAGALY ESTÁ PERDIENDO LA BATALLA CONTRA FARFÁN? | CURWEN ACONSEJA A MAGALY MEDINA | HABLA GOOD,Todo Good,,701.0,high_yield_channel,Todo Good,16,ACOSO_PERSONAL|AMENAZA_DIRECTA,2.16 chunks de daño por video en el corpus base,40
BpuHyZzmRP0,https://www.youtube.com/watch?v=BpuHyZzmRP0,¿FARFAN PRUEBA QUE MAGALY NO HIZO TRABAJO COMUNITARIO? | HABLA GOOD,Todo Good,,1369.0,high_yield_channel,Todo Good,17,ACOSO_PERSONAL|AMENAZA_DIRECTA,2.16 chunks de daño por video en el corpus base,40
8jG-gLbw6Ns,https://www.youtube.com/watch?v=8jG-gLbw6Ns,WHAT WILL HAPPEN TO TODO GOOD UNDER KEIKO'S GOVERNMENT? | IS CURWEN LEAVING THE COUNTRY? | HABLA ...,Todo Good,,877.0,high_yield_channel,Todo Good,18,ACOSO_PERSONAL|AMENAZA_DIRECTA,2.16 chunks de daño por video en el corpus base,40
khBirfuizS4,https://www.youtube.com/watch?v=khBirfuizS4,¿PERUANOS EN EL EXTRANJERO DEBERÍAN VOTAR? | ¿EXTRANJEROS BENEFICIAN ELECCIÓN A KEIKO? | HABLA GOOD,Todo Good,,820.0,high_yield_channel,Todo Good,19,ACOSO_PERSONAL|AMENAZA_DIRECTA,2.16 chunks de daño por video en el corpus base,40
Ru_AilT_3go,https://www.youtube.com/watch?v=Ru_AilT_3go,DID CURWEN SAVE PERU WITH HIS INTERVIEW WITH JORGE NIETO? | HABLA GOOD,Todo Good,,1161.0,high_yield_channel,Todo Good,20,ACOSO_PERSONAL|AMENAZA_DIRECTA,2.16 chunks de daño por video en el corpus base,40
VQEIoqpLDNE,https://www.youtube.com/watch?v=VQEIoqpLDNE,WHICH WAS THE BEST HABLA GOOD TEAM? | DID CURWEN AND TONINO INJURE PELAO? | HABLA GOOD,Todo Good,,2312.0,high_yield_channel,Todo Good,21,ACOSO_PERSONAL|AMENAZA_DIRECTA,2.16 chunks de daño por video en el corpus base,40
LXWdHvXcY7M,https://www.youtube.com/watch?v=LXWdHvXcY7M,WHY WAS KEIKO NOT IN PUNO? | DO THE MEDIA FAVOR KEIKO FUJIMORI? | SPEAKING FACTS,Todo Good,,1956.0,high_yield_channel,Todo Good,22,ACOSO_PERSONAL|AMENAZA_DIRECTA,2.16 chunks de daño por video en el corpus base,40
MB6PR7xGWV0,https://www.youtube.com/watch?v=MB6PR7xGWV0,¿ESTÁ MAL VOTAR VICIADO EN ESTAS ELECCIONES? | ¿CUÁL ES LA MEJOR OPCIÓN DE VOTO? | HABLA GOOD,Todo Good,,709.0,high_yield_channel,Todo Good,23,ACOSO_PERSONAL|AMENAZA_DIRECTA,2.16 chunks de daño por video en el corpus base,40
opcJTeXHKRc,https://www.youtube.com/watch?v=opcJTeXHKRc,Did Roberto Sánchez win the debate against Keiko Fujimori? | Good Speaks,Todo Good,,1644.0,high_yield_channel,Todo Good,24,ACOSO_PERSONAL|AMENAZA_DIRECTA,2.16 chunks de daño por video en el corpus base,40
s1Pvitzzjmw,https://www.youtube.com/watch?v=s1Pvitzzjmw,HOW MUCH SHOULD I EARN TO LIVE WELL IN MY 30S? | IS MONEY IMPORTANT? | SPEAK GOOD,Todo Good,,764.0,high_yield_channel,Todo Good,25,ACOSO_PERSONAL|AMENAZA_DIRECTA,2.16 chunks de daño por video en el corpus base,40
nItQRZBlAhc,https://www.youtube.com/watch?v=nItQRZBlAhc,THE BEST FILM IN THE SAGA? | STAR WARS: REVENGE OF THE SITH REVIEW | BASED ON GOOD,Todo Good,,2039.0,high_yield_channel,Todo Good,26,ACOSO_PERSONAL|AMENAZA_DIRECTA,2.16 chunks de daño por video en el corpus base,40
tZY-KoTAaYA,https://www.youtube.com/watch?v=tZY-KoTAaYA,THE ICEBERG OF THE BEST MOMENTS OF ALL GOOD | HABLA GOOD,Todo Good,,1406.0,high_yield_channel,Todo Good,27,ACOSO_PERSONAL|AMENAZA_DIRECTA,2.16 chunks de daño por video en el corpus base,40
fW3OwzGBqx0,https://www.youtube.com/watch?v=fW3OwzGBqx0,BEST MOMENTS FROM THE 2026 TECHNICAL DEBATE | WHAT HAPPENED AT THE TECHNICAL DEBATE? | HABLA GOOD,Todo Good,,2036.0,high_yield_channel,Todo Good,28,ACOSO_PERSONAL|AMENAZA_DIRECTA,2.16 chunks de daño por video en el corpus base,40
WLEMdAAr0QY,https://www.youtube.com/watch?v=WLEMdAAr0QY,IS STAR WARS EPISODE 2 BORING? | BASED GOOD: STAR WARS ATTACK OF THE CLONES | TALK GOOD,Todo Good,,1178.0,high_yield_channel,Todo Good,29,ACOSO_PERSONAL|AMENAZA_DIRECTA,2.16 chunks de daño por video en el corpus base,40
TXOkxVqXcUU,https://www.youtube.com/watch?v=TXOkxVqXcUU,SANTOS BRAVOS INTERVIEW ON OH MY GOOD | ARE WE GOING TO THE CONCERT? | OH MY GOOD,Todo Good,,2151.0,high_yield_channel,Todo Good,30,ACOSO_PERSONAL|AMENAZA_DIRECTA,2.16 chunks de daño por video en el corpus base,40
yVt62yTpjdo,https://www.youtube.com/watch?v=yVt62yTpjdo,¿ESTA PREGUNTA VIENE EN EL EXAMEN DE ADMISIÓN? | FIJAS PARA EXAMEN DE ADMISIÓN UNI | HABLA GOOD,Todo Good,,842.0,high_yield_channel,Todo Good,31,ACOSO_PERSONAL|AMENAZA_DIRECTA,2.16 chunks de daño por video en el corpus base,40
sK1mj52028Q,https://www.youtube.com/watch?v=sK1mj52028Q,ANDREA LLOSA TELLS ALL ABOUT THE ROBOTÍN STORY | WERE THE CASES FAKED? | GOOD SPEAKS,Todo Good,,2479.0,high_yield_channel,Todo Good,32,ACOSO_PERSONAL|AMENAZA_DIRECTA,2.16 chunks de daño por video en el corpus base,40
4LybCvbE-I8,https://www.youtube.com/watch?v=4LybCvbE-I8,IS KEIKO FUJIMORI TRYING TO IMITATE HER FATHER? | WHY DO PERUVIANS VOTE FOR KEIKO? | TALK GOOD,Todo Good,,685.0,high_yield_channel,Todo Good,33,ACOSO_PERSONAL|AMENAZA_DIRECTA,2.16 chunks de daño por video en el corpus base,40
2P0C8GK0cZY,https://www.youtube.com/watch?v=2P0C8GK0cZY,IS STAR WARS EPISODE 1 A BAD MOVIE? | BASED GOOD: ANALYZING STAR WARS | HABLA GOOD,Todo Good,,1438.0,high_yield_channel,Todo Good,34,ACOSO_PERSONAL|AMENAZA_DIRECTA,2.16 chunks de daño por video en el corpus base,40
XnKtWwX3NbU,https://www.youtube.com/watch?v=XnKtWwX3NbU,WILL KEIKO FUJIMORI WIN THE ELECTIONS? | WHAT IS ROBERTO SANCHEZ'S PLAN? | GOOD SPEAKS,Todo Good,,828.0,high_yield_channel,Todo Good,35,ACOSO_PERSONAL|AMENAZA_DIRECTA,2.16 chunks de daño por video en el corpus base,40
soyPRmsvSRk,https://www.youtube.com/watch?v=soyPRmsvSRk,Is Farfán trying to reduce child support payments for Darinka Ramírez's daughter? | Good Talks,Todo Good,,770.0,high_yield_channel,Todo Good,36,ACOSO_PERSONAL|AMENAZA_DIRECTA,2.16 chunks de daño por video en el corpus base,40
EVVekiB7ikQ,https://www.youtube.com/watch?v=EVVekiB7ikQ,Does the United States confirm the existence of aliens? | Trump releases UFO images | Good speaks,Todo Good,,875.0,high_yield_channel,Todo Good,37,ACOSO_PERSONAL|AMENAZA_DIRECTA,2.16 chunks de daño por video en el corpus base,40
GqGLP0f-kec,https://www.youtube.com/watch?v=GqGLP0f-kec,WHAT IS THE BEST COMMERCIAL FROM PERU? | TIERLIST OF PERUVIAN ADVERTISEMENTS | SPEAK GOOD,Todo Good,,732.0,high_yield_channel,Todo Good,38,ACOSO_PERSONAL|AMENAZA_DIRECTA,2.16 chunks de daño por video en el corpus base,40
gWql_ShCFas,https://www.youtube.com/watch?v=gWql_ShCFas,LOS NUEVOS CONVOCADOS DEL PELAO | LA JUGADA GOOD | NUESTRO PRIMER PROGRAMA DE FÚTBOL | TODO GOOD,Todo Good,,125.0,high_yield_channel,Todo Good,39,ACOSO_PERSONAL|AMENAZA_DIRECTA,2.16 chunks de daño por video en el corpus base,40
pXCN0V_ZjZ8,https://www.youtube.com/watch?v=pXCN0V_ZjZ8,Does López Aliaga call for a new march? | Does Porky insult Keiko Fujimori? | Good speaks,Todo Good,,688.0,high_yield_channel,Todo Good,40,ACOSO_PERSONAL|AMENAZA_DIRECTA,2.16 chunks de daño por video en el corpus base,40
f2tacMSZVYo,https://www.youtube.com/watch?v=f2tacMSZVYo,IS WORK EXPERIENCE WORTH MORE THAN EDUCATION? | DO COMPANIES HIRE BASED ON CONTACTS? | SPEAK GOOD,Todo Good,,745.0,high_yield_channel,Todo Good,41,ACOSO_PERSONAL|AMENAZA_DIRECTA,2.16 chunks de daño por video en el corpus base,40
gad8Wz4GSqQ,https://www.youtube.com/watch?v=gad8Wz4GSqQ,THIS IS WHY I NEVER SAW STAR WARS | WHAT IS THE BEST STAR WARS MOVIE? | GOOD SPEAKS,Todo Good,,716.0,high_yield_channel,Todo Good,42,ACOSO_PERSONAL|AMENAZA_DIRECTA,2.16 chunks de daño por video en el corpus base,40
Ry2mcRWg1d8,https://www.youtube.com/watch?v=Ry2mcRWg1d8,EL DR. PELAO SINIESTRO ANUNCIA NUEVO PROGRAMA | VERY GOOD Y LOS NUEVOS FICHAJES | TODO GOOD,Todo Good,,207.0,high_yield_channel,Todo Good,43,ACOSO_PERSONAL|AMENAZA_DIRECTA,2.16 chunks de daño por video en el corpus base,40
zCbsIjyqtHU,https://www.youtube.com/watch?v=zCbsIjyqtHU,Curwen responds to Phillip Butters calling him a clown | Good speaks,Todo Good,,601.0,high_yield_channel,Todo Good,44,ACOSO_PERSONAL|AMENAZA_DIRECTA,2.16 chunks de daño por video en el corpus base,40
RqECY8hLx3E,https://www.youtube.com/watch?v=RqECY8hLx3E,Did Roberto Sanchez run away from Curwen's questions? | Sanchez distances himself from Antauro Hu...,Todo Good,,640.0,high_yield_channel,Todo Good,45,ACOSO_PERSONAL|AMENAZA_DIRECTA,2.16 chunks de daño por video en el corpus base,40
fnGW3WnXcXg,https://www.youtube.com/watch?v=fnGW3WnXcXg,¿QUÉ PASÓ CON LOS AS3S1NAT0S EN HUANCAVELICA? | ¿MILITARES SERÁN INVESTIGADOS? | HABLA GOOD,Todo Good,,540.0,high_yield_channel,Todo Good,46,ACOSO_PERSONAL|AMENAZA_DIRECTA,2.16 chunks de daño por video en el corpus base,40
uNigcRx-hOo,https://www.youtube.com/watch?v=uNigcRx-hOo,THE CHEAPEST CLOUD BED IN LIMA | WHAT IS A CLOUD BED? | OH MY GOOD,Todo Good,,597.0,high_yield_channel,Todo Good,47,ACOSO_PERSONAL|AMENAZA_DIRECTA,2.16 chunks de daño por video en el corpus base,40
d_I7g_KGQEo,https://www.youtube.com/watch?v=d_I7g_KGQEo,Does Fuerza Popular control the Senate? | Who entered the new Congress? | Good speaks,Todo Good,,602.0,high_yield_channel,Todo Good,48,ACOSO_PERSONAL|AMENAZA_DIRECTA,2.16 chunks de daño por video en el corpus base,40
dSN2OaFY-0I,https://www.youtube.com/watch?v=dSN2OaFY-0I,WHAT'S THE BEST GIFT TO GIVE MOM? | SPEAK GOOD,Todo Good,,624.0,high_yield_channel,Todo Good,49,ACOSO_PERSONAL|AMENAZA_DIRECTA,2.16 chunks de daño por video en el corpus base,40
nsehijgUfDg,https://www.youtube.com/watch?v=nsehijgUfDg,¿CONGRESO CENSURARÁ A PRESIDENTE BALCÁZAR POR RETRASAR COMPRA DE AVIONES? |  HABLA GOOD,Todo Good,,1121.0,high_yield_channel,Todo Good,50,ACOSO_PERSONAL|AMENAZA_DIRECTA,2.16 chunks de daño por video en el corpus base,40
ND6ad2KQEsM,https://www.youtube.com/watch?v=ND6ad2KQEsM,PIERO CORVETTO RENUNCIA A LA ONPE | ¿LA ONPE REALIZARÁ NUEVAS ELECCIONES? | HABLA GOOD,Todo Good,,891.0,high_yield_channel,Todo Good,51,ACOSO_PERSONAL|AMENAZA_DIRECTA,2.16 chunks de daño por video en el corpus base,40
M4wKRseBu8I,https://www.youtube.com/watch?v=M4wKRseBu8I,"THE PERUVIAN YOUTUBER WHO SAW ARTEMIS II LIFT OFF | ALDO BARTRA: ""NASA INVITED ME"" | GOOD SPEAKS",Todo Good,,1471.0,high_yield_channel,Todo Good,52,ACOSO_PERSONAL|AMENAZA_DIRECTA,2.16 chunks de daño por video en el corpus base,40
l4U9zMCDki8,https://www.youtube.com/watch?v=l4U9zMCDki8,LÓPEZ ALIAGA DENUNCIA FRAUDE ELECTORAL | ¿LA ONPE PUEDE ANULAR LAS ELECCIONES? | HABLA GOOD,Todo Good,,640.0,high_yield_channel,Todo Good,53,ACOSO_PERSONAL|AMENAZA_DIRECTA,2.16 chunks de daño por video en el corpus base,40
DjORo-KQxdc,https://www.youtube.com/watch?v=DjORo-KQxdc,Bebote hurls racist insults | Are Kick streamers the most racist on the internet? | Habla Good,Todo Good,,601.0,high_yield_channel,Todo Good,54,ACOSO_PERSONAL|AMENAZA_DIRECTA,2.16 chunks de daño por video en el corpus base,40
1DDsLeKX4qY,https://www.youtube.com/watch?v=1DDsLeKX4qY,Will Roberto Sánchez have the worst government in Peru's history? | Is he worse than Pedro Castil...,Todo Good,,1567.0,high_yield_channel,Todo Good,55,ACOSO_PERSONAL|AMENAZA_DIRECTA,2.16 chunks de daño por video en el corpus base,40
bsIuIZwFnfE,https://www.youtube.com/watch?v=bsIuIZwFnfE,Does Lima not know how to vote? | Are there culprits in these elections? | Good speaks,Todo Good,,1039.0,high_yield_channel,Todo Good,56,ACOSO_PERSONAL|AMENAZA_DIRECTA,2.16 chunks de daño por video en el corpus base,40
xru0C_J5Rus,https://www.youtube.com/watch?v=xru0C_J5Rus,WILL ROBERTO SÁNCHEZ BE THE NEXT PRESIDENT? | WHO WILL MAKE IT TO THE RUNOFF? | GOOD SPEAKS,Todo Good,,1741.0,high_yield_channel,Todo Good,57,ACOSO_PERSONAL|AMENAZA_DIRECTA,2.16 chunks de daño por video en el corpus base,40
Mf_klq9oR1s,https://www.youtube.com/watch?v=Mf_klq9oR1s,WE TEACH YOU HOW TO VOTE CORRECTLY | 2026 PRESIDENTIAL ELECTIONS | SPEAK GOOD,Todo Good,,509.0,high_yield_channel,Todo Good,58,ACOSO_PERSONAL|AMENAZA_DIRECTA,2.16 chunks de daño por video en el corpus base,40
6RC_Kg2ARBY,https://www.youtube.com/watch?v=6RC_Kg2ARBY,"At your job, should you be friendly 😎 or just a ""hi and bye"" 🥸? Are you Team Tonino or Team Curwe...",Todo Good,,1213.0,high_yield_channel,Todo Good,59,ACOSO_PERSONAL|AMENAZA_DIRECTA,2.16 chunks de daño por video en el corpus base,40
8pLgTFFDttY,https://www.youtube.com/watch?v=8pLgTFFDttY,IS RICARDO BELMONT XENOPHOBIC? | WHAT YOU DIDN'T KNOW ABOUT RICARDO BELMONT | GOOD SPEAKS,Todo Good,,1006.0,high_yield_channel,Todo Good,60,ACOSO_PERSONAL|AMENAZA_DIRECTA,2.16 chunks de daño por video en el corpus base,40
EoGPRyof3wE,https://www.youtube.com/watch?v=EoGPRyof3wE,MÓNICA ZEVALLOS MAKES PELAO'S DREAM COME TRUE | A REUNION AFTER YEARS | GOOD SPEAKS,Todo Good,,1089.0,high_yield_channel,Todo Good,61,ACOSO_PERSONAL|AMENAZA_DIRECTA,2.16 chunks de daño por video en el corpus base,40
rGNYBDKNzRw,https://www.youtube.com/watch?v=rGNYBDKNzRw,¿EL PLAN DE GOBIERNO DEL PARTIDO MORADO SIRVE? | LO QUE NO SABÍAS DE MESÍAS GUEVARA | HABLA GOOD,Todo Good,,1997.0,high_yield_channel,Todo Good,62,ACOSO_PERSONAL|AMENAZA_DIRECTA,2.16 chunks de daño por video en el corpus base,40
JsVVk8APiB4,https://www.youtube.com/watch?v=JsVVk8APiB4,IS RICARDO BELMONT THE WORST CANDIDATE? | CURWEN REACTS TO BELMONT'S MESSAGE | GOOD SPEAKS #TodoGood,Todo Good,,500.0,high_yield_channel,Todo Good,63,ACOSO_PERSONAL|AMENAZA_DIRECTA,2.16 chunks de daño por video en el corpus base,40
POBTRfF3Fl0,https://www.youtube.com/watch?v=POBTRfF3Fl0,Carlos Álvarez Rises in the Polls | Will He Make It to the Runoff? | Good Speaks,Todo Good,,745.0,high_yield_channel,Todo Good,64,ACOSO_PERSONAL|AMENAZA_DIRECTA,2.16 chunks de daño por video en el corpus base,40
UTnOc-1OcSU,https://www.youtube.com/watch?v=UTnOc-1OcSU,¿QUÉ PASÓ CON EL PARTIDO MORADO? | LA ANÉCDOTA DE CURWEN Y SAGASTI | HABLA GOOD,Todo Good,,721.0,high_yield_channel,Todo Good,65,ACOSO_PERSONAL|AMENAZA_DIRECTA,2.16 chunks de daño por video en el corpus base,40
05-ukjyhIxI,https://www.youtube.com/watch?v=05-ukjyhIxI,Did Messiah Guevara beat Keiko Fujimori? | What happened in the third presidential debate? | Good...,Todo Good,,971.0,high_yield_channel,Todo Good,66,ACOSO_PERSONAL|AMENAZA_DIRECTA,2.16 chunks de daño por video en el corpus base,40
xy2hET0Po4w,https://www.youtube.com/watch?v=xy2hET0Po4w,ANALIZANDO A ROBERTO SÁNCHEZ: PARTIDO JUNTOS POR EL PERÚ | #LASFIJAS DE LAS ELECCIONES | HABLA GOOD,Todo Good,,1954.0,high_yield_channel,Todo Good,67,ACOSO_PERSONAL|AMENAZA_DIRECTA,2.16 chunks de daño por video en el corpus base,40
5DWMc-_VScM,https://www.youtube.com/watch?v=5DWMc-_VScM,Former minister admits to having a relationship with a minor | Lawyer Wilber Medina defends him |...,Todo Good,,638.0,high_yield_channel,Todo Good,68,ACOSO_PERSONAL|AMENAZA_DIRECTA,2.16 chunks de daño por video en el corpus base,40
iLw7XLY4Og4,https://www.youtube.com/watch?v=iLw7XLY4Og4,¿FUERZA POPULAR ES EL PEOR PARTIDO POLÍTICO? | #LASFIJAS DE LAS ELECCIONES | HABLA GOOD,Todo Good,,1686.0,high_yield_channel,Todo Good,69,ACOSO_PERSONAL|AMENAZA_DIRECTA,2.16 chunks de daño por video en el corpus base,40
J8tXA9rBn7s,https://www.youtube.com/watch?v=J8tXA9rBn7s,¡AMPAY DE SAID! | JUERGA EN YATE CON INFIDELIDADES | HABLA GOOD,Todo Good,,3269.0,high_yield_channel,Todo Good,70,ACOSO_PERSONAL|AMENAZA_DIRECTA,2.16 chunks de daño por video en el corpus base,40
VgBXJ06aJTA,https://www.youtube.com/watch?v=VgBXJ06aJTA,Jorge Nieto responds to your questions | Does he stand by his statements? | Good speaks,Todo Good,,3251.0,high_yield_channel,Todo Good,71,ACOSO_PERSONAL|AMENAZA_DIRECTA,2.16 chunks de daño por video en el corpus base,40
cL8-owjM72A,https://www.youtube.com/watch?v=cL8-owjM72A,HABLA GOOD EN EL CANOUT | LANZAMIENTO PARTIDO CEPEPE | CONTENIDO EXCLUSIVO PARA MIEMBROS,Todo Good,,5390.0,high_yield_channel,Todo Good,72,ACOSO_PERSONAL|AMENAZA_DIRECTA,2.16 chunks de daño por video en el corpus base,40
sBZTin9_gqw,https://www.youtube.com/watch?v=sBZTin9_gqw,WHO'S WITH JORGE NIETO? | All about JORGE NIETO'S plan | GOOD SPEAKS,Todo Good,,2127.0,high_yield_channel,Todo Good,73,ACOSO_PERSONAL|AMENAZA_DIRECTA,2.16 chunks de daño por video en el corpus base,40
H6lgZO4zehw,https://www.youtube.com/watch?v=H6lgZO4zehw,¿CESAR ACUÑA GANARÁ POR LOS STREAMERS DE KICK? | ¿EL PEOR ALCALDE DEL PERÚ? | HABLA GOOD,Todo Good,,748.0,high_yield_channel,Todo Good,74,ACOSO_PERSONAL|AMENAZA_DIRECTA,2.16 chunks de daño por video en el corpus base,40
kJDqxZWsurI,https://www.youtube.com/watch?v=kJDqxZWsurI,Does Avanza País have the worst presidential candidate? | All about José Williams | Habla Good,Todo Good,,2133.0,high_yield_channel,Todo Good,75,ACOSO_PERSONAL|AMENAZA_DIRECTA,2.16 chunks de daño por video en el corpus base,40
og2XhNB2THo,https://www.youtube.com/watch?v=og2XhNB2THo,WHY DID THE PRICE OF CNG IN PERU INCREASE? | ALL ABOUT GAS IN PERU | GOOD SPEAKS,Todo Good,,628.0,high_yield_channel,Todo Good,76,ACOSO_PERSONAL|AMENAZA_DIRECTA,2.16 chunks de daño por video en el corpus base,40
PIhgXkGJdPc,https://www.youtube.com/watch?v=PIhgXkGJdPc,BEST MOMENTS OF VALIVALILON SCHOOL | OHMYGOOD,Todo Good,,960.0,high_yield_channel,Todo Good,77,ACOSO_PERSONAL|AMENAZA_DIRECTA,2.16 chunks de daño por video en el corpus base,40
ZOn0U5w9cVY,https://www.youtube.com/watch?v=ZOn0U5w9cVY,¿LÓPEZ CHAU SALVARÁ AL PERÚ CON SU PLAN DE GOBIERNO? | LAS FIJAS DE LAS ELECCIONES | HABLA GOOD,Todo Good,,2052.0,high_yield_channel,Todo Good,78,ACOSO_PERSONAL|AMENAZA_DIRECTA,2.16 chunks de daño por video en el corpus base,40
FX3WFbyN9wM,https://www.youtube.com/watch?v=FX3WFbyN9wM,Does Yonhy Lescano have the worst government plan? | Yonhy Lescano's government plan | Habla Good,Todo Good,,1290.0,high_yield_channel,Todo Good,79,ACOSO_PERSONAL|AMENAZA_DIRECTA,2.16 chunks de daño por video en el corpus base,40
eAtstRVLNL8,https://www.youtube.com/watch?v=eAtstRVLNL8,¿APOYARON LAS LEYES PRO CRIMEN? | PLAN DE GOBIERNO DE CESAR ACUÑA | HABLA GOOD,Todo Good,,1699.0,high_yield_channel,Todo Good,80,ACOSO_PERSONAL|AMENAZA_DIRECTA,2.16 chunks de daño por video en el corpus base,40
aygtcbpM4e8,https://www.youtube.com/watch?v=aygtcbpM4e8,ANALIZAMOS EL PLAN DE GOBIERNO DE UNIDAD NACIONAL | #LASFIJAS | HABLA GOOD,Todo Good,,1753.0,high_yield_channel,Todo Good,81,ACOSO_PERSONAL|AMENAZA_DIRECTA,2.16 chunks de daño por video en el corpus base,40
icfg-O_G0co,https://www.youtube.com/watch?v=icfg-O_G0co,¿RAFAEL LOPEZ ALIAGA TIENE EL PEOR PLAN DE GOBIERNO? | #LASFIJAS | HABLA GOOD,Todo Good,,2660.0,high_yield_channel,Todo Good,82,ACOSO_PERSONAL|AMENAZA_DIRECTA,2.16 chunks de daño por video en el corpus base,40
UGMBb7aKKMc,https://www.youtube.com/watch?v=UGMBb7aKKMc,Is Keiko Fujimori not even accepted by her daughter? | Keiko Fujimori's worst interview | Habla Good,Todo Good,,485.0,high_yield_channel,Todo Good,83,ACOSO_PERSONAL|AMENAZA_DIRECTA,2.16 chunks de daño por video en el corpus base,40
NPEW5IFIz0o,https://www.youtube.com/watch?v=NPEW5IFIz0o,Congress censures José Jerí | Who will be the new president? | Good speaks,Todo Good,,714.0,high_yield_channel,Todo Good,84,ACOSO_PERSONAL|AMENAZA_DIRECTA,2.16 chunks de daño por video en el corpus base,40
81iH9fPyKNI,https://www.youtube.com/watch?v=81iH9fPyKNI,Does Keiko admit to being pro-abortion? | Keiko Fujimori's worst interview | Habla Good,Todo Good,,620.0,high_yield_channel,Todo Good,85,ACOSO_PERSONAL|AMENAZA_DIRECTA,2.16 chunks de daño por video en el corpus base,40
mlOH0yLHOA0,https://www.youtube.com/watch?v=mlOH0yLHOA0,THE WORST VALENTINE'S DAY GIFTS | WHAT TO GIVE ON FEBRUARY 14TH? | OH MY GOOD,Todo Good,,1357.0,high_yield_channel,Todo Good,86,ACOSO_PERSONAL|AMENAZA_DIRECTA,2.16 chunks de daño por video en el corpus base,40
bpLxMlPs-2o,https://www.youtube.com/watch?v=bpLxMlPs-2o,LOPEZ ALIAGA OVERLOOKS WHAT MILAGROS JÁUREGUI DID | GOOD SPEAKS,Todo Good,,1260.0,high_yield_channel,Todo Good,87,ACOSO_PERSONAL|AMENAZA_DIRECTA,2.16 chunks de daño por video en el corpus base,40
50S0x6qZYtw,https://www.youtube.com/watch?v=50S0x6qZYtw,VILLAIN'S OPINION ON JOHANNA SAN MIGUEL | IS JOHANNA SAN MIGUEL TRANSGROSS? | OH MY GOOD,Todo Good,,2442.0,high_yield_channel,Todo Good,88,ACOSO_PERSONAL|AMENAZA_DIRECTA,2.16 chunks de daño por video en el corpus base,40
w2HfJ79sDVM,https://www.youtube.com/watch?v=w2HfJ79sDVM,TYPICAL COUPLE PROBLEMS | SPEAK GOOD,Todo Good,,871.0,high_yield_channel,Todo Good,89,ACOSO_PERSONAL|AMENAZA_DIRECTA,2.16 chunks de daño por video en el corpus base,40
EmE7oG8qj6g,https://www.youtube.com/watch?v=EmE7oG8qj6g,"IS ""LA NOCHE ES MÍA"" THE MOST FUNNY THING ON PERUVIAN TELEVISION? | SPEAK GOOD",Todo Good,,3128.0,high_yield_channel,Todo Good,90,ACOSO_PERSONAL|AMENAZA_DIRECTA,2.16 chunks de daño por video en el corpus base,40
Ak5wEdZy7-s,https://www.youtube.com/watch?v=Ak5wEdZy7-s,"José Jerí is the president with the most ""girlfriends"" in Peru | Good speaks",Todo Good,,777.0,high_yield_channel,Todo Good,91,ACOSO_PERSONAL|AMENAZA_DIRECTA,2.16 chunks de daño por video en el corpus base,40
YgxWiYhPqqs,https://www.youtube.com/watch?v=YgxWiYhPqqs,JOHANNA SAN MIGUEL AND HER COMMENTS ON SOCIAL MEDIA | Is she being canceled? | GOOD SPEAKS,Todo Good,,610.0,high_yield_channel,Todo Good,92,ACOSO_PERSONAL|AMENAZA_DIRECTA,2.16 chunks de daño por video en el corpus base,40
VshGuxDIofw,https://www.youtube.com/watch?v=VshGuxDIofw,CURWEN LLAMA A CARLITA PARA SABER QUE TANTO LA CONOCE | HABLA GOOD,Todo Good,,642.0,high_yield_channel,Todo Good,93,ACOSO_PERSONAL|AMENAZA_DIRECTA,2.16 chunks de daño por video en el corpus base,40
r85U-T98TCc,https://www.youtube.com/watch?v=r85U-T98TCc,Did Kunno not want to record with Vali? | Vali's stories in Mexico | Oh my goodness,Todo Good,,438.0,high_yield_channel,Todo Good,94,ACOSO_PERSONAL|AMENAZA_DIRECTA,2.16 chunks de daño por video en el corpus base,40
qnYjJjpUuM4,https://www.youtube.com/watch?v=qnYjJjpUuM4,HOW MUCH DOES A BOARD MEMBER EARN? | FURREY IS A BOARD MEMBER | GOOD SPEAKS,Todo Good,,451.0,high_yield_channel,Todo Good,95,ACOSO_PERSONAL|AMENAZA_DIRECTA,2.16 chunks de daño por video en el corpus base,40
N_V1MZ5yFQc,https://www.youtube.com/watch?v=N_V1MZ5yFQc,WHAT HAPPENED TO THE ALIANZA LIMA PLAYERS? | GOOD SPEAKS,Todo Good,,505.0,high_yield_channel,Todo Good,96,ACOSO_PERSONAL|AMENAZA_DIRECTA,2.16 chunks de daño por video en el corpus base,40
cq9lhKbdVWk,https://www.youtube.com/watch?v=cq9lhKbdVWk,Everything about Sergio Galliani's time in office: What really happened? | Good Talks,Todo Good,,820.0,high_yield_channel,Todo Good,97,ACOSO_PERSONAL|AMENAZA_DIRECTA,2.16 chunks de daño por video en el corpus base,40
qrM9mhjZhi4,https://www.youtube.com/watch?v=qrM9mhjZhi4,The Lies Keiko Fujimori Told | All About Keiko Fujimori's Interview | HABLA GOOD,Todo Good,,626.0,high_yield_channel,Todo Good,98,ACOSO_PERSONAL|AMENAZA_DIRECTA,2.16 chunks de daño por video en el corpus base,40
X4-PpcNsoWM,https://www.youtube.com/watch?v=X4-PpcNsoWM,What happened with José Domingo Pérez and the trial against Keiko Fujimori? | Good Speaks,Todo Good,,800.0,high_yield_channel,Todo Good,99,ACOSO_PERSONAL|AMENAZA_DIRECTA,2.16 chunks de daño por video en el corpus base,40
ew-NMGpJStE,https://www.youtube.com/watch?v=ew-NMGpJStE,"Alianza Lima suspends Trauco, Peña, and Zambrano | All about the Alianza Lima case | Good speaks",Todo Good,,620.0,high_yield_channel,Todo Good,100,ACOSO_PERSONAL|AMENAZA_DIRECTA,2.16 chunks de daño por video en el corpus base,40
j55tuwEUOuQ,https://www.youtube.com/watch?v=j55tuwEUOuQ,JOSÉ JERÍ HABRÍA MENTIDO SOBRE EMPRESARIO | ¿CENSURAN AL PRESIDENTE JERÍ? | HABLA GOOD,Todo Good,,602.0,high_yield_channel,Todo Good,101,ACOSO_PERSONAL|AMENAZA_DIRECTA,2.16 chunks de daño por video en el corpus base,40
mcHm5a9OCgo,https://www.youtube.com/watch?v=mcHm5a9OCgo,THE TRUE FACE OF ANGIKITTY? | NEW EVIDENCE REVEALED | OH MY GOOD,Todo Good,,594.0,high_yield_channel,Todo Good,102,ACOSO_PERSONAL|AMENAZA_DIRECTA,2.16 chunks de daño por video en el corpus base,40
pOYNTD4peAg,https://www.youtube.com/watch?v=pOYNTD4peAg,WHY DID JERÍ VISIT A CHINESE BUSINESSMAN? | VIDEO OF JOSE JERÍ IN A CHINESE STORE REVEALED | GOOD...,Todo Good,,1371.0,high_yield_channel,Todo Good,103,ACOSO_PERSONAL|AMENAZA_DIRECTA,2.16 chunks de daño por video en el corpus base,40
L0RUYwGehek,https://www.youtube.com/watch?v=L0RUYwGehek,IS CENTRAL WORTH EATING AT? | THE BEST RESTAURANT IN THE WORLD | OH MY GOOD,Todo Good,,1422.0,high_yield_channel,Todo Good,104,ACOSO_PERSONAL|AMENAZA_DIRECTA,2.16 chunks de daño por video en el corpus base,40
TXOph_6vw-g,https://www.youtube.com/watch?v=TXOph_6vw-g,WHERE WILL THE BTS CONCERT BE HELD? | IT WOULD COST MORE THAN A THOUSAND SOLES | GOOD SPEAKS,Todo Good,,774.0,high_yield_channel,Todo Good,105,ACOSO_PERSONAL|AMENAZA_DIRECTA,2.16 chunks de daño por video en el corpus base,40
0kgyuzfhKbM,https://www.youtube.com/watch?v=0kgyuzfhKbM,THE WORST RED FLAGS ON A MAN | DID I GET LOVE BOMBED? OH MY GOOD,Todo Good,,1066.0,high_yield_channel,Todo Good,106,ACOSO_PERSONAL|AMENAZA_DIRECTA,2.16 chunks de daño por video en el corpus base,40
ZEBHBl1MfNM,https://www.youtube.com/watch?v=ZEBHBl1MfNM,WHAT HAPPENED WITH CARLOS ESPÁ IN HIS INTERVIEW? | ESPÁ DEFENDS MONTOYA | GOOD SPEAKS,Todo Good,,520.0,high_yield_channel,Todo Good,107,ACOSO_PERSONAL|AMENAZA_DIRECTA,2.16 chunks de daño por video en el corpus base,40
kHuARUz3YWw,https://www.youtube.com/watch?v=kHuARUz3YWw,MY MOST EMBARRASSING MOMENT | OH MY GOOD,Todo Good,,571.0,high_yield_channel,Todo Good,108,ACOSO_PERSONAL|AMENAZA_DIRECTA,2.16 chunks de daño por video en el corpus base,40
3Kz8UHHcxH4,https://www.youtube.com/watch?v=3Kz8UHHcxH4,REWIND HABLA GOOD 2025 | TODO EL LORE DEL AÑO | Habla Good,Todo Good,,6173.0,high_yield_channel,Todo Good,109,ACOSO_PERSONAL|AMENAZA_DIRECTA,2.16 chunks de daño por video en el corpus base,40
7C8Aidff4-M,https://www.youtube.com/watch?v=7C8Aidff4-M,PHILLIP ARRASÓ CON CURWEN EN CRASH CAR | ¿PHILLIP SE QUEDÓ CON EL CANAL? | HABLA GOOD,Todo Good,,1391.0,high_yield_channel,Todo Good,110,ACOSO_PERSONAL|AMENAZA_DIRECTA,2.16 chunks de daño por video en el corpus base,40
Xj1sSvm1JaM,https://www.youtube.com/watch?v=Xj1sSvm1JaM,FURREY'S PACT WITH THE DEVIL,Todo Good,,153.0,high_yield_channel,Todo Good,111,ACOSO_PERSONAL|AMENAZA_DIRECTA,2.16 chunks de daño por video en el corpus base,40
SOMUrgHoGVQ,https://www.youtube.com/watch?v=SOMUrgHoGVQ,PHILLIP Y CURWEN APUESTAN PCHUJOY Y TODO GOOD | ¿QUIÉN GANARÁ EN CTR? | HABLA GOOD,Todo Good,,1534.0,high_yield_channel,Todo Good,112,ACOSO_PERSONAL|AMENAZA_DIRECTA,2.16 chunks de daño por video en el corpus base,40
7UDq3BDpoQY,https://www.youtube.com/watch?v=7UDq3BDpoQY,HOW MANY THOUSANDS OF DOLLARS DO REALITY TV STARS EARN? | THEY'RE BEING REPLACED BY INFLUENCERS |...,Todo Good,,556.0,high_yield_channel,Todo Good,113,ACOSO_PERSONAL|AMENAZA_DIRECTA,2.16 chunks de daño por video en el corpus base,40
AlXrm9fe-7M,https://www.youtube.com/watch?v=AlXrm9fe-7M,NUEVO FICHAJE EN GOOD FLORO,Todo Good,,63.0,high_yield_channel,Todo Good,114,ACOSO_PERSONAL|AMENAZA_DIRECTA,2.16 chunks de daño por video en el corpus base,40
_SeLiMEpX3g,https://www.youtube.com/watch?v=_SeLiMEpX3g,Are López Aliaga's proposals viable? | He wants to quadruple the pension for those over 65 | Good...,Todo Good,,670.0,high_yield_channel,Todo Good,115,ACOSO_PERSONAL|AMENAZA_DIRECTA,2.16 chunks de daño por video en el corpus base,40
ZJRDLPqqUs8,https://www.youtube.com/watch?v=ZJRDLPqqUs8,THE NEW ALL GOOD SHOW | OH MY GOOD,Todo Good,,120.0,high_yield_channel,Todo Good,116,ACOSO_PERSONAL|AMENAZA_DIRECTA,2.16 chunks de daño por video en el corpus base,40
WpoM5S6SQsY,https://www.youtube.com/watch?v=WpoM5S6SQsY,"My childhood friend scammed me | I don't trust anyone anymore | Speak up, good.",Todo Good,,644.0,high_yield_channel,Todo Good,117,ACOSO_PERSONAL|AMENAZA_DIRECTA,2.16 chunks de daño por video en el corpus base,40
zmPaz5iUNHk,https://www.youtube.com/watch?v=zmPaz5iUNHk,Congressman couldn't answer Fernando Llanos's question | New anti-influencer law? | Good speaks,Todo Good,,642.0,high_yield_channel,Todo Good,118,ACOSO_PERSONAL|AMENAZA_DIRECTA,2.16 chunks de daño por video en el corpus base,40
_WpVQ9I97FA,https://www.youtube.com/watch?v=_WpVQ9I97FA,Furrey is addicted to his cell phone | How much time do they spend on screens? | Speak Good,Todo Good,,695.0,high_yield_channel,Todo Good,119,ACOSO_PERSONAL|AMENAZA_DIRECTA,2.16 chunks de daño por video en el corpus base,40
c1kCBYk8jZU,https://www.youtube.com/watch?v=c1kCBYk8jZU,WILL NEW LAW CENSOR INFLUENCERS? | CONGRESS ATTACKS FREEDOM OF SPEECH | SPEAK GOOD,Todo Good,,602.0,high_yield_channel,Todo Good,120,ACOSO_PERSONAL|AMENAZA_DIRECTA,2.16 chunks de daño por video en el corpus base,40
jhp5MEBhSKs,https://www.youtube.com/watch?v=jhp5MEBhSKs,CLIP Largo Horizontal,Todo Good,,835.0,high_yield_channel,Todo Good,121,ACOSO_PERSONAL|AMENAZA_DIRECTA,2.16 chunks de daño por video en el corpus base,40
5h5jhxel8_c,https://www.youtube.com/watch?v=5h5jhxel8_c,CLIP Largo Horizontal 1,Todo Good,,768.0,high_yield_channel,Todo Good,122,ACOSO_PERSONAL|AMENAZA_DIRECTA,2.16 chunks de daño por video en el corpus base,40
xvfbIJZS9ow,https://www.youtube.com/watch?v=xvfbIJZS9ow,Did Luigi Carbajal record a podcast in a hotel? | Pelao takes us to a hotel | Habla Good,Todo Good,,701.0,high_yield_channel,Todo Good,123,ACOSO_PERSONAL|AMENAZA_DIRECTA,2.16 chunks de daño por video en el corpus base,40
F797vKtnyBQ,https://www.youtube.com/watch?v=F797vKtnyBQ,THE NEW STREAMING CHANNEL OF FORZA POPULAR | ROSANGELLA BARBARÁN ON STREAMING | SPEAK GOOD,Todo Good,,613.0,high_yield_channel,Todo Good,124,ACOSO_PERSONAL|AMENAZA_DIRECTA,2.16 chunks de daño por video en el corpus base,40
zZEUkCYkXQE,https://www.youtube.com/watch?v=zZEUkCYkXQE,THE BEST DISTRICT TO LIVE IN LIMA? | DO YOU PREFER TO RENT OR BUY A HOUSE? | SPEAK GOOD,Todo Good,,746.0,high_yield_channel,Todo Good,125,ACOSO_PERSONAL|AMENAZA_DIRECTA,2.16 chunks de daño por video en el corpus base,40
gFfdMKIzM0Q,https://www.youtube.com/watch?v=gFfdMKIzM0Q,"Does Paco Bazán owe alimony? | Paco Bazán apologizes for being ""taken out of context"" | HABLAGOOD",Todo Good,,756.0,high_yield_channel,Todo Good,126,ACOSO_PERSONAL|AMENAZA_DIRECTA,2.16 chunks de daño por video en el corpus base,40
JIEU34-6IgI,https://www.youtube.com/watch?v=JIEU34-6IgI,Naruto and Shikamaru are the best friends | Top Best Friends in Anime | Good Chan,Todo Good,,1024.0,high_yield_channel,Todo Good,127,ACOSO_PERSONAL|AMENAZA_DIRECTA,2.16 chunks de daño por video en el corpus base,40
vKcQkPdna1w,https://www.youtube.com/watch?v=vKcQkPdna1w,Social media users blame pedestrian | Accident in San Isidro | Good speaks,Todo Good,,624.0,high_yield_channel,Todo Good,128,ACOSO_PERSONAL|AMENAZA_DIRECTA,2.16 chunks de daño por video en el corpus base,40
Pzf631DfsbI,https://www.youtube.com/watch?v=Pzf631DfsbI,"I CAN'T LOVE HIM, I'M GOING TO BREAK UP WITH HIM | GOOD FLORO",Todo Good,,647.0,high_yield_channel,Todo Good,129,ACOSO_PERSONAL|AMENAZA_DIRECTA,2.16 chunks de daño por video en el corpus base,40
epmEhtJxxTg,https://www.youtube.com/watch?v=epmEhtJxxTg,I CAN'T STAND MY FUJIMORIST RELATIVE | GOOD FLORO,Todo Good,,401.0,high_yield_channel,Todo Good,130,ACOSO_PERSONAL|AMENAZA_DIRECTA,2.16 chunks de daño por video en el corpus base,40
YXE_YyJ5KUs,https://www.youtube.com/watch?v=YXE_YyJ5KUs,PELAO VS TONINO | WE PLAY PAINTBALL WITH OUR LITTLE GOOD GUYS | ALL GOOD,Todo Good,,518.0,high_yield_channel,Todo Good,131,ACOSO_PERSONAL|AMENAZA_DIRECTA,2.16 chunks de daño por video en el corpus base,40
DQC0z57GGCc,https://www.youtube.com/watch?v=DQC0z57GGCc,Was López Aliaga humiliated at CADE? | CADE debate on mining | Good speaks,Todo Good,,743.0,high_yield_channel,Todo Good,132,ACOSO_PERSONAL|AMENAZA_DIRECTA,2.16 chunks de daño por video en el corpus base,40
S5NpDdkw4Bw,https://www.youtube.com/watch?v=S5NpDdkw4Bw,Horizontal Length,Todo Good,,648.0,high_yield_channel,Todo Good,133,ACOSO_PERSONAL|AMENAZA_DIRECTA,2.16 chunks de daño por video en el corpus base,40
3qJqa7wkzsk,https://www.youtube.com/watch?v=3qJqa7wkzsk,Did Betsy Chavez dissolve the relationship between Mexico and Peru? | Good Speaks,Todo Good,,381.0,high_yield_channel,Todo Good,134,ACOSO_PERSONAL|AMENAZA_DIRECTA,2.16 chunks de daño por video en el corpus base,40
Fc8u_a7STEs,https://www.youtube.com/watch?v=Fc8u_a7STEs,The TikToker Who Scammed People Out of More Than 1 Million Soles | Chriss Vanger Case | Speaks Ou...,Todo Good,,1296.0,high_yield_channel,Todo Good,135,ACOSO_PERSONAL|AMENAZA_DIRECTA,2.16 chunks de daño por video en el corpus base,40
dg_5lMNn_0w,https://www.youtube.com/watch?v=dg_5lMNn_0w,Will Carlos Espá be President of Peru? | Best and Worst Presidential Candidates | Good Talks,Todo Good,,503.0,high_yield_channel,Todo Good,136,ACOSO_PERSONAL|AMENAZA_DIRECTA,2.16 chunks de daño por video en el corpus base,40
Quoz6O1QPd4,https://www.youtube.com/watch?v=Quoz6O1QPd4,Is Keiko to Blame for the RENIEC Leak? | Good Speaks,Todo Good,,464.0,high_yield_channel,Todo Good,137,ACOSO_PERSONAL|AMENAZA_DIRECTA,2.16 chunks de daño por video en el corpus base,40
OXtRj114gz0,https://www.youtube.com/watch?v=OXtRj114gz0,PATRICIA CHIRINOS IN THE VALUE OF TRUTH | The WORST THING ABOUT PERU'S CONGRESS? | GOOD SPEAKS,Todo Good,,713.0,high_yield_channel,Todo Good,138,ACOSO_PERSONAL|AMENAZA_DIRECTA,2.16 chunks de daño por video en el corpus base,40
aIfl2F4W1Z8,https://www.youtube.com/watch?v=aIfl2F4W1Z8,CURWEN WILL MARRY CARLITA | He went all the way to PUNTA CANA to ASK FOR HER HAND | GOOD SPEAKS,Todo Good,,526.0,high_yield_channel,Todo Good,139,ACOSO_PERSONAL|AMENAZA_DIRECTA,2.16 chunks de daño por video en el corpus base,40
yXJQf_npJho,https://www.youtube.com/watch?v=yXJQf_npJho,POLICE ATTACK ON THE MARCHES | What HAPPENED AT THE MARCH IN PERU? | GOOD SPEAKS,Todo Good,,1324.0,high_yield_channel,Todo Good,140,ACOSO_PERSONAL|AMENAZA_DIRECTA,2.16 chunks de daño por video en el corpus base,40
LMIRvaLJWRU,https://www.youtube.com/watch?v=LMIRvaLJWRU,Does José Jeri just want to look good on camera? | Good says.,Todo Good,,1160.0,high_yield_channel,Todo Good,141,ACOSO_PERSONAL|AMENAZA_DIRECTA,2.16 chunks de daño por video en el corpus base,40
AxyDUkn1uPg,https://www.youtube.com/watch?v=AxyDUkn1uPg,LOPEZ ALIAGA IS RUNNING FOR PRESIDENCY | HABLAGOOD,Todo Good,,1193.0,high_yield_channel,Todo Good,142,ACOSO_PERSONAL|AMENAZA_DIRECTA,2.16 chunks de daño por video en el corpus base,40
jfK008pbqos,https://www.youtube.com/watch?v=jfK008pbqos,WHO IS JOSÉ JERÍ? | PERU'S WORST PRESIDENT? | GOOD SPEAKS,Todo Good,,1311.0,high_yield_channel,Todo Good,143,ACOSO_PERSONAL|AMENAZA_DIRECTA,2.16 chunks de daño por video en el corpus base,40
nJHyDzkFcUo,https://www.youtube.com/watch?v=nJHyDzkFcUo,Is Dina Boluarte resigning from the presidency? | Did Dina just flee the country? | Good speaks,Todo Good,,2156.0,high_yield_channel,Todo Good,144,ACOSO_PERSONAL|AMENAZA_DIRECTA,2.16 chunks de daño por video en el corpus base,40
mRjNClmawyw,https://www.youtube.com/watch?v=mRjNClmawyw,WHAT HAPPENED TO ZACATV? | Curwen weighs in on the ZACATV controversy | GOOD TALKS,Todo Good,,988.0,high_yield_channel,Todo Good,145,ACOSO_PERSONAL|AMENAZA_DIRECTA,2.16 chunks de daño por video en el corpus base,40
QjE57t2v-h8,https://www.youtube.com/watch?v=QjE57t2v-h8,POLICE DOESN'T PAY 2 SOLES FOR THEIR TRIP | What happened during the TRANSPORTERS' STRIKE? | GOOD...,Todo Good,,1169.0,high_yield_channel,Todo Good,146,ACOSO_PERSONAL|AMENAZA_DIRECTA,2.16 chunks de daño por video en el corpus base,40
Y9pCD46BPpA,https://www.youtube.com/watch?v=Y9pCD46BPpA,CURWEN wants to be a member of Congress | Will he be part of VIZCARRA's party? | GOOD SPEAKS,Todo Good,,1188.0,high_yield_channel,Todo Good,147,ACOSO_PERSONAL|AMENAZA_DIRECTA,2.16 chunks de daño por video en el corpus base,40
KE1VEc0wLBc,https://www.youtube.com/watch?v=KE1VEc0wLBc,Furrey Goes Peruvian | Peruvian Identity Test | Speak Good,Todo Good,,1301.0,high_yield_channel,Todo Good,148,ACOSO_PERSONAL|AMENAZA_DIRECTA,2.16 chunks de daño por video en el corpus base,40
sBZTjJPNCE4,https://www.youtube.com/watch?v=sBZTjJPNCE4,Were the Peruvian police helping the Monster? | The Monster Captured in Paraguay | Good Says,Todo Good,,570.0,high_yield_channel,Todo Good,149,ACOSO_PERSONAL|AMENAZA_DIRECTA,2.16 chunks de daño por video en el corpus base,40
UndXvWXknKE,https://www.youtube.com/watch?v=UndXvWXknKE,Porky doesn't want to be mayor anymore? | Can Rafael Lopez Aliaga be president? | Good speaks,Todo Good,,377.0,high_yield_channel,Todo Good,150,ACOSO_PERSONAL|AMENAZA_DIRECTA,2.16 chunks de daño por video en el corpus base,40
ovQvtCNccHA,https://www.youtube.com/watch?v=ovQvtCNccHA,METROPOLITAN GIRL DENOUNCED BY THE MINISTRY | GOOD SPEAKS,Todo Good,,664.0,high_yield_channel,Todo Good,151,ACOSO_PERSONAL|AMENAZA_DIRECTA,2.16 chunks de daño por video en el corpus base,40
kvuNm1xK-ss,https://www.youtube.com/watch?v=kvuNm1xK-ss,I TOOK V3NG4NZA BECAUSE OF MY FRIEND | DATING APP STORIES | GOOD FLORO PREMIUM,Todo Good,,871.0,high_yield_channel,Todo Good,152,ACOSO_PERSONAL|AMENAZA_DIRECTA,2.16 chunks de daño por video en el corpus base,40
nc9LnEYWW3g,https://www.youtube.com/watch?v=nc9LnEYWW3g,What happened to the mayor of Barranco? | The mayor goes on vacation with our money | Good speaks,Todo Good,,433.0,high_yield_channel,Todo Good,153,ACOSO_PERSONAL|AMENAZA_DIRECTA,2.16 chunks de daño por video en el corpus base,40
tCp4nIVSnng,https://www.youtube.com/watch?v=tCp4nIVSnng,THE MARCH AGAINST CONGRESS AND THE AFP | ARE THE CARTOONS THE ENEMIES? | GOOD SPEAKS,Todo Good,,1791.0,high_yield_channel,Todo Good,154,ACOSO_PERSONAL|AMENAZA_DIRECTA,2.16 chunks de daño por video en el corpus base,40
eQ4sEz9Zy_k,https://www.youtube.com/watch?v=eQ4sEz9Zy_k,WAS I A PRESIDENT'S LOVER? | THE MYSTERY MOTORCYCLE MAN? | GOOD FLORO,Todo Good,,257.0,high_yield_channel,Todo Good,155,ACOSO_PERSONAL|AMENAZA_DIRECTA,2.16 chunks de daño por video en el corpus base,40
DOL172i7Ugo,https://www.youtube.com/watch?v=DOL172i7Ugo,How much did CHALASOR make as a pro player? | Does SCOFIELD still want to win a TI? | GOOD SPEAKS,Todo Good,,1824.0,high_yield_channel,Todo Good,156,ACOSO_PERSONAL|AMENAZA_DIRECTA,2.16 chunks de daño por video en el corpus base,40
NB3b9HpPmDI,https://www.youtube.com/watch?v=NB3b9HpPmDI,Shouldn't Philip Butters be President? | President without an education? | Good speaks,Todo Good,,1277.0,high_yield_channel,Todo Good,157,ACOSO_PERSONAL|AMENAZA_DIRECTA,2.16 chunks de daño por video en el corpus base,40
MbTk6itcyGM,https://www.youtube.com/watch?v=MbTk6itcyGM,Do KEIKO and FUERZA POPULAR want to KEEP your AFP? | CURWEN explains the MARCHES | GOOD SPEAKS,Todo Good,,1166.0,high_yield_channel,Todo Good,158,ACOSO_PERSONAL|AMENAZA_DIRECTA,2.16 chunks de daño por video en el corpus base,40
IjHGpHeWl1I,https://www.youtube.com/watch?v=IjHGpHeWl1I,TOP 10 TERRIFYING CREEPY PASTA | TALK GOOD,Todo Good,,1105.0,high_yield_channel,Todo Good,159,ACOSO_PERSONAL|AMENAZA_DIRECTA,2.16 chunks de daño por video en el corpus base,40
KI8QQ1c1fEY,https://www.youtube.com/watch?v=KI8QQ1c1fEY,WE RESPOND TO THE DRIVER AND THE LAWYER IN THE FURREY CASE | Furrey's Lawyer Tells All | GOOD SPEAKS,Todo Good,,1014.0,high_yield_channel,Todo Good,160,ACOSO_PERSONAL|AMENAZA_DIRECTA,2.16 chunks de daño por video en el corpus base,40
ahvFnEAJYCk,https://www.youtube.com/watch?v=ahvFnEAJYCk,FAREWELL TO JAIME CHINCHA | Curwen offers a few words by Jaime Chincha | SPEAKS GOOD,Todo Good,,504.0,high_yield_channel,Todo Good,161,ACOSO_PERSONAL|AMENAZA_DIRECTA,2.16 chunks de daño por video en el corpus base,40
aAJveVY0mk8,https://www.youtube.com/watch?v=aAJveVY0mk8,"IS THE NEW AFP LAW GOOD FOR US? | ""THEY HAVE KIDNAPPED OUR MONEY"" | SPEAKS GOOD",Todo Good,,1654.0,high_yield_channel,Todo Good,162,ACOSO_PERSONAL|AMENAZA_DIRECTA,2.16 chunks de daño por video en el corpus base,40
sXJ5tt3aIrY,https://www.youtube.com/watch?v=sXJ5tt3aIrY,Furrey's backpack was stolen in his accident | Furrey tells all | Good talks,Todo Good,,1061.0,high_yield_channel,Todo Good,163,ACOSO_PERSONAL|AMENAZA_DIRECTA,2.16 chunks de daño por video en el corpus base,40
FCKxJRNGX9g,https://www.youtube.com/watch?v=FCKxJRNGX9g,Is the Singrid Bill Worth It? | Is the Law Against Millionaires in Peru? | Good Says,Todo Good,,737.0,high_yield_channel,Todo Good,164,ACOSO_PERSONAL|AMENAZA_DIRECTA,2.16 chunks de daño por video en el corpus base,40
xuAOI9a7N5Q,https://www.youtube.com/watch?v=xuAOI9a7N5Q,Jorge Luna donated money for the Benjadoes movie | Did Jorge Luna save the movie? | Good speaks,Todo Good,,2083.0,high_yield_channel,Todo Good,165,ACOSO_PERSONAL|AMENAZA_DIRECTA,2.16 chunks de daño por video en el corpus base,40
WQo6Qba1ViQ,https://www.youtube.com/watch?v=WQo6Qba1ViQ,Best moments from the BEYBLADE TOURNAMENT | GOOD TALKS,Todo Good,,982.0,high_yield_channel,Todo Good,166,ACOSO_PERSONAL|AMENAZA_DIRECTA,2.16 chunks de daño por video en el corpus base,40
9v0fiizR7QA,https://www.youtube.com/watch?v=9v0fiizR7QA,What happened in the U DE CHILE vs. INDEPENDIENTE match? | TRAGEDY in soccer | GOOD SPEAKS,Todo Good,,603.0,high_yield_channel,Todo Good,167,ACOSO_PERSONAL|AMENAZA_DIRECTA,2.16 chunks de daño por video en el corpus base,40
0QoY3ptGt5k,https://www.youtube.com/watch?v=0QoY3ptGt5k,CURWEN gives his opinion on LOCOS DE AMOR | The WORST MOVIE in PERU? | GOOD SPEAKS,Todo Good,,1501.0,high_yield_channel,Todo Good,168,ACOSO_PERSONAL|AMENAZA_DIRECTA,2.16 chunks de daño por video en el corpus base,40
z3bAKqHpKs0,https://www.youtube.com/watch?v=z3bAKqHpKs0,Did Professor SMASH hate KINGTEKA? | What happened to the novel with Sandra Skins? | GOOD SPEAKS,Todo Good,,1728.0,high_yield_channel,Todo Good,169,ACOSO_PERSONAL|AMENAZA_DIRECTA,2.16 chunks de daño por video en el corpus base,40
RRw8QgPEu88,https://www.youtube.com/watch?v=RRw8QgPEu88,Peruvian police want luxury Audi cars | Curwen explains the controversy with the PNP | Good speaks,Todo Good,,643.0,high_yield_channel,Todo Good,170,ACOSO_PERSONAL|AMENAZA_DIRECTA,2.16 chunks de daño por video en el corpus base,40
JWpPIkwjrB0,https://www.youtube.com/watch?v=JWpPIkwjrB0,Does Lizeth Atoccsa not deserve her scholarship? | Controversy over Who deserves a scholarship in...,Todo Good,,613.0,high_yield_channel,Todo Good,171,ACOSO_PERSONAL|AMENAZA_DIRECTA,2.16 chunks de daño por video en el corpus base,40
T6tUSXvKWmw,https://www.youtube.com/watch?v=T6tUSXvKWmw,THE CRAZY PILL HACKED | What happened to THE HOUSE OF THE SPECIALS? | GOOD SPEAKS,Todo Good,,655.0,high_yield_channel,Todo Good,172,ACOSO_PERSONAL|AMENAZA_DIRECTA,2.16 chunks de daño por video en el corpus base,40
Gx80nai7OuE,https://www.youtube.com/watch?v=Gx80nai7OuE,"What happened to Mayimbu's $80,000? | Crazy Pill talks about Mayimbu | GOOD TALKS",Todo Good,,659.0,high_yield_channel,Todo Good,173,ACOSO_PERSONAL|AMENAZA_DIRECTA,2.16 chunks de daño por video en el corpus base,40
A1oA8mGcstQ,https://www.youtube.com/watch?v=A1oA8mGcstQ,PERÚ es EL PAÍS MENOS PATRIOTA de LATAM | ¿Los PERUANOS son ACOMPLEJADOS? | HABLA GOOD,Todo Good,,832.0,high_yield_channel,Todo Good,174,ACOSO_PERSONAL|AMENAZA_DIRECTA,2.16 chunks de daño por video en el corpus base,40
b5_FmSk554A,https://www.youtube.com/watch?v=b5_FmSk554A,The End of Slaves in Talking Bullshit | Jorge Luna Doesn't Want More Slaves | Talk Good,Todo Good,,809.0,high_yield_channel,Todo Good,175,ACOSO_PERSONAL|AMENAZA_DIRECTA,2.16 chunks de daño por video en el corpus base,40
LzBRP18o_EI,https://www.youtube.com/watch?v=LzBRP18o_EI,JORGE LUNA: THE FUTURE of TALKING BULLSHIT... | What's next after MADISON? | TALK GOOD,Todo Good,,859.0,high_yield_channel,Todo Good,176,ACOSO_PERSONAL|AMENAZA_DIRECTA,2.16 chunks de daño por video en el corpus base,40
OvcvDfmA2UU,https://www.youtube.com/watch?v=OvcvDfmA2UU,JORGE LUNA CONGRATULATES PELAO ON HIS CIRCUS | Pelao EXPLAINS WHAT HAPPENED TO THE CHANNEL? | GOO...,Todo Good,,717.0,high_yield_channel,Todo Good,177,ACOSO_PERSONAL|AMENAZA_DIRECTA,2.16 chunks de daño por video en el corpus base,40
m3FlztrSS8w,https://www.youtube.com/watch?v=m3FlztrSS8w,Furrey's Attorney Responds to New Statements | Furrey Case Update | Good Says,Todo Good,,1850.0,high_yield_channel,Todo Good,178,ACOSO_PERSONAL|AMENAZA_DIRECTA,2.16 chunks de daño por video en el corpus base,40
dCyQeYFPZdI,https://www.youtube.com/watch?v=dCyQeYFPZdI,Is Mario Irivarren being persecuted by the Magpies? | Magaly TV answers Mario | Good speaks,Todo Good,,652.0,high_yield_channel,Todo Good,179,ACOSO_PERSONAL|AMENAZA_DIRECTA,2.16 chunks de daño por video en el corpus base,40
lPDguccoShU,https://www.youtube.com/watch?v=lPDguccoShU,MAGALY MEDINA vs. DIEALIS and LOS STREAMERS | PELAO RESPONDS to MAGALY | GOOD SPEAKS,Todo Good,,1296.0,high_yield_channel,Todo Good,180,ACOSO_PERSONAL|AMENAZA_DIRECTA,2.16 chunks de daño por video en el corpus base,40
pNge8RMXu-8,https://www.youtube.com/watch?v=pNge8RMXu-8,WHY WAS THEY GIVEN 6 MONTHS OF PREVENTIVE DETENTION? | LAWYER EXPLAINS THE FURREY CASE | GOOD SPEAKS,Todo Good,,1161.0,high_yield_channel,Todo Good,181,ACOSO_PERSONAL|AMENAZA_DIRECTA,2.16 chunks de daño por video en el corpus base,40
gSS2a7sYmcU,https://www.youtube.com/watch?v=gSS2a7sYmcU,We Demand Justice for Furrey | Furrey Case Update | Attorney Testifies | Good Says,Todo Good,,528.0,high_yield_channel,Todo Good,182,ACOSO_PERSONAL|AMENAZA_DIRECTA,2.16 chunks de daño por video en el corpus base,40
tAa56xewTrs,https://www.youtube.com/watch?v=tAa56xewTrs,HABLA BOT EL PRIMER SHOW DE BOTS EN VIVO | HABLA GOOD,Todo Good,,6023.0,high_yield_channel,Todo Good,183,ACOSO_PERSONAL|AMENAZA_DIRECTA,2.16 chunks de daño por video en el corpus base,40
Rq_gj1uXEIo,https://www.youtube.com/watch?v=Rq_gj1uXEIo,"Why was Luisito Comunica FUNERALIZED? | What happened at the march ""against"" Luisito? | Good speaks",Todo Good,,772.0,high_yield_channel,Todo Good,184,ACOSO_PERSONAL|AMENAZA_DIRECTA,2.16 chunks de daño por video en el corpus base,40
kruM607pWPY,https://www.youtube.com/watch?v=kruM607pWPY,NICOLA PORCELLA CAN'T ACT? | Nicola Porcella responds to Jely Reategui | Good Talks,Todo Good,,587.0,high_yield_channel,Todo Good,185,ACOSO_PERSONAL|AMENAZA_DIRECTA,2.16 chunks de daño por video en el corpus base,40
qHIucWNwy2o,https://www.youtube.com/watch?v=qHIucWNwy2o,WAS FARID ODE AGGRESSIVE? | FARID ODE GETS IN THE STREET | GOOD SPEAKS,Todo Good,,616.0,high_yield_channel,Todo Good,186,ACOSO_PERSONAL|AMENAZA_DIRECTA,2.16 chunks de daño por video en el corpus base,40
t-fLfkk8p1o,https://www.youtube.com/watch?v=t-fLfkk8p1o,WILL AI REPLACE US? | NEW UNEMPLOYMENT ALERT? | GOOD SPEAKS,Todo Good,,1049.0,high_yield_channel,Todo Good,187,ACOSO_PERSONAL|AMENAZA_DIRECTA,2.16 chunks de daño por video en el corpus base,40
KzGLRu1g7tk,https://www.youtube.com/watch?v=KzGLRu1g7tk,WHY IS PPK IN PRISON? | PEDRO PABLO KUCZYNSKI: HOW DID HE BECOME PRESIDENT? | GOOD SPEAKS,Todo Good,,592.0,high_yield_channel,Todo Good,188,ACOSO_PERSONAL|AMENAZA_DIRECTA,2.16 chunks de daño por video en el corpus base,40
cx3SAYmWLQk,https://www.youtube.com/watch?v=cx3SAYmWLQk,CHUPETIN TRUJILLO MAKES LIVE CALLS | MEET THE UNFILTERED GIRL | SPEAKS GOOD,Todo Good,,1106.0,high_yield_channel,Todo Good,189,ACOSO_PERSONAL|AMENAZA_DIRECTA,2.16 chunks de daño por video en el corpus base,40
a8ikV3wITy0,https://www.youtube.com/watch?v=a8ikV3wITy0,THE COMPLETE STORY OF CHUPETIN TRUJILLO | GOOD SPEAKS,Todo Good,,2685.0,high_yield_channel,Todo Good,190,ACOSO_PERSONAL|AMENAZA_DIRECTA,2.16 chunks de daño por video en el corpus base,40
8Q5Svil3OCw,https://www.youtube.com/watch?v=8Q5Svil3OCw,ALL ABOUT PATRICIA BENAVIDES | USURPATION OF POWERS? | GOOD SPEAKS,Todo Good,,655.0,high_yield_channel,Todo Good,191,ACOSO_PERSONAL|AMENAZA_DIRECTA,2.16 chunks de daño por video en el corpus base,40
jldgnSx1KBE,https://www.youtube.com/watch?v=jldgnSx1KBE,WHO ARE THE CARTOONS? | SIDERAL DEFENDS THE BABY ARMY | MUSTACHO CODE | GOOD SPEAKS,Todo Good,,663.0,high_yield_channel,Todo Good,192,ACOSO_PERSONAL|AMENAZA_DIRECTA,2.16 chunks de daño por video en el corpus base,40
c9hiG4cLmhM,https://www.youtube.com/watch?v=c9hiG4cLmhM,GOOD FLORO EN EL TEATRO | CUMPLIMOS EL SUEÑO DEL PELAO | GOOD FLORO PREMIUM,Todo Good,,7607.0,high_yield_channel,Todo Good,193,ACOSO_PERSONAL|AMENAZA_DIRECTA,2.16 chunks de daño por video en el corpus base,40
cBc2ghu7-FQ,https://www.youtube.com/watch?v=cBc2ghu7-FQ,Did Phillip Butters lose his temper during an interview? #podcast #streaming #hablagood #phillipb...,Todo Good,,470.0,high_yield_channel,Todo Good,194,ACOSO_PERSONAL|AMENAZA_DIRECTA,2.16 chunks de daño por video en el corpus base,40
MGGj0nMzGFg,https://www.youtube.com/watch?v=MGGj0nMzGFg,Is Magaly Plagiarizing? | Curwen Defends Chiquiwilo | Good Says,Todo Good,,616.0,high_yield_channel,Todo Good,195,ACOSO_PERSONAL|AMENAZA_DIRECTA,2.16 chunks de daño por video en el corpus base,40
DhGOOjMzbJI,https://www.youtube.com/watch?v=DhGOOjMzbJI,IS CHOLOMENA N3CR0F1L1C0? | THE WORST DETONATION OF TUNA | GOOD FLORO PREMIUM,Todo Good,,1303.0,high_yield_channel,Todo Good,196,ACOSO_PERSONAL|AMENAZA_DIRECTA,2.16 chunks de daño por video en el corpus base,40
cqEnaH06XBQ,https://www.youtube.com/watch?v=cqEnaH06XBQ,"JOSEMA ""THERE ARE PEOPLE WHO DON'T TAKE ME SERIOUSLY"" | COMEDY IN SHORT PEOPLE | All Good",Todo Good,,3332.0,high_yield_channel,Todo Good,197,ACOSO_PERSONAL|AMENAZA_DIRECTA,2.16 chunks de daño por video en el corpus base,40
rI98SHOXM3E,https://www.youtube.com/watch?v=rI98SHOXM3E,ADOLFO AGUILAR: WHAT DOES HE THINK ABOUT ROYALTIES? | “I WAS ONCE UNFAITHFUL” | Todo Good,Todo Good,,3420.0,high_yield_channel,Todo Good,198,ACOSO_PERSONAL|AMENAZA_DIRECTA,2.16 chunks de daño por video en el corpus base,40
XYmVmFgZNw4,https://www.youtube.com/watch?v=XYmVmFgZNw4,STONER LAWYER: ¿La JUSTICIA es solo PARA BLANCOS? | ¿Seguirá en PITUCOS MARRONES? | Todo Good,Todo Good,,7328.0,high_yield_channel,Todo Good,199,ACOSO_PERSONAL|AMENAZA_DIRECTA,2.16 chunks de daño por video en el corpus base,40
UB_qjtcLjFg,https://www.youtube.com/watch?v=UB_qjtcLjFg,SUEMI LAURA CHANG ¿Se QUEDARÁ en ZALO? | ¿ME PELEARÉ CON LAURA SPOYA? | TODO GOOD,Todo Good,,5030.0,high_yield_channel,Todo Good,200,ACOSO_PERSONAL|AMENAZA_DIRECTA,2.16 chunks de daño por video en el corpus base,40
jTNO0AGnzRQ,https://www.youtube.com/watch?v=jTNO0AGnzRQ,Todo Good's NEW SIGNINGS,Todo Good,,364.0,high_yield_channel,Todo Good,201,ACOSO_PERSONAL|AMENAZA_DIRECTA,2.16 chunks de daño por video en el corpus base,40
IL25XopySE8,https://www.youtube.com/watch?v=IL25XopySE8,"LALITOVFX ""MARIO IRIVARREN FUE MI ALUMNO"" | ME AMENAZARON DE MUERTE | TODO GOOD",Todo Good,,4601.0,high_yield_channel,Todo Good,202,ACOSO_PERSONAL|AMENAZA_DIRECTA,2.16 chunks de daño por video en el corpus base,40
71rt1-L5XJ4,https://www.youtube.com/watch?v=71rt1-L5XJ4,¿TODO QUEDA ENTRE PRIMOS? | CONFESIONARIO SIN CENSURA | GOOD FLORO PREMIUM,Todo Good,,420.0,high_yield_channel,Todo Good,203,ACOSO_PERSONAL|AMENAZA_DIRECTA,2.16 chunks de daño por video en el corpus base,40
_JB_xnaw6k4,https://www.youtube.com/watch?v=_JB_xnaw6k4,JOB MANSILLA ¿SUPERÉ A RICARDO MENDOZA? | HAY COMEDIANTES QUE NO SON GRACIOSOS | TODO GOOD,Todo Good,,6658.0,high_yield_channel,Todo Good,204,ACOSO_PERSONAL|AMENAZA_DIRECTA,2.16 chunks de daño por video en el corpus base,40
mPS58yixVJw,https://www.youtube.com/watch?v=mPS58yixVJw,EL BUEN LIBRERO ¡NADIE QUIERE VER CULTURA EN EL PERÚ!| EL ORIGEN DE DUDAS ETERNAS | TODO GOOD,Todo Good,,6874.0,high_yield_channel,Todo Good,205,ACOSO_PERSONAL|AMENAZA_DIRECTA,2.16 chunks de daño por video en el corpus base,40
7fUOggXnuNA,https://www.youtube.com/watch?v=7fUOggXnuNA,EZIO CONFIESA UN DELITO | Good Floro Premium,Todo Good,,1573.0,high_yield_channel,Todo Good,206,ACOSO_PERSONAL|AMENAZA_DIRECTA,2.16 chunks de daño por video en el corpus base,40
1Px4grWz_gw,https://www.youtube.com/watch?v=1Px4grWz_gw,KIWI Do they hate me for rating outfits? | Next soap opera actor? | All good,Todo Good,,3943.0,high_yield_channel,Todo Good,207,ACOSO_PERSONAL|AMENAZA_DIRECTA,2.16 chunks de daño por video en el corpus base,40
avgqpsN8amo,https://www.youtube.com/watch?v=avgqpsN8amo,¿EL FIN DE LAS ENTREVISTAS? | ¿LA CIRUGÍA DE FURREY PUEDE ACABAR MAL? | TODO BAD,Todo Good,,3641.0,high_yield_channel,Todo Good,208,ACOSO_PERSONAL|AMENAZA_DIRECTA,2.16 chunks de daño por video en el corpus base,40
0E2RSmasoow,https://www.youtube.com/watch?v=0E2RSmasoow,MILENA WARTHON sobre EL HATE en REDES | TODO GOOD,Todo Good,,6337.0,high_yield_channel,Todo Good,209,ACOSO_PERSONAL|AMENAZA_DIRECTA,2.16 chunks de daño por video en el corpus base,40
XudhZz6evWc,https://www.youtube.com/watch?v=XudhZz6evWc,ALE MOREY ¡El LADO OSCURO del BALLET! | EL EGO DE LOS INFLUENCERS | Todo Good,Todo Good,,5215.0,high_yield_channel,Todo Good,210,ACOSO_PERSONAL|AMENAZA_DIRECTA,2.16 chunks de daño por video en el corpus base,40
dzVGh7YAuh4,https://www.youtube.com/watch?v=dzVGh7YAuh4,CRIES IN QUECHUA ¿Cómo tener AMOR PROPIO? | TACORA SE HA VUELTO PITUCO | Todo Good,Todo Good,,5997.0,high_yield_channel,Todo Good,211,ACOSO_PERSONAL|AMENAZA_DIRECTA,2.16 chunks de daño por video en el corpus base,40
kwSkZ_kFc0E,https://www.youtube.com/watch?v=kwSkZ_kFc0E,OSCAR TITO: Is it HARD being a GAY COMEDIAN? | The KEY to GREAT ADVERTISING | Todo Good,Todo Good,,3932.0,high_yield_channel,Todo Good,212,ACOSO_PERSONAL|AMENAZA_DIRECTA,2.16 chunks de daño por video en el corpus base,40
ZskYUlyQxXc,https://www.youtube.com/watch?v=ZskYUlyQxXc,JELY REÁTEGUI ¿Se ACABÓ EL SHOW DE LARRY? | Lo MÁS DIFÍCIL de EL GRAN CHEF FAMOSOS | Todo Good,Todo Good,,4021.0,high_yield_channel,Todo Good,213,ACOSO_PERSONAL|AMENAZA_DIRECTA,2.16 chunks de daño por video en el corpus base,40
7_1ZUmK2y2I,https://www.youtube.com/watch?v=7_1ZUmK2y2I,"BACKSTAGE ""The BIRTH of GOOD TIME"" | All Good",Todo Good,,981.0,high_yield_channel,Todo Good,214,ACOSO_PERSONAL|AMENAZA_DIRECTA,2.16 chunks de daño por video en el corpus base,40
_IHsYSUb7Ck,https://www.youtube.com/watch?v=_IHsYSUb7Ck,ASTROCARLA ¿CUÁNTO GANA UN CIENTÍFICO EN EL PERÚ? | ¿HAY PREJUICIOS en la CIENCIA? | TODO GOOD,Todo Good,,3907.0,high_yield_channel,Todo Good,215,ACOSO_PERSONAL|AMENAZA_DIRECTA,2.16 chunks de daño por video en el corpus base,40
_oqq-3KV6bw,https://www.youtube.com/watch?v=_oqq-3KV6bw,Is Daniel Bonifaz a Leader? | The Secret to Starting a Business in Peru | Todo Good,Todo Good,,4537.0,high_yield_channel,Todo Good,216,ACOSO_PERSONAL|AMENAZA_DIRECTA,2.16 chunks de daño por video en el corpus base,40
-YWPUvpL5MA,https://www.youtube.com/watch?v=-YWPUvpL5MA,REWIND SPEAK GOOD 2024 | COMPLETE LORE SPEAK GOOD | Speak Good,Todo Good,,1536.0,high_yield_channel,Todo Good,217,ACOSO_PERSONAL|AMENAZA_DIRECTA,2.16 chunks de daño por video en el corpus base,40
eHeLDin-Ofw,https://www.youtube.com/watch?v=eHeLDin-Ofw,EL CHOLOMENA  ¿QUEBRÓ su CHIFA? | El PEOR ENEMIGO de un PERUANO es OTRO PERUANO | Todo Good,Todo Good,,4369.0,high_yield_channel,Todo Good,218,ACOSO_PERSONAL|AMENAZA_DIRECTA,2.16 chunks de daño por video en el corpus base,40
6R-xVEcavBg,https://www.youtube.com/watch?v=6R-xVEcavBg,"LAUGAMER ¿La NOVELA con IWO TERMINÓ? | La COMUNIDAD DOTERA | ""PERÚ es CLAVE"" | Todo Good",Todo Good,,3578.0,high_yield_channel,Todo Good,219,ACOSO_PERSONAL|AMENAZA_DIRECTA,2.16 chunks de daño por video en el corpus base,40
BSXJfi43Qnw,https://www.youtube.com/watch?v=BSXJfi43Qnw,"MARIO IRIVARREN ""Mis CIRUGIAS salieron MAL"" | De ESTO ES GUERRA a GOOD TIME |IRRIFACTOS| Todo Good",Todo Good,,4059.0,high_yield_channel,Todo Good,220,ACOSO_PERSONAL|AMENAZA_DIRECTA,2.16 chunks de daño por video en el corpus base,40
Afr8SCr5PNM,https://www.youtube.com/watch?v=Afr8SCr5PNM,"LAURA SPOYA ""El lado OSCURO del MISS PERÚ"" | De MODELO a conductora de GOOD TIME | Todo Good",Todo Good,,3946.0,high_yield_channel,Todo Good,221,ACOSO_PERSONAL|AMENAZA_DIRECTA,2.16 chunks de daño por video en el corpus base,40
WTGU_jEnHXs,https://www.youtube.com/watch?v=WTGU_jEnHXs,A NEW SHOW IS BORN AT ALL GOOD | THE BIRTH OF GOOD TIME | Good Time,Todo Good,,153.0,high_yield_channel,Todo Good,222,ACOSO_PERSONAL|AMENAZA_DIRECTA,2.16 chunks de daño por video en el corpus base,40
N_nkCv-eCkA,https://www.youtube.com/watch?v=N_nkCv-eCkA,PORRO QUE LADRA ¿EL FIN DE PITUCOS MARRONES? | ¿CINESMERO ES UN PERSONAJE? | Todo Good,Todo Good,,6912.0,high_yield_channel,Todo Good,223,ACOSO_PERSONAL|AMENAZA_DIRECTA,2.16 chunks de daño por video en el corpus base,40
kjD3yNEv2z4,https://www.youtube.com/watch?v=kjD3yNEv2z4,"CURWEN ""YO SIEMPRE DEFENDI A JORGE LUNA""| ¿POR QUÉ NO FIRMÓ CON OROZCO? | Todo Good",Todo Good,,5438.0,high_yield_channel,Todo Good,224,ACOSO_PERSONAL|AMENAZA_DIRECTA,2.16 chunks de daño por video en el corpus base,40
mKoB0ygUSbg,https://www.youtube.com/watch?v=mKoB0ygUSbg,¿PELADO DEJARÁ TODO GOOD? | ¿FURREY SE QUEDA EN ESPAÑA? | Todo Bad,Todo Good,,4294.0,high_yield_channel,Todo Good,225,ACOSO_PERSONAL|AMENAZA_DIRECTA,2.16 chunks de daño por video en el corpus base,40
-_z-TR8Zlqg,https://www.youtube.com/watch?v=-_z-TR8Zlqg,Did they catfish Cholomena? | Good Floro Premium,Todo Good,,589.0,high_yield_channel,Todo Good,226,ACOSO_PERSONAL|AMENAZA_DIRECTA,2.16 chunks de daño por video en el corpus base,40
iHHOQEULeYo,https://www.youtube.com/watch?v=iHHOQEULeYo,Las HISTORIAS MÁS TRISTES | El PELADO SUFRIÓ MÁS | Good Floro,Todo Good,,4431.0,high_yield_channel,Todo Good,227,ACOSO_PERSONAL|AMENAZA_DIRECTA,2.16 chunks de daño por video en el corpus base,40
EIYLZOD2do4,https://www.youtube.com/watch?v=EIYLZOD2do4,"GERARDO PE ""ERAMOS PATAS NO ERA RENTABLE"" | YA NO QUIERO HACER SKETCHS | Todo Good",Todo Good,,6055.0,high_yield_channel,Todo Good,228,ACOSO_PERSONAL|AMENAZA_DIRECTA,2.16 chunks de daño por video en el corpus base,40
XEbV7SSHaLw,https://www.youtube.com/watch?v=XEbV7SSHaLw,LA HISTORIA MÁS TURBIA LEIDA AQUÍ | Good Floro Premium,Todo Good,,476.0,high_yield_channel,Todo Good,229,ACOSO_PERSONAL|AMENAZA_DIRECTA,2.16 chunks de daño por video en el corpus base,40
D9IdEu7bMjI,https://www.youtube.com/watch?v=D9IdEu7bMjI,NO SABÍA ESTO DE MI PAPÁ | SALVAMOS A UN SEGUIDOR | Good Floro,Todo Good,,4827.0,high_yield_channel,Todo Good,230,ACOSO_PERSONAL|AMENAZA_DIRECTA,2.16 chunks de daño por video en el corpus base,40
fMPJlrHn9Ss,https://www.youtube.com/watch?v=fMPJlrHn9Ss,EL BRAYAN ESTIVEN ¿Se ENAMORÓ DE ROXANA MOLINA? | Para HACER COMEDIA DEBES ESTAR ROTO | Todo Good,Todo Good,,6041.0,high_yield_channel,Todo Good,231,ACOSO_PERSONAL|AMENAZA_DIRECTA,2.16 chunks de daño por video en el corpus base,40
utohUEcXsIs,https://www.youtube.com/watch?v=utohUEcXsIs,NUESTRO NUEVO NEGOCIO | Good Floro Premium,Todo Good,,771.0,high_yield_channel,Todo Good,232,ACOSO_PERSONAL|AMENAZA_DIRECTA,2.16 chunks de daño por video en el corpus base,40
4WxR_mGCerA,https://www.youtube.com/watch?v=4WxR_mGCerA,Mi SECRETO MÁS OSCURO | Ella TENÍA DADDY ISSUES | Good Floro feat BRAYAN STIVEN,Todo Good,,4809.0,high_yield_channel,Todo Good,233,ACOSO_PERSONAL|AMENAZA_DIRECTA,2.16 chunks de daño por video en el corpus base,40
6ZUKJE7VhE0,https://www.youtube.com/watch?v=6ZUKJE7VhE0,"ANTONIcraTV ""Mi MAMÁ NO QUERÍA que haga CONTENIDO""| SIN SHOW NO HAY VISTAS |ANTHONY CRAFT| Todo Good",Todo Good,,5027.0,high_yield_channel,Todo Good,234,ACOSO_PERSONAL|AMENAZA_DIRECTA,2.16 chunks de daño por video en el corpus base,40
uPo2LqkgWEY,https://www.youtube.com/watch?v=uPo2LqkgWEY,CONOZCO tu SUCIO SECRETO | Le CONTESTO porque NECESITO ATENCIÓN | Good Floro feat JAIME FERRARO,Todo Good,,4653.0,high_yield_channel,Todo Good,235,ACOSO_PERSONAL|AMENAZA_DIRECTA,2.16 chunks de daño por video en el corpus base,40
R7L4Z3WkN5o,https://www.youtube.com/watch?v=R7L4Z3WkN5o,MARIO CORTÉZ el PRIMER ESCLAVO de HH | No FUI al MADISON SQUARE GARDEN | Todo Good,Todo Good,,5531.0,high_yield_channel,Todo Good,236,ACOSO_PERSONAL|AMENAZA_DIRECTA,2.16 chunks de daño por video en el corpus base,40
ogVYyveQ988,https://www.youtube.com/watch?v=ogVYyveQ988,¿Mi FLACA no QUIERE a mi MAMÁ? | ME OLIÓ EL ... | RELACIONES TÓXICAS PT 2 | Good Floro,Todo Good,,5914.0,high_yield_channel,Todo Good,237,ACOSO_PERSONAL|AMENAZA_DIRECTA,2.16 chunks de daño por video en el corpus base,40
D3NOpg1n2Bc,https://www.youtube.com/watch?v=D3NOpg1n2Bc,Nos LLEVAMOS a DANIEL MARQUINA | ¿LEVANTÓ OUKE? | Todo Good,Todo Good,,7219.0,high_yield_channel,Todo Good,238,ACOSO_PERSONAL|AMENAZA_DIRECTA,2.16 chunks de daño por video en el corpus base,40
VXor5LPs2WI,https://www.youtube.com/watch?v=VXor5LPs2WI,MY MALEVOUS GOTHIC | I didn't see the RED FLAGS | Good Floro Premium,Todo Good,,897.0,high_yield_channel,Todo Good,239,ACOSO_PERSONAL|AMENAZA_DIRECTA,2.16 chunks de daño por video en el corpus base,40
E1x-Tz1-P5I,https://www.youtube.com/watch?v=E1x-Tz1-P5I,RELACIONES TOXICAS | Colocó CÁMARAS OCULTAS en MI CASA | Me hizo CERRAR MI FACEBOOK | Good Floro,Todo Good,,5503.0,high_yield_channel,Todo Good,240,ACOSO_PERSONAL|AMENAZA_DIRECTA,2.16 chunks de daño por video en el corpus base,40
OdVRReiBLl8,https://www.youtube.com/watch?v=OdVRReiBLl8,"MOX ¿POR QUÉ TERMINÓ WDF SHOW? | ""Ya NO ME GUSTA YOUTUBE"" | Todo Good",Todo Good,,7477.0,high_yield_channel,Todo Good,241,ACOSO_PERSONAL|AMENAZA_DIRECTA,2.16 chunks de daño por video en el corpus base,40
xRtaaOYAr9U,https://www.youtube.com/watch?v=xRtaaOYAr9U,Me PERDÍ y termine en el CH0NG0 | ¿Soy un MAL HIJO? | Good Floro,Todo Good,,4639.0,high_yield_channel,Todo Good,242,ACOSO_PERSONAL|AMENAZA_DIRECTA,2.16 chunks de daño por video en el corpus base,40
jGK1CQXgcVU,https://www.youtube.com/watch?v=jGK1CQXgcVU,THE SECRETS OF SAN MARCOS | OPEN FOR JORGE LUNA | All Good,Todo Good,,6816.0,high_yield_channel,Todo Good,243,ACOSO_PERSONAL|AMENAZA_DIRECTA,2.16 chunks de daño por video en el corpus base,40
Pf6CBKUc28I,https://www.youtube.com/watch?v=Pf6CBKUc28I,MI PRIMER BESO fue con FINAL FELIZ |ME BESARON POR VENGANZA| Anécdotas PRIMER BESO | Good Floro,Todo Good,,6112.0,high_yield_channel,Todo Good,244,ACOSO_PERSONAL|AMENAZA_DIRECTA,2.16 chunks de daño por video en el corpus base,40
-Q8g_Dh_zu0,https://www.youtube.com/watch?v=-Q8g_Dh_zu0,"TONINO ""Dejé de CREER en la JUSTICIA"" | NO ME GUSTAN LAS CÁMARAS | TODO GOOD",Todo Good,,5734.0,high_yield_channel,Todo Good,245,ACOSO_PERSONAL|AMENAZA_DIRECTA,2.16 chunks de daño por video en el corpus base,40
7_CJnpiwqcg,https://www.youtube.com/watch?v=7_CJnpiwqcg,TONINO es TOCADO POR UN FANTASMA |  Good Floro Premium con JORGE TALAVERA,Todo Good,,514.0,high_yield_channel,Todo Good,246,ACOSO_PERSONAL|AMENAZA_DIRECTA,2.16 chunks de daño por video en el corpus base,40
dtQpMcHboIg,https://www.youtube.com/watch?v=dtQpMcHboIg,¿La TURBO ABUELA es REAL? | ¿QUÉ HACEMOS A OSCURAS? | Good Floro feat JORGE TALAVERA,Todo Good,,6505.0,high_yield_channel,Todo Good,247,ACOSO_PERSONAL|AMENAZA_DIRECTA,2.16 chunks de daño por video en el corpus base,40
3OxQAqEiVE0,https://www.youtube.com/watch?v=3OxQAqEiVE0,AHORA entiendo a CARLOS OROZCO | ESTOS COMENTARIOS NOS LLEGAN AL ... | TODO BAD,Todo Good,,2222.0,high_yield_channel,Todo Good,248,ACOSO_PERSONAL|AMENAZA_DIRECTA,2.16 chunks de daño por video en el corpus base,40
o1jovRLqA1g,https://www.youtube.com/watch?v=o1jovRLqA1g,DR. PÉREZ ALBELA EL SECRETO para MANTENERSE JOVEN | REMEDIOS CASEROS con el DR. ALBELA| TODO GOOD,Todo Good,,6406.0,high_yield_channel,Todo Good,249,ACOSO_PERSONAL|AMENAZA_DIRECTA,2.16 chunks de daño por video en el corpus base,40
EAyykOJcGJI,https://www.youtube.com/watch?v=EAyykOJcGJI,¿SUEÑO MOJADO CON MONAS CHINAS? | Good Floro Premium con DR. CHOY,Todo Good,,628.0,high_yield_channel,Todo Good,250,ACOSO_PERSONAL|AMENAZA_DIRECTA,2.16 chunks de daño por video en el corpus base,40
z48aO7BhTEc,https://www.youtube.com/watch?v=z48aO7BhTEc,¿Existen los FANTASMAS ARRECHOS? | HICE un AMARRE y ¿FUNCIÓNO? | Good Floro feat DR. CHOY,Todo Good,,6264.0,high_yield_channel,Todo Good,251,ACOSO_PERSONAL|AMENAZA_DIRECTA,2.16 chunks de daño por video en el corpus base,40
27DKnUnZDEE,https://www.youtube.com/watch?v=27DKnUnZDEE,"FRANCIS HERRERA: ""¿MAGALY solo dijo MENTIRAS?"" | La NOVIA SUFRE más en la BODA | TODO GOOD",Todo Good,,8075.0,high_yield_channel,Todo Good,252,ACOSO_PERSONAL|AMENAZA_DIRECTA,2.16 chunks de daño por video en el corpus base,40
Sga11xd4D_o,https://www.youtube.com/watch?v=Sga11xd4D_o,FURREY CONFIESA UN DELITO | Good Floro Premium,Todo Good,,339.0,high_yield_channel,Todo Good,253,ACOSO_PERSONAL|AMENAZA_DIRECTA,2.16 chunks de daño por video en el corpus base,40
Z9VGfWV7_yU,https://www.youtube.com/watch?v=Z9VGfWV7_yU,Tuve FINAL TRISTE en el CHONGO | Mi PRIMA la TRAVIESA | Confesionario | GOOD FLORO,Todo Good,,5958.0,high_yield_channel,Todo Good,254,ACOSO_PERSONAL|AMENAZA_DIRECTA,2.16 chunks de daño por video en el corpus base,40
jdQOe5GgeNs,https://www.youtube.com/watch?v=jdQOe5GgeNs,CHEF JOSÉ LUJAN ¿Es DIFÍCIL SER CHEF EN PERÚ? | GASTÓN ACURIO era como mi PADRE | TODO GOOD,Todo Good,,8204.0,high_yield_channel,Todo Good,255,ACOSO_PERSONAL|AMENAZA_DIRECTA,2.16 chunks de daño por video en el corpus base,40
i-effIg21dQ,https://www.youtube.com/watch?v=i-effIg21dQ,ROBAMOS un SUPERMERCADO | ¿Somos BURRIERS? | Confesionario | GOOD FLORO,Todo Good,,6552.0,high_yield_channel,Todo Good,256,ACOSO_PERSONAL|AMENAZA_DIRECTA,2.16 chunks de daño por video en el corpus base,40
kERmLazAZ3c,https://www.youtube.com/watch?v=kERmLazAZ3c,CARLOS SADNESS: WHAT DOES HE LIKE ABOUT PERU? | Todo Good,Todo Good,,4090.0,high_yield_channel,Todo Good,257,ACOSO_PERSONAL|AMENAZA_DIRECTA,2.16 chunks de daño por video en el corpus base,40
S2EwrGScPJs,https://www.youtube.com/watch?v=S2EwrGScPJs,"SOLISCHA ""Quiero ser la MR BEAST ANDINA"" | ""NUNCA he ido al INTI RAYMI"" | TODO GOOD",Todo Good,,8577.0,high_yield_channel,Todo Good,258,ACOSO_PERSONAL|AMENAZA_DIRECTA,2.16 chunks de daño por video en el corpus base,40
dX-gHNT-j4s,https://www.youtube.com/watch?v=dX-gHNT-j4s,La ANÉCDOTA MÁS FUERTE de GOOD FLORO | Good Floro Premium,Todo Good,,386.0,high_yield_channel,Todo Good,259,ACOSO_PERSONAL|AMENAZA_DIRECTA,2.16 chunks de daño por video en el corpus base,40
gGILFINpDdw,https://www.youtube.com/watch?v=gGILFINpDdw,My DAD caught me WATCHING PORN | C4C4 ANECDOTES | CONFESSIONAL | GOOD FLORO,Todo Good,,5135.0,high_yield_channel,Todo Good,260,ACOSO_PERSONAL|AMENAZA_DIRECTA,2.16 chunks de daño por video en el corpus base,40
ztPpQoqmKk4,https://www.youtube.com/watch?v=ztPpQoqmKk4,"DR PISKULICH ¿Cómo nace DR YUTUB en NO SOMOS TV? | ""Era una MEME para los MEDICOS"" | Todo Good",Todo Good,,8421.0,high_yield_channel,Todo Good,261,ACOSO_PERSONAL|AMENAZA_DIRECTA,2.16 chunks de daño por video en el corpus base,40
q7xfX4_3N9s,https://www.youtube.com/watch?v=q7xfX4_3N9s,THE DARK PAST OF CHOLOMENA,Todo Good,,1150.0,high_yield_channel,Todo Good,262,ACOSO_PERSONAL|AMENAZA_DIRECTA,2.16 chunks de daño por video en el corpus base,40
obMyee6BOvE,https://www.youtube.com/watch?v=obMyee6BOvE,FILTRARON mi PACK | Anécdotas de GHOSTING | Good Floro,Todo Good,,5843.0,high_yield_channel,Todo Good,263,ACOSO_PERSONAL|AMENAZA_DIRECTA,2.16 chunks de daño por video en el corpus base,40
VoUpYLJIED8,https://www.youtube.com/watch?v=VoUpYLJIED8,DIANA SANCHEZ regresa a la TV | De COMBATE a EL GRAN CHEF FAMOSOS | TODO GOOD,Todo Good,,6640.0,high_yield_channel,Todo Good,264,ACOSO_PERSONAL|AMENAZA_DIRECTA,2.16 chunks de daño por video en el corpus base,40
cpgDggktR6w,https://www.youtube.com/watch?v=cpgDggktR6w,A car EXPLODED next to ME | 90s anecdotes in PERU | Good Floro ft. El Diario de Curwen,Todo Good,,6235.0,high_yield_channel,Todo Good,265,ACOSO_PERSONAL|AMENAZA_DIRECTA,2.16 chunks de daño por video en el corpus base,40
wzsjZwa9v7Q,https://www.youtube.com/watch?v=wzsjZwa9v7Q,PAOLA GALLEGOS la influencer más grande de CUSCO | ¿Se vive de escribir bonito? | Todo Good,Todo Good,,6064.0,high_yield_channel,Todo Good,266,ACOSO_PERSONAL|AMENAZA_DIRECTA,2.16 chunks de daño por video en el corpus base,40
KDEiEpomHOs,https://www.youtube.com/watch?v=KDEiEpomHOs,LA PEOR BORRACHERA DE UN FAN | Good Premium,Todo Good,,1041.0,high_yield_channel,Todo Good,267,ACOSO_PERSONAL|AMENAZA_DIRECTA,2.16 chunks de daño por video en el corpus base,40
YsP8kYWMR5o,https://www.youtube.com/watch?v=YsP8kYWMR5o,"""Mi PAPÁ era JOHN WICK"" | ""EMBARACE a una CARIÑOSA"" | CONFESIONARIO EN VIVO | Good Floro",Todo Good,,5550.0,high_yield_channel,Todo Good,268,ACOSO_PERSONAL|AMENAZA_DIRECTA,2.16 chunks de daño por video en el corpus base,40
k9UKDIo6ifc,https://www.youtube.com/watch?v=k9UKDIo6ifc,"Luigi Carbajal ¿Cómo ingresó a @lacasadelacomedia? ""Regresa SKANDALO y LA JOVEN SENSACION"" Todo Good",Todo Good,,6882.0,high_yield_channel,Todo Good,269,ACOSO_PERSONAL|AMENAZA_DIRECTA,2.16 chunks de daño por video en el corpus base,40
74E1eKDG-DY,https://www.youtube.com/watch?v=74E1eKDG-DY,Did Cholomena find love on Instagram? | Good Premium,Todo Good,,1054.0,high_yield_channel,Todo Good,270,ACOSO_PERSONAL|AMENAZA_DIRECTA,2.16 chunks de daño por video en el corpus base,40
LhYa_ID4X3c,https://www.youtube.com/watch?v=LhYa_ID4X3c,Casi EXPLOTÓ mi cocina por hacer TEQUEÑOS | Confesionario | Good Floro,Todo Good,,4832.0,high_yield_channel,Todo Good,271,ACOSO_PERSONAL|AMENAZA_DIRECTA,2.16 chunks de daño por video en el corpus base,40
EJkE-2bYzXU,https://www.youtube.com/watch?v=EJkE-2bYzXU,"ALE YUPANQUI ""LIMA tambien es una PROVINCIA"" | Todo Good",Todo Good,,8399.0,high_yield_channel,Todo Good,272,ACOSO_PERSONAL|AMENAZA_DIRECTA,2.16 chunks de daño por video en el corpus base,40
a3XtUImQQFc,https://www.youtube.com/watch?v=a3XtUImQQFc,La PRIMERA MILF de TONINO | Good Premium,Todo Good,,641.0,high_yield_channel,Todo Good,273,ACOSO_PERSONAL|AMENAZA_DIRECTA,2.16 chunks de daño por video en el corpus base,40
mHo0vkQz-6s,https://www.youtube.com/watch?v=mHo0vkQz-6s,I Chose the Wrong Hole | Anecdotes from My First Time | Good Floro ft. Marina Gold,Todo Good,,4945.0,high_yield_channel,Todo Good,274,ACOSO_PERSONAL|AMENAZA_DIRECTA,2.16 chunks de daño por video en el corpus base,40
MqNbNTwIBxE,https://www.youtube.com/watch?v=MqNbNTwIBxE,¿ABAD se va de HABLANDO HUEVADAS? | Borré el MEJOR chiste de RICARDO MENDOZA | Todo Good,Todo Good,,5013.0,high_yield_channel,Todo Good,275,ACOSO_PERSONAL|AMENAZA_DIRECTA,2.16 chunks de daño por video en el corpus base,40
MynpLTrvuno,https://www.youtube.com/watch?v=MynpLTrvuno,¡Nunca TRATES MAL a un MOZO! | ¿La comida PERUANA está SOBREVALORADA? | Good Floro,Todo Good,,5948.0,high_yield_channel,Todo Good,276,ACOSO_PERSONAL|AMENAZA_DIRECTA,2.16 chunks de daño por video en el corpus base,40
cwh1VAyBhSU,https://www.youtube.com/watch?v=cwh1VAyBhSU,The Dark Secrets of Peruvian Restaurants | Good Premium,Todo Good,,803.0,high_yield_channel,Todo Good,277,ACOSO_PERSONAL|AMENAZA_DIRECTA,2.16 chunks de daño por video en el corpus base,40
HU0POsvZ8Lw,https://www.youtube.com/watch?v=HU0POsvZ8Lw,"LEMON PAY ""HENRY SPENCER me llegaba al P1NCH0"" | Todo Good",Todo Good,,6443.0,high_yield_channel,Todo Good,278,ACOSO_PERSONAL|AMENAZA_DIRECTA,2.16 chunks de daño por video en el corpus base,40
dzRaKHRJ0cA,https://www.youtube.com/watch?v=dzRaKHRJ0cA,¿Cholomena COIMEA POLICIAS? | Good Premium,Todo Good,,1534.0,high_yield_channel,Todo Good,279,ACOSO_PERSONAL|AMENAZA_DIRECTA,2.16 chunks de daño por video en el corpus base,40
gmLEIaq1FFs,https://www.youtube.com/watch?v=gmLEIaq1FFs,Un TOMBO me SEMBRÓ | Anécdotario sobre Policias | Good Floro ft. Guille Neyra,Todo Good,,5599.0,high_yield_channel,Todo Good,280,ACOSO_PERSONAL|AMENAZA_DIRECTA,2.16 chunks de daño por video en el corpus base,40
iJDgIAPdu0w,https://www.youtube.com/watch?v=iJDgIAPdu0w,Is Marco Sifuentes afraid for his life? | Was he threatened for being part of the trap? | Todo Good,Todo Good,,5785.0,high_yield_channel,Todo Good,281,ACOSO_PERSONAL|AMENAZA_DIRECTA,2.16 chunks de daño por video en el corpus base,40
AXktA3c9Kk0,https://www.youtube.com/watch?v=AXktA3c9Kk0,FURREY y TONINO se BESAN EN VIVO | ¿Giselle date cuenta? | Good Premium,Todo Good,,1146.0,high_yield_channel,Todo Good,282,ACOSO_PERSONAL|AMENAZA_DIRECTA,2.16 chunks de daño por video en el corpus base,40
sD2ZqRSKFN0,https://www.youtube.com/watch?v=sD2ZqRSKFN0,Tengo una VIDA SECRETA | CONFESIONES PICANTES | Good Floro,Todo Good,,6702.0,high_yield_channel,Todo Good,283,ACOSO_PERSONAL|AMENAZA_DIRECTA,2.16 chunks de daño por video en el corpus base,40
6xb6Jm2bGqk,https://www.youtube.com/watch?v=6xb6Jm2bGqk,"Phillip Chu Joy  ¿Como se hace EL GRAN CHEF FAMOSOS? | ""SOY el PEOR EJEMPLO de NEGOCIOS"" | Todo Good",Todo Good,,7726.0,high_yield_channel,Todo Good,284,ACOSO_PERSONAL|AMENAZA_DIRECTA,2.16 chunks de daño por video en el corpus base,40
B55Xb2IWDIw,https://www.youtube.com/watch?v=B55Xb2IWDIw,¡TONINO COMETIO UN CR1M3N! | GOOD Premium,Todo Good,,628.0,high_yield_channel,Todo Good,285,ACOSO_PERSONAL|AMENAZA_DIRECTA,2.16 chunks de daño por video en el corpus base,40
wv4zX3v3MWo,https://www.youtube.com/watch?v=wv4zX3v3MWo,THE PERFECT REVENGE | Anecdotes of LOVING WOMEN | Anecdotes of CHEATERS | Good Floro,Todo Good,,4101.0,high_yield_channel,Todo Good,286,ACOSO_PERSONAL|AMENAZA_DIRECTA,2.16 chunks de daño por video en el corpus base,40
Kdj7iVpn0o0,https://www.youtube.com/watch?v=Kdj7iVpn0o0,"SR POLLITO ""¿Nadie LEE en el PERÚ? | ""VARGAS LLOSA está SOBREVALORADO"" | Todo Good",Todo Good,,7370.0,high_yield_channel,Todo Good,287,ACOSO_PERSONAL|AMENAZA_DIRECTA,2.16 chunks de daño por video en el corpus base,40
utBeKuJWDws,https://www.youtube.com/watch?v=utBeKuJWDws,TONINO'S CRAZIEST NIGHT EVER! | Good Premium,Todo Good,,754.0,high_yield_channel,Todo Good,288,ACOSO_PERSONAL|AMENAZA_DIRECTA,2.16 chunks de daño por video en el corpus base,40
u_n-qWVYMXo,https://www.youtube.com/watch?v=u_n-qWVYMXo,PITUCOS ACELERADOS | Anecdotario de PITUCOS | Good Floro,Todo Good,,4675.0,high_yield_channel,Todo Good,289,ACOSO_PERSONAL|AMENAZA_DIRECTA,2.16 chunks de daño por video en el corpus base,40
YIVqigDyp6c,https://www.youtube.com/watch?v=YIVqigDyp6c,"CRISTORATA ""They took me to the police station"" | Todo Good - NDG Podcast",Todo Good,,4178.0,high_yield_channel,Todo Good,290,ACOSO_PERSONAL|AMENAZA_DIRECTA,2.16 chunks de daño por video en el corpus base,40
Blsh8NZRyzE,https://www.youtube.com/watch?v=Blsh8NZRyzE,Todo mi colegio ME VIÓ D3SNUD0 | Good Premium,Todo Good,,678.0,high_yield_channel,Todo Good,291,ACOSO_PERSONAL|AMENAZA_DIRECTA,2.16 chunks de daño por video en el corpus base,40
hWttctovi7E,https://www.youtube.com/watch?v=hWttctovi7E,"""NOS ESTAFARON unas CARIÑOSAS"" | Good Floro ft. KIKE VAZQUEZ & CAROLINA SILVA SANTISTEBAN",Todo Good,,4248.0,high_yield_channel,Todo Good,292,ACOSO_PERSONAL|AMENAZA_DIRECTA,2.16 chunks de daño por video en el corpus base,40
PqRiM_FblQI,https://www.youtube.com/watch?v=PqRiM_FblQI,GERARDO: ¿Por qué se SALIÓ de HABLANDO HUEVADAS? | Todo Good - NDG Podcast,Todo Good,,9896.0,high_yield_channel,Todo Good,293,ACOSO_PERSONAL|AMENAZA_DIRECTA,2.16 chunks de daño por video en el corpus base,40
BG_2VHx3Tls,https://www.youtube.com/watch?v=BG_2VHx3Tls,¿Nos vamos a SEPARAR? | Esto PASARÁ con el CANAL | TODO BAD,Todo Good,,1703.0,high_yield_channel,Todo Good,294,ACOSO_PERSONAL|AMENAZA_DIRECTA,2.16 chunks de daño por video en el corpus base,40
vt24XDmHP98,https://www.youtube.com/watch?v=vt24XDmHP98,CARLOS GALDOS FUE UN CSMRE | Anécdotario de ADOLESCENTES | Good Floro ft. GALDOS,Todo Good,,7107.0,high_yield_channel,Todo Good,295,ACOSO_PERSONAL|AMENAZA_DIRECTA,2.16 chunks de daño por video en el corpus base,40
pIREsFk14Xg,https://www.youtube.com/watch?v=pIREsFk14Xg,"PAYASO PITILLO ""¿El PRIMER payaso del PERÚ?"" | Todo Good - NDG Podcast",Todo Good,,8549.0,high_yield_channel,Todo Good,296,ACOSO_PERSONAL|AMENAZA_DIRECTA,2.16 chunks de daño por video en el corpus base,40
VgkyyY5amkA,https://www.youtube.com/watch?v=VgkyyY5amkA,¿Nos confiesan un crimen? | Good Floro,Todo Good,,1354.0,high_yield_channel,Todo Good,297,ACOSO_PERSONAL|AMENAZA_DIRECTA,2.16 chunks de daño por video en el corpus base,40
fAld8BspUZY,https://www.youtube.com/watch?v=fAld8BspUZY,La PRIMERA VEZ de una CARIÑOSA | CONFESIONARIO EN VIVO | Good Floro,Todo Good,,6194.0,high_yield_channel,Todo Good,298,ACOSO_PERSONAL|AMENAZA_DIRECTA,2.16 chunks de daño por video en el corpus base,40
b0rEl0WPOdI,https://www.youtube.com/watch?v=b0rEl0WPOdI,MACARIUS ¿La VOLCANO HOUSE se muda a LIMA? | Todo Good - NDG Podcast,Todo Good,,6240.0,high_yield_channel,Todo Good,299,ACOSO_PERSONAL|AMENAZA_DIRECTA,2.16 chunks de daño por video en el corpus base,40
D0FVCGKPoRw,https://www.youtube.com/watch?v=D0FVCGKPoRw,"""ME EMBORRACHÉ CON MI VIEJO"" | Anecdotario del DÍA DEL PADRE Parte 2 | Good Floro",Todo Good,,6045.0,high_yield_channel,Todo Good,300,ACOSO_PERSONAL|AMENAZA_DIRECTA,2.16 chunks de daño por video en el corpus base,40
HVLKQvbK6eA,https://www.youtube.com/watch?v=HVLKQvbK6eA,LA DURA INFANCIA de ZUMBA | Todo Good - NDG Podcast,Todo Good,,5380.0,high_yield_channel,Todo Good,301,ACOSO_PERSONAL|AMENAZA_DIRECTA,2.16 chunks de daño por video en el corpus base,40
8azifzogrek,https://www.youtube.com/watch?v=8azifzogrek,"""My dad had another family"" | Father's Day anecdotes | Good Floro",Todo Good,,5000.0,high_yield_channel,Todo Good,302,ACOSO_PERSONAL|AMENAZA_DIRECTA,2.16 chunks de daño por video en el corpus base,40
o5tAEgduXRw,https://www.youtube.com/watch?v=o5tAEgduXRw,"""I HIT MY OLD MAN AND HE LEFT US"" | Good Premium",Todo Good,,437.0,high_yield_channel,Todo Good,303,ACOSO_PERSONAL|AMENAZA_DIRECTA,2.16 chunks de daño por video en el corpus base,40
ygUniK6ucSE,https://www.youtube.com/watch?v=ygUniK6ucSE,"CHAPASA ""NO SOMOS TV me CAMBIÓ LA VIDA"" | ""La verdad de GOYO de PITUCAS SIN LUCAS"" | Todo Good",Todo Good,,6060.0,high_yield_channel,Todo Good,304,ACOSO_PERSONAL|AMENAZA_DIRECTA,2.16 chunks de daño por video en el corpus base,40
AkHWpVwJAwU,https://www.youtube.com/watch?v=AkHWpVwJAwU,I discovered my dad's secret on my birthday | Good Premium,Todo Good,,1022.0,high_yield_channel,Todo Good,305,ACOSO_PERSONAL|AMENAZA_DIRECTA,2.16 chunks de daño por video en el corpus base,40
dCwTi6ThR6Y,https://www.youtube.com/watch?v=dCwTi6ThR6Y,"""I was a screen for a gay man"" | Pride Anecdotes | Good Floro ft. Josué Parodi",Todo Good,,6335.0,high_yield_channel,Todo Good,306,ACOSO_PERSONAL|AMENAZA_DIRECTA,2.16 chunks de daño por video en el corpus base,40
DuO2d2xNqPU,https://www.youtube.com/watch?v=DuO2d2xNqPU,The Story Behind the Character | Is This the End of Mr. Glutton? | Todo Good - NDG Podcast,Todo Good,,4472.0,high_yield_channel,Todo Good,307,ACOSO_PERSONAL|AMENAZA_DIRECTA,2.16 chunks de daño por video en el corpus base,40
9S9PGPd1nc8,https://www.youtube.com/watch?v=9S9PGPd1nc8,"This ""romance"" ended very badly | ""The cholo destroyed a farm"" | Good Premium",Todo Good,,969.0,high_yield_channel,Todo Good,308,ACOSO_PERSONAL|AMENAZA_DIRECTA,2.16 chunks de daño por video en el corpus base,40
hI3B7IKv6hU,https://www.youtube.com/watch?v=hI3B7IKv6hU,"""Me ENAMORÉ de la HERMANA de mi NOVIA"" | CONFESIONARIO EN VIVO  | Good Floro",Todo Good,,7116.0,high_yield_channel,Todo Good,309,ACOSO_PERSONAL|AMENAZA_DIRECTA,2.16 chunks de daño por video en el corpus base,40
0D8N-BXJnqw,https://www.youtube.com/watch?v=0D8N-BXJnqw,DISCUTIERLIST YOUTUBERS PERUANOS ft. Ayer Fue Lunes | Todo Good - NDG Podcast,Todo Good,,5467.0,high_yield_channel,Todo Good,310,ACOSO_PERSONAL|AMENAZA_DIRECTA,2.16 chunks de daño por video en el corpus base,40
FstW-cPdjCw,https://www.youtube.com/watch?v=FstW-cPdjCw,¿Les ROBARON los LUMINY AWARDS? | ¿AYER FUE LUNES SE SEPARA? | Todo Good - NDG Podcast,Todo Good,,7957.0,high_yield_channel,Todo Good,311,ACOSO_PERSONAL|AMENAZA_DIRECTA,2.16 chunks de daño por video en el corpus base,40
bQTJEST-4JM,https://www.youtube.com/watch?v=bQTJEST-4JM,"""EMBARACÉ a mi CUÑADA"" | Anécdotario de ROBOS EN PERÚ Parte 2 | Good Floro",Todo Good,,5718.0,high_yield_channel,Todo Good,312,ACOSO_PERSONAL|AMENAZA_DIRECTA,2.16 chunks de daño por video en el corpus base,40
Be8XmpMc7aE,https://www.youtube.com/watch?v=Be8XmpMc7aE,"""CASI LE ROBAN A TONINO"" | Good Premium",Todo Good,,372.0,high_yield_channel,Todo Good,313,ACOSO_PERSONAL|AMENAZA_DIRECTA,2.16 chunks de daño por video en el corpus base,40
ecZRS2-AHb0,https://www.youtube.com/watch?v=ecZRS2-AHb0,"Julito TV ""Casi COMO GATO en CHINCHA"" | El youtuber FAVORITO de JORGE LUNA | Todo Good - NDG Podcast",Todo Good,,6097.0,high_yield_channel,Todo Good,314,ACOSO_PERSONAL|AMENAZA_DIRECTA,2.16 chunks de daño por video en el corpus base,40
sUFGVEvSESE,https://www.youtube.com/watch?v=sUFGVEvSESE,La casa EMBRUJADA del CHOLOMENA | Good Premium,Todo Good,,659.0,high_yield_channel,Todo Good,315,ACOSO_PERSONAL|AMENAZA_DIRECTA,2.16 chunks de daño por video en el corpus base,40
Pd1KpC8B8fM,https://www.youtube.com/watch?v=Pd1KpC8B8fM,The GHOST got ANGRY | Paranormal Anecdotes | Good Floro,Todo Good,,5841.0,high_yield_channel,Todo Good,316,ACOSO_PERSONAL|AMENAZA_DIRECTA,2.16 chunks de daño por video en el corpus base,40
uF1hJiWRMfE,https://www.youtube.com/watch?v=uF1hJiWRMfE,"JOSE PATIÑO ""Estudiante de MEDICINA Y YOUTUBER"" | Todo Good - NDG Podcast",Todo Good,,6138.0,high_yield_channel,Todo Good,317,ACOSO_PERSONAL|AMENAZA_DIRECTA,2.16 chunks de daño por video en el corpus base,40
nTs1UJDbbWc,https://www.youtube.com/watch?v=nTs1UJDbbWc,Furrey is a WHITE THIEF | Premium Good,Todo Good,,723.0,high_yield_channel,Todo Good,318,ACOSO_PERSONAL|AMENAZA_DIRECTA,2.16 chunks de daño por video en el corpus base,40
3IKbZ-0rALQ,https://www.youtube.com/watch?v=3IKbZ-0rALQ,“Mi mujer me DEFENDIÓ de un CHORO” | Anécdotario de ROBOS EN PERÚ | Good Floro,Todo Good,,7322.0,high_yield_channel,Todo Good,319,ACOSO_PERSONAL|AMENAZA_DIRECTA,2.16 chunks de daño por video en el corpus base,40
pKbonwPhs_o,https://www.youtube.com/watch?v=pKbonwPhs_o,"Mr Choco ""El CASTER mas QUERIDO de Dota 2"" | Todo Good - NDG Podcast",Todo Good,,7924.0,high_yield_channel,Todo Good,320,ACOSO_PERSONAL|AMENAZA_DIRECTA,2.16 chunks de daño por video en el corpus base,40
2hjcP7RsxBw,https://www.youtube.com/watch?v=2hjcP7RsxBw,ODIO el DÍA de las MADRES | Las mejores ANÉCDOTAS del DÍA DE LA MADRE | Good Floro,Todo Good,,5975.0,high_yield_channel,Todo Good,321,ACOSO_PERSONAL|AMENAZA_DIRECTA,2.16 chunks de daño por video en el corpus base,40
2pmPcZptOFQ,https://www.youtube.com/watch?v=2pmPcZptOFQ,MI MAMÁ ME SACÓ LA ##### | Premium Good,Todo Good,,1276.0,high_yield_channel,Todo Good,322,ACOSO_PERSONAL|AMENAZA_DIRECTA,2.16 chunks de daño por video en el corpus base,40
T08dLZ95GZk,https://www.youtube.com/watch?v=T08dLZ95GZk,GONZALO GENEK el RAPERO PERUANO más ESCUCHADO | Todo Good - NDG Podcast,Todo Good,,5608.0,high_yield_channel,Todo Good,323,ACOSO_PERSONAL|AMENAZA_DIRECTA,2.16 chunks de daño por video en el corpus base,40
9IcfwAWGD-M,https://www.youtube.com/watch?v=9IcfwAWGD-M,¿CHOLOMENA PARROQUIANO? | Good Premium,Todo Good,,960.0,high_yield_channel,Todo Good,324,ACOSO_PERSONAL|AMENAZA_DIRECTA,2.16 chunks de daño por video en el corpus base,40
9zsFaW0MGq0,https://www.youtube.com/watch?v=9zsFaW0MGq0,PERDÍ AL AMOR DE MI VIDA | Confesionario EXTREMO | Good Floro,Todo Good,,6216.0,high_yield_channel,Todo Good,325,ACOSO_PERSONAL|AMENAZA_DIRECTA,2.16 chunks de daño por video en el corpus base,40
h-adNyJ8FxE,https://www.youtube.com/watch?v=h-adNyJ8FxE,¿Jaze VOLVERÁ a las batallas de FREESTYLE? | JAZE regresa a PERÚ | Todo Good - NDG Podcast,Todo Good,,8289.0,high_yield_channel,Todo Good,326,ACOSO_PERSONAL|AMENAZA_DIRECTA,2.16 chunks de daño por video en el corpus base,40
sa1EAdxi1PY,https://www.youtube.com/watch?v=sa1EAdxi1PY,¿Cómo te METISTE todo eso POR ATRÁS? | Good Premium,Todo Good,,472.0,high_yield_channel,Todo Good,327,ACOSO_PERSONAL|AMENAZA_DIRECTA,2.16 chunks de daño por video en el corpus base,40
LvMbQ0pgXn8,https://www.youtube.com/watch?v=LvMbQ0pgXn8,“ME CORTARON EL DEDO EQUIVOCADO” | Anécdotario de Operaciones Parte 2 | Good Floro,Todo Good,,5169.0,high_yield_channel,Todo Good,328,ACOSO_PERSONAL|AMENAZA_DIRECTA,2.16 chunks de daño por video en el corpus base,40
l915ePzPyRQ,https://www.youtube.com/watch?v=l915ePzPyRQ,Humberto Velez: “La voz de HOMERO SIMPSON en PERU” | Todo Good - NDG Podcast,Todo Good,,2164.0,high_yield_channel,Todo Good,329,ACOSO_PERSONAL|AMENAZA_DIRECTA,2.16 chunks de daño por video en el corpus base,40
c8xY_7Mpx00,https://www.youtube.com/watch?v=c8xY_7Mpx00,"Victorial Dallier ""La NOVIA TÓXICA de TIKTOK"" | Todo Good - NDG Podcast",Todo Good,,4576.0,high_yield_channel,Todo Good,330,ACOSO_PERSONAL|AMENAZA_DIRECTA,2.16 chunks de daño por video en el corpus base,40
AReCVLAPnr4,https://www.youtube.com/watch?v=AReCVLAPnr4,Le CORTARON el PILIN al FURREY | Good Premium,Todo Good,,274.0,high_yield_channel,Todo Good,331,ACOSO_PERSONAL|AMENAZA_DIRECTA,2.16 chunks de daño por video en el corpus base,40
p2ihuz4zhjQ,https://www.youtube.com/watch?v=p2ihuz4zhjQ,Le PEGUÉ a un DOCTOR en PLENA OPERACIÓN | Anécdotario de Operaciones | Good Floro,Todo Good,,5259.0,high_yield_channel,Todo Good,332,ACOSO_PERSONAL|AMENAZA_DIRECTA,2.16 chunks de daño por video en el corpus base,40
dVsP6sCd2hA,https://www.youtube.com/watch?v=dVsP6sCd2hA,FRANS: “JORGE LUNA called me for NO SOMOS TV” | Todo Good - NDG Podcast,Todo Good,,5110.0,high_yield_channel,Todo Good,333,ACOSO_PERSONAL|AMENAZA_DIRECTA,2.16 chunks de daño por video en el corpus base,40
MKX5vSn-a-8,https://www.youtube.com/watch?v=MKX5vSn-a-8,El CHOLOMENA ESTAFÓ a... | Good Premium,Todo Good,,478.0,high_yield_channel,Todo Good,334,ACOSO_PERSONAL|AMENAZA_DIRECTA,2.16 chunks de daño por video en el corpus base,40
HQ1rSdct8l0,https://www.youtube.com/watch?v=HQ1rSdct8l0,En este CHIFA te dan FINAL FELIZ | ¿@elcholomena ESTAFADOR? | Good Floro,Todo Good,,5826.0,high_yield_channel,Todo Good,335,ACOSO_PERSONAL|AMENAZA_DIRECTA,2.16 chunks de daño por video en el corpus base,40
zyEGGL08H3Y,https://www.youtube.com/watch?v=zyEGGL08H3Y,CATHY SAENZ: ¿Cómo conoció a JORGE y RICARDO? | Todo Good - NDG Podcast,Todo Good,,10650.0,high_yield_channel,Todo Good,336,ACOSO_PERSONAL|AMENAZA_DIRECTA,2.16 chunks de daño por video en el corpus base,40
gpc6g3BdFnc,https://www.youtube.com/watch?v=gpc6g3BdFnc,FIGHT OR DIE | A KNIFE FIGHT? | Good Premium,Todo Good,,889.0,high_yield_channel,Todo Good,337,ACOSO_PERSONAL|AMENAZA_DIRECTA,2.16 chunks de daño por video en el corpus base,40
eBMYLEakzFk,https://www.youtube.com/watch?v=eBMYLEakzFk,"""Mi PAPÁ salio DEL CLOSET A los 50"" | ""OCULTÉ UNA INFIDELIDAD"" | Confesionario Peruano | Good Floro",Todo Good,,5469.0,high_yield_channel,Todo Good,338,ACOSO_PERSONAL|AMENAZA_DIRECTA,2.16 chunks de daño por video en el corpus base,40
MGTPmIAc1L8,https://www.youtube.com/watch?v=MGTPmIAc1L8,THE DEATH OF NDG + OUTTAKES (4K),Todo Good,,1419.0,high_yield_channel,Todo Good,339,ACOSO_PERSONAL|AMENAZA_DIRECTA,2.16 chunks de daño por video en el corpus base,40
5m370lP3WxA,https://www.youtube.com/watch?v=5m370lP3WxA,EL FIN DE NDG. PELAO LO HIZO DE NUEVO | TODO GOOD,Todo Good,,5453.0,high_yield_channel,Todo Good,340,ACOSO_PERSONAL|AMENAZA_DIRECTA,2.16 chunks de daño por video en el corpus base,40
D1KXcE1j4wI,https://www.youtube.com/watch?v=D1KXcE1j4wI,We must educate children the old-fashioned way | All Good Premium,Todo Good,,587.0,high_yield_channel,Todo Good,341,ACOSO_PERSONAL|AMENAZA_DIRECTA,2.16 chunks de daño por video en el corpus base,40
Cu0zrN_W-cM,https://www.youtube.com/watch?v=Cu0zrN_W-cM,"""DIOS tiene a SUS FAVORITOS"" | Anécdotario de Semana Santa | Confiesate en Good Floro",Todo Good,,5237.0,high_yield_channel,Todo Good,342,ACOSO_PERSONAL|AMENAZA_DIRECTA,2.16 chunks de daño por video en el corpus base,40
NbkX02hhUI0,https://www.youtube.com/watch?v=NbkX02hhUI0,"Ariana Bolo Arce ""THIS is the WORST CEVICHERIA"" | Team Bolo ft. Todo Good - NDG Podcast",Todo Good,,6949.0,high_yield_channel,Todo Good,343,ACOSO_PERSONAL|AMENAZA_DIRECTA,2.16 chunks de daño por video en el corpus base,40
83n9iMPtGUI,https://www.youtube.com/watch?v=83n9iMPtGUI,CHOLOMENA nos cuenta como se HACEN LAS HAMBURGUESAS en FAMOSAS FRANQUICIAS | NDG Premium,Todo Good,,399.0,high_yield_channel,Todo Good,344,ACOSO_PERSONAL|AMENAZA_DIRECTA,2.16 chunks de daño por video en el corpus base,40
a7v5N9oFqF0,https://www.youtube.com/watch?v=a7v5N9oFqF0,Me HICE UNA P4J4 en el TRABAJO | Anécdotas en la chamba | Good Floro,Todo Good,,4751.0,high_yield_channel,Todo Good,345,ACOSO_PERSONAL|AMENAZA_DIRECTA,2.16 chunks de daño por video en el corpus base,40
YpYr0zyQ2Qw,https://www.youtube.com/watch?v=YpYr0zyQ2Qw,"LIZBETH CUEVA ""LE ENSEÑÉ a FUMAR a mi HIJO"" | ¿Le PAGABAN en la TELE? | Todo Good - NDG Podcast",Todo Good,,5481.0,high_yield_channel,Todo Good,346,ACOSO_PERSONAL|AMENAZA_DIRECTA,2.16 chunks de daño por video en el corpus base,40
Z6ZGCq5YeJY,https://www.youtube.com/watch?v=Z6ZGCq5YeJY,"""ME ENGAÑÓ CON 4 A LA VEZ"" | Anécdotario Universitario | Good Floro",Todo Good,,5797.0,high_yield_channel,Todo Good,347,ACOSO_PERSONAL|AMENAZA_DIRECTA,2.16 chunks de daño por video en el corpus base,40
Ypm_j4tjdzs,https://www.youtube.com/watch?v=Ypm_j4tjdzs,"""Dejé COJA a mi PROFESORA"" | NDG Premium",Todo Good,,513.0,high_yield_channel,Todo Good,348,ACOSO_PERSONAL|AMENAZA_DIRECTA,2.16 chunks de daño por video en el corpus base,40
HEyYtYXgEMU,https://www.youtube.com/watch?v=HEyYtYXgEMU,LIZETH VLOGS: The TRUTH about Scholarship 18 in PERU | Myths about Scholarship 18 | Todo Good - N...,Todo Good,,5698.0,high_yield_channel,Todo Good,349,ACOSO_PERSONAL|AMENAZA_DIRECTA,2.16 chunks de daño por video en el corpus base,40
co7oY3drX6E,https://www.youtube.com/watch?v=co7oY3drX6E,Me ROBÉ un SEMÁFORO y NO ME ARREPIENTO | NDG Premium,Todo Good,,300.0,high_yield_channel,Todo Good,350,ACOSO_PERSONAL|AMENAZA_DIRECTA,2.16 chunks de daño por video en el corpus base,40
Wk8ORJNTTz4,https://www.youtube.com/watch?v=Wk8ORJNTTz4,'Es el cuarto caso en el colegio': Denuncian abuso sexual dentro de escuela en Ate,Latina Noticias,UCpSJ5fGhmAME9Kx2D3ZvN3Q,345.0,targeted_search,acoso sexual denuncia televisión peruana,1,CONTENIDO_SEXUAL|ACOSO_GENERO_IDENTIDAD,consulta explícita de una categoría minoritaria,55
CVLuEWPozu8,https://www.youtube.com/watch?v=CVLuEWPozu8,'Es un colegio particular': Denuncian presunto abuso sexual dentro de colegio y lo clausuran,Latina Noticias,UCpSJ5fGhmAME9Kx2D3ZvN3Q,169.0,targeted_search,acoso sexual denuncia televisión peruana,2,CONTENIDO_SEXUAL|ACOSO_GENERO_IDENTIDAD,consulta explícita de una categoría minoritaria,55
kzZVO2O7XaU,https://www.youtube.com/watch?v=kzZVO2O7XaU,'Soy su psicólogo favorito': Fue acusado por abusar sexualmente de una joven durante terapia,Latina Noticias,UCpSJ5fGhmAME9Kx2D3ZvN3Q,832.0,targeted_search,acoso sexual denuncia televisión peruana,3,CONTENIDO_SEXUAL|ACOSO_GENERO_IDENTIDAD,consulta explícita de una categoría minoritaria,55
bz-0VG3rSww,https://www.youtube.com/watch?v=bz-0VG3rSww,"Young woman from Iquitos accuses Piero Arenas of sexual abuse: ""I wasn't conscious""",Magaly TV La Firme,UCF6s3gpbZEQKqZ38VvQ0gLA,288.0,targeted_search,acoso sexual denuncia televisión peruana,4,CONTENIDO_SEXUAL|ACOSO_GENERO_IDENTIDAD,consulta explícita de una categoría minoritaria,55
Jk_VHeqxGkg,https://www.youtube.com/watch?v=Jk_VHeqxGkg,Santiago Suárez gives an unusual response when accused of rape by an American,Magaly TV La Firme,UCF6s3gpbZEQKqZ38VvQ0gLA,164.0,targeted_search,acoso sexual denuncia televisión peruana,5,CONTENIDO_SEXUAL|ACOSO_GENERO_IDENTIDAD,consulta explícita de una categoría minoritaria,55
hLAY-JDTP3w,https://www.youtube.com/watch?v=hLAY-JDTP3w,Psicópata sexual acosa a periodistas de televisión,DÍA D,UCmrzeYkbupPuvrXH8roR__w,1431.0,targeted_search,acoso sexual denuncia televisión peruana,6,CONTENIDO_SEXUAL|ACOSO_GENERO_IDENTIDAD,consulta explícita de una categoría minoritaria,55
sJFAi-ssIg4,https://www.youtube.com/watch?v=sJFAi-ssIg4,Ate: Parents report alleged sexual abuse at Innova school,TVPerú Noticias,UCkZCoc42IipR1ucqJmIehsA,416.0,targeted_search,acoso sexual denuncia televisión peruana,7,CONTENIDO_SEXUAL|ACOSO_GENERO_IDENTIDAD,consulta explícita de una categoría minoritaria,55
bj_KWxubF74,https://www.youtube.com/watch?v=bj_KWxubF74,Ate: In-person classes suspended at Innova school following sexual abuse allegations,TVPerú Noticias,UCkZCoc42IipR1ucqJmIehsA,255.0,targeted_search,acoso sexual denuncia televisión peruana,8,CONTENIDO_SEXUAL|ACOSO_GENERO_IDENTIDAD,consulta explícita de una categoría minoritaria,55
PuXUHyXdLGc,https://www.youtube.com/watch?v=PuXUHyXdLGc,'Indignación total': Identifican a 7 presuntos involucrados por abuso sexual a menor de 10 años,Latina Noticias,UCpSJ5fGhmAME9Kx2D3ZvN3Q,248.0,targeted_search,acoso sexual denuncia televisión peruana,9,CONTENIDO_SEXUAL|ACOSO_GENERO_IDENTIDAD,consulta explícita de una categoría minoritaria,55
InMyxNd9r8k,https://www.youtube.com/watch?v=InMyxNd9r8k,Elderly woman reports sexual assault and her attacker remains at large,ATV Noticias,UCYG5uXS3xdsoaXIxum1pAEw,121.0,targeted_search,acoso sexual denuncia televisión peruana,10,CONTENIDO_SEXUAL|ACOSO_GENERO_IDENTIDAD,consulta explícita de una categoría minoritaria,55
zohm6Rf-dYM,https://www.youtube.com/watch?v=zohm6Rf-dYM,Venezuela: mujeres denuncian acoso por parte de joven con problemas de salud mental,TVPerú Noticias,UCkZCoc42IipR1ucqJmIehsA,186.0,targeted_search,acoso sexual denuncia televisión peruana,11,CONTENIDO_SEXUAL|ACOSO_GENERO_IDENTIDAD,consulta explícita de una categoría minoritaria,55
ypXzz7o5fJM,https://www.youtube.com/watch?v=ypXzz7o5fJM,San Isidro: periodista denunció haber sido víctima de acoso sexual,24 Horas,UCsakKsRww3J7pM6DavkrAIQ,124.0,targeted_search,acoso sexual denuncia televisión peruana,12,CONTENIDO_SEXUAL|ACOSO_GENERO_IDENTIDAD,consulta explícita de una categoría minoritaria,55
Bq9PZnSbvGY,https://www.youtube.com/watch?v=Bq9PZnSbvGY,🚨 Periodista de #LatinaNoticias denuncia a sujeto por acoso sexual en redes sociales,Latina Noticias,UCpSJ5fGhmAME9Kx2D3ZvN3Q,124.0,targeted_search,acoso sexual denuncia televisión peruana,13,CONTENIDO_SEXUAL|ACOSO_GENERO_IDENTIDAD,consulta explícita de una categoría minoritaria,55
4HmrlZuO0pA,https://www.youtube.com/watch?v=4HmrlZuO0pA,Ministra Urteaga: gobierno atiende casos de abuso en Condorcanqui,TVPerú Noticias,UCkZCoc42IipR1ucqJmIehsA,126.0,targeted_search,acoso sexual denuncia televisión peruana,14,CONTENIDO_SEXUAL|ACOSO_GENERO_IDENTIDAD,consulta explícita de una categoría minoritaria,55
a46jZX927z0,https://www.youtube.com/watch?v=a46jZX927z0,Joven aspirante denunció acoso sexual en compañía de Bomberos de Barranco,ATV Noticias,UCYG5uXS3xdsoaXIxum1pAEw,267.0,targeted_search,acoso sexual denuncia televisión peruana,15,CONTENIDO_SEXUAL|ACOSO_GENERO_IDENTIDAD,consulta explícita de una categoría minoritaria,55
Lhcmp1StpL0,https://www.youtube.com/watch?v=Lhcmp1StpL0,"Magaly Medina on the sexual violence complaint against Santiago Suárez: ""I find it terrible""",Magaly TV La Firme,UCF6s3gpbZEQKqZ38VvQ0gLA,157.0,targeted_search,acoso sexual denuncia televisión peruana,16,CONTENIDO_SEXUAL|ACOSO_GENERO_IDENTIDAD,consulta explícita de una categoría minoritaria,55
e5FMtQydVcs,https://www.youtube.com/watch?v=e5FMtQydVcs,Abuso en el cuartel: indignante caso de acoso sexual en Sullana,Panorama,UCBiq92lt_ufNO-ktZigVXgg,954.0,targeted_search,acoso sexual denuncia televisión peruana,17,CONTENIDO_SEXUAL|ACOSO_GENERO_IDENTIDAD,consulta explícita de una categoría minoritaria,55
MoxiZVj-kaQ,https://www.youtube.com/watch?v=MoxiZVj-kaQ,La mala educación: Acoso y abuso en las aulas,DÍA D,UCmrzeYkbupPuvrXH8roR__w,1014.0,targeted_search,acoso sexual denuncia televisión peruana,18,CONTENIDO_SEXUAL|ACOSO_GENERO_IDENTIDAD,consulta explícita de una categoría minoritaria,55
tYFXkqU8JCE,https://www.youtube.com/watch?v=tYFXkqU8JCE,"Acoso sexual, dura realidad: casos de dos mujeres y sus denuncias",Latina Noticias,UCpSJ5fGhmAME9Kx2D3ZvN3Q,138.0,targeted_search,acoso sexual denuncia televisión peruana,19,CONTENIDO_SEXUAL|ACOSO_GENERO_IDENTIDAD,consulta explícita de una categoría minoritaria,55
FCaD5Jr8c7g,https://www.youtube.com/watch?v=FCaD5Jr8c7g,Comas: Parents report alleged sexual abuse case at school,TVPerú Noticias,UCkZCoc42IipR1ucqJmIehsA,515.0,targeted_search,acoso sexual denuncia televisión peruana,20,CONTENIDO_SEXUAL|ACOSO_GENERO_IDENTIDAD,consulta explícita de una categoría minoritaria,55
fsdBTUjW4o8,https://www.youtube.com/watch?v=fsdBTUjW4o8,Callao: Young woman reports abuse by pre-military academy instructors,TVPerú Noticias,UCkZCoc42IipR1ucqJmIehsA,110.0,targeted_search,acoso sexual denuncia televisión peruana,21,CONTENIDO_SEXUAL|ACOSO_GENERO_IDENTIDAD,consulta explícita de una categoría minoritaria,55
gbV5j3EL6hA,https://www.youtube.com/watch?v=gbV5j3EL6hA,Esto dice la denuncia contra Zambrano Trauco y Peña por presunto abuso sexual,Latina Noticias,UCpSJ5fGhmAME9Kx2D3ZvN3Q,736.0,targeted_search,acoso sexual denuncia televisión peruana,22,CONTENIDO_SEXUAL|ACOSO_GENERO_IDENTIDAD,consulta explícita de una categoría minoritaria,55
HnjNN64slC4,https://www.youtube.com/watch?v=HnjNN64slC4,Consultorio Legal (TV Perú) | Delitos contra libertad sexual,Ministerio de Justicia y Derechos Humanos,UCUplbK1nnI1dnjfU2BiAVRw,445.0,targeted_search,acoso sexual denuncia televisión peruana,23,CONTENIDO_SEXUAL|ACOSO_GENERO_IDENTIDAD,consulta explícita de una categoría minoritaria,55
Kk3H17yt008,https://www.youtube.com/watch?v=Kk3H17yt008,Joven sufre acoso sexual dentro de una combi: Depravado la manosea y comete acto impúdico,ATV Noticias,UCYG5uXS3xdsoaXIxum1pAEw,984.0,targeted_search,acoso sexual denuncia televisión peruana,24,CONTENIDO_SEXUAL|ACOSO_GENERO_IDENTIDAD,consulta explícita de una categoría minoritaria,55
FaoPqOW6Iog,https://www.youtube.com/watch?v=FaoPqOW6Iog,Miguel Trauco y Carlos Zambrano respondieron a denuncia de abuso sexual en su contra,Latina Noticias,UCpSJ5fGhmAME9Kx2D3ZvN3Q,120.0,targeted_search,acoso sexual denuncia televisión peruana,25,CONTENIDO_SEXUAL|ACOSO_GENERO_IDENTIDAD,consulta explícita de una categoría minoritaria,55
KNZh7JKcfeQ,https://www.youtube.com/watch?v=KNZh7JKcfeQ,Yonhy Lescano al descubierto: la denuncia por acoso sexual,Panorama,UCBiq92lt_ufNO-ktZigVXgg,996.0,targeted_search,acoso sexual denuncia televisión peruana,26,CONTENIDO_SEXUAL|ACOSO_GENERO_IDENTIDAD,consulta explícita de una categoría minoritaria,55
HNLliejUBGo,https://www.youtube.com/watch?v=HNLliejUBGo,Indignación en Perú por el acoso sexual de un periodista a una diputada,laSexta Noticias,UCCJs5mITIqxqJGeFjt9N1Mg,72.0,targeted_search,acoso sexual denuncia televisión peruana,27,CONTENIDO_SEXUAL|ACOSO_GENERO_IDENTIDAD,consulta explícita de una categoría minoritaria,55
tMk1rtxrKac,https://www.youtube.com/watch?v=tMk1rtxrKac,Trujillo: siete profesores han sido destituidos por denuncias de acoso,TVPerú Noticias,UCkZCoc42IipR1ucqJmIehsA,186.0,targeted_search,acoso sexual denuncia televisión peruana,28,CONTENIDO_SEXUAL|ACOSO_GENERO_IDENTIDAD,consulta explícita de una categoría minoritaria,55
IX2GDjG8iwc,https://www.youtube.com/watch?v=IX2GDjG8iwc,Terror in Miraflores! Woman reports harassment and groping on a bus 😨 | Up with My People 🚨,Latina Televisión,UC3rDtLrcgr3JS3_3JOW4BAw,1141.0,targeted_search,acoso sexual denuncia televisión peruana,29,CONTENIDO_SEXUAL|ACOSO_GENERO_IDENTIDAD,consulta explícita de una categoría minoritaria,55
dObPbumK4L8,https://www.youtube.com/watch?v=dObPbumK4L8,¡El acoso sexual ya es delito en Perú! | Programa Mónica Cabrejos,Giancarlo Javier,UC1fXcLHy_uveoenwHNSVIug,675.0,targeted_search,acoso sexual denuncia televisión peruana,30,CONTENIDO_SEXUAL|ACOSO_GENERO_IDENTIDAD,consulta explícita de una categoría minoritaria,55
7umFDZasKrs,https://www.youtube.com/watch?v=7umFDZasKrs,Denuncian a falso productor de TV por tocamientos indebidos y acoso sexual a jóvenes,Panamericana Televisión,UCngb4rxO4iUE6BrIs29WXwA,1082.0,targeted_search,acoso sexual denuncia televisión peruana,31,CONTENIDO_SEXUAL|ACOSO_GENERO_IDENTIDAD,consulta explícita de una categoría minoritaria,55
MzQY9WDmeDE,https://www.youtube.com/watch?v=MzQY9WDmeDE,"La pesadilla de una víctima de acoso: ""Siento que voy a ser una víctima más de feminicidio""",Latina Noticias,UCpSJ5fGhmAME9Kx2D3ZvN3Q,828.0,targeted_search,acoso sexual denuncia televisión peruana,32,CONTENIDO_SEXUAL|ACOSO_GENERO_IDENTIDAD,consulta explícita de una categoría minoritaria,55
mgf2iZ22n2k,https://www.youtube.com/watch?v=mgf2iZ22n2k,Docente de la Universidad Cesar Vallejo detenido por chantajear sexualmente a su alumna,TVPerú Noticias,UCkZCoc42IipR1ucqJmIehsA,71.0,targeted_search,acoso sexual denuncia televisión peruana,33,CONTENIDO_SEXUAL|ACOSO_GENERO_IDENTIDAD,consulta explícita de una categoría minoritaria,55
LJcH9VqrdO4,https://www.youtube.com/watch?v=LJcH9VqrdO4,Arequipa: UNSA student reports being a victim of sexual harassment,TVPerú Noticias,UCkZCoc42IipR1ucqJmIehsA,121.0,targeted_search,acoso sexual denuncia televisión peruana,34,CONTENIDO_SEXUAL|ACOSO_GENERO_IDENTIDAD,consulta explícita de una categoría minoritaria,55
cD0Wf0Mcf18,https://www.youtube.com/watch?v=cD0Wf0Mcf18,Así detuvieron a profesor por acoso y chantaje a niñas: Las invitaba al hotel para subirle la nota,Latina Noticias,UCpSJ5fGhmAME9Kx2D3ZvN3Q,590.0,targeted_search,acoso sexual denuncia televisión peruana,35,CONTENIDO_SEXUAL|ACOSO_GENERO_IDENTIDAD,consulta explícita de una categoría minoritaria,55
MXcDrLCwWfE,https://www.youtube.com/watch?v=MXcDrLCwWfE,Primera sentencia en Perú con cárcel por acoso sexual,Cosmos Televisión,UC_ept7M1UXlCfvcUrK49Ziw,77.0,targeted_search,acoso sexual denuncia televisión peruana,36,CONTENIDO_SEXUAL|ACOSO_GENERO_IDENTIDAD,consulta explícita de una categoría minoritaria,55
HZ58zbY-wnE,https://www.youtube.com/watch?v=HZ58zbY-wnE,Demus: Cuando la víctima denuncia acoso se encuentra con un sistema hostil,TVPerú Noticias,UCkZCoc42IipR1ucqJmIehsA,852.0,targeted_search,acoso sexual denuncia televisión peruana,37,CONTENIDO_SEXUAL|ACOSO_GENERO_IDENTIDAD,consulta explícita de una categoría minoritaria,55
k2QlseqLJwM,https://www.youtube.com/watch?v=k2QlseqLJwM,Salen a la luz más denuncias contra productor de televisión por acoso sexual,Magaly TV La Firme,UCF6s3gpbZEQKqZ38VvQ0gLA,507.0,targeted_search,acoso sexual denuncia televisión peruana,38,CONTENIDO_SEXUAL|ACOSO_GENERO_IDENTIDAD,consulta explícita de una categoría minoritaria,55
DTST8v5u6SY,https://www.youtube.com/watch?v=DTST8v5u6SY,Congresista JOSÉ JERÍ es denunciado por violación sexual   | RMP,La República - LR+,UC-B7Xv56uNRDkj0vC3QW8Cg,187.0,targeted_search,acoso sexual denuncia televisión peruana,39,CONTENIDO_SEXUAL|ACOSO_GENERO_IDENTIDAD,consulta explícita de una categoría minoritaria,55
Duow4OxcbB0,https://www.youtube.com/watch?v=Duow4OxcbB0,Trujillo: numerosas denuncias a sacerdote por abuso sexual,Latina Noticias,UCpSJ5fGhmAME9Kx2D3ZvN3Q,667.0,targeted_search,acoso sexual denuncia televisión peruana,40,CONTENIDO_SEXUAL|ACOSO_GENERO_IDENTIDAD,consulta explícita de una categoría minoritaria,55
NfvfQEIhGEI,https://www.youtube.com/watch?v=NfvfQEIhGEI,Nota sobre casos de abuso sexual en Perú - Junio 2021,Rosario Sasieta,UCExZfPEMILpyHr30xvDCXeg,892.0,targeted_search,acoso sexual denuncia televisión peruana,41,CONTENIDO_SEXUAL|ACOSO_GENERO_IDENTIDAD,consulta explícita de una categoría minoritaria,55
nfPeXl50bOo,https://www.youtube.com/watch?v=nfPeXl50bOo,Sergio Peña se pronunció tras denuncia por abuso sexual,Latina Noticias,UCpSJ5fGhmAME9Kx2D3ZvN3Q,83.0,targeted_search,acoso sexual denuncia televisión peruana,42,CONTENIDO_SEXUAL|ACOSO_GENERO_IDENTIDAD,consulta explícita de una categoría minoritaria,55
mYxYYSD5mvQ,https://www.youtube.com/watch?v=mYxYYSD5mvQ,"Manager accused of sexual harassment defends himself: ""It's mere defamation"" l Arriba Mi Gente",Latina Televisión,UC3rDtLrcgr3JS3_3JOW4BAw,908.0,targeted_search,acoso sexual denuncia televisión peruana,43,CONTENIDO_SEXUAL|ACOSO_GENERO_IDENTIDAD,consulta explícita de una categoría minoritaria,55
epX957x2NM8,https://www.youtube.com/watch?v=epX957x2NM8,Trujillo: aumenta en 90% denuncias por acoso sexual laboral,SOL TV Perú,UCT3jhkKbEV4ZslnzhZ26hPw,172.0,targeted_search,acoso sexual denuncia televisión peruana,44,CONTENIDO_SEXUAL|ACOSO_GENERO_IDENTIDAD,consulta explícita de una categoría minoritaria,55
4p__3C_4DrA,https://www.youtube.com/watch?v=4p__3C_4DrA,Tumbes: destituyen a secretario judicial por pedir favores sexuales,TVPerú Noticias,UCkZCoc42IipR1ucqJmIehsA,56.0,targeted_search,acoso sexual denuncia televisión peruana,45,CONTENIDO_SEXUAL|ACOSO_GENERO_IDENTIDAD,consulta explícita de una categoría minoritaria,55
_G1yu47aho0,https://www.youtube.com/watch?v=_G1yu47aho0,Denuncia: exfuncionaria denuncia de acoso sexual a gerente edil,Cosmos Televisión,UC_ept7M1UXlCfvcUrK49Ziw,103.0,targeted_search,acoso sexual denuncia televisión peruana,46,CONTENIDO_SEXUAL|ACOSO_GENERO_IDENTIDAD,consulta explícita de una categoría minoritaria,55
STMQeFk3y44,https://www.youtube.com/watch?v=STMQeFk3y44,Ministra Carmen Omonte planteó sanciones al acoso sexual callejero (Canal 5),MIMP TV,UCMppv3lQKnG5dSIxgmO-LKA,31.0,targeted_search,acoso sexual denuncia televisión peruana,47,CONTENIDO_SEXUAL|ACOSO_GENERO_IDENTIDAD,consulta explícita de una categoría minoritaria,55
WP655JeHwtk,https://www.youtube.com/watch?v=WP655JeHwtk,Gobierno de Chile desacredita denuncia de acoso sexual contra Gabriel Boric,TVPerú Noticias,UCkZCoc42IipR1ucqJmIehsA,131.0,targeted_search,acoso sexual denuncia televisión peruana,48,CONTENIDO_SEXUAL|ACOSO_GENERO_IDENTIDAD,consulta explícita de una categoría minoritaria,55
BA7HFEZacuQ,https://www.youtube.com/watch?v=BA7HFEZacuQ,Nuevos testimonios de abuso sexual contra director teatral Guillermo Castrillón,Panorama,UCBiq92lt_ufNO-ktZigVXgg,496.0,targeted_search,acoso sexual denuncia televisión peruana,49,CONTENIDO_SEXUAL|ACOSO_GENERO_IDENTIDAD,consulta explícita de una categoría minoritaria,55
NACcF9obIT0,https://www.youtube.com/watch?v=NACcF9obIT0,Trujillo: Awareness wall against sexual harassment of women unveiled,SOL TV Perú,UCT3jhkKbEV4ZslnzhZ26hPw,182.0,targeted_search,acoso sexual denuncia televisión peruana,50,CONTENIDO_SEXUAL|ACOSO_GENERO_IDENTIDAD,consulta explícita de una categoría minoritaria,55
rMryeFRUDOs,https://www.youtube.com/watch?v=rMryeFRUDOs,Acusan de abuso sexual a un director peruano | Al Rojo Vivo | Telemundo,Al Rojo Vivo,UCDUxOvbwu1bnyD7AucP0ESw,149.0,targeted_search,acoso sexual denuncia televisión peruana,51,CONTENIDO_SEXUAL|ACOSO_GENERO_IDENTIDAD,consulta explícita de una categoría minoritaria,55
659xFTfk77g,https://www.youtube.com/watch?v=659xFTfk77g,Este es el testimonio de la víctima que denunció al excardenal Cipriani por pederastia,Latina Noticias,UCpSJ5fGhmAME9Kx2D3ZvN3Q,604.0,targeted_search,acoso sexual denuncia televisión peruana,52,CONTENIDO_SEXUAL|ACOSO_GENERO_IDENTIDAD,consulta explícita de una categoría minoritaria,55
VPfN61-BGHU,https://www.youtube.com/watch?v=VPfN61-BGHU,¿Cuál es el procedimiento para denunciar a un acosador?,24 Horas,UCsakKsRww3J7pM6DavkrAIQ,203.0,targeted_search,acoso sexual denuncia televisión peruana,53,CONTENIDO_SEXUAL|ACOSO_GENERO_IDENTIDAD,consulta explícita de una categoría minoritaria,55
OciDPxfuXa8,https://www.youtube.com/watch?v=OciDPxfuXa8,Sexual harassment in the theater: Seeking justice in the Guillermo Castrillón case,DÍA D,UCmrzeYkbupPuvrXH8roR__w,967.0,targeted_search,acoso sexual denuncia televisión peruana,54,CONTENIDO_SEXUAL|ACOSO_GENERO_IDENTIDAD,consulta explícita de una categoría minoritaria,55
KpYC9QWe6h0,https://www.youtube.com/watch?v=KpYC9QWe6h0,TV PERÚ NOTICIAS INVESTIGAN A DOCENTE DEL COLEGIO ALGARROBOS DE CHICLAYO POR PRESUNTO ABUSO SEXUAL,JOEL LARREA - LA ESQUINA,UCIulnJAaObOPA5Qk9thuVUA,105.0,targeted_search,acoso sexual denuncia televisión peruana,55,CONTENIDO_SEXUAL|ACOSO_GENERO_IDENTIDAD,consulta explícita de una categoría minoritaria,55
J1M6deT_RSw,https://www.youtube.com/watch?v=J1M6deT_RSw,"Woman threatened and brutally attacked, aggressor released",DÍA D,UCmrzeYkbupPuvrXH8roR__w,947.0,targeted_search,agresor amenaza pareja Perú,1,AMENAZA_DIRECTA,consulta explícita de una categoría minoritaria,55
Ce02sEFuiEY,https://www.youtube.com/watch?v=Ce02sEFuiEY,Las amenazas de este agresor hacia su expareja,Nunca MAS,UCFqwxsa2Wp6Y5FkUAcGShGA,484.0,targeted_search,agresor amenaza pareja Perú,2,AMENAZA_DIRECTA,consulta explícita de una categoría minoritaria,55
vVDXpkpGLs0,https://www.youtube.com/watch?v=vVDXpkpGLs0,Intenta asesinar DOS VECES a su pareja cuando le dijo que estaba embarazada,Buenos Días Perú,UCFnOwPrJ-Skrzk_GPNBV5tg,241.0,targeted_search,agresor amenaza pareja Perú,3,AMENAZA_DIRECTA,consulta explícita de una categoría minoritaria,55
WVDq_HQaJN4,https://www.youtube.com/watch?v=WVDq_HQaJN4,Se enteró que su pareja estaba embarazada y la amenazó de muerte por negarse a abortar,Buenos Días Perú,UCFnOwPrJ-Skrzk_GPNBV5tg,524.0,targeted_search,agresor amenaza pareja Perú,4,AMENAZA_DIRECTA,consulta explícita de una categoría minoritaria,55
ZrOosV9Dr_o,https://www.youtube.com/watch?v=ZrOosV9Dr_o,Familia de mujer amenazada enfrentó al agresor,Nunca MAS,UCFqwxsa2Wp6Y5FkUAcGShGA,538.0,targeted_search,agresor amenaza pareja Perú,5,AMENAZA_DIRECTA,consulta explícita de una categoría minoritaria,55
BG7kt0icTGQ,https://www.youtube.com/watch?v=BG7kt0icTGQ,Mujer que fue golpeada por su pareja ahora recibe amenazas; la justicia liberó a su agresor,Unitel Bolivia,UCBTuUY99I5plMaC_ZcmXIYw,72.0,targeted_search,agresor amenaza pareja Perú,6,AMENAZA_DIRECTA,consulta explícita de una categoría minoritaria,55
Kj2_Y78Zsaw,https://www.youtube.com/watch?v=Kj2_Y78Zsaw,Joven denuncia agresión de su pareja: la golpeó porque no respondió mensajes de texto,Buenos Días Perú,UCFnOwPrJ-Skrzk_GPNBV5tg,240.0,targeted_search,agresor amenaza pareja Perú,7,AMENAZA_DIRECTA,consulta explícita de una categoría minoritaria,55
FdHr6fxYJ6Y,https://www.youtube.com/watch?v=FdHr6fxYJ6Y,"Exesposa de alcalde amenaza a Christina: ""Te vas a arrepentir""",Nunca MAS,UCFqwxsa2Wp6Y5FkUAcGShGA,1175.0,targeted_search,agresor amenaza pareja Perú,8,AMENAZA_DIRECTA,consulta explícita de una categoría minoritaria,55
GabditnPkVs,https://www.youtube.com/watch?v=GabditnPkVs,Hombre apuñala y asesina a su esposa Tiktoker - N+,NMás,UCUsm-fannqOY02PNN67C0KA,50.0,targeted_search,agresor amenaza pareja Perú,9,AMENAZA_DIRECTA,consulta explícita de una categoría minoritaria,55
bTqWrlmM-Dw,https://www.youtube.com/watch?v=bTqWrlmM-Dw,Cae ladrón de celulares por agredir y amenazar con cuchillo a su pareja en hostal de El Agustino,El Dominical de Panamericana,UCMfcN0OV7d61cWPLYm5qHpw,332.0,targeted_search,agresor amenaza pareja Perú,10,AMENAZA_DIRECTA,consulta explícita de una categoría minoritaria,55
way0btql7cw,https://www.youtube.com/watch?v=way0btql7cw,Policía reduce a agresor que buscaba electrocutar a su expareja,TVPerú Noticias,UCkZCoc42IipR1ucqJmIehsA,187.0,targeted_search,agresor amenaza pareja Perú,11,AMENAZA_DIRECTA,consulta explícita de una categoría minoritaria,55
gFsHeM6Gcug,https://www.youtube.com/watch?v=gFsHeM6Gcug,Joven madre denuncia 7 veces a su ex pareja por intento de feminicidio y por fin lo detienen,Latina Noticias,UCpSJ5fGhmAME9Kx2D3ZvN3Q,178.0,targeted_search,agresor amenaza pareja Perú,12,AMENAZA_DIRECTA,consulta explícita de una categoría minoritaria,55
5evU_i5cg7E,https://www.youtube.com/watch?v=5evU_i5cg7E,¡Intento de feminicidio! Sujeto que disparó contra la casa de su expareja estuvo preso por 14 años,Buenos Días Perú,UCFnOwPrJ-Skrzk_GPNBV5tg,169.0,targeted_search,agresor amenaza pareja Perú,13,AMENAZA_DIRECTA,consulta explícita de una categoría minoritaria,55
vPA3Ps_eUmE,https://www.youtube.com/watch?v=vPA3Ps_eUmE,Julio César Rojas Mogollón amenazó con matar a su esposa tras ser detenido,TVPerú Noticias,UCkZCoc42IipR1ucqJmIehsA,237.0,targeted_search,agresor amenaza pareja Perú,14,AMENAZA_DIRECTA,consulta explícita de una categoría minoritaria,55
Bgd5AZlq0RA,https://www.youtube.com/watch?v=Bgd5AZlq0RA,Hombre desquiciado persigue a expareja ante la cámara de Nunca Más,Nunca MAS,UCFqwxsa2Wp6Y5FkUAcGShGA,561.0,targeted_search,agresor amenaza pareja Perú,15,AMENAZA_DIRECTA,consulta explícita de una categoría minoritaria,55
LsjHqnqQaWA,https://www.youtube.com/watch?v=LsjHqnqQaWA,Sujeto que atacó a expareja con pico de botella tenía largo historial de denuncias,Buenos Días Perú,UCFnOwPrJ-Skrzk_GPNBV5tg,323.0,targeted_search,agresor amenaza pareja Perú,16,AMENAZA_DIRECTA,consulta explícita de una categoría minoritaria,55
nde96BcFcE4,https://www.youtube.com/watch?v=nde96BcFcE4,Lo ha denunciado 7 veces y teme por su vida: mujer acusa a su expareja de acosarla y amenazarla,Buenos Días Perú,UCFnOwPrJ-Skrzk_GPNBV5tg,410.0,targeted_search,agresor amenaza pareja Perú,17,AMENAZA_DIRECTA,consulta explícita de una categoría minoritaria,55
93nzbc8uocQ,https://www.youtube.com/watch?v=93nzbc8uocQ,A woman's nightmare after breaking up with a violent man,Nunca MAS,UCFqwxsa2Wp6Y5FkUAcGShGA,622.0,targeted_search,agresor amenaza pareja Perú,18,AMENAZA_DIRECTA,consulta explícita de una categoría minoritaria,55
NXVvHvGqGv4,https://www.youtube.com/watch?v=NXVvHvGqGv4,El sujeto que amenaza a su expareja y avala los feminicidios.,Nunca MAS,UCFqwxsa2Wp6Y5FkUAcGShGA,496.0,targeted_search,agresor amenaza pareja Perú,19,AMENAZA_DIRECTA,consulta explícita de una categoría minoritaria,55
TDFRNhOCwao,https://www.youtube.com/watch?v=TDFRNhOCwao,Familia y justicia: ¿Cómo denunciar un hecho de violencia psicológica en el Perú?,RPP Noticias,UC5j8-2FT0ZMMBkmK72R4aeA,639.0,targeted_search,agresor amenaza pareja Perú,20,AMENAZA_DIRECTA,consulta explícita de una categoría minoritaria,55
tJd4ZpWipNg,https://www.youtube.com/watch?v=tJd4ZpWipNg,¡De armas tomar! Jonathan Maicelo se ve envuelto en pelea callejera al defender a su alumno,Magaly TV La Firme,UCF6s3gpbZEQKqZ38VvQ0gLA,128.0,targeted_search,agresor amenaza pareja Perú,21,AMENAZA_DIRECTA,consulta explícita de una categoría minoritaria,55
1th8Ey8GtpY,https://www.youtube.com/watch?v=1th8Ey8GtpY,Comas: hombre intentó asesinar a su expareja con el pico de una botella,24 Horas,UCsakKsRww3J7pM6DavkrAIQ,155.0,targeted_search,agresor amenaza pareja Perú,22,AMENAZA_DIRECTA,consulta explícita de una categoría minoritaria,55
sSIFE8fdXP0,https://www.youtube.com/watch?v=sSIFE8fdXP0,"Young man reports assault by ""Cristorata"" after a livestream | Arriba Mi Gente",Latina Televisión,UC3rDtLrcgr3JS3_3JOW4BAw,786.0,targeted_search,agresor amenaza pareja Perú,23,AMENAZA_DIRECTA,consulta explícita de una categoría minoritaria,55
WU0WOdr9gVg,https://www.youtube.com/watch?v=WU0WOdr9gVg,Es extorsionada por expareja con difundir videos íntimos y en comisaría no quieren atenderla,Buenos Días Perú,UCFnOwPrJ-Skrzk_GPNBV5tg,168.0,targeted_search,agresor amenaza pareja Perú,24,AMENAZA_DIRECTA,consulta explícita de una categoría minoritaria,55
C6S99pnMsho,https://www.youtube.com/watch?v=C6S99pnMsho,Mujer confronta a expareja y éste es captado acosándola,Nunca MAS,UCFqwxsa2Wp6Y5FkUAcGShGA,513.0,targeted_search,agresor amenaza pareja Perú,25,AMENAZA_DIRECTA,consulta explícita de una categoría minoritaria,55
OTEmcDm7vIQ,https://www.youtube.com/watch?v=OTEmcDm7vIQ,Ex-partner of ATV journalist who threatened to kill her disappears and EsSalud washes its hands o...,ATV Noticias,UCYG5uXS3xdsoaXIxum1pAEw,1660.0,targeted_search,agresor amenaza pareja Perú,26,AMENAZA_DIRECTA,consulta explícita de una categoría minoritaria,55
vYHuvbNYuGU,https://www.youtube.com/watch?v=vYHuvbNYuGU,Amenazas el delito más Denunciado//Conoce que pasa después de tu denuncia,Abogado Juan Carlos Paz Bautista,UCLxsHdt2y0IP77fJq3fYjzg,159.0,targeted_search,agresor amenaza pareja Perú,27,AMENAZA_DIRECTA,consulta explícita de una categoría minoritaria,55
LP9NHqybZXQ,https://www.youtube.com/watch?v=LP9NHqybZXQ,"Never Again: October 31, 2021 Program",Nunca MAS,UCFqwxsa2Wp6Y5FkUAcGShGA,4146.0,targeted_search,agresor amenaza pareja Perú,28,AMENAZA_DIRECTA,consulta explícita de una categoría minoritaria,55
no1jz57CAAY,https://www.youtube.com/watch?v=no1jz57CAAY,Puedo ir a la cárcel por Violencia familiar,Giomar Salazar Abogados,UCBWVLIesVhC4Iz5W-ApozYw,29.0,targeted_search,agresor amenaza pareja Perú,29,AMENAZA_DIRECTA,consulta explícita de una categoría minoritaria,55
nnECM7gVHu4,https://www.youtube.com/watch?v=nnECM7gVHu4,Venezolana intenta salvarse de su agresor lanzándose del tercer piso de su vivienda,TVPerú Noticias,UCkZCoc42IipR1ucqJmIehsA,433.0,targeted_search,agresor amenaza pareja Perú,30,AMENAZA_DIRECTA,consulta explícita de una categoría minoritaria,55
QDT6jCU_QEE,https://www.youtube.com/watch?v=QDT6jCU_QEE,Outrageous! Streamer Diealis accused of “savage assault” against his partner,Magaly TV La Firme,UCF6s3gpbZEQKqZ38VvQ0gLA,165.0,targeted_search,agresor amenaza pareja Perú,31,AMENAZA_DIRECTA,consulta explícita de una categoría minoritaria,55
3HtByCaZnAw,https://www.youtube.com/watch?v=3HtByCaZnAw,"Mi mujer me denunció por Violencia intrafamiliar, y me sacaron de mi casa ¿Qué puedo hacer?",Gestión Legal,UCGbCdx7nhKuiQaO8OMEt9eA,199.0,targeted_search,agresor amenaza pareja Perú,32,AMENAZA_DIRECTA,consulta explícita de una categoría minoritaria,55
kBg0ayEfMSQ,https://www.youtube.com/watch?v=kBg0ayEfMSQ,Ancash: Judiciary orders nine months of preventive detention for couple who tried to kill minor,TVPerú Noticias,UCkZCoc42IipR1ucqJmIehsA,37.0,targeted_search,agresor amenaza pareja Perú,33,AMENAZA_DIRECTA,consulta explícita de una categoría minoritaria,55
0VmmYFbetEk,https://www.youtube.com/watch?v=0VmmYFbetEk,Sujeto de 61 años fue grabado amenazando a su pareja con un cuchillo,Conexiónbol,UCgnN7gdTzoncEdfMks0QSkQ,225.0,targeted_search,agresor amenaza pareja Perú,34,AMENAZA_DIRECTA,consulta explícita de una categoría minoritaria,55
Qxa47T1jpQU,https://www.youtube.com/watch?v=Qxa47T1jpQU,👉TIPOS de VIOLENCIA FAMILIAR en el PERÚ: ¿DE CUANTO es la PENA DE CÁRCEL?,Estudio de Abogados Arredondo&Jordan ,UC1rjzqLqdLSOsRhrAFwnzKw,188.0,targeted_search,agresor amenaza pareja Perú,35,AMENAZA_DIRECTA,consulta explícita de una categoría minoritaria,55
QXFUu08edIc,https://www.youtube.com/watch?v=QXFUu08edIc,📹Arriba Mi Gente| Mujer amenazada por su ex pareja no quiere ir a un albergue,Latina Televisión,UC3rDtLrcgr3JS3_3JOW4BAw,783.0,targeted_search,agresor amenaza pareja Perú,36,AMENAZA_DIRECTA,consulta explícita de una categoría minoritaria,55
Lyj6ABtOOIc,https://www.youtube.com/watch?v=Lyj6ABtOOIc,Suboficial dejó de acosar a mujer tras aparición en 'Nunca Más',Nunca MAS,UCFqwxsa2Wp6Y5FkUAcGShGA,1537.0,targeted_search,agresor amenaza pareja Perú,37,AMENAZA_DIRECTA,consulta explícita de una categoría minoritaria,55
HFtGcvG4UVg,https://www.youtube.com/watch?v=HFtGcvG4UVg,Juez lloró al escuchar cómo bebé de 22 meses fue abusado y maltratado hasta morir,Noticias Caracol,UC2Xq2PK-got3Rtz9ZJ32hLQ,138.0,targeted_search,agresor amenaza pareja Perú,38,AMENAZA_DIRECTA,consulta explícita de una categoría minoritaria,55
0694ZGnlpYM,https://www.youtube.com/watch?v=0694ZGnlpYM,Sergio Tarache: Femicide perpetrator confessed to burning his partner to prevent her from attendi...,ATV Noticias,UCYG5uXS3xdsoaXIxum1pAEw,125.0,targeted_search,agresor amenaza pareja Perú,39,AMENAZA_DIRECTA,consulta explícita de una categoría minoritaria,55
Ar8oCts1xR8,https://www.youtube.com/watch?v=Ar8oCts1xR8,"Joven DEFIENDE a CHICA de ACOSADORES y lo llaman ""El caballero del Amor""",El Heraldo de México,UC7E9Dj_lmrJdDrH2Bg7rNqQ,27.0,targeted_search,agresor amenaza pareja Perú,40,AMENAZA_DIRECTA,consulta explícita de una categoría minoritaria,55
srOOj6kG4rg,https://www.youtube.com/watch?v=srOOj6kG4rg,"Linchan a muerte a violador de Karina, la joven que fotografió a su agresor antes de morir",El Universal,UC2SEk1w7DgoHs_G3w1biz-w,102.0,targeted_search,agresor amenaza pareja Perú,41,AMENAZA_DIRECTA,consulta explícita de una categoría minoritaria,55
0rtsmUUxaIM,https://www.youtube.com/watch?v=0rtsmUUxaIM,¿Puedo retirar una denuncia por violencia familiar?,Giomar Salazar Abogados,UCBWVLIesVhC4Iz5W-ApozYw,78.0,targeted_search,agresor amenaza pareja Perú,42,AMENAZA_DIRECTA,consulta explícita de una categoría minoritaria,55
aP1pk2x91bA,https://www.youtube.com/watch?v=aP1pk2x91bA,THE VIOLENT COUPLE - Psychologist Fernando Leiva (Educational program with psychological content),Fernando Leiva - Psicólogo,UCyzEUX1Etvs1Cfk1NUf_mLQ,3005.0,targeted_search,agresor amenaza pareja Perú,43,AMENAZA_DIRECTA,consulta explícita de una categoría minoritaria,55
txiYMCHuaPk,https://www.youtube.com/watch?v=txiYMCHuaPk,Golpes sin sanción: intento de feminicidio contra Milagros Rumiche,Panorama,UCBiq92lt_ufNO-ktZigVXgg,1056.0,targeted_search,agresor amenaza pareja Perú,44,AMENAZA_DIRECTA,consulta explícita de una categoría minoritaria,55
P9bXLRfZjvs,https://www.youtube.com/watch?v=P9bXLRfZjvs,Independencia: Extorsionador pierde un brazo tras intentar activar un explosivo,ATV Noticias,UCYG5uXS3xdsoaXIxum1pAEw,44.0,targeted_search,agresor amenaza pareja Perú,45,AMENAZA_DIRECTA,consulta explícita de una categoría minoritaria,55
bG2TYdYc-a4,https://www.youtube.com/watch?v=bG2TYdYc-a4,Amenazan de muerte a la ministra de la Mujer por denuncia de violación al influencer Makanaky,ATV Noticias,UCYG5uXS3xdsoaXIxum1pAEw,53.0,targeted_search,agresor amenaza pareja Perú,46,AMENAZA_DIRECTA,consulta explícita de una categoría minoritaria,55
Vam_lvkkD_o,https://www.youtube.com/watch?v=Vam_lvkkD_o,El delito de violencia psicológica!,Henry Caliz | Abogado Penalista,UC0m7RgsCxiT4Ow-DvgMFEwQ,232.0,targeted_search,agresor amenaza pareja Perú,47,AMENAZA_DIRECTA,consulta explícita de una categoría minoritaria,55
vDBp2QcOKss,https://www.youtube.com/watch?v=vDBp2QcOKss,“Yo tenía que ver cómo defenderme”: joven que noqueó a ladrón que intentó robarle,Noticias RCN,UCnr6pbeXJmkNQJ9PSYle7QQ,118.0,targeted_search,agresor amenaza pareja Perú,48,AMENAZA_DIRECTA,consulta explícita de una categoría minoritaria,55
Z_gPlen-UM8,https://www.youtube.com/watch?v=Z_gPlen-UM8,CHEATING ADDRESSES PINKY SHOW | Exposing Cheating Ep. 19 | La Rambla - Lima - Peru,Ponce Producciones,UCSoRbSrehYFqx6n-6uyio0w,1198.0,targeted_search,agresor amenaza pareja Perú,49,AMENAZA_DIRECTA,consulta explícita de una categoría minoritaria,55
59a4NA6H1Lo,https://www.youtube.com/watch?v=59a4NA6H1Lo,Amor y Fuego -FEB 25 - INFLUENCER VALENTINO ENVUELTO EN ESCÁNDALO TRAS AGRESIÓN A UNA MUJER | Willax,Willax Televisión,UCort3mldTtMErPqprSlSfng,414.0,targeted_search,agresor amenaza pareja Perú,50,AMENAZA_DIRECTA,consulta explícita de una categoría minoritaria,55
NTs5wuCV1q4,https://www.youtube.com/watch?v=NTs5wuCV1q4,¿Cómo denunciar violencia familiar?,Impunidad Cero ,UCeZiDUkOsiVNGVmR31_cvdQ,101.0,targeted_search,agresor amenaza pareja Perú,51,AMENAZA_DIRECTA,consulta explícita de una categoría minoritaria,55
AwQR0Rcf0EQ,https://www.youtube.com/watch?v=AwQR0Rcf0EQ,"UNFAITHFUL 4M3N4Z4 A PINKY SHOW Ep. 2 | EXPOSING UNFAITHFUL SERIES 2 | LIMA, PERU",Ponce Producciones,UCSoRbSrehYFqx6n-6uyio0w,1882.0,targeted_search,agresor amenaza pareja Perú,52,AMENAZA_DIRECTA,consulta explícita de una categoría minoritaria,55
N0ed88w3inQ,https://www.youtube.com/watch?v=N0ed88w3inQ,"Extortionist goes to leave explosive at victim's home, but it detonates early and he loses his ar...",La República - LR+,UC-B7Xv56uNRDkj0vC3QW8Cg,88.0,targeted_search,agresor amenaza pareja Perú,53,AMENAZA_DIRECTA,consulta explícita de una categoría minoritaria,55
a46nxm6ROgI,https://www.youtube.com/watch?v=a46nxm6ROgI,How to Defend Yourself Against a False Psychological Domestic Violence Case,vallarinopanama,UCa9M1T2WZSZPJzl2rL1yJng,803.0,targeted_search,agresor amenaza pareja Perú,54,AMENAZA_DIRECTA,consulta explícita de una categoría minoritaria,55
UrQ6uCV3jXI,https://www.youtube.com/watch?v=UrQ6uCV3jXI,"THEY'RE DOWN! ""WHITE COLLAR"" GINO RIOS ALSO TURNS OUT TO BE AN AGGRESSOR OF WOMEN. GET OUT OF HIS...",Zaira Arias,UCNlC2Qz2ITOjFoV_Ar-CelA,2136.0,targeted_search,agresor amenaza pareja Perú,55,AMENAZA_DIRECTA,consulta explícita de una categoría minoritaria,55
cYcCvYFkGzY,https://www.youtube.com/watch?v=cYcCvYFkGzY,Defendant threatens judge with killing him during virtual hearing,LP - Pasión por el Derecho,UCDscRlCxFfuHhsJBlVvPBmA,183.0,targeted_search,amenaza juez audiencia virtual Perú,1,AMENAZA_DIRECTA,consulta explícita de una categoría minoritaria,55
0TQrlqr8bHU,https://www.youtube.com/watch?v=0TQrlqr8bHU,Callao: Man threatens his partner during a virtual hearing,TVPerú Noticias,UCkZCoc42IipR1ucqJmIehsA,116.0,targeted_search,amenaza juez audiencia virtual Perú,2,AMENAZA_DIRECTA,consulta explícita de una categoría minoritaria,55
gtyTfMDp-wc,https://www.youtube.com/watch?v=gtyTfMDp-wc,Oxapampa: Acusado insulta y amenaza de muerte a juez durante audiencia virtual,CC Digital Perú,UCO4dAHBdRQ5NU4i5rQ-HLsA,154.0,targeted_search,amenaza juez audiencia virtual Perú,3,AMENAZA_DIRECTA,consulta explícita de una categoría minoritaria,55
UAqRmN3Q3Yk,https://www.youtube.com/watch?v=UAqRmN3Q3Yk,"""Again with your threats"": Judge and prosecutor argue in virtual hearing, and it all ends with a ...",LP - Pasión por el Derecho,UCDscRlCxFfuHhsJBlVvPBmA,408.0,targeted_search,amenaza juez audiencia virtual Perú,4,AMENAZA_DIRECTA,consulta explícita de una categoría minoritaria,55
qNRKqwPGNL4,https://www.youtube.com/watch?v=qNRKqwPGNL4,DELINCUENTE AMENAZA DE MUERTE A JUEZ EN AUDIENCIA,Perú Actual,UC2QhJFzvnB2SDBfnOd2zJBA,90.0,targeted_search,amenaza juez audiencia virtual Perú,5,AMENAZA_DIRECTA,consulta explícita de una categoría minoritaria,55
HE4Ge20OIWI,https://www.youtube.com/watch?v=HE4Ge20OIWI,Imputado amenaza al juez y al fiscal de su caso,Upsocl,UCgltr7AvpfGf-sEnIdBKZXQ,345.0,targeted_search,amenaza juez audiencia virtual Perú,6,AMENAZA_DIRECTA,consulta explícita de una categoría minoritaria,55
IutsHhY4yvU,https://www.youtube.com/watch?v=IutsHhY4yvU,IMPUTADO INSULTA Y AMENAZA DE MU3RTE A JUEZ EN AUDIENCIA VIRTUAL:,Javier Sanchez Negron,UCPBDhZ7NskmSXWKVPuTlGLw,160.0,targeted_search,amenaza juez audiencia virtual Perú,7,AMENAZA_DIRECTA,consulta explícita de una categoría minoritaria,55
Jz49bghB-K4,https://www.youtube.com/watch?v=Jz49bghB-K4,"¡Insólito! Fiscal transmite video ""subido de tono"" en plena audiencia virtual (Ucayali - Perú)",Discent Legem - Perú,UC4HaP99ArZDbC0VXHr96NsA,40.0,targeted_search,amenaza juez audiencia virtual Perú,8,AMENAZA_DIRECTA,consulta explícita de una categoría minoritaria,55
yfVjMutJcOw,https://www.youtube.com/watch?v=yfVjMutJcOw,Jueza del caso “Baguazo” es maltratada verbalmente por su colega durante audiencia,Wayka,UCQmo59tWId4OHTdl4W320DQ,85.0,targeted_search,amenaza juez audiencia virtual Perú,9,AMENAZA_DIRECTA,consulta explícita de una categoría minoritaria,55
WwMXkUFiJuo,https://www.youtube.com/watch?v=WwMXkUFiJuo,Lawyer tries to plead with polo shirt in virtual hearing and judge prevents him from doing so,LP - Pasión por el Derecho,UCDscRlCxFfuHhsJBlVvPBmA,116.0,targeted_search,amenaza juez audiencia virtual Perú,10,AMENAZA_DIRECTA,consulta explícita de una categoría minoritaria,55
TAhjJzCJOt4,https://www.youtube.com/watch?v=TAhjJzCJOt4,"JUEZ INCREPA A ABOGADO JUICIO CONTRA LILIA PAREDES:"" VA CITAR LA BIBLIA Y DON QUIJOTE, NO LE PERMITO",JF DIGITAL,UCvDBDpI2MSvibOCRacHYOUw,137.0,targeted_search,amenaza juez audiencia virtual Perú,11,AMENAZA_DIRECTA,consulta explícita de una categoría minoritaria,55
kKFvSBOP7io,https://www.youtube.com/watch?v=kKFvSBOP7io,Pasco: imputado amenaza a juez con matarlo en audiencia virtual,ETCRADIO TV,UCpF79FBh6RxwYDN487KoltQ,126.0,targeted_search,amenaza juez audiencia virtual Perú,12,AMENAZA_DIRECTA,consulta explícita de una categoría minoritaria,55
MQF6Z7rjuUs,https://www.youtube.com/watch?v=MQF6Z7rjuUs,Lima: Jueza denuncia que es víctima de amenazas de muerte,Central de Noticias ATV,UCztaqSKeJd4T83XAUDYTBHg,153.0,targeted_search,amenaza juez audiencia virtual Perú,13,AMENAZA_DIRECTA,consulta explícita de una categoría minoritaria,55
rbn0XNrbII8,https://www.youtube.com/watch?v=rbn0XNrbII8,UN REO AMENAZA A UN JUEZ EN PLENA AUDIENCIA VIRTUAL,Ley Justa,UCtccjYpWHoBnQt_s0WR4_Bw,430.0,targeted_search,amenaza juez audiencia virtual Perú,14,AMENAZA_DIRECTA,consulta explícita de una categoría minoritaria,55
uk9wJ99vrcQ,https://www.youtube.com/watch?v=uk9wJ99vrcQ,"Judge wanted to give the prosecutor the floor at the pretrial detention hearing, but the lawyer o...",LP - Pasión por el Derecho,UCDscRlCxFfuHhsJBlVvPBmA,485.0,targeted_search,amenaza juez audiencia virtual Perú,15,AMENAZA_DIRECTA,consulta explícita de una categoría minoritaria,55
jbCv2Znu3GY,https://www.youtube.com/watch?v=jbCv2Znu3GY,Juez maltrata verbalmente a su colega durante audiencia pública,TVPerú Noticias,UCkZCoc42IipR1ucqJmIehsA,113.0,targeted_search,amenaza juez audiencia virtual Perú,16,AMENAZA_DIRECTA,consulta explícita de una categoría minoritaria,55
W8q1zuF3L-I,https://www.youtube.com/watch?v=W8q1zuF3L-I,'The Untouchables of the Central Jungle' Case: Judge threatened during virtual hearing,ATV Noticias,UCYG5uXS3xdsoaXIxum1pAEw,220.0,targeted_search,amenaza juez audiencia virtual Perú,17,AMENAZA_DIRECTA,consulta explícita de una categoría minoritaria,55
mcizybMla_c,https://www.youtube.com/watch?v=mcizybMla_c,🚨 Detenido amenaza de muerte a juez durante su audiencia si no lo libera,Latina Noticias,UCpSJ5fGhmAME9Kx2D3ZvN3Q,86.0,targeted_search,amenaza juez audiencia virtual Perú,18,AMENAZA_DIRECTA,consulta explícita de una categoría minoritaria,55
8jqYj3iKJyU,https://www.youtube.com/watch?v=8jqYj3iKJyU,😱Procesado amenaza de muerte a juez de audiencia - Oxapampa👮‍♂️,Qwada,UC08DCSsLDBIVLvebHUpqsXg,144.0,targeted_search,amenaza juez audiencia virtual Perú,19,AMENAZA_DIRECTA,consulta explícita de una categoría minoritaria,55
WVSjU07_ZWw,https://www.youtube.com/watch?v=WVSjU07_ZWw,AMENAZA DE MUERTE A JUEZ EN PLENA AUDIENCIA,Canal1Peru,UClTcIB85_6kMi7xGyVaCR6Q,194.0,targeted_search,amenaza juez audiencia virtual Perú,20,AMENAZA_DIRECTA,consulta explícita de una categoría minoritaria,55
z9V91O6Fs4k,https://www.youtube.com/watch?v=z9V91O6Fs4k,JUEZ DEL SACO ESTABA INHABILITADO POR EL CAL,Adolfo LAVIANA GONZALEZ,UCHLDezLqlaqtArnyQoWwWyQ,1487.0,targeted_search,amenaza juez audiencia virtual Perú,21,AMENAZA_DIRECTA,consulta explícita de una categoría minoritaria,55
jM9BJVs7Mvg,https://www.youtube.com/watch?v=jM9BJVs7Mvg,Juez amenaza con multa a abogado Ciro Cancho. ¿Hubo falta de respeto?,LP - Pasión por el Derecho,UCDscRlCxFfuHhsJBlVvPBmA,333.0,targeted_search,amenaza juez audiencia virtual Perú,22,AMENAZA_DIRECTA,consulta explícita de una categoría minoritaria,55
aQ_W7bZRtfo,https://www.youtube.com/watch?v=aQ_W7bZRtfo,Juez Supremo lamó la atención al abogado que olvidó portar la cinta en audiencia virtual.,JP,UCGSpwxaMO2mW5mYKtsIurCA,51.0,targeted_search,amenaza juez audiencia virtual Perú,23,AMENAZA_DIRECTA,consulta explícita de una categoría minoritaria,55
BLUqUf92eqA,https://www.youtube.com/watch?v=BLUqUf92eqA,Hombre acusado de violencia intrafamiliar amenaza a juez y arroja micrófono y mesa,NMás,UCUsm-fannqOY02PNN67C0KA,133.0,targeted_search,amenaza juez audiencia virtual Perú,24,AMENAZA_DIRECTA,consulta explícita de una categoría minoritaria,55
rohvS1aJTH8,https://www.youtube.com/watch?v=rohvS1aJTH8,Amenazan a un juez en plena audiencia virtual!!,YACHASUN / QUECHUA ,UCHRQQMn_1Jig7i6-e6rTYaA,90.0,targeted_search,amenaza juez audiencia virtual Perú,25,AMENAZA_DIRECTA,consulta explícita de una categoría minoritaria,55
losKK5h4Ogo,https://www.youtube.com/watch?v=losKK5h4Ogo,Ucayali: Acusado huyó de audiencia pública con ayuda de su abogado,TVPerú Noticias,UCkZCoc42IipR1ucqJmIehsA,67.0,targeted_search,amenaza juez audiencia virtual Perú,26,AMENAZA_DIRECTA,consulta explícita de una categoría minoritaria,55
7nevvpxzwZ0,https://www.youtube.com/watch?v=7nevvpxzwZ0,Acusado enloquece y amenaza a una jueza en plena audiencia,Al Rojo Vivo,UCDUxOvbwu1bnyD7AucP0ESw,88.0,targeted_search,amenaza juez audiencia virtual Perú,27,AMENAZA_DIRECTA,consulta explícita de una categoría minoritaria,55
VDii2j1ocn4,https://www.youtube.com/watch?v=VDii2j1ocn4,Judge becomes annoyed upon noticing that lawyer is unfamiliar with the legal process,LP - Pasión por el Derecho,UCDscRlCxFfuHhsJBlVvPBmA,653.0,targeted_search,amenaza juez audiencia virtual Perú,28,AMENAZA_DIRECTA,consulta explícita de una categoría minoritaria,55
x4nvV15iq5M,https://www.youtube.com/watch?v=x4nvV15iq5M,HE DESTROYED HIM! TC JUDGE PULSATES PROSECUTOR DOMINGO PEREZ IN COCKTAIL CASE HEARING,Informativo Perú,UC872F7q02kUQgZa-jm30zJw,1331.0,targeted_search,amenaza juez audiencia virtual Perú,29,AMENAZA_DIRECTA,consulta explícita de una categoría minoritaria,55
dPgEfDTrQd0,https://www.youtube.com/watch?v=dPgEfDTrQd0,🔴 #EnVivo Audiencia Virtual,JusticiaTV - Audiencias,UCCaMc7HFSNrTvAecmLubKQw,14393.0,targeted_search,amenaza juez audiencia virtual Perú,30,AMENAZA_DIRECTA,consulta explícita de una categoría minoritaria,55
0JhrVTbjU3w,https://www.youtube.com/watch?v=0JhrVTbjU3w,SIMULACIÓN DE AUDIENCIA INICIAL - AMENAZAS Y EXPRESIONES DE VIOLENCIA CONTRA LAS MUJERES,Carlos Rivas,UCwkUhDPem4kFuHI4-RME2-A,815.0,targeted_search,amenaza juez audiencia virtual Perú,31,AMENAZA_DIRECTA,consulta explícita de una categoría minoritaria,55
3TyztmbnTi8,https://www.youtube.com/watch?v=3TyztmbnTi8,Judge demands lawyer put on a suit and the lawyer replies that there is no legal basis for it.,LP - Pasión por el Derecho,UCDscRlCxFfuHhsJBlVvPBmA,237.0,targeted_search,amenaza juez audiencia virtual Perú,32,AMENAZA_DIRECTA,consulta explícita de una categoría minoritaria,55
h70X67Mz4fY,https://www.youtube.com/watch?v=h70X67Mz4fY,ALEJANDRO TOLEDO: Así fue su primera audiencia de control de identidad ante el Poder Judicial,EL COMERCIO,UCLtGUPjKLqa3zgdmhKCZONg,209.0,targeted_search,amenaza juez audiencia virtual Perú,33,AMENAZA_DIRECTA,consulta explícita de una categoría minoritaria,55
2EEQm2nIhrw,https://www.youtube.com/watch?v=2EEQm2nIhrw,Juez llama la atención a abogado por no vestir adecuadamente en audiencia virtual,Discent Legem - Perú,UC4HaP99ArZDbC0VXHr96NsA,116.0,targeted_search,amenaza juez audiencia virtual Perú,34,AMENAZA_DIRECTA,consulta explícita de una categoría minoritaria,55
R7ZG3lQftqs,https://www.youtube.com/watch?v=R7ZG3lQftqs,"Intermediate hearing, lawyer gets angry at the judge",Sistema acusatorio en México,UCr7TX3WFwk-fZneNyxdXeiw,122.0,targeted_search,amenaza juez audiencia virtual Perú,35,AMENAZA_DIRECTA,consulta explícita de una categoría minoritaria,55
LNhMgewKWFg,https://www.youtube.com/watch?v=LNhMgewKWFg,Abogado se hace viral tras aparecer sin pantalón en audiencia virtual,El Universal,UC2SEk1w7DgoHs_G3w1biz-w,65.0,targeted_search,amenaza juez audiencia virtual Perú,36,AMENAZA_DIRECTA,consulta explícita de una categoría minoritaria,55
fbN2sWHei_c,https://www.youtube.com/watch?v=fbN2sWHei_c,"Amenazas Simples, Delito, Querella, Defensoria, Fiscalía, Abogado,            .   Defensa Absoluta",Estudio Jurídico Defensa Absoluta,UCauonFF2YxGbaXHduKETdfg,73.0,targeted_search,amenaza juez audiencia virtual Perú,37,AMENAZA_DIRECTA,consulta explícita de una categoría minoritaria,55
N47JN-t_sLk,https://www.youtube.com/watch?v=N47JN-t_sLk,The shouting judge in a virtual hearing (FULL VIDEO),Globo Enfoques,UCMQZSWG6V78-W4DA3782J0Q,259.0,targeted_search,amenaza juez audiencia virtual Perú,38,AMENAZA_DIRECTA,consulta explícita de una categoría minoritaria,55
lIo6yArI7QA,https://www.youtube.com/watch?v=lIo6yArI7QA,Joven abogado discute con fiscal sobre imputación concreta,LP - Pasión por el Derecho,UCDscRlCxFfuHhsJBlVvPBmA,13078.0,targeted_search,amenaza juez audiencia virtual Perú,39,AMENAZA_DIRECTA,consulta explícita de una categoría minoritaria,55
RvSjuYKFzAk,https://www.youtube.com/watch?v=RvSjuYKFzAk,Chimbote: Fiscal acude a audiencia en aparente estado de ebriedad,Latina Noticias,UCpSJ5fGhmAME9Kx2D3ZvN3Q,111.0,targeted_search,amenaza juez audiencia virtual Perú,40,AMENAZA_DIRECTA,consulta explícita de una categoría minoritaria,55
Dnb3vFzboyg,https://www.youtube.com/watch?v=Dnb3vFzboyg,Si Te Llaman Para DECLARAR en un JUICIO ¡NO Cometas Estos GRAVES ERRORES!,Luis Romero Abogados,UClLTad3S3URRuGQQf_7rysA,957.0,targeted_search,amenaza juez audiencia virtual Perú,41,AMENAZA_DIRECTA,consulta explícita de una categoría minoritaria,55
kQsLpEJyCSo,https://www.youtube.com/watch?v=kQsLpEJyCSo,Abogado mantuvo relaciones durante audiencia virtual,Latina Noticias,UCpSJ5fGhmAME9Kx2D3ZvN3Q,170.0,targeted_search,amenaza juez audiencia virtual Perú,42,AMENAZA_DIRECTA,consulta explícita de una categoría minoritaria,55
lMaCCsrJti4,https://www.youtube.com/watch?v=lMaCCsrJti4,Juez CHECKLEY a CASTILLO en audiencia: “Usted no está SECUESTRADO” | #LR,La República - LR+,UC-B7Xv56uNRDkj0vC3QW8Cg,146.0,targeted_search,amenaza juez audiencia virtual Perú,44,AMENAZA_DIRECTA,consulta explícita de una categoría minoritaria,55
Y2HYbL4cFpU,https://www.youtube.com/watch?v=Y2HYbL4cFpU,Abogado advierte en audiencia que juez se encuentra inhabilitado para el ejercicio profesional,LP - Pasión por el Derecho,UCDscRlCxFfuHhsJBlVvPBmA,1135.0,targeted_search,amenaza juez audiencia virtual Perú,45,AMENAZA_DIRECTA,consulta explícita de una categoría minoritaria,55
hF1s_IHYcMk,https://www.youtube.com/watch?v=hF1s_IHYcMk,Audiencia de procedimiento disciplinario contra el juez Luis Alberto Vásquez Dioses,LP - Pasión por el Derecho,UCDscRlCxFfuHhsJBlVvPBmA,3450.0,targeted_search,amenaza juez audiencia virtual Perú,46,AMENAZA_DIRECTA,consulta explícita de una categoría minoritaria,55
elsOWMjuAs8,https://www.youtube.com/watch?v=elsOWMjuAs8,"Judge questions lawyer's attire: ""The hearing requires certain formalities even though it's held ...",LP - Pasión por el Derecho,UCDscRlCxFfuHhsJBlVvPBmA,148.0,targeted_search,amenaza juez audiencia virtual Perú,47,AMENAZA_DIRECTA,consulta explícita de una categoría minoritaria,55
FoAOEeoI8F8,https://www.youtube.com/watch?v=FoAOEeoI8F8,Pastilla judicial: AUDIENCIA DE CONTROL DE ACUSACIÓN,Corte del Callao,UCajhz53L-wF2YN_MtOsRdqA,92.0,targeted_search,amenaza juez audiencia virtual Perú,48,AMENAZA_DIRECTA,consulta explícita de una categoría minoritaria,55
2ztBy2KDBIk,https://www.youtube.com/watch?v=2ztBy2KDBIk,AUDIENCIA DE PRISIÓN PREVENTIVA - CHIMBOTE,ROMMEL MONDINI COLONIA QUISPE,UCN-VRr-sI_KjpRfTuWHPRag,5982.0,targeted_search,amenaza juez audiencia virtual Perú,49,AMENAZA_DIRECTA,consulta explícita de una categoría minoritaria,55
iLkuMDjVLH0,https://www.youtube.com/watch?v=iLkuMDjVLH0,Juez suspende audiencia porque fiscal se presentó en audiencia sin tener documentales a la mano,LP - Pasión por el Derecho,UCDscRlCxFfuHhsJBlVvPBmA,523.0,targeted_search,amenaza juez audiencia virtual Perú,50,AMENAZA_DIRECTA,consulta explícita de una categoría minoritaria,55
Z-GDhdP_XrY,https://www.youtube.com/watch?v=Z-GDhdP_XrY,UNIDAD II - LA ACTIVIDAD DEL JUEZ EN EL PROCESO ORAL CIVIL - TEMA 2,ETII Oralidad Civil,UC5MR88it_UYtS6RbRRw4uvQ,2722.0,targeted_search,amenaza juez audiencia virtual Perú,51,AMENAZA_DIRECTA,consulta explícita de una categoría minoritaria,55
yXd--FFLPU4,https://www.youtube.com/watch?v=yXd--FFLPU4,¿QUE SUCEDE SI NO TE PRESENTAS A UNA AUDIENCIA?,JurídicaMente,UCE_ZHUVha19wtfzsNgBrCYg,196.0,targeted_search,amenaza juez audiencia virtual Perú,52,AMENAZA_DIRECTA,consulta explícita de una categoría minoritaria,55
0FajTLKYWzU,https://www.youtube.com/watch?v=0FajTLKYWzU,Juicios virtuales? En la práctica es imposible una defensa garantista!!  La confrontación?????????,Derecho penal para todos!! ,UC-GlzEBZ5h5GZlNAh2z10pw,220.0,targeted_search,amenaza juez audiencia virtual Perú,53,AMENAZA_DIRECTA,consulta explícita de una categoría minoritaria,55
WLEZ5vZQdHo,https://www.youtube.com/watch?v=WLEZ5vZQdHo,Juez pide vestir camisa a abogado que asistió a audiencia virtual con polo,Estudio Juridico GyM,UCvesf2AQ51MT8RqqGcZrsPg,116.0,targeted_search,amenaza juez audiencia virtual Perú,54,AMENAZA_DIRECTA,consulta explícita de una categoría minoritaria,55
yxpkdXjB4IM,https://www.youtube.com/watch?v=yxpkdXjB4IM,Judge calls out lawyer for being distracted during hearing,LP - Pasión por el Derecho,UCDscRlCxFfuHhsJBlVvPBmA,132.0,targeted_search,amenaza juez audiencia virtual Perú,55,AMENAZA_DIRECTA,consulta explícita de una categoría minoritaria,55
Gcu_V6dfBkc,https://www.youtube.com/watch?v=Gcu_V6dfBkc,"Tired of threats, a man set a trap that ended his extortionists.",Publimetro Colombia,UCgOqD9t-svmzukLBXqtjFIQ,106.0,targeted_search,amenazas de muerte Perú,3,AMENAZA_DIRECTA,consulta explícita de una categoría minoritaria,55
iszFKLJFxTM,https://www.youtube.com/watch?v=iszFKLJFxTM,Head of INPE reports death threats following massive raids in prisons across the country,TVPerú Noticias,UCkZCoc42IipR1ucqJmIehsA,426.0,targeted_search,amenazas de muerte Perú,4,AMENAZA_DIRECTA,consulta explícita de una categoría minoritaria,55
TImIdExQRAI,https://www.youtube.com/watch?v=TImIdExQRAI,AMENAZADO DE MUERTE | Jorge Montoya denuncia que recibe amenazas tras ningunear a dirigentes,El Búho pe,UC6xAnp5ygm8oNoBDCgu70UQ,525.0,targeted_search,amenazas de muerte Perú,5,AMENAZA_DIRECTA,consulta explícita de una categoría minoritaria,55
03A_hK2ABu8,https://www.youtube.com/watch?v=03A_hK2ABu8,Artists and orchestras report death threats,Buenos Días Perú,UCFnOwPrJ-Skrzk_GPNBV5tg,139.0,targeted_search,amenazas de muerte Perú,6,AMENAZA_DIRECTA,consulta explícita de una categoría minoritaria,55
d0JZPeo8ALU,https://www.youtube.com/watch?v=d0JZPeo8ALU,"El capo más poderoso del Perú amenaza al periodista que lo descubrió: ""No me siento protegido""",Latina Noticias,UCpSJ5fGhmAME9Kx2D3ZvN3Q,571.0,targeted_search,amenazas de muerte Perú,7,AMENAZA_DIRECTA,consulta explícita de una categoría minoritaria,55
7lgVC9SRpA8,https://www.youtube.com/watch?v=7lgVC9SRpA8,"Músico ""Pajarito"" pide garantías de vida tras amenazas de muerte por parte de extorsionadores",Buenos Días Perú,UCFnOwPrJ-Skrzk_GPNBV5tg,198.0,targeted_search,amenazas de muerte Perú,8,AMENAZA_DIRECTA,consulta explícita de una categoría minoritaria,55
PK-8PR_fE7Q,https://www.youtube.com/watch?v=PK-8PR_fE7Q,San Luis: sujetos colocan afiches con amenazas de muerte contra árbitros,TVPerú Noticias,UCkZCoc42IipR1ucqJmIehsA,51.0,targeted_search,amenazas de muerte Perú,9,AMENAZA_DIRECTA,consulta explícita de una categoría minoritaria,55
71e7JNCTYYE,https://www.youtube.com/watch?v=71e7JNCTYYE,"💥 Crime of THREATS vs COERCION [Discover the DIFFERENCES in 3 steps, in Criminal Law]",Derecho Virtual ,UCBKBDf4G9Ha4nrutKb02fJA,914.0,targeted_search,amenazas de muerte Perú,10,AMENAZA_DIRECTA,consulta explícita de una categoría minoritaria,55
sib49oWesF8,https://www.youtube.com/watch?v=sib49oWesF8,Comerciantes cierras sus negocios por amenazas de muerte,Panamericana Televisión,UCngb4rxO4iUE6BrIs29WXwA,225.0,targeted_search,amenazas de muerte Perú,12,AMENAZA_DIRECTA,consulta explícita de una categoría minoritaria,55
Gxn16izNqk4,https://www.youtube.com/watch?v=Gxn16izNqk4,Prediente de Perú recibe amenazas de muerte,Ayatola Núñez,UCj0E3JnWJk_pgbsmZeQHHTA,99.0,targeted_search,amenazas de muerte Perú,13,AMENAZA_DIRECTA,consulta explícita de una categoría minoritaria,55
3957c7pj_00,https://www.youtube.com/watch?v=3957c7pj_00,NOS AMENAZAN DE MUERTE A TODA MI FAMILIA ( nota de voz espeluznante ) | TheDonato,TheDonato,UCaHEdZtk6k7SVP-umnzifmQ,1106.0,targeted_search,amenazas de muerte Perú,14,AMENAZA_DIRECTA,consulta explícita de una categoría minoritaria,55
repaTbdJweI,https://www.youtube.com/watch?v=repaTbdJweI,Amenazan de muerte a peruanos que denunciaron estafa laboral en Rusia | #LR,La República - LR+,UC-B7Xv56uNRDkj0vC3QW8Cg,89.0,targeted_search,amenazas de muerte Perú,15,AMENAZA_DIRECTA,consulta explícita de una categoría minoritaria,55
PAMKTUjhzzU,https://www.youtube.com/watch?v=PAMKTUjhzzU,General Víctor Revoredo reports death threats from the leader of Los Pulpos,TVPerú Noticias,UCkZCoc42IipR1ucqJmIehsA,142.0,targeted_search,amenazas de muerte Perú,16,AMENAZA_DIRECTA,consulta explícita de una categoría minoritaria,55
qHSTuoDT1Y4,https://www.youtube.com/watch?v=qHSTuoDT1Y4,🔴 Death threats against President Pedro Castillo are being investigated.,Latina Televisión,UC3rDtLrcgr3JS3_3JOW4BAw,146.0,targeted_search,amenazas de muerte Perú,18,AMENAZA_DIRECTA,consulta explícita de una categoría minoritaria,55
diCjBfenM6w,https://www.youtube.com/watch?v=diCjBfenM6w,THE CRIME OF THREATS,JurídicaMente,UCE_ZHUVha19wtfzsNgBrCYg,198.0,targeted_search,amenazas de muerte Perú,19,AMENAZA_DIRECTA,consulta explícita de una categoría minoritaria,55
eb05sYm5N6s,https://www.youtube.com/watch?v=eb05sYm5N6s,🔴🔵 Pronunciamiento del JNE sobre amenazas de muerte al titular y ataques a la institución,Exitosa Noticias,UCxgO_rak_BKZP8VNVmYqbWg,18.0,targeted_search,amenazas de muerte Perú,21,AMENAZA_DIRECTA,consulta explícita de una categoría minoritaria,55
2D3CMNIKQow,https://www.youtube.com/watch?v=2D3CMNIKQow,"Amenazan de muerte a alcalde de Comas y evalúa renunciar: ""Primero está la vida de mi familia""",Latina Noticias,UCpSJ5fGhmAME9Kx2D3ZvN3Q,186.0,targeted_search,amenazas de muerte Perú,22,AMENAZA_DIRECTA,consulta explícita de una categoría minoritaria,55
WkwyH62MCzk,https://www.youtube.com/watch?v=WkwyH62MCzk,Extorsión en Los Olivos: comerciante vive a escondidas por amenazas de muerte,Buenos Días Perú,UCFnOwPrJ-Skrzk_GPNBV5tg,192.0,targeted_search,amenazas de muerte Perú,23,AMENAZA_DIRECTA,consulta explícita de una categoría minoritaria,55
2TcBHROex34,https://www.youtube.com/watch?v=2TcBHROex34,Extorsión y sicariato en Perú: Amenazan de muerte a empresarios de transporte - DNews,DNews,UC4dWvSKVWJ36tJyhjDQCCaQ,454.0,targeted_search,amenazas de muerte Perú,24,AMENAZA_DIRECTA,consulta explícita de una categoría minoritaria,55
zXr9X4shNnE,https://www.youtube.com/watch?v=zXr9X4shNnE,AMENAZAS DE MUERTE EN LA PCM Y DESVÍO MILLONARIO EN LA FRANJA ELECTORAL | ARDE TROYA CON OXENFORD,La República - LR+,UC-B7Xv56uNRDkj0vC3QW8Cg,7074.0,targeted_search,amenazas de muerte Perú,25,AMENAZA_DIRECTA,consulta explícita de una categoría minoritaria,55
8MGu1kXq2bM,https://www.youtube.com/watch?v=8MGu1kXq2bM,Funcionaria de Bellavista denuncia amenazas de muerte tras ataque a su vehículo,Buenos Días Perú,UCFnOwPrJ-Skrzk_GPNBV5tg,204.0,targeted_search,amenazas de muerte Perú,26,AMENAZA_DIRECTA,consulta explícita de una categoría minoritaria,55
lRkWyHPDabw,https://www.youtube.com/watch?v=lRkWyHPDabw,¿Dinero fácil? Alertan por extorsiones y amenazas de muerte desde ‘apps’ de préstamos fáciles,AM Noticias,UCT8PmbITxn2-NFW39_8504Q,155.0,targeted_search,amenazas de muerte Perú,28,AMENAZA_DIRECTA,consulta explícita de una categoría minoritaria,55
OOFIp1R75gc,https://www.youtube.com/watch?v=OOFIp1R75gc,🔴🔵Alcalde de El Porvenir denuncia recibir amenazas de muerte contra su familia,Exitosa Noticias,UCxgO_rak_BKZP8VNVmYqbWg,617.0,targeted_search,amenazas de muerte Perú,29,AMENAZA_DIRECTA,consulta explícita de una categoría minoritaria,55
tpAvjDaMmeY,https://www.youtube.com/watch?v=tpAvjDaMmeY,"""¡Sáquenme la mano!"": Extorsionador suplica por ayuda tras perder dedos en atentado fallido",Latina Noticias,UCpSJ5fGhmAME9Kx2D3ZvN3Q,105.0,targeted_search,amenazas de muerte Perú,30,AMENAZA_DIRECTA,consulta explícita de una categoría minoritaria,55
FVk6aFYIHjU,https://www.youtube.com/watch?v=FVk6aFYIHjU,Los Olivos: víctima de extorsión recibe amenazas de muerte y un arreglo fúnebre en su negocio,Buenos Días Perú,UCFnOwPrJ-Skrzk_GPNBV5tg,589.0,targeted_search,amenazas de muerte Perú,31,AMENAZA_DIRECTA,consulta explícita de una categoría minoritaria,55
ZgsCVZX07Ys,https://www.youtube.com/watch?v=ZgsCVZX07Ys,Raquel Ataucusi denuncia amenazas de muerte en su contra 17 de febero 2020,Peru 21 El Bicentenario,UCZR3PQrOAzaYymsde6Uu9nA,592.0,targeted_search,amenazas de muerte Perú,32,AMENAZA_DIRECTA,consulta explícita de una categoría minoritaria,55
xRjBSuahktQ,https://www.youtube.com/watch?v=xRjBSuahktQ,🔴🔵Crimen en Montaña Siete Colores: Hijo de víctima denuncia amenazas por parte de involucrados,Exitosa Noticias,UCxgO_rak_BKZP8VNVmYqbWg,195.0,targeted_search,amenazas de muerte Perú,33,AMENAZA_DIRECTA,consulta explícita de una categoría minoritaria,55
xaYf3ij66vA,https://www.youtube.com/watch?v=xaYf3ij66vA,Trujillo: alcalde denuncia amenazas de muerte por liberar servicio de taxis,TVPerú Noticias,UCkZCoc42IipR1ucqJmIehsA,106.0,targeted_search,amenazas de muerte Perú,34,AMENAZA_DIRECTA,consulta explícita de una categoría minoritaria,55
sbiOx_VyuFQ,https://www.youtube.com/watch?v=sbiOx_VyuFQ,Aplicaciones de préstamos: estafas y amenazas de muerte #ReportajesT13,Teletrece,UCsRnhjcUCR78Q3Ud6OXCTNg,548.0,targeted_search,amenazas de muerte Perú,35,AMENAZA_DIRECTA,consulta explícita de una categoría minoritaria,55
5lFoyMI52WU,https://www.youtube.com/watch?v=5lFoyMI52WU,¡Mucho cuidado! Mujer pidió préstamo por aplicativo y hoy la amenazan de muerte,ATV Noticias,UCYG5uXS3xdsoaXIxum1pAEw,522.0,targeted_search,amenazas de muerte Perú,36,AMENAZA_DIRECTA,consulta explícita de una categoría minoritaria,55
DrboceIZ1OE,https://www.youtube.com/watch?v=DrboceIZ1OE,Ex jefe policial de Perú que investigó la administración de Boluarte denuncia amenazas de muerte,AGENCIA EFE,UCvJS-YNyaWyOucx8bGrHVvw,112.0,targeted_search,amenazas de muerte Perú,37,AMENAZA_DIRECTA,consulta explícita de una categoría minoritaria,55
JntBLJ0uxpQ,https://www.youtube.com/watch?v=JntBLJ0uxpQ,Áncash: amenazan de muerte al alcalde de Nuevo Chimbote,TVPerú Noticias,UCkZCoc42IipR1ucqJmIehsA,81.0,targeted_search,amenazas de muerte Perú,38,AMENAZA_DIRECTA,consulta explícita de una categoría minoritaria,55
LqXI0irn7bU,https://www.youtube.com/watch?v=LqXI0irn7bU,El Consulado peruano en México recibe amenazas de muerte,EXCELSIOR,UClqo4ZAAZ01HQdCTlovCgkA,195.0,targeted_search,amenazas de muerte Perú,39,AMENAZA_DIRECTA,consulta explícita de una categoría minoritaria,55
uH1bnB3vBNc,https://www.youtube.com/watch?v=uH1bnB3vBNc,A PODEMOS PERU CONGRESSMAN UNDER SCREENING FOR ILLEGAL FEES AND DEATH THREATS,UTV Noticias - Pucallpa,UC_L1ba516-ZBPmywPq8P55g,528.0,targeted_search,amenazas de muerte Perú,40,AMENAZA_DIRECTA,consulta explícita de una categoría minoritaria,55
nyGb80bPrrM,https://www.youtube.com/watch?v=nyGb80bPrrM,Alcalde de Pachacámac denuncia que recibe amenazas de muerte,TVPerú Noticias,UCkZCoc42IipR1ucqJmIehsA,78.0,targeted_search,amenazas de muerte Perú,41,AMENAZA_DIRECTA,consulta explícita de una categoría minoritaria,55
w9mkHjzhTAM,https://www.youtube.com/watch?v=w9mkHjzhTAM,SJL: trabajador invidente denuncia amenazas de muerte (3/3),24 Horas,UCsakKsRww3J7pM6DavkrAIQ,108.0,targeted_search,amenazas de muerte Perú,42,AMENAZA_DIRECTA,consulta explícita de una categoría minoritaria,55
K88AIcBCbfA,https://www.youtube.com/watch?v=K88AIcBCbfA,Extorsión y amenazas de muerte: delincuentes exigen 100 000 soles a empresario,TVPerú Noticias,UCkZCoc42IipR1ucqJmIehsA,111.0,targeted_search,amenazas de muerte Perú,43,AMENAZA_DIRECTA,consulta explícita de una categoría minoritaria,55
G1-zRnkNps8,https://www.youtube.com/watch?v=G1-zRnkNps8,"Golpe de Estado se dio ""bajo amenazas de muerte"", según abogado de Pedro Castillo   | LR+ Noticias",La República - LR+,UC-B7Xv56uNRDkj0vC3QW8Cg,1254.0,targeted_search,amenazas de muerte Perú,44,AMENAZA_DIRECTA,consulta explícita de una categoría minoritaria,55
IGZJUyUGxTA,https://www.youtube.com/watch?v=IGZJUyUGxTA,Amenazan de muerte a periodista en Iquitos: ¿Represalia por investigar municipalidades?,Latina Noticias,UCpSJ5fGhmAME9Kx2D3ZvN3Q,120.0,targeted_search,amenazas de muerte Perú,45,AMENAZA_DIRECTA,consulta explícita de una categoría minoritaria,55
PMvu4_yAF7c,https://www.youtube.com/watch?v=PMvu4_yAF7c,SJL: VIGILANTE ES ASESINADO tras recibir amenazas de muerte de su exjefe | #LR,La República - LR+,UC-B7Xv56uNRDkj0vC3QW8Cg,95.0,targeted_search,amenazas de muerte Perú,46,AMENAZA_DIRECTA,consulta explícita de una categoría minoritaria,55
M3nlnD-Cp1M,https://www.youtube.com/watch?v=M3nlnD-Cp1M,Lambayeque: empresario denuncia amenazas de muerte,SOL TV Perú,UCT3jhkKbEV4ZslnzhZ26hPw,100.0,targeted_search,amenazas de muerte Perú,47,AMENAZA_DIRECTA,consulta explícita de una categoría minoritaria,55
2lO0wQBDdlA,https://www.youtube.com/watch?v=2lO0wQBDdlA,"""I am receiving death threats; I hold César Acuña responsible if anything happens to me.""",SOL TV Perú,UCT3jhkKbEV4ZslnzhZ26hPw,850.0,targeted_search,amenazas de muerte Perú,48,AMENAZA_DIRECTA,consulta explícita de una categoría minoritaria,55
AVAVBysKzG4,https://www.youtube.com/watch?v=AVAVBysKzG4,Trujillo: transportistas denuncian asaltos y amenazas de muerte,SOL TV Perú,UCT3jhkKbEV4ZslnzhZ26hPw,134.0,targeted_search,amenazas de muerte Perú,49,AMENAZA_DIRECTA,consulta explícita de una categoría minoritaria,55
9Sx2FXNmFgk,https://www.youtube.com/watch?v=9Sx2FXNmFgk,¿Qué hacer si soy víctima de amenazas? - IUSTUM ABOGADOS SAS,Iustum Abogados,UCCFeTTL08jnLTccqJVBXfZA,129.0,targeted_search,amenazas de muerte Perú,50,AMENAZA_DIRECTA,consulta explícita de una categoría minoritaria,55
zC60pO4jhKY,https://www.youtube.com/watch?v=zC60pO4jhKY,Dueño de pollería donde abatieron a delincuente denuncia amenazas de muerte (2/2),24 Horas,UCsakKsRww3J7pM6DavkrAIQ,128.0,targeted_search,amenazas de muerte Perú,51,AMENAZA_DIRECTA,consulta explícita de una categoría minoritaria,55
e-auMJVheSk,https://www.youtube.com/watch?v=e-auMJVheSk,Cae el monstruo y sus amenazas en Paraguay #dperú,Dperú,UCcGOeqk1BxgFMzmZyj4a0Aw,2325.0,targeted_search,amenazas de muerte Perú,52,AMENAZA_DIRECTA,consulta explícita de una categoría minoritaria,55
AUj_e7TRZoc,https://www.youtube.com/watch?v=AUj_e7TRZoc,Fiscal de Lima Norte recibe amenazas de muerte pero sigue firme en su labor 👩‍⚖️,Buenos Días Perú,UCFnOwPrJ-Skrzk_GPNBV5tg,162.0,targeted_search,amenazas de muerte Perú,53,AMENAZA_DIRECTA,consulta explícita de una categoría minoritaria,55
X8UigOkn2j4,https://www.youtube.com/watch?v=X8UigOkn2j4,Alcalde de Zarumilla denuncia amenazas de muerte por extorsionadores (1/2),Buenos Días Perú,UCFnOwPrJ-Skrzk_GPNBV5tg,228.0,targeted_search,amenazas de muerte Perú,54,AMENAZA_DIRECTA,consulta explícita de una categoría minoritaria,55
u7k28HoN4I8,https://www.youtube.com/watch?v=u7k28HoN4I8,INITIAL HEARING FOR THE CRIME OF THREATS AGAINST MINORS: PUBLIC PROSECUTOR VS. PRIVATE DEFENSE AT...,Felipe Coronel,UCkuHIvanN4FDiky3uJR7YpA,1261.0,targeted_search,amenazas de muerte Perú,55,AMENAZA_DIRECTA,consulta explícita de una categoría minoritaria,55
k9Nxiz4EcQ4,https://www.youtube.com/watch?v=k9Nxiz4EcQ4,Fiscalía evalúa investigar a pastor por mensaje homofóbico,TVPerú Noticias,UCkZCoc42IipR1ucqJmIehsA,204.0,targeted_search,amenazas homofóbicas Perú,1,AMENAZA_DIRECTA|ACOSO_GENERO_IDENTIDAD,consulta explícita de una categoría minoritaria,55
x8A6dxGlIww,https://www.youtube.com/watch?v=x8A6dxGlIww,Hate assaults: Gays robbed and tortured,Panorama,UCBiq92lt_ufNO-ktZigVXgg,1030.0,targeted_search,amenazas homofóbicas Perú,2,AMENAZA_DIRECTA|ACOSO_GENERO_IDENTIDAD,consulta explícita de una categoría minoritaria,55
PShdmY5eCEw,https://www.youtube.com/watch?v=PShdmY5eCEw,Perú: IESSDEH presenta investigación sobre bullying homofóbico en colegios,Ciudadaniasx,UCt78tVTNhK4hd9l0Io3vTtg,587.0,targeted_search,amenazas homofóbicas Perú,3,AMENAZA_DIRECTA|ACOSO_GENERO_IDENTIDAD,consulta explícita de una categoría minoritaria,55
2PhBUx40xTs,https://www.youtube.com/watch?v=2PhBUx40xTs,Entrevista a George día contra la homofobia - Promsex 1,Promsex,UCXF2_sMeOUe-NjdMIZm2Jzw,439.0,targeted_search,amenazas homofóbicas Perú,4,AMENAZA_DIRECTA|ACOSO_GENERO_IDENTIDAD,consulta explícita de una categoría minoritaria,55
pvtanQvNVbM,https://www.youtube.com/watch?v=pvtanQvNVbM,El bar acusado de homofobia es amenazado vía Facebook,SubrayadoHD,UCA-_7rvJyEjwCrdUMqWHZEw,78.0,targeted_search,amenazas homofóbicas Perú,5,AMENAZA_DIRECTA|ACOSO_GENERO_IDENTIDAD,consulta explícita de una categoría minoritaria,55
TEHRF1CawT4,https://www.youtube.com/watch?v=TEHRF1CawT4,Terrible y fuerte ataque homofóbico a Beto Ortiz,Latina Noticias,UCpSJ5fGhmAME9Kx2D3ZvN3Q,667.0,targeted_search,amenazas homofóbicas Perú,6,AMENAZA_DIRECTA|ACOSO_GENERO_IDENTIDAD,consulta explícita de una categoría minoritaria,55
j9YBlmMG78I,https://www.youtube.com/watch?v=j9YBlmMG78I,Reporte Indigo (Ed. 415): Encienden la homofobia,Reporte Indigo,UCCCjc1piE1mIrhcE3ejENeA,129.0,targeted_search,amenazas homofóbicas Perú,7,AMENAZA_DIRECTA|ACOSO_GENERO_IDENTIDAD,consulta explícita de una categoría minoritaria,55
P-iLmXEpzgk,https://www.youtube.com/watch?v=P-iLmXEpzgk,"Guido Bellido claims he's not homophobic: ""I have gay and lesbian friends. There's no problem.""",TVPerú Noticias,UCkZCoc42IipR1ucqJmIehsA,777.0,targeted_search,amenazas homofóbicas Perú,8,AMENAZA_DIRECTA|ACOSO_GENERO_IDENTIDAD,consulta explícita de una categoría minoritaria,55
jVDuVneMJWk,https://www.youtube.com/watch?v=jVDuVneMJWk,"Susel Paredes sobre ataques homofóbicos: ""Me han servido para popularizar mi candidatura""",RPP Noticias,UC5j8-2FT0ZMMBkmK72R4aeA,85.0,targeted_search,amenazas homofóbicas Perú,9,AMENAZA_DIRECTA|ACOSO_GENERO_IDENTIDAD,consulta explícita de una categoría minoritaria,55
m2ZL6kvYA3I,https://www.youtube.com/watch?v=m2ZL6kvYA3I,"""Te voy a hacer heterosexual a hostias"". Agresión homófoba en Barcelona el día del pregón del Pride",La Vanguardia,UClLLRs_mFTsNT5U-DqTYAGg,105.0,targeted_search,amenazas homofóbicas Perú,10,AMENAZA_DIRECTA|ACOSO_GENERO_IDENTIDAD,consulta explícita de una categoría minoritaria,55
6flN11cTAj0,https://www.youtube.com/watch?v=6flN11cTAj0,El acoso hacia la comunidad LGBTI aumenta durante los confinamientos,euronews (en español),UCyoGb3SMlTlB8CLGVH4c8Rw,103.0,targeted_search,amenazas homofóbicas Perú,11,AMENAZA_DIRECTA|ACOSO_GENERO_IDENTIDAD,consulta explícita de una categoría minoritaria,55
hetvSffcrYk,https://www.youtube.com/watch?v=hetvSffcrYk,Amenazas de bandas criminales a población gay para obligarla a desplazarse,NoticiasUnoColombia,UC3NUgxBBl05tthfGBS6kPkA,133.0,targeted_search,amenazas homofóbicas Perú,12,AMENAZA_DIRECTA|ACOSO_GENERO_IDENTIDAD,consulta explícita de una categoría minoritaria,55
ByrdsmfPFwo,https://www.youtube.com/watch?v=ByrdsmfPFwo,Voces del Orgullo,Wayka,UCQmo59tWId4OHTdl4W320DQ,4771.0,targeted_search,amenazas homofóbicas Perú,13,AMENAZA_DIRECTA|ACOSO_GENERO_IDENTIDAD,consulta explícita de una categoría minoritaria,55
Dtd6-kLQMqc,https://www.youtube.com/watch?v=Dtd6-kLQMqc,¿ Crímenes de odio por homofobia en el Perú  ?,bast chelsea,UCorgbnbfYTzboHsHhOjp0_w,267.0,targeted_search,amenazas homofóbicas Perú,14,AMENAZA_DIRECTA|ACOSO_GENERO_IDENTIDAD,consulta explícita de una categoría minoritaria,55
cQDtBU6z9hI,https://www.youtube.com/watch?v=cQDtBU6z9hI,Presentan denuncia formal contra policía por comentarios homofóbicos,Noticias Grupo Repretel,UCr6TeVofbyCvtCdxV_niQKQ,101.0,targeted_search,amenazas homofóbicas Perú,15,AMENAZA_DIRECTA|ACOSO_GENERO_IDENTIDAD,consulta explícita de una categoría minoritaria,55
QC8104UPd3s,https://www.youtube.com/watch?v=QC8104UPd3s,Plantón y marcha contra la homofobia,La Mula Stream,UCPpfqaJdQwXc9_5oM3aqdPg,24.0,targeted_search,amenazas homofóbicas Perú,16,AMENAZA_DIRECTA|ACOSO_GENERO_IDENTIDAD,consulta explícita de una categoría minoritaria,55
TNaBtHobqoU,https://www.youtube.com/watch?v=TNaBtHobqoU,Uganda: una mujer lucha contra la homofobia | Global 3000,DW Español,UCT4Jg8h03dD0iN3Pb5L0PMA,248.0,targeted_search,amenazas homofóbicas Perú,17,AMENAZA_DIRECTA|ACOSO_GENERO_IDENTIDAD,consulta explícita de una categoría minoritaria,55
d3g1TAbuMfw,https://www.youtube.com/watch?v=d3g1TAbuMfw,Decreto contra homofobia no es acto propositivo. Jaime López Vela,Revolución Tres Punto Cero,UCqrFca-_xE_0AcyVv5h7x_g,358.0,targeted_search,amenazas homofóbicas Perú,18,AMENAZA_DIRECTA|ACOSO_GENERO_IDENTIDAD,consulta explícita de una categoría minoritaria,55
gx0Lo-oSyGI,https://www.youtube.com/watch?v=gx0Lo-oSyGI,AUMENTO AGRESIÓN A COMUNIDAD LGBT,TV Azteca Jalisco,UCH1JKAzwX0DHokncS7WcJCg,116.0,targeted_search,amenazas homofóbicas Perú,19,AMENAZA_DIRECTA|ACOSO_GENERO_IDENTIDAD,consulta explícita de una categoría minoritaria,55
sZw8o9gimbg,https://www.youtube.com/watch?v=sZw8o9gimbg,Joven de comunidad LGBTI denuncia agresión en Aranjuez,Teleantioquia,UCeq_SgWZDF8h-ujzwBXI5jQ,88.0,targeted_search,amenazas homofóbicas Perú,20,AMENAZA_DIRECTA|ACOSO_GENERO_IDENTIDAD,consulta explícita de una categoría minoritaria,55
4tUQK-Gl4Vo,https://www.youtube.com/watch?v=4tUQK-Gl4Vo,Besos contra la homofobia 2012,Ciudadaniasx,UCt78tVTNhK4hd9l0Io3vTtg,492.0,targeted_search,amenazas homofóbicas Perú,21,AMENAZA_DIRECTA|ACOSO_GENERO_IDENTIDAD,consulta explícita de una categoría minoritaria,55
YTmkCE-M7d0,https://www.youtube.com/watch?v=YTmkCE-M7d0,El colectivo Iguales denuncia el aumento de agresiones homofobas en Castilla y León,Castilla y León Televisión,UCFe_qycWNCj_fVp6xp3mJ2Q,85.0,targeted_search,amenazas homofóbicas Perú,22,AMENAZA_DIRECTA|ACOSO_GENERO_IDENTIDAD,consulta explícita de una categoría minoritaria,55
mAADcUJ_OTc,https://www.youtube.com/watch?v=mAADcUJ_OTc,Antauro Humala threatens to sue Carlos Álvarez for parody,24 Horas,UCsakKsRww3J7pM6DavkrAIQ,134.0,targeted_search,amenazas homofóbicas Perú,23,AMENAZA_DIRECTA|ACOSO_GENERO_IDENTIDAD,consulta explícita de una categoría minoritaria,55
O8q8hQWKeRY,https://www.youtube.com/watch?v=O8q8hQWKeRY,EPN se suma al Día Internacional contra la Homofobia - Martínez Serrano,martinezserrano,UChZCcAYKe_VAtC3Z_tBexcg,1005.0,targeted_search,amenazas homofóbicas Perú,24,AMENAZA_DIRECTA|ACOSO_GENERO_IDENTIDAD,consulta explícita de una categoría minoritaria,55
7jjgk9qQ61A,https://www.youtube.com/watch?v=7jjgk9qQ61A,Homofobia: Lo apuñalaron más de 70 veces,C5N,UCFgk2Q2mVO1BklRQhSv6p0w,390.0,targeted_search,amenazas homofóbicas Perú,25,AMENAZA_DIRECTA|ACOSO_GENERO_IDENTIDAD,consulta explícita de una categoría minoritaria,55
bTjKMOXXK7c,https://www.youtube.com/watch?v=bTjKMOXXK7c,El boxeador mexicano Dario Larralde publica polémico video homofóbico | Noticias con Nacho Lozano,Imagen Noticias,UCcHtke0raf8vNYLM1Hbq3Jw,802.0,targeted_search,amenazas homofóbicas Perú,26,AMENAZA_DIRECTA|ACOSO_GENERO_IDENTIDAD,consulta explícita de una categoría minoritaria,55
PR6EqTfGlgM,https://www.youtube.com/watch?v=PR6EqTfGlgM,Conferencia: Día Nacional de la Lucha contra la Homofobia,DineroEnImagen,UCAR25TJVwUjoif_kM7e2ONQ,5445.0,targeted_search,amenazas homofóbicas Perú,27,AMENAZA_DIRECTA|ACOSO_GENERO_IDENTIDAD,consulta explícita de una categoría minoritaria,55
zP5rDTIxgZ0,https://www.youtube.com/watch?v=zP5rDTIxgZ0,Falta de testigos dificulta caso de agresión a joven homosexual,CNN Chile,UCpOAcjJNAp0Y0fhznRrXIJQ,127.0,targeted_search,amenazas homofóbicas Perú,28,AMENAZA_DIRECTA|ACOSO_GENERO_IDENTIDAD,consulta explícita de una categoría minoritaria,55
YnXTB-1JYlE,https://www.youtube.com/watch?v=YnXTB-1JYlE,Rafael Santos generó polémica por tuit homofóbico y exponen que da 'likes' a pornografía lésbica,ATV Noticias,UCYG5uXS3xdsoaXIxum1pAEw,313.0,targeted_search,amenazas homofóbicas Perú,29,AMENAZA_DIRECTA|ACOSO_GENERO_IDENTIDAD,consulta explícita de una categoría minoritaria,55
0pdnNnGMSJk,https://www.youtube.com/watch?v=0pdnNnGMSJk,"Agreden a pareja gay en Chihuahua; ""somos seres humanos, no le hacemos daño a nadie""",MILENIO,UCFxHplbcoJK9m70c4VyTIxg,255.0,targeted_search,amenazas homofóbicas Perú,30,AMENAZA_DIRECTA|ACOSO_GENERO_IDENTIDAD,consulta explícita de una categoría minoritaria,55
FRRdh4Ckro8,https://www.youtube.com/watch?v=FRRdh4Ckro8,Agresión gays,TV Azteca Puebla,UC9qzDM6UCk4roRIWu23aHYQ,191.0,targeted_search,amenazas homofóbicas Perú,31,AMENAZA_DIRECTA|ACOSO_GENERO_IDENTIDAD,consulta explícita de una categoría minoritaria,55
YvJ2WO3r30I,https://www.youtube.com/watch?v=YvJ2WO3r30I,Ley Trans será presentada el 20 de julio en el Congreso - Telemedellín,Noticias Telemedellín,UCi9thgLbI6E127Vu6Hxp8ug,87.0,targeted_search,amenazas homofóbicas Perú,32,AMENAZA_DIRECTA|ACOSO_GENERO_IDENTIDAD,consulta explícita de una categoría minoritaria,55
WwSdb7KDDso,https://www.youtube.com/watch?v=WwSdb7KDDso,#DenunciaLaMicrohomofobia - Experimento Social contra la Micro Homofobia - Adrien Lastic,Adrien Lastic Official,UCt6hcrKVO3yWvW7PH7bFdCg,298.0,targeted_search,amenazas homofóbicas Perú,33,AMENAZA_DIRECTA|ACOSO_GENERO_IDENTIDAD,consulta explícita de una categoría minoritaria,55
mtM9TKE0nek,https://www.youtube.com/watch?v=mtM9TKE0nek,Pareja denuncia abuso policial y homofobia en Córdoba,Canal 10 Córdoba,UCUzonpa3XKurQVycdMY70XQ,197.0,targeted_search,amenazas homofóbicas Perú,34,AMENAZA_DIRECTA|ACOSO_GENERO_IDENTIDAD,consulta explícita de una categoría minoritaria,55
wg5wodgvFnc,https://www.youtube.com/watch?v=wg5wodgvFnc,La homofobia en el futbol mexicano,El Universal,UC2SEk1w7DgoHs_G3w1biz-w,1961.0,targeted_search,amenazas homofóbicas Perú,35,AMENAZA_DIRECTA|ACOSO_GENERO_IDENTIDAD,consulta explícita de una categoría minoritaria,55
eVsryOvseJM,https://www.youtube.com/watch?v=eVsryOvseJM,La homofobia mata - resumen,Ciudadaniasx,UCt78tVTNhK4hd9l0Io3vTtg,344.0,targeted_search,amenazas homofóbicas Perú,36,AMENAZA_DIRECTA|ACOSO_GENERO_IDENTIDAD,consulta explícita de una categoría minoritaria,55
6dMXUgwOfj0,https://www.youtube.com/watch?v=6dMXUgwOfj0,NEWS - Shocking campaign against #Homophobia by #FELTGB - Málaga24h,Málaga 24h TV Noticias,UCoMWImnPAur6JhXDK63dpAg,97.0,targeted_search,amenazas homofóbicas Perú,37,AMENAZA_DIRECTA|ACOSO_GENERO_IDENTIDAD,consulta explícita de una categoría minoritaria,55
hNCdo_U5wvg,https://www.youtube.com/watch?v=hNCdo_U5wvg,La homofobia en Uganda y Revista MidOpen en DF #EnContexto con Enrique Torre Molina,SDeA,UCyhlvsKxZk1u7HfELYpu0bw,181.0,targeted_search,amenazas homofóbicas Perú,38,AMENAZA_DIRECTA|ACOSO_GENERO_IDENTIDAD,consulta explícita de una categoría minoritaria,55
DQ0vkUMKtbM,https://www.youtube.com/watch?v=DQ0vkUMKtbM,Religiosos lo acosan por ser homosexual 📿🌈⚠️ | Caso Cerrado Capítulo Completo,Caso Cerrado,UCGbofRROopWrumVob5w61OA,1358.0,targeted_search,amenazas homofóbicas Perú,39,AMENAZA_DIRECTA|ACOSO_GENERO_IDENTIDAD,consulta explícita de una categoría minoritaria,55
dCp11Lr3oP0,https://www.youtube.com/watch?v=dCp11Lr3oP0,Diferente interpretación de la SENTENCIA del SUPREMO sobre BANDERAS en las INSTITUCIONES | RTVE,RTVE Noticias,UC7QZIf0dta-XPXsp9Hv4dTw,99.0,targeted_search,amenazas homofóbicas Perú,40,AMENAZA_DIRECTA|ACOSO_GENERO_IDENTIDAD,consulta explícita de una categoría minoritaria,55
FW1HSH_w3gw,https://www.youtube.com/watch?v=FW1HSH_w3gw,Nueva polémica: Mauricio Toro fue recusado por su orientación sexual,CABLENOTICIAS,UCtqVli8UvwRsRoNo0BCLR7w,219.0,targeted_search,amenazas homofóbicas Perú,41,AMENAZA_DIRECTA|ACOSO_GENERO_IDENTIDAD,consulta explícita de una categoría minoritaria,55
3hUafC9B-T0,https://www.youtube.com/watch?v=3hUafC9B-T0,"🔴🔵Leticia Pizarro: ""En las comisarías hay mucha discriminación""",Exitosa Noticias,UCxgO_rak_BKZP8VNVmYqbWg,875.0,targeted_search,amenazas homofóbicas Perú,42,AMENAZA_DIRECTA|ACOSO_GENERO_IDENTIDAD,consulta explícita de una categoría minoritaria,55
IXydr9bJgCM,https://www.youtube.com/watch?v=IXydr9bJgCM,Violencia  y crímenes contra la comunidad LGBT,EXCELSIOR,UClqo4ZAAZ01HQdCTlovCgkA,1902.0,targeted_search,amenazas homofóbicas Perú,43,AMENAZA_DIRECTA|ACOSO_GENERO_IDENTIDAD,consulta explícita de una categoría minoritaria,55
4oaWTPXMtbs,https://www.youtube.com/watch?v=4oaWTPXMtbs,Lanzan campaña para erradicar prácticas discriminatorias en contra de la comunidad LGBTTTI,Plural TV,UC9uvtWIkPy0o95avXyqcbUw,135.0,targeted_search,amenazas homofóbicas Perú,44,AMENAZA_DIRECTA|ACOSO_GENERO_IDENTIDAD,consulta explícita de una categoría minoritaria,55
6gTA9zEpgvU,https://www.youtube.com/watch?v=6gTA9zEpgvU,Pareja gay denuncia ataque homofóbico en centro comercial Andino de Bogotá | Noticias Caracol,Noticias Caracol,UC2Xq2PK-got3Rtz9ZJ32hLQ,118.0,targeted_search,amenazas homofóbicas Perú,45,AMENAZA_DIRECTA|ACOSO_GENERO_IDENTIDAD,consulta explícita de una categoría minoritaria,55
M9d6maBWwqA,https://www.youtube.com/watch?v=M9d6maBWwqA,"Reporte Indigo (Edición 527): Homofóbico, corrupto y presidente en la ONU",Reporte Indigo,UCCCjc1piE1mIrhcE3ejENeA,63.0,targeted_search,amenazas homofóbicas Perú,46,AMENAZA_DIRECTA|ACOSO_GENERO_IDENTIDAD,consulta explícita de una categoría minoritaria,55
MWEjhyJ5EY0,https://www.youtube.com/watch?v=MWEjhyJ5EY0,"Monsignor Luis Bambarén called Congressman Carlos Bruce a ""faggot.""",N+ UNIVISION,UC32TdiIsh_5X8tKr_9rKQyA,131.0,targeted_search,amenazas homofóbicas Perú,47,AMENAZA_DIRECTA|ACOSO_GENERO_IDENTIDAD,consulta explícita de una categoría minoritaria,55
nF1Fxx-BTuA,https://www.youtube.com/watch?v=nF1Fxx-BTuA,¿Aumentan los casos de homofobia en Chile? / #CadenaNacional,VIA X,UCdxumXNz0uUt_h9POWtR8pQ,2289.0,targeted_search,amenazas homofóbicas Perú,48,AMENAZA_DIRECTA|ACOSO_GENERO_IDENTIDAD,consulta explícita de una categoría minoritaria,55
O60yKLQY7Rc,https://www.youtube.com/watch?v=O60yKLQY7Rc,Tres agresiones en menos de dos días a personas LGTBi,Diario Público,UCVimQoXNCZuEnZRVAbuYMiw,102.0,targeted_search,amenazas homofóbicas Perú,49,AMENAZA_DIRECTA|ACOSO_GENERO_IDENTIDAD,consulta explícita de una categoría minoritaria,55
d2zR04uBJtE,https://www.youtube.com/watch?v=d2zR04uBJtE,Nuestras identidades bajo arresto: personas LGBT y de género diverso continúan siendo enjuiciadas,ilgaworld,UCF95WXwDjnPOyRSm9eoOc2Q,543.0,targeted_search,amenazas homofóbicas Perú,50,AMENAZA_DIRECTA|ACOSO_GENERO_IDENTIDAD,consulta explícita de una categoría minoritaria,55
gvH8QelJiRU,https://www.youtube.com/watch?v=gvH8QelJiRU,Ezzati lamentó muerte de joven gay: comenta dirigente del Movilh,Pauta Libre La Red,UCyPB5hCKJS6z7_NbE2P4LvQ,489.0,targeted_search,amenazas homofóbicas Perú,51,AMENAZA_DIRECTA|ACOSO_GENERO_IDENTIDAD,consulta explícita de una categoría minoritaria,55
d9OUaLWxbPE,https://www.youtube.com/watch?v=d9OUaLWxbPE,¿Usted sufre de nomofobia?: el miedo de no tener el celular cerca,Buenos Días Perú,UCFnOwPrJ-Skrzk_GPNBV5tg,469.0,targeted_search,amenazas homofóbicas Perú,52,AMENAZA_DIRECTA|ACOSO_GENERO_IDENTIDAD,consulta explícita de una categoría minoritaria,55
QDnFf2C1Vj4,https://www.youtube.com/watch?v=QDnFf2C1Vj4,VECINA DE CARTAGENA DENUNCIA NUEVA AGRESIÓN POR HOMOFOBIA 18 DE FEBRERO 2013,Girovisual Television,UCWJkIrCmaM0Abf7_IbM84Dw,119.0,targeted_search,amenazas homofóbicas Perú,53,AMENAZA_DIRECTA|ACOSO_GENERO_IDENTIDAD,consulta explícita de una categoría minoritaria,55
xF1jGcTsGNU,https://www.youtube.com/watch?v=xF1jGcTsGNU,"Vicente Fernández is called ""homophobic"" after his response to why he didn't get a transplant.",N+ UNIVISION,UC32TdiIsh_5X8tKr_9rKQyA,130.0,targeted_search,amenazas homofóbicas Perú,54,AMENAZA_DIRECTA|ACOSO_GENERO_IDENTIDAD,consulta explícita de una categoría minoritaria,55
tV-VbQrWLLk,https://www.youtube.com/watch?v=tV-VbQrWLLk,Protestas en Italia por los retrasos en la ley LGBT,euronews (en español),UCyoGb3SMlTlB8CLGVH4c8Rw,170.0,targeted_search,amenazas homofóbicas Perú,55,AMENAZA_DIRECTA|ACOSO_GENERO_IDENTIDAD,consulta explícita de una categoría minoritaria,55
LDN2i-hLpO8,https://www.youtube.com/watch?v=LDN2i-hLpO8,Cueva loses his temper and is reported by ‘La Mackyna’ after serious threats,Chimi chimi,UCt42aXXEokQWROe3CdVx3bA,743.0,targeted_search,denuncia amenazas farándula Perú,1,AMENAZA_DIRECTA,consulta explícita de una categoría minoritaria,55
g0YbY3EojOQ,https://www.youtube.com/watch?v=g0YbY3EojOQ,Promotor de eventos teme por su vida tras recibir amenazas de muerte de extorsionadores,Panamericana Televisión,UCngb4rxO4iUE6BrIs29WXwA,482.0,targeted_search,denuncia amenazas farándula Perú,2,AMENAZA_DIRECTA,consulta explícita de una categoría minoritaria,55
jGDQYwwV_2k,https://www.youtube.com/watch?v=jGDQYwwV_2k,Magaly receives the WORST threat of her life and all eyes point to one place,COSMOREALIDAD,UCx7eDskdGUqWbtuYw9agR9w,438.0,targeted_search,denuncia amenazas farándula Perú,3,AMENAZA_DIRECTA,consulta explícita de una categoría minoritaria,55
-MKrHVfZtW4,https://www.youtube.com/watch?v=-MKrHVfZtW4,¡SALIÓ CON TODO! MAGALY DENUNCIA AMENAZAS CONTRA SU VIDA y envía fuerte mensaje a FARFÁN,Sí Juego,UCwlsXSmh9sP1LvfuoKZ--gw,637.0,targeted_search,denuncia amenazas farándula Perú,4,AMENAZA_DIRECTA,consulta explícita de una categoría minoritaria,55
jWFRkZ9GOKo,https://www.youtube.com/watch?v=jWFRkZ9GOKo,"Magaly Medina sobre amenazas a Fiorella Retiz: ""La llamada que recibe es intimidatoria""",Magaly TV La Firme,UCF6s3gpbZEQKqZ38VvQ0gLA,148.0,targeted_search,denuncia amenazas farándula Perú,5,AMENAZA_DIRECTA,consulta explícita de una categoría minoritaria,55
H26872gddUc,https://www.youtube.com/watch?v=H26872gddUc,PAMELA LÓPEZ responde ante DEMANDA de su examiga Selene por AMENAZAS y asegura estar AFECTADA,Diario El Popular 🇵🇪,UCC25ArAc6QI7yj1UQG8lqxA,88.0,targeted_search,denuncia amenazas farándula Perú,6,AMENAZA_DIRECTA,consulta explícita de una categoría minoritaria,55
RExYSyuwizw,https://www.youtube.com/watch?v=RExYSyuwizw,Olenka Mejía denuncia amenazas y promete justicia,Mundo Noticias,UCkRo5vZnLeCfCMhjlJdOmCQ,124.0,targeted_search,denuncia amenazas farándula Perú,7,AMENAZA_DIRECTA,consulta explícita de una categoría minoritaria,55
QGg-M5pucqU,https://www.youtube.com/watch?v=QGg-M5pucqU,"Nicola Porcella lanza fuerte amenaza tras denuncia de chef: ""Ahora trabajo en un canal grande""",Magaly TV La Firme,UCF6s3gpbZEQKqZ38VvQ0gLA,142.0,targeted_search,denuncia amenazas farándula Perú,8,AMENAZA_DIRECTA,consulta explícita de una categoría minoritaria,55
-1ckvOBOdu4,https://www.youtube.com/watch?v=-1ckvOBOdu4,Carlos Zambrano: Police refused to take a report from a minor because the child was not with thei...,Magaly TV La Firme,UCF6s3gpbZEQKqZ38VvQ0gLA,364.0,targeted_search,denuncia amenazas farándula Perú,9,AMENAZA_DIRECTA,consulta explícita de una categoría minoritaria,55
RkfKYZoafCI,https://www.youtube.com/watch?v=RkfKYZoafCI,Jimmy Santi denuncia que miembros del Tren de Aragua llegaron hasta su casa para amenazarlo (2/2),Buenos Días Perú,UCFnOwPrJ-Skrzk_GPNBV5tg,90.0,targeted_search,denuncia amenazas farándula Perú,10,AMENAZA_DIRECTA,consulta explícita de una categoría minoritaria,55
aoRyJl8OlYU,https://www.youtube.com/watch?v=aoRyJl8OlYU,Zaperokito acusa a Toño Centella de estar detrás amenazas de muerte en su contra,Magaly TV La Firme,UCF6s3gpbZEQKqZ38VvQ0gLA,312.0,targeted_search,denuncia amenazas farándula Perú,11,AMENAZA_DIRECTA,consulta explícita de una categoría minoritaria,55
Pwon2KlAKLo,https://www.youtube.com/watch?v=Pwon2KlAKLo,“I RECEIVED CALLS AND MESSAGES”: DRIVER FILES COMPLAINT AGAINST CUEVA,TRIVU ,UCEgNxyXXpArM8F368uJjF-Q,2476.0,targeted_search,denuncia amenazas farándula Perú,12,AMENAZA_DIRECTA,consulta explícita de una categoría minoritaria,55
gp8UDhqyNwM,https://www.youtube.com/watch?v=gp8UDhqyNwM,'El Parcero' acusa a Greissy Ortega y denuncia haber recibido las mismas amenazas que Milena Zárate,Magaly TV La Firme,UCF6s3gpbZEQKqZ38VvQ0gLA,300.0,targeted_search,denuncia amenazas farándula Perú,13,AMENAZA_DIRECTA,consulta explícita de una categoría minoritaria,55
inDVyKEiegg,https://www.youtube.com/watch?v=inDVyKEiegg,Madonna Goes Viral for Sensual Dance | América Espectáculos (TODAY),América Noticias,UCPhm2I2wk4vqjENwhn3px8A,327.0,targeted_search,denuncia amenazas farándula Perú,14,AMENAZA_DIRECTA,consulta explícita de una categoría minoritaria,55
24pSGIY_rG0,https://www.youtube.com/watch?v=24pSGIY_rG0,LÓPEZ ALIAGA RESPONDS TO ACCUSATIONS OF THREATS OVER DEBT,Farandula Politica,UCEPKBntK_q0AXblXJtDUNhg,946.0,targeted_search,denuncia amenazas farándula Perú,15,AMENAZA_DIRECTA,consulta explícita de una categoría minoritaria,55
z7dWtZPf1tU,https://www.youtube.com/watch?v=z7dWtZPf1tU,SCANDAL! Renzo Reggiardo reports threats and extortion during cleaning work,Farandula Politica,UCEPKBntK_q0AXblXJtDUNhg,1457.0,targeted_search,denuncia amenazas farándula Perú,16,AMENAZA_DIRECTA,consulta explícita de una categoría minoritaria,55
AzJ3g2rNwcg,https://www.youtube.com/watch?v=AzJ3g2rNwcg,Vidas bajo extorsión: terror y violencia en todo el Perú,Panorama,UCBiq92lt_ufNO-ktZigVXgg,918.0,targeted_search,denuncia amenazas farándula Perú,17,AMENAZA_DIRECTA,consulta explícita de una categoría minoritaria,55
w9hUDnpWnxY,https://www.youtube.com/watch?v=w9hUDnpWnxY,Threats in the music scene escalate after tragic incident! | Arriba Mi Gente 🚨🎶,Latina Televisión,UC3rDtLrcgr3JS3_3JOW4BAw,1066.0,targeted_search,denuncia amenazas farándula Perú,18,AMENAZA_DIRECTA,consulta explícita de una categoría minoritaria,55
qpamaBWGJxU,https://www.youtube.com/watch?v=qpamaBWGJxU,Pamela López responds after strong accusations from her former friend and Cueva's lawyer | Arriba...,Latina Televisión,UC3rDtLrcgr3JS3_3JOW4BAw,720.0,targeted_search,denuncia amenazas farándula Perú,20,AMENAZA_DIRECTA,consulta explícita de una categoría minoritaria,55
EWLGp9_X3g8,https://www.youtube.com/watch?v=EWLGp9_X3g8,Pamela López es DENUNCIADA por 4menaz4s contra su examiga y ella EXPONE las PRUEBAS,Diario El Popular 🇵🇪,UCC25ArAc6QI7yj1UQG8lqxA,114.0,targeted_search,denuncia amenazas farándula Perú,21,AMENAZA_DIRECTA,consulta explícita de una categoría minoritaria,55
yjWs1BZls88,https://www.youtube.com/watch?v=yjWs1BZls88,Josimar Fidel amenaza a Gianella Ydoña con demandarla: “Aquí no se puede hablar sin pruebas”,Magaly TV La Firme,UCF6s3gpbZEQKqZ38VvQ0gLA,132.0,targeted_search,denuncia amenazas farándula Perú,22,AMENAZA_DIRECTA,consulta explícita de una categoría minoritaria,55
vi67gnBLRyg,https://www.youtube.com/watch?v=vi67gnBLRyg,Monserrat Seminario and Susan Villanueva clash over Melcochita case | América Espectáculos (TODAY),América Noticias,UCPhm2I2wk4vqjENwhn3px8A,221.0,targeted_search,denuncia amenazas farándula Perú,23,AMENAZA_DIRECTA,consulta explícita de una categoría minoritaria,55
a-bGi-CkcbE,https://www.youtube.com/watch?v=a-bGi-CkcbE,Policía va en busca de Pamela López tras ser DENUNCIADA por su ex amiga y ella ROMPE EN LLANTO,Diario El Popular 🇵🇪,UCC25ArAc6QI7yj1UQG8lqxA,103.0,targeted_search,denuncia amenazas farándula Perú,24,AMENAZA_DIRECTA,consulta explícita de una categoría minoritaria,55
3qessVTg8Ug,https://www.youtube.com/watch?v=3qessVTg8Ug,¡IMPACTANTE! EXAMIGA DE PAMELA LÓPEZ DENUNCIA QUE EXTRAÑOS FUERON A SU HOGAR DESPUÉS DE AMENAZAS,DEVELADOR,UCvzuPbNztTlTr542qOYalbw,269.0,targeted_search,denuncia amenazas farándula Perú,25,AMENAZA_DIRECTA,consulta explícita de una categoría minoritaria,55
B9VXUdQAgwo,https://www.youtube.com/watch?v=B9VXUdQAgwo,"Magaly Medina's lawyer on Jefferson Farfán's complaint: ""It was not a violation of privacy""",Magaly TV La Firme,UCF6s3gpbZEQKqZ38VvQ0gLA,145.0,targeted_search,denuncia amenazas farándula Perú,26,AMENAZA_DIRECTA,consulta explícita de una categoría minoritaria,55
dYp8kfE4Ot0,https://www.youtube.com/watch?v=dYp8kfE4Ot0,"'Youna' sobre amenazas de atentar contra su vida: ""No aceptaba haber perdido a mi familia""",Magaly TV La Firme,UCF6s3gpbZEQKqZ38VvQ0gLA,221.0,targeted_search,denuncia amenazas farándula Perú,27,AMENAZA_DIRECTA,consulta explícita de una categoría minoritaria,55
9IP8N0ZEafg,https://www.youtube.com/watch?v=9IP8N0ZEafg,"🔴🔵Carlos Álvarez denuncia extorsión y revela amenazas: ""Pierden su tiempo""",Exitosa Noticias,UCxgO_rak_BKZP8VNVmYqbWg,380.0,targeted_search,denuncia amenazas farándula Perú,28,AMENAZA_DIRECTA,consulta explícita de una categoría minoritaria,55
J00OaxdjBDA,https://www.youtube.com/watch?v=J00OaxdjBDA,"Denuncian violento desalojo en casa de Jackson Mora: ""Entraron con armas""",Magaly TV La Firme,UCF6s3gpbZEQKqZ38VvQ0gLA,522.0,targeted_search,denuncia amenazas farándula Perú,29,AMENAZA_DIRECTA,consulta explícita de una categoría minoritaria,55
EMtSQuNLcAA,https://www.youtube.com/watch?v=EMtSQuNLcAA,¡Exclusivo! Familia huye del país por amenazas de extorsionadores,ATV Noticias,UCYG5uXS3xdsoaXIxum1pAEw,450.0,targeted_search,denuncia amenazas farándula Perú,30,AMENAZA_DIRECTA,consulta explícita de una categoría minoritaria,55
hI1100Qk1Is,https://www.youtube.com/watch?v=hI1100Qk1Is,Christian Domínguez and Karla Tarazona BREAK DOWN IN TEARS after being fired from Panamericana TV,Chimi chimi,UCt42aXXEokQWROe3CdVx3bA,626.0,targeted_search,denuncia amenazas farándula Perú,31,AMENAZA_DIRECTA,consulta explícita de una categoría minoritaria,55
4EQ19FO9RSU,https://www.youtube.com/watch?v=4EQ19FO9RSU,La extorsión llegó a los famosos de la farándula,Al Sexto Día,UC_6JG6mhk_vuUTbZ6JB_XMg,651.0,targeted_search,denuncia amenazas farándula Perú,32,AMENAZA_DIRECTA,consulta explícita de una categoría minoritaria,55
OcOLI32yjxk,https://www.youtube.com/watch?v=OcOLI32yjxk,MAGALY MEDINA AMENAZA CON SACAR NUEVAS PRUEBAS TRAS RECIBIR AMENAZA DE DENUNCIA,MI FAMA PERU,UC0GuogjwXbrKvb-VcbgnVjQ,191.0,targeted_search,denuncia amenazas farándula Perú,33,AMENAZA_DIRECTA,consulta explícita de una categoría minoritaria,55
Br9eru8dOb8,https://www.youtube.com/watch?v=Br9eru8dOb8,Karla Tarazona EXPLODES and issues a strong WARNING to Camila and Pamela Franco,Chimi chimi,UCt42aXXEokQWROe3CdVx3bA,538.0,targeted_search,denuncia amenazas farándula Perú,34,AMENAZA_DIRECTA,consulta explícita de una categoría minoritaria,55
Qq9Osl4xQqE,https://www.youtube.com/watch?v=Qq9Osl4xQqE,"👶EMBARAZO, ENGAÑOS Y AMENAZAS: LA VERDAD DETRÁS DEL DRAMA ENTRE EDWIN Y ANA LUCÍA ⚠️",Farándula Pe,UC6CEvzwdcXTfc0iuFnSdr1w,558.0,targeted_search,denuncia amenazas farándula Perú,35,AMENAZA_DIRECTA,consulta explícita de una categoría minoritaria,55
IpMxpTy2T2E,https://www.youtube.com/watch?v=IpMxpTy2T2E,Josimar estalla contra su ‘prima’ venezolana y amenaza con denunciarla “Te voy a ver presa.,Chimi Chi,UCWowmKyrSm0sGyEpa2ySX4Q,343.0,targeted_search,denuncia amenazas farándula Perú,36,AMENAZA_DIRECTA,consulta explícita de una categoría minoritaria,55
RN8EDHfHQn8,https://www.youtube.com/watch?v=RN8EDHfHQn8,Sofia Franco: Shirley Arica de Las Justicieras denuncian amenazas de Victor Angobaldo [06-07-2012],VideosFarandulita,UCsEf_Kd9065OwIwubVw5Mxw,185.0,targeted_search,denuncia amenazas farándula Perú,37,AMENAZA_DIRECTA,consulta explícita de una categoría minoritaria,55
m0upz7IeuLA,https://www.youtube.com/watch?v=m0upz7IeuLA,Jimmy Santi denuncia que recibe amenazas por parte de extorsionadores,El Dominical de Panamericana,UCMfcN0OV7d61cWPLYm5qHpw,346.0,targeted_search,denuncia amenazas farándula Perú,38,AMENAZA_DIRECTA,consulta explícita de una categoría minoritaria,55
ImkWIVT7nCU,https://www.youtube.com/watch?v=ImkWIVT7nCU,🚨💰 This is the number of extortion threats in each district | Arriba Mi Gente 💚,Latina Televisión,UC3rDtLrcgr3JS3_3JOW4BAw,598.0,targeted_search,denuncia amenazas farándula Perú,39,AMENAZA_DIRECTA,consulta explícita de una categoría minoritaria,55
C3MdJMNJ9-w,https://www.youtube.com/watch?v=C3MdJMNJ9-w,¡Aldo Miyashiro SE PRONUNCIA! Desmiente Amenazas a Fiorella Retiz,Chimi chimi,UCt42aXXEokQWROe3CdVx3bA,585.0,targeted_search,denuncia amenazas farándula Perú,40,AMENAZA_DIRECTA,consulta explícita de una categoría minoritaria,55
RJkD4kFOjmo,https://www.youtube.com/watch?v=RJkD4kFOjmo,MELISSA KLUG AMENAZA CON QUITARLE LA CUSTODIA A SAMAHARA SI NO DENUNCIA A BRYAN TORRES POR VIOLENCIA,DEVELADOR,UCvzuPbNztTlTr542qOYalbw,331.0,targeted_search,denuncia amenazas farándula Perú,41,AMENAZA_DIRECTA,consulta explícita de una categoría minoritaria,55
1gw2jChQLi8,https://www.youtube.com/watch?v=1gw2jChQLi8,Diealis accuses Veronika Rojas's lawyer and Karla Viso reveals a secret agreement,El Notificador Peruano,UCpcmyMQnK-FKzmkrmRARc_A,658.0,targeted_search,denuncia amenazas farándula Perú,42,AMENAZA_DIRECTA,consulta explícita de una categoría minoritaria,55
jz2C1vGWvk4,https://www.youtube.com/watch?v=jz2C1vGWvk4,🔴Vecinos denuncian a comandante PNP por disparos y amenazas l #EnVivoLR,Diario El Popular 🇵🇪,UCC25ArAc6QI7yj1UQG8lqxA,201.0,targeted_search,denuncia amenazas farándula Perú,43,AMENAZA_DIRECTA,consulta explícita de una categoría minoritaria,55
AQlKf8nRt5Y,https://www.youtube.com/watch?v=AQlKf8nRt5Y,"Abogada Claudia Zumaeta tras denuncia pública de Fiorella Retiz: ""Claramente hay violencia""",Magaly TV La Firme,UCF6s3gpbZEQKqZ38VvQ0gLA,363.0,targeted_search,denuncia amenazas farándula Perú,44,AMENAZA_DIRECTA,consulta explícita de una categoría minoritaria,55
WxsV-I_uwY0,https://www.youtube.com/watch?v=WxsV-I_uwY0,Ana Siucho Rompe el Silencio: Amenazas de Muerte y Escape a Colombia,PeruNoticiaspe,UCkEbWJn5R7HPd3Q5eZf7K0g,217.0,targeted_search,denuncia amenazas farándula Perú,45,AMENAZA_DIRECTA,consulta explícita de una categoría minoritaria,55
Q7p5UMiO1do,https://www.youtube.com/watch?v=Q7p5UMiO1do,🚨 EN VIVO | DEYSI ARAUJO es amenazada con bomba molotov por presuntos extorsionadores,Trome Perú,UChzS9L4GwAe0lRFallqbaGg,295.0,targeted_search,denuncia amenazas farándula Perú,46,AMENAZA_DIRECTA,consulta explícita de una categoría minoritaria,55
RpNXL-G1Xok,https://www.youtube.com/watch?v=RpNXL-G1Xok,Estás en Todas: Crime and extortion of artists (HOY),América Televisión,UCGGry4kGWZUqIfG6LLNhOmg,684.0,targeted_search,denuncia amenazas farándula Perú,47,AMENAZA_DIRECTA,consulta explícita de una categoría minoritaria,55
zqmtJF27R58,https://www.youtube.com/watch?v=zqmtJF27R58,Dr. Olaya es amenazado por extorsionadores y denuncia mafias en Pueblo Libre y Magdalena,ATV Noticias,UCYG5uXS3xdsoaXIxum1pAEw,714.0,targeted_search,denuncia amenazas farándula Perú,48,AMENAZA_DIRECTA,consulta explícita de una categoría minoritaria,55
zooYlcWSQNo,https://www.youtube.com/watch?v=zooYlcWSQNo,"Magaly Medina sobre caso Jefferson Farfán: ""Se está vulnerando mi derecho a la defensa""",Magaly TV La Firme,UCF6s3gpbZEQKqZ38VvQ0gLA,131.0,targeted_search,denuncia amenazas farándula Perú,49,AMENAZA_DIRECTA,consulta explícita de una categoría minoritaria,55
8HjQ5ARMUzk,https://www.youtube.com/watch?v=8HjQ5ARMUzk,Terrifying chats of Gustavo threatening the producer's youngest son revealed,Chimi chimi,UCt42aXXEokQWROe3CdVx3bA,801.0,targeted_search,denuncia amenazas farándula Perú,50,AMENAZA_DIRECTA,consulta explícita de una categoría minoritaria,55
RZQUgk0ieOA,https://www.youtube.com/watch?v=RZQUgk0ieOA,"Pamela López, esposa de Christian Cueva, denuncia amenazas contra el futbolista",Magaly TV La Firme,UCF6s3gpbZEQKqZ38VvQ0gLA,112.0,targeted_search,denuncia amenazas farándula Perú,51,AMENAZA_DIRECTA,consulta explícita de una categoría minoritaria,55
YyyKiRKgqrw,https://www.youtube.com/watch?v=YyyKiRKgqrw,Joven ampayada con Roberto Guizasola lo denuncia por coacción,Magaly TV La Firme,UCF6s3gpbZEQKqZ38VvQ0gLA,226.0,targeted_search,denuncia amenazas farándula Perú,52,AMENAZA_DIRECTA,consulta explícita de una categoría minoritaria,55
NaWDVcud_VQ,https://www.youtube.com/watch?v=NaWDVcud_VQ,Esta noche: Flor Polo breaks down after revealing extortion threats against her family (TODAY),América Televisión,UCGGry4kGWZUqIfG6LLNhOmg,732.0,targeted_search,denuncia amenazas farándula Perú,53,AMENAZA_DIRECTA,consulta explícita de una categoría minoritaria,55
73soTQ9XF84,https://www.youtube.com/watch?v=73soTQ9XF84,Pamela López responde a Marcial Cueva tras ataques y revela denuncias en su contra,El Notificador Peruano,UCpcmyMQnK-FKzmkrmRARc_A,183.0,targeted_search,denuncia amenazas farándula Perú,54,AMENAZA_DIRECTA,consulta explícita de una categoría minoritaria,55
GfbJRi6jw3s,https://www.youtube.com/watch?v=GfbJRi6jw3s,Extorsionadores amenazan con nueva modalidad: Se acercan a trabajadores y le hacen escuchar audios,ATV Noticias,UCYG5uXS3xdsoaXIxum1pAEw,352.0,targeted_search,extorsionadores amenazan audio Perú,1,AMENAZA_DIRECTA,consulta explícita de una categoría minoritaria,55
cA1tnNp5_zM,https://www.youtube.com/watch?v=cA1tnNp5_zM,Extortionists threaten traders through audios | Domingo al Día | Peru,América Televisión,UCGGry4kGWZUqIfG6LLNhOmg,726.0,targeted_search,extorsionadores amenazan audio Perú,2,AMENAZA_DIRECTA,consulta explícita de una categoría minoritaria,55
-kvokunYoCs,https://www.youtube.com/watch?v=-kvokunYoCs,"La amenaza que 'El Monstruo' lanzó a Agua Marina semanas atrás: ""Se quiere trabajar pacíficamente""",Latina Noticias,UCpSJ5fGhmAME9Kx2D3ZvN3Q,194.0,targeted_search,extorsionadores amenazan audio Perú,3,AMENAZA_DIRECTA,consulta explícita de una categoría minoritaria,55
y1O1iBTDGek,https://www.youtube.com/watch?v=y1O1iBTDGek,EXTORSION EN PERU AMENAZAN A MUJER POR CELULAR Y YO IDENTIFICO ESE NUMERO MOVISTAR  DEL DELINCUENTE,carlos urbina castillo,UCU56vjVy6tGg48BT2L3C2GA,93.0,targeted_search,extorsionadores amenazan audio Perú,5,AMENAZA_DIRECTA,consulta explícita de una categoría minoritaria,55
ZPghnV0CBU4,https://www.youtube.com/watch?v=ZPghnV0CBU4,Extorsionadores se graban amenazando a los choferes en Lima,Latina Noticias,UCpSJ5fGhmAME9Kx2D3ZvN3Q,211.0,targeted_search,extorsionadores amenazan audio Perú,6,AMENAZA_DIRECTA,consulta explícita de una categoría minoritaria,55
OqxpmfiQ6KQ,https://www.youtube.com/watch?v=OqxpmfiQ6KQ,Así cayeron dos sujetos dedicados al préstamo 'gota a gota': Este es el audio amenazante,Latina Noticias,UCpSJ5fGhmAME9Kx2D3ZvN3Q,200.0,targeted_search,extorsionadores amenazan audio Perú,7,AMENAZA_DIRECTA,consulta explícita de una categoría minoritaria,55
OmvWMLKLMIc,https://www.youtube.com/watch?v=OmvWMLKLMIc,Extortionists threaten traders through audios | Domingo al Día | Peru,América Noticias,UCPhm2I2wk4vqjENwhn3px8A,726.0,targeted_search,extorsionadores amenazan audio Perú,8,AMENAZA_DIRECTA,consulta explícita de una categoría minoritaria,55
JkXeo7Cdo94,https://www.youtube.com/watch?v=JkXeo7Cdo94,"AUDIO. Así amenazan los extorsionadores en el municipio Cabimas, edo. Zulia | Lagunillas TV",Lagunillas TV,UCi_b7pqoHyn9b8HcBYlOrmQ,54.0,targeted_search,extorsionadores amenazan audio Perú,9,AMENAZA_DIRECTA,consulta explícita de una categoría minoritaria,55
WXHOj_PdR5g,https://www.youtube.com/watch?v=WXHOj_PdR5g,Video leaked of extortionist threatening ‘Translima’ drivers: “Which one is going to die?”,Buenos Días Perú,UCFnOwPrJ-Skrzk_GPNBV5tg,62.0,targeted_search,extorsionadores amenazan audio Perú,10,AMENAZA_DIRECTA,consulta explícita de una categoría minoritaria,55
7IPfBPyL9vY,https://www.youtube.com/watch?v=7IPfBPyL9vY,Transport workers report extortion by four gangs and demand security in Lima | RPP NOTICIAS,RPP Noticias,UC5j8-2FT0ZMMBkmK72R4aeA,169.0,targeted_search,extorsionadores amenazan audio Perú,11,AMENAZA_DIRECTA,consulta explícita de una categoría minoritaria,55
V8EH7ZQRSRk,https://www.youtube.com/watch?v=V8EH7ZQRSRk,Aliados por la Seguridad: Audios de algunos de los más peligrosos extorsionadores del país,TVPerú Noticias,UCkZCoc42IipR1ucqJmIehsA,508.0,targeted_search,extorsionadores amenazan audio Perú,12,AMENAZA_DIRECTA,consulta explícita de una categoría minoritaria,55
ax7CqZhkNj4,https://www.youtube.com/watch?v=ax7CqZhkNj4,¡Exclusivo! Amenaza desde Challapalca: extorsión en video contra alcalde de distrito en emergencia,Panorama,UCBiq92lt_ufNO-ktZigVXgg,515.0,targeted_search,extorsionadores amenazan audio Perú,14,AMENAZA_DIRECTA,consulta explícita de una categoría minoritaria,55
_2GmYExfiNk,https://www.youtube.com/watch?v=_2GmYExfiNk,Así es como un extorsionador amenaza a mototaxistas para dejarlos trabajar,Latina Noticias,UCpSJ5fGhmAME9Kx2D3ZvN3Q,112.0,targeted_search,extorsionadores amenazan audio Perú,15,AMENAZA_DIRECTA,consulta explícita de una categoría minoritaria,55
XbFwGhJ9WqI,https://www.youtube.com/watch?v=XbFwGhJ9WqI,"peru .lima, locas dice te matoo , amenazas por puente peatonal , facultad de derecho",Cercado Lima,UCyK7hdNmpGTD3M35HWuQ5yg,65.0,targeted_search,extorsionadores amenazan audio Perú,16,AMENAZA_DIRECTA,consulta explícita de una categoría minoritaria,55
gRxFUq2n5H8,https://www.youtube.com/watch?v=gRxFUq2n5H8,Extorsionadores se equivocan y mandan amenaza a humilde familia en Independencia,Buenos Días Perú,UCFnOwPrJ-Skrzk_GPNBV5tg,521.0,targeted_search,extorsionadores amenazan audio Perú,17,AMENAZA_DIRECTA,consulta explícita de una categoría minoritaria,55
ifhE-9wNv1E,https://www.youtube.com/watch?v=ifhE-9wNv1E,Trujillo: Extorsionadores cumplen amenaza y detonan explosivo en vivienda,Cosmos Televisión,UC_ept7M1UXlCfvcUrK49Ziw,49.0,targeted_search,extorsionadores amenazan audio Perú,18,AMENAZA_DIRECTA,consulta explícita de una categoría minoritaria,55
jg1Mbj_YQ7E,https://www.youtube.com/watch?v=jg1Mbj_YQ7E,REVELADOR AUDIO MUESTRA COMO EXTORSIONADORES AMENAZABAN A SUS VICTIMAS EN CHANCAY,Canal46Chancay,UCsNJCvuM5Dv_p-bdChO0QEA,372.0,targeted_search,extorsionadores amenazan audio Perú,19,AMENAZA_DIRECTA,consulta explícita de una categoría minoritaria,55
2orNM6FeOlM,https://www.youtube.com/watch?v=2orNM6FeOlM,‘CUTO’ GUADALUPE recibe amenazas de extorsionadores de ‘El Tren de Aragua’,Trome Perú,UChzS9L4GwAe0lRFallqbaGg,330.0,targeted_search,extorsionadores amenazan audio Perú,20,AMENAZA_DIRECTA,consulta explícita de una categoría minoritaria,55
hdIdSzGm5uk,https://www.youtube.com/watch?v=hdIdSzGm5uk,"Extorsionadores secuestran combi con pasajeros, obligan a chofer a enviar mensaje grupo de WhatsApp",QUE HAY DE NUEVO PERU,UCRl1-oM_NM-BtCEyTFd-aRA,135.0,targeted_search,extorsionadores amenazan audio Perú,21,AMENAZA_DIRECTA,consulta explícita de una categoría minoritaria,55
txwkrtcpYYc,https://www.youtube.com/watch?v=txwkrtcpYYc,"Extortion from prison: Videos, audios, victims and a movie-like police investigation",DÍA D,UCmrzeYkbupPuvrXH8roR__w,974.0,targeted_search,extorsionadores amenazan audio Perú,22,AMENAZA_DIRECTA,consulta explícita de una categoría minoritaria,55
fOKt7a5Ri3o,https://www.youtube.com/watch?v=fOKt7a5Ri3o,🔴🔵Trujillo: Mass extortion calls put PNP on high alert,Exitosa Noticias,UCxgO_rak_BKZP8VNVmYqbWg,117.0,targeted_search,extorsionadores amenazan audio Perú,23,AMENAZA_DIRECTA,consulta explícita de una categoría minoritaria,55
JOYRtnE0tvA,https://www.youtube.com/watch?v=JOYRtnE0tvA,El cumpleaños del 'Monstruo': Los audios que delatan a Erick Moreno en plena celebración clandestina,Latina Noticias,UCpSJ5fGhmAME9Kx2D3ZvN3Q,470.0,targeted_search,extorsionadores amenazan audio Perú,24,AMENAZA_DIRECTA,consulta explícita de una categoría minoritaria,55
nS1rYuYv1BI,https://www.youtube.com/watch?v=nS1rYuYv1BI,"Alias ​​""The Monster"" confesses extortion and fears in audio recording | Cuarto Poder | Peru",América Noticias,UCPhm2I2wk4vqjENwhn3px8A,603.0,targeted_search,extorsionadores amenazan audio Perú,25,AMENAZA_DIRECTA,consulta explícita de una categoría minoritaria,55
xbaVX53w_ig,https://www.youtube.com/watch?v=xbaVX53w_ig,"Mujer vive una pesadilla por amenazas de extorsionadores del ""gota a gota""",ATV Noticias,UCYG5uXS3xdsoaXIxum1pAEw,132.0,targeted_search,extorsionadores amenazan audio Perú,26,AMENAZA_DIRECTA,consulta explícita de una categoría minoritaria,55
F1RKszJ85uI,https://www.youtube.com/watch?v=F1RKszJ85uI,Breña: 200 merchants at Market No. 3 threatened,24 Horas,UCsakKsRww3J7pM6DavkrAIQ,161.0,targeted_search,extorsionadores amenazan audio Perú,27,AMENAZA_DIRECTA,consulta explícita de una categoría minoritaria,55
5UlczKSeGUc,https://www.youtube.com/watch?v=5UlczKSeGUc,Extorsionadores  amenazan a choferes de empresa Translima por cupos #ADNRPP | ENTREVISTA,RPP Noticias,UC5j8-2FT0ZMMBkmK72R4aeA,636.0,targeted_search,extorsionadores amenazan audio Perú,28,AMENAZA_DIRECTA,consulta explícita de una categoría minoritaria,55
C1EVAMoE3Zw,https://www.youtube.com/watch?v=C1EVAMoE3Zw,Extorsiones en aumento: ciudadanos bajo el asedio del crimen,Panorama,UCBiq92lt_ufNO-ktZigVXgg,917.0,targeted_search,extorsionadores amenazan audio Perú,30,AMENAZA_DIRECTA,consulta explícita de una categoría minoritaria,55
wm_15-Ba0hc,https://www.youtube.com/watch?v=wm_15-Ba0hc,Extorsionadores exigen S/3 mil a cantante de cumbia para dejarlo trabajar en paz,Buenos Días Perú,UCFnOwPrJ-Skrzk_GPNBV5tg,418.0,targeted_search,extorsionadores amenazan audio Perú,31,AMENAZA_DIRECTA,consulta explícita de una categoría minoritaria,55
nD1UIdzR-vk,https://www.youtube.com/watch?v=nD1UIdzR-vk,"Extortionists demand 20,000 soles from businessman | Primera Edición | News Perú",América Noticias,UCPhm2I2wk4vqjENwhn3px8A,158.0,targeted_search,extorsionadores amenazan audio Perú,32,AMENAZA_DIRECTA,consulta explícita de una categoría minoritaria,55
dB9X8vVbJjc,https://www.youtube.com/watch?v=dB9X8vVbJjc,Extorsión a orquesta La Huaranchal: extorsionadores piden 20 mil soles #ROTATIVARPP | DESPACHO,RPP Noticias,UC5j8-2FT0ZMMBkmK72R4aeA,124.0,targeted_search,extorsionadores amenazan audio Perú,33,AMENAZA_DIRECTA,consulta explícita de una categoría minoritaria,55
NyVxrGv420Q,https://www.youtube.com/watch?v=NyVxrGv420Q,Comerciante increpa a extorsionador que le piden S/20 mil para no atentar contra sus hijos,ATV Noticias,UCYG5uXS3xdsoaXIxum1pAEw,450.0,targeted_search,extorsionadores amenazan audio Perú,34,AMENAZA_DIRECTA,consulta explícita de una categoría minoritaria,55
3g6iYVBmQLE,https://www.youtube.com/watch?v=3g6iYVBmQLE,"Cartas, audios amenazantes y una granada: Clínica dental en Lima sufre ataques de extorsionadores",Latina Noticias,UCpSJ5fGhmAME9Kx2D3ZvN3Q,686.0,targeted_search,extorsionadores amenazan audio Perú,35,AMENAZA_DIRECTA,consulta explícita de una categoría minoritaria,55
3VG1lH1Ckek,https://www.youtube.com/watch?v=3VG1lH1Ckek,Caen extorsionadores que pedían cupo de S/10 a librería recién inaugurada,ATV Noticias,UCYG5uXS3xdsoaXIxum1pAEw,100.0,targeted_search,extorsionadores amenazan audio Perú,36,AMENAZA_DIRECTA,consulta explícita de una categoría minoritaria,55
G9o_GT2yNGU,https://www.youtube.com/watch?v=G9o_GT2yNGU,The “Loco Joe” extortion manual: New Peruvian kingpin operates from Rio de Janeiro,Panorama,UCBiq92lt_ufNO-ktZigVXgg,784.0,targeted_search,extorsionadores amenazan audio Perú,37,AMENAZA_DIRECTA,consulta explícita de una categoría minoritaria,55
AGguCssTf3I,https://www.youtube.com/watch?v=AGguCssTf3I,Warning issued about extortion on sex service websites,Multimedios Costa Rica,UCILU2ghO8GrOeB-zo93eYdA,383.0,targeted_search,extorsionadores amenazan audio Perú,38,AMENAZA_DIRECTA,consulta explícita de una categoría minoritaria,55
wk24oghLEbw,https://www.youtube.com/watch?v=wk24oghLEbw,Peruano se hacía pasar como venezolano para extorsionar en el Callao,Latina Noticias,UCpSJ5fGhmAME9Kx2D3ZvN3Q,157.0,targeted_search,extorsionadores amenazan audio Perú,39,AMENAZA_DIRECTA,consulta explícita de una categoría minoritaria,55
H17p8fO5YH8,https://www.youtube.com/watch?v=H17p8fO5YH8,No permitas que las extorsiones arruinen tu tranquilidad,Policía Perú,UCGHZ-BOHT4-jjeh3YvlnUNw,95.0,targeted_search,extorsionadores amenazan audio Perú,40,AMENAZA_DIRECTA,consulta explícita de una categoría minoritaria,55
Bck0aRCxSBM,https://www.youtube.com/watch?v=Bck0aRCxSBM,How CHOLO FILO EXTORTED LURIGANCHO AUTHORITIES from AREQUIPA PRISON,Reporta Perú,UC0iTq1d61dmwWElW-UBv-Bw,505.0,targeted_search,extorsionadores amenazan audio Perú,41,AMENAZA_DIRECTA,consulta explícita de una categoría minoritaria,55
f__BXZFGZ3s,https://www.youtube.com/watch?v=f__BXZFGZ3s,Hitmen from prison: Who ordered the assassination of the Deputy Mayor of San Juan de Lurigancho?,DÍA D,UCmrzeYkbupPuvrXH8roR__w,1267.0,targeted_search,extorsionadores amenazan audio Perú,42,AMENAZA_DIRECTA,consulta explícita de una categoría minoritaria,55
mrWa-RjD9C4,https://www.youtube.com/watch?v=mrWa-RjD9C4,"Audio: “Destruirte y matarte”, amenaza estudiante a alumna del CBTis 122",El Diario de Chihuahua,UCg0x_-U_FiA1TYvz5XbujTQ,87.0,targeted_search,extorsionadores amenazan audio Perú,43,AMENAZA_DIRECTA,consulta explícita de una categoría minoritaria,55
pGl09EQRdME,https://www.youtube.com/watch?v=pGl09EQRdME,Artista shipibo recibe amenazas de muerte de extorsionadores,Latina Noticias,UCpSJ5fGhmAME9Kx2D3ZvN3Q,203.0,targeted_search,extorsionadores amenazan audio Perú,44,AMENAZA_DIRECTA,consulta explícita de una categoría minoritaria,55
U2Mp4wqJ3oE,https://www.youtube.com/watch?v=U2Mp4wqJ3oE,"Extortion, Threats, Fear, and Death: The Terrible Counterattack of Prostitution Mafias",DÍA D,UCmrzeYkbupPuvrXH8roR__w,967.0,targeted_search,extorsionadores amenazan audio Perú,45,AMENAZA_DIRECTA,consulta explícita de una categoría minoritaria,55
WLc0id8jLsM,https://www.youtube.com/watch?v=WLc0id8jLsM,Ate: dueña de discoteca se muda de casa tras recibir reiteradas amenazas de extorsionadores,Buenos Días Perú,UCFnOwPrJ-Skrzk_GPNBV5tg,181.0,targeted_search,extorsionadores amenazan audio Perú,46,AMENAZA_DIRECTA,consulta explícita de una categoría minoritaria,55
ujyJ-MKuzLM,https://www.youtube.com/watch?v=ujyJ-MKuzLM,Vídeo Extorsiones y amenazas telefónicas se multiplican en la Península de Yucatán,infolliteras,UCxBVU4ZjMrfdRm-oZ_x04dw,221.0,targeted_search,extorsionadores amenazan audio Perú,47,AMENAZA_DIRECTA,consulta explícita de una categoría minoritaria,55
DeLX7F3OCpQ,https://www.youtube.com/watch?v=DeLX7F3OCpQ,Supuestos extorsionadores amenazan a trabajadora de Universidad Nacional de Piura,enlacenacional,UC_Zpz_cv69p4oL0hDEJz4IA,137.0,targeted_search,extorsionadores amenazan audio Perú,48,AMENAZA_DIRECTA,consulta explícita de una categoría minoritaria,55
_N8IXWbfTcE,https://www.youtube.com/watch?v=_N8IXWbfTcE,Cómo actuar frente a una llamada de extorsión o amenaza,Primicias,UCe6Gi8_PZp9gcEZb5hTCPdQ,254.0,targeted_search,extorsionadores amenazan audio Perú,49,AMENAZA_DIRECTA,consulta explícita de una categoría minoritaria,55
pPOPgdWtV2k,https://www.youtube.com/watch?v=pPOPgdWtV2k,"MY DAUGHTER IS BEING KIDNAPPED, BUT I DON'T HAVE A DAUGHTER",El Tamalerito,UCYcHhekLOmRExr7I0PPieDg,1066.0,targeted_search,extorsionadores amenazan audio Perú,50,AMENAZA_DIRECTA,consulta explícita de una categoría minoritaria,55
bqvXsGiD8ds,https://www.youtube.com/watch?v=bqvXsGiD8ds,Audio amenaza con explosivo a la Municipalidad de San  Isidro (RPP),lamula externos (la mula),UCY6bK9tiSKBgZsxB6fBYXbA,54.0,targeted_search,extorsionadores amenazan audio Perú,51,AMENAZA_DIRECTA,consulta explícita de una categoría minoritaria,55
ReQebOfTq5I,https://www.youtube.com/watch?v=ReQebOfTq5I,"""Patecos"" threaten the director of the Chimbote prison",EJE,UCwEb3Ei1ISZW-h0FWNpoc8Q,888.0,targeted_search,extorsionadores amenazan audio Perú,52,AMENAZA_DIRECTA,consulta explícita de una categoría minoritaria,55
MWbsGKT5F4w,https://www.youtube.com/watch?v=MWbsGKT5F4w,"Cobran cupos a familias que viven en condominios: ""Piden S/50 a cada familia""",Latina Noticias,UCpSJ5fGhmAME9Kx2D3ZvN3Q,359.0,targeted_search,extorsionadores amenazan audio Perú,53,AMENAZA_DIRECTA,consulta explícita de una categoría minoritaria,55
tvAcTPLsqFw,https://www.youtube.com/watch?v=tvAcTPLsqFw,Alcalde denuncia amenazas tras negarse a pagar S/ 300 mil | SEGMENTO #PurosFactos,RPP Noticias,UC5j8-2FT0ZMMBkmK72R4aeA,375.0,targeted_search,extorsionadores amenazan audio Perú,54,AMENAZA_DIRECTA,consulta explícita de una categoría minoritaria,55
q1RhFGu_Orw,https://www.youtube.com/watch?v=q1RhFGu_Orw,San Martín de Porres: Empresaria es extorsionada por audios enviados a su celular,Latina Noticias,UCpSJ5fGhmAME9Kx2D3ZvN3Q,136.0,targeted_search,extorsionadores amenazan audio Perú,55,AMENAZA_DIRECTA,consulta explícita de una categoría minoritaria,55
yrnwGEFnsZI,https://www.youtube.com/watch?v=yrnwGEFnsZI,Ministerio de Cultura presenta denuncia contra mujer por lanzar insultos racistas a vigilante,Buenos Días Perú,UCFnOwPrJ-Skrzk_GPNBV5tg,176.0,targeted_search,insultos racistas discriminación Perú denuncia,1,RACISMO_DISCRIMINACION,consulta explícita de una categoría minoritaria,55
RhLliM83kJE,https://www.youtube.com/watch?v=RhLliM83kJE,Nuevo caso de racismo: funcionario de la SUNAT lanza comentarios discriminatorios a mujer en tienda,Buenos Días Perú,UCFnOwPrJ-Skrzk_GPNBV5tg,130.0,targeted_search,insultos racistas discriminación Perú denuncia,2,RACISMO_DISCRIMINACION,consulta explícita de una categoría minoritaria,55
UWDcd-kbfR0,https://www.youtube.com/watch?v=UWDcd-kbfR0,Archivan denuncia por discriminación a vigía que recibió insultos racistas,Wayka,UCQmo59tWId4OHTdl4W320DQ,78.0,targeted_search,insultos racistas discriminación Perú denuncia,3,RACISMO_DISCRIMINACION,consulta explícita de una categoría minoritaria,55
8wklvrOszXA,https://www.youtube.com/watch?v=8wklvrOszXA,Más denuncias para 'Cristorata' tras comentarios racistas,Latina Noticias,UCpSJ5fGhmAME9Kx2D3ZvN3Q,96.0,targeted_search,insultos racistas discriminación Perú denuncia,4,RACISMO_DISCRIMINACION,consulta explícita de una categoría minoritaria,55
TK3KVuObrHA,https://www.youtube.com/watch?v=TK3KVuObrHA,'Pedir perdón no le quita la responsabilidad': Denuncian a streamer por expresiones racistas,Latina Noticias,UCpSJ5fGhmAME9Kx2D3ZvN3Q,151.0,targeted_search,insultos racistas discriminación Perú denuncia,5,RACISMO_DISCRIMINACION,consulta explícita de una categoría minoritaria,55
GPXi6Viw29o,https://www.youtube.com/watch?v=GPXi6Viw29o,"Celine Aguirre: Prosecutor's office opens investigation into ""racist comments on a television pro...",Radio Nacional,UCVW7J-lF26d3G3X8i2zmKow,64.0,targeted_search,insultos racistas discriminación Perú denuncia,6,RACISMO_DISCRIMINACION,consulta explícita de una categoría minoritaria,55
WV6HdnaSv1A,https://www.youtube.com/watch?v=WV6HdnaSv1A,Journalist Sofía Carrillo denounces discrimination at Immigration,TVPerú Noticias,UCkZCoc42IipR1ucqJmIehsA,189.0,targeted_search,insultos racistas discriminación Perú denuncia,7,RACISMO_DISCRIMINACION,consulta explícita de una categoría minoritaria,55
orXFL3d6nTE,https://www.youtube.com/watch?v=orXFL3d6nTE,"""Mira tu piel, eres cochina"": mujer denuncia racismo de un cliente y lamenta ""inacción"" de Sodimac",Buenos Días Perú,UCFnOwPrJ-Skrzk_GPNBV5tg,794.0,targeted_search,insultos racistas discriminación Perú denuncia,8,RACISMO_DISCRIMINACION,consulta explícita de una categoría minoritaria,55
U3uZUDxIfj4,https://www.youtube.com/watch?v=U3uZUDxIfj4,🚨 'CRISTORATA' to be investigated for RACIST COMMENTS against SOUTHERN VOTERS | #LR,La República - LR+,UC-B7Xv56uNRDkj0vC3QW8Cg,188.0,targeted_search,insultos racistas discriminación Perú denuncia,9,RACISMO_DISCRIMINACION,consulta explícita de una categoría minoritaria,55
85YKZlRp3tM,https://www.youtube.com/watch?v=85YKZlRp3tM,El peso de la ley: Investigan y denuncian a 'Cristorata' por racismo y discriminación,Latina Noticias,UCpSJ5fGhmAME9Kx2D3ZvN3Q,126.0,targeted_search,insultos racistas discriminación Perú denuncia,10,RACISMO_DISCRIMINACION,consulta explícita de una categoría minoritaria,55
LARTG99VV5I,https://www.youtube.com/watch?v=LARTG99VV5I,"Podemos Perú retira a candidata por expresiones racistas: ""Quispe tenías que ser""",ATV Noticias,UCYG5uXS3xdsoaXIxum1pAEw,297.0,targeted_search,insultos racistas discriminación Perú denuncia,11,RACISMO_DISCRIMINACION,consulta explícita de una categoría minoritaria,55
bhB4Zzw2oPU,https://www.youtube.com/watch?v=bhB4Zzw2oPU,Alejandra Argumedo is accused of racism at the Metropolitano | #LR,La República - LR+,UC-B7Xv56uNRDkj0vC3QW8Cg,130.0,targeted_search,insultos racistas discriminación Perú denuncia,12,RACISMO_DISCRIMINACION,consulta explícita de una categoría minoritaria,55
ECbRnslWgPg,https://www.youtube.com/watch?v=ECbRnslWgPg,Voters from southern regions respond to streamer Cristorata over racist comments | #LR,La República - LR+,UC-B7Xv56uNRDkj0vC3QW8Cg,113.0,targeted_search,insultos racistas discriminación Perú denuncia,13,RACISMO_DISCRIMINACION,consulta explícita de una categoría minoritaria,55
HkQ339MYhuI,https://www.youtube.com/watch?v=HkQ339MYhuI,Informe revela preocupante crecimiento del racismo en Perú #ENCENDIDOSRPP | ENTREVISTA,RPP Noticias,UC5j8-2FT0ZMMBkmK72R4aeA,742.0,targeted_search,insultos racistas discriminación Perú denuncia,14,RACISMO_DISCRIMINACION,consulta explícita de una categoría minoritaria,55
QqFLyivzbVY,https://www.youtube.com/watch?v=QqFLyivzbVY,"Hermana de mujer discriminada por fiscalizador: ""Nos dicen estudia 'burro', anda a tu pueblo""",ATV Noticias,UCYG5uXS3xdsoaXIxum1pAEw,167.0,targeted_search,insultos racistas discriminación Perú denuncia,15,RACISMO_DISCRIMINACION,consulta explícita de una categoría minoritaria,55
HNNEt7zt2Xw,https://www.youtube.com/watch?v=HNNEt7zt2Xw,Mujer que ganó juicio por racismo se solidarizó con Jhoel Herrera,24 Horas,UCsakKsRww3J7pM6DavkrAIQ,161.0,targeted_search,insultos racistas discriminación Perú denuncia,16,RACISMO_DISCRIMINACION,consulta explícita de una categoría minoritaria,55
wKtkIDVVsRI,https://www.youtube.com/watch?v=wKtkIDVVsRI,Miluska Eskenazi denuncia ser víctima de racismo por interpretar a hada en obra teatral,Buenos Días Perú,UCFnOwPrJ-Skrzk_GPNBV5tg,529.0,targeted_search,insultos racistas discriminación Perú denuncia,17,RACISMO_DISCRIMINACION,consulta explícita de una categoría minoritaria,55
ypRGaRqlDpU,https://www.youtube.com/watch?v=ypRGaRqlDpU,Universitario es acusado de racismo por polémico video en TikTok,TVPerú Noticias,UCkZCoc42IipR1ucqJmIehsA,1136.0,targeted_search,insultos racistas discriminación Perú denuncia,18,RACISMO_DISCRIMINACION,consulta explícita de una categoría minoritaria,55
U8gDycAlPHs,https://www.youtube.com/watch?v=U8gDycAlPHs,The Ministry of Culture and Sports (MINC) announces a criminal complaint for racist remarks direc...,TVPerú Noticias,UCkZCoc42IipR1ucqJmIehsA,401.0,targeted_search,insultos racistas discriminación Perú denuncia,19,RACISMO_DISCRIMINACION,consulta explícita de una categoría minoritaria,55
XRsc3fQeT8Q,https://www.youtube.com/watch?v=XRsc3fQeT8Q,ANUNCIAN DENUNCIA POR FRASES RACISTAS CONTRA PASAJEROS EN EL METROPOLITANO,De Interes Nacional Peru,UChEYIkvyR_lMg_8wzE3PM6g,875.0,targeted_search,insultos racistas discriminación Perú denuncia,20,RACISMO_DISCRIMINACION,consulta explícita de una categoría minoritaria,55
gUsvOpm-_r8,https://www.youtube.com/watch?v=gUsvOpm-_r8,Racismo y violencia en Supermercado: Mujer agresora dio su versión de los hechos,Latina Noticias,UCpSJ5fGhmAME9Kx2D3ZvN3Q,165.0,targeted_search,insultos racistas discriminación Perú denuncia,21,RACISMO_DISCRIMINACION,consulta explícita de una categoría minoritaria,55
6NJe-qk7jV0,https://www.youtube.com/watch?v=6NJe-qk7jV0,Insultos racistas de influencer desatan polémica nacional  | SEGMENTO #PurosFactos,RPP Noticias,UC5j8-2FT0ZMMBkmK72R4aeA,833.0,targeted_search,insultos racistas discriminación Perú denuncia,22,RACISMO_DISCRIMINACION,consulta explícita de una categoría minoritaria,55
DuVIST1fkf8,https://www.youtube.com/watch?v=DuVIST1fkf8,"""Negra, arréglate la cara"" y otras frases racistas contra niña quien ahora es denunciada",Buenos Días Perú,UCFnOwPrJ-Skrzk_GPNBV5tg,987.0,targeted_search,insultos racistas discriminación Perú denuncia,23,RACISMO_DISCRIMINACION,consulta explícita de una categoría minoritaria,55
DIxE88CsZv4,https://www.youtube.com/watch?v=DIxE88CsZv4,Jinete peruano denunció acto de discriminación,TVPerú Noticias,UCkZCoc42IipR1ucqJmIehsA,107.0,targeted_search,insultos racistas discriminación Perú denuncia,24,RACISMO_DISCRIMINACION,consulta explícita de una categoría minoritaria,55
Iv1eA1uKYjI,https://www.youtube.com/watch?v=Iv1eA1uKYjI,"Julio Arbizu sobre denuncia de discriminación: ""Mario Bryce ha demostrado tener una entraña racista""",Trome Perú,UChzS9L4GwAe0lRFallqbaGg,285.0,targeted_search,insultos racistas discriminación Perú denuncia,25,RACISMO_DISCRIMINACION,consulta explícita de una categoría minoritaria,55
MHtCbetbjfA,https://www.youtube.com/watch?v=MHtCbetbjfA,🔴🔵Cusco lawyer files complaint against streamer “Cristorata” for racist comments,Exitosa Noticias,UCxgO_rak_BKZP8VNVmYqbWg,479.0,targeted_search,insultos racistas discriminación Perú denuncia,26,RACISMO_DISCRIMINACION,consulta explícita de una categoría minoritaria,55
csIFmf7mkuI,https://www.youtube.com/watch?v=csIFmf7mkuI,"""Quispe tenías que ser"": Candidata de Podemos Perú agredió con expresiones racistas a policías",Latina Noticias,UCpSJ5fGhmAME9Kx2D3ZvN3Q,141.0,targeted_search,insultos racistas discriminación Perú denuncia,27,RACISMO_DISCRIMINACION,consulta explícita de una categoría minoritaria,55
AMfB8uo2wWU,https://www.youtube.com/watch?v=AMfB8uo2wWU,Mujer acusada de racismo niega agresión,24 Horas,UCsakKsRww3J7pM6DavkrAIQ,57.0,targeted_search,insultos racistas discriminación Perú denuncia,28,RACISMO_DISCRIMINACION,consulta explícita de una categoría minoritaria,55
uOZJEHelwX4,https://www.youtube.com/watch?v=uOZJEHelwX4,"With this video, a woman denounces the alleged racist attack by a cardiologist in California.",Primer Impacto,UC9SUMV0oYm0XK9H-c3GmKaQ,115.0,targeted_search,insultos racistas discriminación Perú denuncia,29,RACISMO_DISCRIMINACION,consulta explícita de una categoría minoritaria,55
NXrDtX6bR3U,https://www.youtube.com/watch?v=NXrDtX6bR3U,¡Tú no tienes por qué estar acá!: joven denuncia  discriminación de grupo de vecinas de Miraflores,Buenos Días Perú,UCFnOwPrJ-Skrzk_GPNBV5tg,139.0,targeted_search,insultos racistas discriminación Perú denuncia,30,RACISMO_DISCRIMINACION,consulta explícita de una categoría minoritaria,55
KP29zyvRSvk,https://www.youtube.com/watch?v=KP29zyvRSvk,Ministry of Culture rejects racist remarks by streamer Cristorata and announces action,TVPerú Noticias,UCkZCoc42IipR1ucqJmIehsA,101.0,targeted_search,insultos racistas discriminación Perú denuncia,31,RACISMO_DISCRIMINACION,consulta explícita de una categoría minoritaria,55
qq_1HfyvS3k,https://www.youtube.com/watch?v=qq_1HfyvS3k,¿Qué hacer frente a un caso de discriminación? | Comparte tus derechos,Defensoría del Pueblo Perú,UCZHyNJ9-_r2oofRCIKQv1Fw,116.0,targeted_search,insultos racistas discriminación Perú denuncia,32,RACISMO_DISCRIMINACION,consulta explícita de una categoría minoritaria,55
f6p3P85DeRA,https://www.youtube.com/watch?v=f6p3P85DeRA,Barranco: Obrera de limpieza denuncia que fue víctima de racismo,Wayka,UCQmo59tWId4OHTdl4W320DQ,131.0,targeted_search,insultos racistas discriminación Perú denuncia,33,RACISMO_DISCRIMINACION,consulta explícita de una categoría minoritaria,55
PiURjUnqEvI,https://www.youtube.com/watch?v=PiURjUnqEvI,"🔴 Racismo a flor de piel, agresión racista en el metropolitano",Latina Televisión,UC3rDtLrcgr3JS3_3JOW4BAw,979.0,targeted_search,insultos racistas discriminación Perú denuncia,34,RACISMO_DISCRIMINACION,consulta explícita de una categoría minoritaria,55
QRZToB49iwE,https://www.youtube.com/watch?v=QRZToB49iwE,Miraflores: Young man hurled racist insults at security officers and police after being detained ...,La República - LR+,UC-B7Xv56uNRDkj0vC3QW8Cg,359.0,targeted_search,insultos racistas discriminación Perú denuncia,35,RACISMO_DISCRIMINACION,consulta explícita de una categoría minoritaria,55
YAGwaf30VHs,https://www.youtube.com/watch?v=YAGwaf30VHs,Young food delivery worker reports insults and discrimination | Midday Edition (TODAY),América Noticias,UCPhm2I2wk4vqjENwhn3px8A,204.0,targeted_search,insultos racistas discriminación Perú denuncia,36,RACISMO_DISCRIMINACION,consulta explícita de una categoría minoritaria,55
tX_7weVrcp8,https://www.youtube.com/watch?v=tX_7weVrcp8,MINCUL: “La discriminación se podría castigar con 4 años de pena privativa de la libertad”,RPP Noticias,UC5j8-2FT0ZMMBkmK72R4aeA,579.0,targeted_search,insultos racistas discriminación Perú denuncia,37,RACISMO_DISCRIMINACION,consulta explícita de una categoría minoritaria,55
uCWTs4X-gag,https://www.youtube.com/watch?v=uCWTs4X-gag,Profesora universitaria agrede con comentarios racistas a vendedora,Latina Noticias,UCpSJ5fGhmAME9Kx2D3ZvN3Q,525.0,targeted_search,insultos racistas discriminación Perú denuncia,38,RACISMO_DISCRIMINACION,consulta explícita de una categoría minoritaria,55
7bRi78oMwCQ,https://www.youtube.com/watch?v=7bRi78oMwCQ,El racismo y brutalidad policial también ocurre en Perú... y no causa la misma indignación,Wayka,UCQmo59tWId4OHTdl4W320DQ,267.0,targeted_search,insultos racistas discriminación Perú denuncia,39,RACISMO_DISCRIMINACION,consulta explícita de una categoría minoritaria,55
L1Dk097L_s8,https://www.youtube.com/watch?v=L1Dk097L_s8,Racism in football and in LaLiga: why it's important to denounce the Vinicius case,Diario Público,UCVimQoXNCZuEnZRVAbuYMiw,219.0,targeted_search,insultos racistas discriminación Perú denuncia,40,RACISMO_DISCRIMINACION,consulta explícita de una categoría minoritaria,55
4oXw7AgCcAk,https://www.youtube.com/watch?v=4oXw7AgCcAk,Elena Viza aún no cuenta con una denuncia formal por discriminación,TV MUNDO AREQUIPA,UCQH-6sv6ovHg4Nx-niZ_C1g,189.0,targeted_search,insultos racistas discriminación Perú denuncia,41,RACISMO_DISCRIMINACION,consulta explícita de una categoría minoritaria,55
uGywgbthWUg,https://www.youtube.com/watch?v=uGywgbthWUg,Banco se pronuncia por acto de discriminación en local de Miraflores,24 Horas,UCsakKsRww3J7pM6DavkrAIQ,44.0,targeted_search,insultos racistas discriminación Perú denuncia,42,RACISMO_DISCRIMINACION,consulta explícita de una categoría minoritaria,55
3oz9A600i_k,https://www.youtube.com/watch?v=3oz9A600i_k,"ANÁLISIS DEL RACISMO EN EL PERÚ, EN EL DÍA INTERNACIONAL DE LA ELIMINACIÓN DE LA DISCRIMINACIÓN",Jurado Nacional de Elecciones,UCuiHAQYUu2HKkGR7sE_nLVw,936.0,targeted_search,insultos racistas discriminación Perú denuncia,43,RACISMO_DISCRIMINACION,consulta explícita de una categoría minoritaria,55
Xf6OEgLbKLs,https://www.youtube.com/watch?v=Xf6OEgLbKLs,Denuncian por racismo a ciudadano chileno en Brasil,Wayka,UCQmo59tWId4OHTdl4W320DQ,186.0,targeted_search,insultos racistas discriminación Perú denuncia,44,RACISMO_DISCRIMINACION,consulta explícita de una categoría minoritaria,55
1-7RQ4OqBUA,https://www.youtube.com/watch?v=1-7RQ4OqBUA,Video viral: pasajera se enoja y lanza insultos racistas a cobrador de combi,Buenos Días Perú,UCFnOwPrJ-Skrzk_GPNBV5tg,713.0,targeted_search,insultos racistas discriminación Perú denuncia,45,RACISMO_DISCRIMINACION,consulta explícita de una categoría minoritaria,55
_UaTgqBlni8,https://www.youtube.com/watch?v=_UaTgqBlni8,Barranco: mujer denuncia supuesto trato racista en conocida tienda de útiles escolares,Buenos Días Perú,UCFnOwPrJ-Skrzk_GPNBV5tg,168.0,targeted_search,insultos racistas discriminación Perú denuncia,46,RACISMO_DISCRIMINACION,consulta explícita de una categoría minoritaria,55
IsBlPvouPnY,https://www.youtube.com/watch?v=IsBlPvouPnY,La ONU denuncia los insultos racistas contra Vinicius | AFP,AFP Español,UCY8d83kIW6sK4au73qeZZTw,75.0,targeted_search,insultos racistas discriminación Perú denuncia,47,RACISMO_DISCRIMINACION,consulta explícita de una categoría minoritaria,55
8kHgQ967-vs,https://www.youtube.com/watch?v=8kHgQ967-vs,Acoso escolar y xenofobia,La República - LR+,UC-B7Xv56uNRDkj0vC3QW8Cg,139.0,targeted_search,insultos racistas discriminación Perú denuncia,48,RACISMO_DISCRIMINACION,consulta explícita de una categoría minoritaria,55
b2t-7XTC6r8,https://www.youtube.com/watch?v=b2t-7XTC6r8,"""Hija de policía"" lanza insultos racistas y agrede a suboficial de la PNP",ATV Noticias,UCYG5uXS3xdsoaXIxum1pAEw,437.0,targeted_search,insultos racistas discriminación Perú denuncia,49,RACISMO_DISCRIMINACION,consulta explícita de una categoría minoritaria,55
EN-8KFZe9lQ,https://www.youtube.com/watch?v=EN-8KFZe9lQ,Facebook: sujeto insultó y agredió a cajera de supermercado en San Isidro,América Televisión,UCGGry4kGWZUqIfG6LLNhOmg,382.0,targeted_search,insultos racistas discriminación Perú denuncia,50,RACISMO_DISCRIMINACION,consulta explícita de una categoría minoritaria,55
fGgo-HS-AVA,https://www.youtube.com/watch?v=fGgo-HS-AVA,Racismo en Perú: un problema nacional de cada día | Punto Final,Latina Noticias,UCpSJ5fGhmAME9Kx2D3ZvN3Q,741.0,targeted_search,insultos racistas discriminación Perú denuncia,51,RACISMO_DISCRIMINACION,consulta explícita de una categoría minoritaria,55
LYOCJke7Mnk,https://www.youtube.com/watch?v=LYOCJke7Mnk,Detienen a candidata al Parlamento Andino por presunta agresión a dos policías en Cusco #DESPACHORPP,RPP Noticias,UC5j8-2FT0ZMMBkmK72R4aeA,145.0,targeted_search,insultos racistas discriminación Perú denuncia,52,RACISMO_DISCRIMINACION,consulta explícita de una categoría minoritaria,55
UD943rAtcO8,https://www.youtube.com/watch?v=UD943rAtcO8,Racism alert: Abuse and assault are on the rise among children and young people.,Latina Televisión,UC3rDtLrcgr3JS3_3JOW4BAw,164.0,targeted_search,insultos racistas discriminación Perú denuncia,53,RACISMO_DISCRIMINACION,consulta explícita de una categoría minoritaria,55
RbCRCfdgjsA,https://www.youtube.com/watch?v=RbCRCfdgjsA,🔴🔵 The Ministry of Culture and Sports (MINC) files a complaint against a woman who hurled racist ...,Exitosa Noticias,UCxgO_rak_BKZP8VNVmYqbWg,188.0,targeted_search,insultos racistas discriminación Perú denuncia,54,RACISMO_DISCRIMINACION,consulta explícita de una categoría minoritaria,55
Dul46A3JVIs,https://www.youtube.com/watch?v=Dul46A3JVIs,Familias viven atemorizadas por vecinos racistas y agresivos,Buenos Días Perú,UCFnOwPrJ-Skrzk_GPNBV5tg,1316.0,targeted_search,insultos racistas discriminación Perú denuncia,55,RACISMO_DISCRIMINACION,consulta explícita de una categoría minoritaria,55
fjMfQkqQ9SU,https://www.youtube.com/watch?v=fjMfQkqQ9SU,¿Quién es Don Sicario?: piden investigar amenazas a Alva | LR+ Noticias,La República - LR+,UC-B7Xv56uNRDkj0vC3QW8Cg,1075.0,targeted_search,sicarios amenazan periodista Perú,1,AMENAZA_DIRECTA,consulta explícita de una categoría minoritaria,55
cGd740iw4AM,https://www.youtube.com/watch?v=cGd740iw4AM,"Colonel Víctor Revoredo responds to Wanda's threats: ""Either you straighten up or prison awaits you""",ATV Noticias,UCYG5uXS3xdsoaXIxum1pAEw,419.0,targeted_search,sicarios amenazan periodista Perú,2,AMENAZA_DIRECTA,consulta explícita de una categoría minoritaria,55
hnBE4yA7sdk,https://www.youtube.com/watch?v=hnBE4yA7sdk,"Liberan a primer sospechoso de asesinar a periodista en Ica: ""Ha sido amenazado muchas veces""",Latina Noticias,UCpSJ5fGhmAME9Kx2D3ZvN3Q,571.0,targeted_search,sicarios amenazan periodista Perú,3,AMENAZA_DIRECTA,consulta explícita de una categoría minoritaria,55
9ZCeVBLFuE0,https://www.youtube.com/watch?v=9ZCeVBLFuE0,🚨 Hitmen record a video and threaten transporters with extortion payments | DNews,DNews,UC4dWvSKVWJ36tJyhjDQCCaQ,921.0,targeted_search,sicarios amenazan periodista Perú,4,AMENAZA_DIRECTA,consulta explícita de una categoría minoritaria,55
YYLNhlUkARs,https://www.youtube.com/watch?v=YYLNhlUkARs,"🔴🔵 Coronel Revoredo responde a amenazas de Wanda del Valle, expareja de 'Maldito Cris'",Exitosa Noticias,UCxgO_rak_BKZP8VNVmYqbWg,755.0,targeted_search,sicarios amenazan periodista Perú,5,AMENAZA_DIRECTA,consulta explícita de una categoría minoritaria,55
CBmVuDNTiV4,https://www.youtube.com/watch?v=CBmVuDNTiV4,Iquitos: sicarios asesinan a balazos a periodista radial cuando se trasladaba en motocarro,Buenos Días Perú,UCFnOwPrJ-Skrzk_GPNBV5tg,258.0,targeted_search,sicarios amenazan periodista Perú,6,AMENAZA_DIRECTA,consulta explícita de una categoría minoritaria,55
47yYE2-8ZgQ,https://www.youtube.com/watch?v=47yYE2-8ZgQ,Congresista peruano comenta alerta por escape de sicario del Tren de Aragua a Chile,CNN Chile,UCpOAcjJNAp0Y0fhznRrXIJQ,428.0,targeted_search,sicarios amenazan periodista Perú,7,AMENAZA_DIRECTA,consulta explícita de una categoría minoritaria,55
FhQZ8StBfak,https://www.youtube.com/watch?v=FhQZ8StBfak,"Audio revela amenazas de alias ""Aguacate""",Telefuturo - Prensa ,UC05nHifnRWxoJkzgAP-sffg,238.0,targeted_search,sicarios amenazan periodista Perú,8,AMENAZA_DIRECTA,consulta explícita de una categoría minoritaria,55
-e2h546eMLk,https://www.youtube.com/watch?v=-e2h546eMLk,Sicario mató a balazos a un periodista,SNT Paraguay,UC8NNg2qEuMQIXlqPS-eu_ig,1278.0,targeted_search,sicarios amenazan periodista Perú,9,AMENAZA_DIRECTA,consulta explícita de una categoría minoritaria,55
9wiUfY9QrTA,https://www.youtube.com/watch?v=9wiUfY9QrTA,"🚨 Los NARCOS de Rosario AMENAZARON A NAHUEL SUÁREZ, parte del equipo de América y A24",A24com,UCR9120YBAqMfntqgRTKmkjQ,417.0,targeted_search,sicarios amenazan periodista Perú,10,AMENAZA_DIRECTA,consulta explícita de una categoría minoritaria,55
dEqnFkYVLg8,https://www.youtube.com/watch?v=dEqnFkYVLg8,"""Vamos a matar a periodistas"", amenaza narco en la puerta de un canal de Rosario",Telenueve,UC2Q91pxDF0BPf0eK44pgYMw,227.0,targeted_search,sicarios amenazan periodista Perú,11,AMENAZA_DIRECTA,consulta explícita de una categoría minoritaria,55
I9GZYrHBkhI,https://www.youtube.com/watch?v=I9GZYrHBkhI,Duque y otros sectores del país rechazan amenazas de muerte contra periodistas | Noticias Caracol,Noticias Caracol,UC2Xq2PK-got3Rtz9ZJ32hLQ,236.0,targeted_search,sicarios amenazan periodista Perú,12,AMENAZA_DIRECTA,consulta explícita de una categoría minoritaria,55
nhQdch1R3w0,https://www.youtube.com/watch?v=nhQdch1R3w0,Periodistas amenazados piden apoyo,MILENIO,UCFxHplbcoJK9m70c4VyTIxg,312.0,targeted_search,sicarios amenazan periodista Perú,13,AMENAZA_DIRECTA,consulta explícita de una categoría minoritaria,55
ztOzhLajR4k,https://www.youtube.com/watch?v=ztOzhLajR4k,Diario paraguayo “ABC Color” denuncia amenazas por caso de homicidio del periodista Pablo Medina,NTN24,UCEJs1fTF3KszRJGxJY14VrA,95.0,targeted_search,sicarios amenazan periodista Perú,14,AMENAZA_DIRECTA,consulta explícita de una categoría minoritaria,55
k8SwPqcM13s,https://www.youtube.com/watch?v=k8SwPqcM13s,Alerta Roja: Sicariato amenaza a colegios de San Juan de Lurigancho,ATV,UCFDR6UGjEblEnrK3vp6VlPw,855.0,targeted_search,sicarios amenazan periodista Perú,15,AMENAZA_DIRECTA,consulta explícita de una categoría minoritaria,55
lBWgLbigk28,https://www.youtube.com/watch?v=lBWgLbigk28,#MÉXICO | Las AMENAZAS contra los PERIODISTAS crecen,EL PAÍS,UCnsvJeZO4RigQ898WdDNoBw,271.0,targeted_search,sicarios amenazan periodista Perú,16,AMENAZA_DIRECTA,consulta explícita de una categoría minoritaria,55
Dx7NJ9s0H4c,https://www.youtube.com/watch?v=Dx7NJ9s0H4c,"Cae alias 'El Barbas', sicario del 'Tren de Aragua': ""En Perú se ocultaba como un modesto barbero""",Latina Noticias,UCpSJ5fGhmAME9Kx2D3ZvN3Q,649.0,targeted_search,sicarios amenazan periodista Perú,17,AMENAZA_DIRECTA,consulta explícita de una categoría minoritaria,55
yCj4kbRUxVw,https://www.youtube.com/watch?v=yCj4kbRUxVw,Yurimaguas: Periodista denuncia robo y amenazas,enlacenacional,UC_Zpz_cv69p4oL0hDEJz4IA,58.0,targeted_search,sicarios amenazan periodista Perú,18,AMENAZA_DIRECTA,consulta explícita de una categoría minoritaria,55
OdXPCyDIzdY,https://www.youtube.com/watch?v=OdXPCyDIzdY,Emprendedor no paga cupo y sicarios le balean su casa mientras dormía,ATV Noticias,UCYG5uXS3xdsoaXIxum1pAEw,162.0,targeted_search,sicarios amenazan periodista Perú,19,AMENAZA_DIRECTA,consulta explícita de una categoría minoritaria,55
rPAZQVE2Vos,https://www.youtube.com/watch?v=rPAZQVE2Vos,Public transport drivers and passengers victims of hitmen,Panorama,UCBiq92lt_ufNO-ktZigVXgg,897.0,targeted_search,sicarios amenazan periodista Perú,20,AMENAZA_DIRECTA,consulta explícita de una categoría minoritaria,55
r_qHGVD2FWo,https://www.youtube.com/watch?v=r_qHGVD2FWo,🚨Crimen de Máximo Jerez: el apriete en vivo al equipo de A24,A24com,UCR9120YBAqMfntqgRTKmkjQ,161.0,targeted_search,sicarios amenazan periodista Perú,21,AMENAZA_DIRECTA,consulta explícita de una categoría minoritaria,55
UiYW20_qWbQ,https://www.youtube.com/watch?v=UiYW20_qWbQ,Así amenazan las mafias de prostitución a trabajadoras sexuales,Latina Noticias,UCpSJ5fGhmAME9Kx2D3ZvN3Q,103.0,targeted_search,sicarios amenazan periodista Perú,22,AMENAZA_DIRECTA,consulta explícita de una categoría minoritaria,55
mZdH8uhQhg4,https://www.youtube.com/watch?v=mZdH8uhQhg4,🔴  Asesinato de periodista Fernando Núñez: ANP exige justicia y protección a la prensa,anp_radio1928,UCgfRKWIfuFVbpRoTjGYHOQQ,2094.0,targeted_search,sicarios amenazan periodista Perú,23,AMENAZA_DIRECTA,consulta explícita de una categoría minoritaria,55
B8HSp41auYw,https://www.youtube.com/watch?v=B8HSp41auYw,Comerciante de autos sobrevivió a un ataque armado: el sicario no tuvo puntería y se quedó sin balas,Noticias Caracol,UC2Xq2PK-got3Rtz9ZJ32hLQ,100.0,targeted_search,sicarios amenazan periodista Perú,24,AMENAZA_DIRECTA,consulta explícita de una categoría minoritaria,55
aw8YfgokKpU,https://www.youtube.com/watch?v=aw8YfgokKpU,🔴 INFORME ESPECIAL DE #GPS: HABLA UN SICARIO Parte 2 I A24,A24com,UCR9120YBAqMfntqgRTKmkjQ,1335.0,targeted_search,sicarios amenazan periodista Perú,25,AMENAZA_DIRECTA,consulta explícita de una categoría minoritaria,55
E5vSCBrRHyc,https://www.youtube.com/watch?v=E5vSCBrRHyc,Hombres armados rapan a mujer por tocarles el claxon para que movieran su carro,El Universal,UC2SEk1w7DgoHs_G3w1biz-w,92.0,targeted_search,sicarios amenazan periodista Perú,26,AMENAZA_DIRECTA,consulta explícita de una categoría minoritaria,55
rbJECmFcZLM,https://www.youtube.com/watch?v=rbJECmFcZLM,Sicarios implicados en el asesinato de familia en San Miguel no se arrepienten,Latina Noticias,UCpSJ5fGhmAME9Kx2D3ZvN3Q,34.0,targeted_search,sicarios amenazan periodista Perú,27,AMENAZA_DIRECTA,consulta explícita de una categoría minoritaria,55
rVV1yc33GLg,https://www.youtube.com/watch?v=rVV1yc33GLg,Wanda Del Valle mandó a 8 sicarios al Perú para matar al coronel Revoredo,Buenos Días Perú,UCFnOwPrJ-Skrzk_GPNBV5tg,862.0,targeted_search,sicarios amenazan periodista Perú,28,AMENAZA_DIRECTA,consulta explícita de una categoría minoritaria,55
oXhFR8oiu9k,https://www.youtube.com/watch?v=oXhFR8oiu9k,Sicarios asesinan de 13 balazos a menor de 17 años en Manchay (1/2),Buenos Días Perú,UCFnOwPrJ-Skrzk_GPNBV5tg,247.0,targeted_search,sicarios amenazan periodista Perú,29,AMENAZA_DIRECTA,consulta explícita de una categoría minoritaria,55
oZ074afz4Ng,https://www.youtube.com/watch?v=oZ074afz4Ng,"Coronel Revoredo no teme a la banda criminal ""Los Pulpos"" que ofrece dinero por su cabeza",ATV Noticias,UCYG5uXS3xdsoaXIxum1pAEw,407.0,targeted_search,sicarios amenazan periodista Perú,30,AMENAZA_DIRECTA,consulta explícita de una categoría minoritaria,55
1mWluHVDA0I,https://www.youtube.com/watch?v=1mWluHVDA0I,Cuarto Poder - América Noticias amenazan a periodistas de esta casa televisiva - 18-10-2015,follow peru,UCCwOL2875hSUSva8hfbzEFQ,374.0,targeted_search,sicarios amenazan periodista Perú,31,AMENAZA_DIRECTA,consulta explícita de una categoría minoritaria,55
KiiV90ZGXNY,https://www.youtube.com/watch?v=KiiV90ZGXNY,CÁMARAS captaron el asesinato A PLENA LUZ DEL DÍA a cobrador de cupos de MOTOTAXISTAS en SJL | #LR,La República - LR+,UC-B7Xv56uNRDkj0vC3QW8Cg,142.0,targeted_search,sicarios amenazan periodista Perú,32,AMENAZA_DIRECTA,consulta explícita de una categoría minoritaria,55
N7SyypRuATg,https://www.youtube.com/watch?v=N7SyypRuATg,Peruanos y venezolanos en guerra por paradero de mototaxistas,ATV Noticias,UCYG5uXS3xdsoaXIxum1pAEw,160.0,targeted_search,sicarios amenazan periodista Perú,33,AMENAZA_DIRECTA,consulta explícita de una categoría minoritaria,55
yLFMwTWm6sY,https://www.youtube.com/watch?v=yLFMwTWm6sY,Al Día con Willax - ENE 30 - SICARIOS ASESINAN A MOTOTAXISTA TRAS RECIBIR AMENAZAS | Willax,Willax Televisión,UCort3mldTtMErPqprSlSfng,264.0,targeted_search,sicarios amenazan periodista Perú,34,AMENAZA_DIRECTA,consulta explícita de una categoría minoritaria,55
-djuw00JitU,https://www.youtube.com/watch?v=-djuw00JitU,🔴🔵Yaranga assures that the young man captured with information to kill him is not a hitman.,Exitosa Noticias,UCxgO_rak_BKZP8VNVmYqbWg,691.0,targeted_search,sicarios amenazan periodista Perú,35,AMENAZA_DIRECTA,consulta explícita de una categoría minoritaria,55
_WA6S8SNb0E,https://www.youtube.com/watch?v=_WA6S8SNb0E,Periodista asesinada en la puerta de la radio | Al Rojo Vivo | Telemundo,Al Rojo Vivo,UCDUxOvbwu1bnyD7AucP0ESw,55.0,targeted_search,sicarios amenazan periodista Perú,36,AMENAZA_DIRECTA,consulta explícita de una categoría minoritaria,55
3IJ8PDtcZfE,https://www.youtube.com/watch?v=3IJ8PDtcZfE,Delincuentes asaltan a pareja de periodistas en Los Olivos,TVPerú Noticias,UCkZCoc42IipR1ucqJmIehsA,118.0,targeted_search,sicarios amenazan periodista Perú,37,AMENAZA_DIRECTA,consulta explícita de una categoría minoritaria,55
7APE3tqg5mw,https://www.youtube.com/watch?v=7APE3tqg5mw,"“Ahora me la compras a huevo”, ambulante amenaza con golpear a conductor por no comprar su producto",El Universal,UC2SEk1w7DgoHs_G3w1biz-w,138.0,targeted_search,sicarios amenazan periodista Perú,38,AMENAZA_DIRECTA,consulta explícita de una categoría minoritaria,55
EIF79GmKW9s,https://www.youtube.com/watch?v=EIF79GmKW9s,Una banda de delincuentes graba un video y amenaza a la Policía,América TV,UC6NVDkuzY2exMOVFw4i9oHw,120.0,targeted_search,sicarios amenazan periodista Perú,39,AMENAZA_DIRECTA,consulta explícita de una categoría minoritaria,55
-byArF8Yti4,https://www.youtube.com/watch?v=-byArF8Yti4,Were there threats? Ecuadorian journalist floats theory after loss to Mexico,La Afición,UCQV75Y4h6MUrjPeHBM22csA,109.0,targeted_search,sicarios amenazan periodista Perú,40,AMENAZA_DIRECTA,consulta explícita de una categoría minoritaria,55
yrbW5WwWBnE,https://www.youtube.com/watch?v=yrbW5WwWBnE,"Popeye, ex sicario de Pablo Escobar, opina sobre Caracol",Latina Noticias,UCpSJ5fGhmAME9Kx2D3ZvN3Q,241.0,targeted_search,sicarios amenazan periodista Perú,41,AMENAZA_DIRECTA,consulta explícita de una categoría minoritaria,55
WrreZ7eMBLQ,https://www.youtube.com/watch?v=WrreZ7eMBLQ,Video del asesinato de Ezequiel Rodríguez en el Carulla de la 116 | El Tiempo,EL TIEMPO,UCe5-b0fCK3eQCpwS6MT0aNw,111.0,targeted_search,sicarios amenazan periodista Perú,43,AMENAZA_DIRECTA,consulta explícita de una categoría minoritaria,55
QLFffAsynwk,https://www.youtube.com/watch?v=QLFffAsynwk,Vargas revela modus operandi del 'Loco Joe': usa nombres de otras bandas criminales para extorsionar,Buenos Días Perú,UCFnOwPrJ-Skrzk_GPNBV5tg,667.0,targeted_search,sicarios amenazan periodista Perú,44,AMENAZA_DIRECTA,consulta explícita de una categoría minoritaria,55
RkAzAayCDx4,https://www.youtube.com/watch?v=RkAzAayCDx4,🔴🔵Chincha: Regrettable! Journalist assaulted and murdered by criminals on a motorcycle,Exitosa Noticias,UCxgO_rak_BKZP8VNVmYqbWg,289.0,targeted_search,sicarios amenazan periodista Perú,46,AMENAZA_DIRECTA,consulta explícita de una categoría minoritaria,55
Sg5qCl82MGQ,https://www.youtube.com/watch?v=Sg5qCl82MGQ,"Investigadores, analistas políticos y periodistas habrían sido amenazados por el funcionario",Canal Capital,UCeSx6aU8UGIIHxGCQPbYY_A,149.0,targeted_search,sicarios amenazan periodista Perú,47,AMENAZA_DIRECTA,consulta explícita de una categoría minoritaria,55
I4-AEKo_PGU,https://www.youtube.com/watch?v=I4-AEKo_PGU,Niño con enfermedad pide ayuda a El Mencho | Al Rojo Vivo,Al Rojo Vivo,UCDUxOvbwu1bnyD7AucP0ESw,63.0,targeted_search,sicarios amenazan periodista Perú,48,AMENAZA_DIRECTA,consulta explícita de una categoría minoritaria,55
LF9VNIxbk-A,https://www.youtube.com/watch?v=LF9VNIxbk-A,Abandonan Ecuador periodistas amenazados de muerte #DNEWS,DNews,UC4dWvSKVWJ36tJyhjDQCCaQ,598.0,targeted_search,sicarios amenazan periodista Perú,49,AMENAZA_DIRECTA,consulta explícita de una categoría minoritaria,55
P8glyaE0AK0,https://www.youtube.com/watch?v=P8glyaE0AK0,"Rodriguez Granthon, una banda con tres caras: narcotráfico, violencia y lavado",eltresTV,UCW1sJwBOGgPhSPXJ-6pjF6w,1120.0,targeted_search,sicarios amenazan periodista Perú,50,AMENAZA_DIRECTA,consulta explícita de una categoría minoritaria,55
evf-E4yJ_ao,https://www.youtube.com/watch?v=evf-E4yJ_ao,Amenaza en campaña: el crimen llega a las elecciones municipales,Panorama,UCBiq92lt_ufNO-ktZigVXgg,1002.0,targeted_search,sicarios amenazan periodista Perú,51,AMENAZA_DIRECTA,consulta explícita de una categoría minoritaria,55
eoCdSMZkaxU,https://www.youtube.com/watch?v=eoCdSMZkaxU,El insulto al Mencho que le costó la vida al 'Pirata de Culiacán',MILENIO,UCFxHplbcoJK9m70c4VyTIxg,124.0,targeted_search,sicarios amenazan periodista Perú,52,AMENAZA_DIRECTA,consulta explícita de una categoría minoritaria,55
JshoCQo4U9g,https://www.youtube.com/watch?v=JshoCQo4U9g,¿Triple asesinato en Huaycán fue una venganza entre vecinos?,Latina Noticias,UCpSJ5fGhmAME9Kx2D3ZvN3Q,142.0,targeted_search,sicarios amenazan periodista Perú,53,AMENAZA_DIRECTA,consulta explícita de una categoría minoritaria,55
i408iiWepQ0,https://www.youtube.com/watch?v=i408iiWepQ0,"Así operaba el imperio criminal de alias 'Chili': Asesinatos, secuestros y extorsión en la selva",Latina Noticias,UCpSJ5fGhmAME9Kx2D3ZvN3Q,1344.0,targeted_search,sicarios amenazan periodista Perú,54,AMENAZA_DIRECTA,consulta explícita de una categoría minoritaria,55
qaTy5LqBzJ8,https://www.youtube.com/watch?v=qaTy5LqBzJ8,🚨TOTAL SEARCH AT PIEDRAS GORDAS PRISON! INMATE THREATENS JOURNALIST IN PERU'S MOST DANGEROUS PRISON,Perú En La Mira,UC9N-b_gqPjDiqWyMVezVIXg,516.0,targeted_search,sicarios amenazan periodista Perú,55,AMENAZA_DIRECTA,consulta explícita de una categoría minoritaria,55
fhCqSwgQjI8,https://www.youtube.com/watch?v=fhCqSwgQjI8,"""Te voy a matar"": Un hombre agredió brutalmente a su pareja con un palo en Ate",RPP Noticias,UC5j8-2FT0ZMMBkmK72R4aeA,178.0,targeted_search,te voy a matar denuncia Perú,1,AMENAZA_DIRECTA,consulta explícita de una categoría minoritaria,55
T2hFz8Z3LmQ,https://www.youtube.com/watch?v=T2hFz8Z3LmQ,"""I'M GOING TO KILL MYSELF WITH THIS,"" ALEJANDRO TOLEDO VERBALLY THREATENED",Voz Projimo,UCoYWUrM40ZqUur_xcb2bZVw,21.0,targeted_search,te voy a matar denuncia Perú,2,AMENAZA_DIRECTA,consulta explícita de una categoría minoritaria,55
0gZaIyxBANk,https://www.youtube.com/watch?v=0gZaIyxBANk,"ATAQUE RASTA OTRA VEZ LLEGUE A MATAR LOS ENVIDIOSOS,DJ EL CUERVO, REGGAETON PERUANO,mover yal",DJ EL CUERVO,UC1FFD-TRhncVM2-uhviV_xg,274.0,targeted_search,te voy a matar denuncia Perú,4,AMENAZA_DIRECTA,consulta explícita de una categoría minoritaria,55
iDHUBY-MOL4,https://www.youtube.com/watch?v=iDHUBY-MOL4,Un dia te wa lapear con mi gampi 😡 dejate e huevadas.,RANDOM VIDEOS,UCr6tZxGWGQetM2Hoiu9iOIQ,20.0,targeted_search,te voy a matar denuncia Perú,5,AMENAZA_DIRECTA,consulta explícita de una categoría minoritaria,55
yUSKZEcq958,https://www.youtube.com/watch?v=yUSKZEcq958,"Mujer denuncia brutal agresión de su vecino por disputa de cochera: “Me dijo ‘te voy a matar’""",Buenos Días Perú,UCFnOwPrJ-Skrzk_GPNBV5tg,255.0,targeted_search,te voy a matar denuncia Perú,6,AMENAZA_DIRECTA,consulta explícita de una categoría minoritaria,55
tpGh9PR6QcQ,https://www.youtube.com/watch?v=tpGh9PR6QcQ,Military officer puts traffic cop in his place after he disrespects him,OkPerú,UCdkw24RWDiKsy0Y9Z1Ut2ww,228.0,targeted_search,te voy a matar denuncia Perú,8,AMENAZA_DIRECTA,consulta explícita de una categoría minoritaria,55
WtyJeRbUHs0,https://www.youtube.com/watch?v=WtyJeRbUHs0,"LA TRAVIESA - ATAQUE RASTA DJ EL CUERVO ""Video oficial"" Reggaeton Peruano p°2001",DJ EL CUERVO,UC1FFD-TRhncVM2-uhviV_xg,235.0,targeted_search,te voy a matar denuncia Perú,9,AMENAZA_DIRECTA,consulta explícita de una categoría minoritaria,55
RYBSJdUHDUo,https://www.youtube.com/watch?v=RYBSJdUHDUo,"Denuncia contra Dennis Falvy. Prepotencia ""no negociable"". 1",eljusticio,UCkDZOthP55TUjDjreJ8qeDw,428.0,targeted_search,te voy a matar denuncia Perú,10,AMENAZA_DIRECTA,consulta explícita de una categoría minoritaria,55
E9l11PsuHCw,https://www.youtube.com/watch?v=E9l11PsuHCw,You're not going to be called Goku...,Zeta Mundo,UCFmwnAlSCs5Y7H08_0SG1Qg,14.0,targeted_search,te voy a matar denuncia Perú,12,AMENAZA_DIRECTA,consulta explícita de una categoría minoritaria,55
Y87UfKri2zw,https://www.youtube.com/watch?v=Y87UfKri2zw,MIX RECUERDOS # 5 - LOS  REBELDES DE LA CUMBIA ( EN VIVO ),MIGUELITO PERÚ,UC6d5KT7WoGxIYHekEKBzsxw,758.0,targeted_search,te voy a matar denuncia Perú,13,AMENAZA_DIRECTA,consulta explícita de una categoría minoritaria,55
I17zqyGbAlU,https://www.youtube.com/watch?v=I17zqyGbAlU,El Director PC golpea a Cartman - South Park Clips Latino,Usuario Promedio,UCHoJnjIg1tP2J_V5D8JBAiA,95.0,targeted_search,te voy a matar denuncia Perú,14,AMENAZA_DIRECTA,consulta explícita de una categoría minoritaria,55
XEO99obrmAs,https://www.youtube.com/watch?v=XEO99obrmAs,LOS INSERVIBLES EN EL JUICIO 🗣,El Canolexx,UCRSBn-sRqIjE1VUOwk_V4GQ,512.0,targeted_search,te voy a matar denuncia Perú,15,AMENAZA_DIRECTA,consulta explícita de una categoría minoritaria,55
J1sZOWuSqGs,https://www.youtube.com/watch?v=J1sZOWuSqGs,Pelo habla - No tocar [Audio español],Sr Pelo,UCt-GOpCw4dOBlIyqL9A1ztA,320.0,targeted_search,te voy a matar denuncia Perú,19,AMENAZA_DIRECTA,consulta explícita de una categoría minoritaria,55
55E4IyDVHzQ,https://www.youtube.com/watch?v=55E4IyDVHzQ,"Defamation, Slander, Libel: Crimes Against Honor. How to File a Complaint. #italcorp",Italcorp,UCy3ZPoqXrSMZVnkDE_jHy0A,342.0,targeted_search,te voy a matar denuncia Perú,22,AMENAZA_DIRECTA,consulta explícita de una categoría minoritaria,55
fx8tGunSflw,https://www.youtube.com/watch?v=fx8tGunSflw,a delante matame pero a golpes por que con pistola yo tambien puedo😎 (Video Oficial),Ulises Ovejero,UCE2IOjqQqGOBROxYRrPotxQ,19.0,targeted_search,te voy a matar denuncia Perú,24,AMENAZA_DIRECTA,consulta explícita de una categoría minoritaria,55
wWPOFuapxuo,https://www.youtube.com/watch?v=wWPOFuapxuo,MIX HOY QUIERO OLVIDARME DE TI  -  JORGE  ESQUIVES Y  ORQUESTA EN VIVO  (. CHICLAYO ),GRABACIONES MIGUELITO,UCG-ony8A9CgFq6uDChp4yNA,640.0,targeted_search,te voy a matar denuncia Perú,25,AMENAZA_DIRECTA,consulta explícita de una categoría minoritaria,55
X-jmz_3FPlw,https://www.youtube.com/watch?v=X-jmz_3FPlw,5 Cosas Que Debes Hacer Si Te Han Denunciado 👮,TRAMITEX Abogados de Extranjería,UCm7rsFxGJsNV-99aNF_fFMQ,1043.0,targeted_search,te voy a matar denuncia Perú,26,AMENAZA_DIRECTA,consulta explícita de una categoría minoritaria,55
wB1oysYBPas,https://www.youtube.com/watch?v=wB1oysYBPas,"Viejo estúpido, Caso Cerrado.ZIP | Caso Cerrado | Telemundo",Caso Cerrado,UCGbofRROopWrumVob5w61OA,470.0,targeted_search,te voy a matar denuncia Perú,27,AMENAZA_DIRECTA,consulta explícita de una categoría minoritaria,55
FXHhQn43agA,https://www.youtube.com/watch?v=FXHhQn43agA,Man lived with a 9-year-old girl,Noti7,UCVpSRoZgngfSL03Nlbjtq9A,263.0,targeted_search,te voy a matar denuncia Perú,28,AMENAZA_DIRECTA,consulta explícita de una categoría minoritaria,55
1mXm8h9L3Fs,https://www.youtube.com/watch?v=1mXm8h9L3Fs,EL HISTORIAL DE CORRUPCIÓN DE KEIKO FUJIMORI,Causa Liberal,UCll0HV6_bI0X7Us5OR-C5gA,1077.0,targeted_search,te voy a matar denuncia Perú,29,AMENAZA_DIRECTA,consulta explícita de una categoría minoritaria,55
K9WrU_WHfKU,https://www.youtube.com/watch?v=K9WrU_WHfKU,CÓMO ACTUAR EN CASO DE DIFAMACIÓN. EL DERECHO AL HONOR,Álvaro Navarro Abogado,UCknyABjdbf5eQdzp0FKVt5g,360.0,targeted_search,te voy a matar denuncia Perú,30,AMENAZA_DIRECTA,consulta explícita de una categoría minoritaria,55
Y-GU40NxGEs,https://www.youtube.com/watch?v=Y-GU40NxGEs,Víctimas de la 'estafa del amor': 'Extranjeros' que les roban el corazón y su dinero,Latina Noticias,UCpSJ5fGhmAME9Kx2D3ZvN3Q,690.0,targeted_search,te voy a matar denuncia Perú,34,AMENAZA_DIRECTA,consulta explícita de una categoría minoritaria,55
NiVo0qzy8qU,https://www.youtube.com/watch?v=NiVo0qzy8qU,Un oficial de policía se defendió a escopetazos de motochorros en Tucumán,Todo Noticias,UCj6PcyLvpnIRT_2W_mwa9Aw,216.0,targeted_search,te voy a matar denuncia Perú,35,AMENAZA_DIRECTA,consulta explícita de una categoría minoritaria,55
q2oG0dnIMuc,https://www.youtube.com/watch?v=q2oG0dnIMuc,CHILA JATUN - Justicia para Vivir (Video Clip Oficial) HD,CHILA JATUN,UC7xTtUKnihDbCi-IhqxE1lw,159.0,targeted_search,te voy a matar denuncia Perú,36,AMENAZA_DIRECTA,consulta explícita de una categoría minoritaria,55
F9stTAQgF94,https://www.youtube.com/watch?v=F9stTAQgF94,"Cholo Juanito / el acalde  , primucha y el indio asqueroso la carcel",Adryan Ayuque,UCXUKO6rcz7z5FJFHOXHL_fw,2294.0,targeted_search,te voy a matar denuncia Perú,37,AMENAZA_DIRECTA,consulta explícita de una categoría minoritaria,55
DI5XAbvcJRY,https://www.youtube.com/watch?v=DI5XAbvcJRY,THE CRIME OF INJURY,JurídicaMente,UCE_ZHUVha19wtfzsNgBrCYg,178.0,targeted_search,te voy a matar denuncia Perú,38,AMENAZA_DIRECTA,consulta explícita de una categoría minoritaria,55
jNMayVpAULM,https://www.youtube.com/watch?v=jNMayVpAULM,Dispárame a Matar - Marisol y la Magia del Norte Ft @TonyRosadoOficial,MARISOL LA FARAONA DE LA CUMBIA and Tony Rosado Oficial,,268.0,targeted_search,te voy a matar denuncia Perú,39,AMENAZA_DIRECTA,consulta explícita de una categoría minoritaria,55
xpK4f9niun8,https://www.youtube.com/watch?v=xpK4f9niun8,VENEZOLANOS EN PERÚ: REPARTIDOR DE DELIVERY DENUNCIA QUE SE SALVÓ DE MORIR TRAS DEJAR PEDIDO EN LIMA,Diario La Hora Piura,UCGjBWGsw13LftMLIkcvxH9g,100.0,targeted_search,te voy a matar denuncia Perú,40,AMENAZA_DIRECTA,consulta explícita de una categoría minoritaria,55
4t3XaY196w8,https://www.youtube.com/watch?v=4t3XaY196w8,"“I left there, Yulixa didn’t: says the friend who also had surgery at the same aesthetic center”",Conducta Delictiva,UC1hnBY1vAbEVqzxKiXZWv3Q,4291.0,targeted_search,te voy a matar denuncia Perú,42,AMENAZA_DIRECTA,consulta explícita de una categoría minoritaria,55
ymnDpfqZf1I,https://www.youtube.com/watch?v=ymnDpfqZf1I,Hermanos  esquives   -  Mix  bolero  1  -  ( En vivo ) - Concierto,MIGUELITO CHICLAYO,UC6x9L8MwxqzVUZTndZsu2cw,265.0,targeted_search,te voy a matar denuncia Perú,43,AMENAZA_DIRECTA,consulta explícita de una categoría minoritaria,55
Rj4_tFylk78,https://www.youtube.com/watch?v=Rj4_tFylk78,No puedo con dos hijastras 👩‍👧‍👧⚰👨‍⚖️| Caso Cerrado | Telemundo,Caso Cerrado,UCGbofRROopWrumVob5w61OA,1209.0,targeted_search,te voy a matar denuncia Perú,44,AMENAZA_DIRECTA,consulta explícita de una categoría minoritaria,55
xL_aiQLkDKo,https://www.youtube.com/watch?v=xL_aiQLkDKo,Abusaba de su hijastra sin que su esposa lo supiera 🤕💔🚨 | Caso Cerrado Capítulo Completo,Caso Cerrado,UCGbofRROopWrumVob5w61OA,1332.0,targeted_search,te voy a matar denuncia Perú,45,AMENAZA_DIRECTA,consulta explícita de una categoría minoritaria,55
nWOHXZePeF4,https://www.youtube.com/watch?v=nWOHXZePeF4,THIS IS HOW THE PRISONERS FOR MORENA'S MURDER SPOKE IN THE DUNGEON: A DETAINEE RECORDED IT IN PRISON,eltrece,UC0DM_mHV2u6dj8ig51GkQwg,120.0,targeted_search,te voy a matar denuncia Perú,46,AMENAZA_DIRECTA,consulta explícita de una categoría minoritaria,55
K3mn7LIwR1I,https://www.youtube.com/watch?v=K3mn7LIwR1I,Amores De Barrio   Zona Infame x Bulper x SloowTrack,TONY MONTANA,UCv3WVB8cmvWnADL-1ALvwJg,228.0,targeted_search,te voy a matar denuncia Perú,47,AMENAZA_DIRECTA,consulta explícita de una categoría minoritaria,55
5I9o7z1dd3U,https://www.youtube.com/watch?v=5I9o7z1dd3U,¡¿Secuestraron a la Dra Polo?! | Caso Cerrado | Telemundo,Caso Cerrado,UCGbofRROopWrumVob5w61OA,2528.0,targeted_search,te voy a matar denuncia Perú,48,AMENAZA_DIRECTA,consulta explícita de una categoría minoritaria,55
Z7Mzcfjr2Lg,https://www.youtube.com/watch?v=Z7Mzcfjr2Lg,Caso Cerrado Capítulo Completo: El mismísimo demonio quiere llevarse a mi hija👹😢👧,Caso Cerrado,UCGbofRROopWrumVob5w61OA,1367.0,targeted_search,te voy a matar denuncia Perú,49,AMENAZA_DIRECTA,consulta explícita de una categoría minoritaria,55
CDpWbBQMIBI,https://www.youtube.com/watch?v=CDpWbBQMIBI,La nueva pareja de mi ex es un peligro para mi hijo 👦🏻💊🆘 | Caso Cerrado Capítulo Completo,Caso Cerrado,UCGbofRROopWrumVob5w61OA,1479.0,targeted_search,te voy a matar denuncia Perú,51,AMENAZA_DIRECTA,consulta explícita de una categoría minoritaria,55
YuvuYN2Y0y4,https://www.youtube.com/watch?v=YuvuYN2Y0y4,IMPERFECT CRIMES CHAPTER 2025 - THE MARICIELO CASE - FULL CHAPTER,Crimenes Imperfectos Expedientes X,UCfJqE5YFCfL1HJ00cCNNr_Q,1160.0,targeted_search,te voy a matar denuncia Perú,52,AMENAZA_DIRECTA,consulta explícita de una categoría minoritaria,55
e81K5OepM4k,https://www.youtube.com/watch?v=e81K5OepM4k,Agua Marina - Viviré para Amarte ( En Vivo OFICIAL),Agua Marina Oficial,UCn8boXRzdYZaVaTXfGZF4-g,293.0,targeted_search,te voy a matar denuncia Perú,53,AMENAZA_DIRECTA,consulta explícita de una categoría minoritaria,55
fAWyg7rr8hU,https://www.youtube.com/watch?v=fAWyg7rr8hU,Por amarte así - Zafiro Sensual (Video Oficial) I Waykis Producciones,Waykis Producciones,UCNzXqBPT9ylqju6_mgDjmBA,441.0,targeted_search,te voy a matar denuncia Perú,54,AMENAZA_DIRECTA,consulta explícita de una categoría minoritaria,55
brUDHoi2PM8,https://www.youtube.com/watch?v=brUDHoi2PM8,"Marisol y la Magia del Norte, @YahairaPlasenciaOficial  Mala Amiga",MARISOL LA FARAONA DE LA CUMBIA,UC3p6KiAv8Aiv0rY2-zWNW-w,267.0,targeted_search,te voy a matar denuncia Perú,55,AMENAZA_DIRECTA,consulta explícita de una categoría minoritaria,55
