selection_order,video_id,url,title,channel_title,channel_id,duration,discovery_type,discovery_source,source_rank,target_category,selection_reason,quota,round_robin,batch_id,selected_at
1,jSOLkn7q83Y,https://www.youtube.com/watch?v=jSOLkn7q83Y,HABLANDO HUEVADAS - Duodécima Temporada [LA HISTORIA DE JORGE Y EL GUARDIA],Hablando Huevadas,,5537.0,high_yield_channel,Hablando Huevadas,1,CONTENIDO_SEXUAL|ACOSO_GENERO_IDENTIDAD|AMENAZA_DIRECTA,22.60 chunks de daño y 0.86 amenazas por video en el corpus base,70,,ampliacion_dano_20260727_lote2,2026-07-27T07:54:18-05:00
2,6uWBBZC2oWM,https://www.youtube.com/watch?v=6uWBBZC2oWM,RADIO HUEVADAS FT. PHILLIP CHU JOY,Hablando Huevadas,,4203.0,high_yield_channel,Hablando Huevadas,144,CONTENIDO_SEXUAL|ACOSO_GENERO_IDENTIDAD|AMENAZA_DIRECTA,22.60 chunks de daño y 0.86 amenazas por video en el corpus base,70,,ampliacion_dano_20260727_lote2,2026-07-27T07:54:18-05:00
3,Y7Tlxz99ebg,https://www.youtube.com/watch?v=Y7Tlxz99ebg,HABLANDO HUEVADAS - Séptima Temporada [¡POR FIN TENEMOS AUSPICIADOR!],Hablando Huevadas,,5992.0,high_yield_channel,Hablando Huevadas,145,CONTENIDO_SEXUAL|ACOSO_GENERO_IDENTIDAD|AMENAZA_DIRECTA,22.60 chunks de daño y 0.86 amenazas por video en el corpus base,70,,ampliacion_dano_20260727_lote2,2026-07-27T07:54:18-05:00
4,RvBBiTVp9Sg,https://www.youtube.com/watch?v=RvBBiTVp9Sg,HABLANDO HUEVADAS - Séptima Temporada [¿CÓMO CRÍAS A TUS HIJOS?],Hablando Huevadas,,5301.0,high_yield_channel,Hablando Huevadas,146,CONTENIDO_SEXUAL|ACOSO_GENERO_IDENTIDAD|AMENAZA_DIRECTA,22.60 chunks de daño y 0.86 amenazas por video en el corpus base,70,,ampliacion_dano_20260727_lote2,2026-07-27T07:54:18-05:00
5,kTe7fV8RRAk,https://www.youtube.com/watch?v=kTe7fV8RRAk,HABLANDO HUEVADAS - Séptima Temporada [SI NO APAGO LA LUZ MI FAMILIA SE MUERE],Hablando Huevadas,,5871.0,high_yield_channel,Hablando Huevadas,147,CONTENIDO_SEXUAL|ACOSO_GENERO_IDENTIDAD|AMENAZA_DIRECTA,22.60 chunks de daño y 0.86 amenazas por video en el corpus base,70,,ampliacion_dano_20260727_lote2,2026-07-27T07:54:18-05:00
6,73sDXhfbIus,https://www.youtube.com/watch?v=73sDXhfbIus,HABLANDO HUEVADAS - Séptima Temporada [¡MILAGRO! SE LEVANTÓ EL DISCAPACITADO],Hablando Huevadas,,5342.0,high_yield_channel,Hablando Huevadas,148,CONTENIDO_SEXUAL|ACOSO_GENERO_IDENTIDAD|AMENAZA_DIRECTA,22.60 chunks de daño y 0.86 amenazas por video en el corpus base,70,,ampliacion_dano_20260727_lote2,2026-07-27T07:54:18-05:00
7,me16dYmSe8A,https://www.youtube.com/watch?v=me16dYmSe8A,RADIO HUEVADAS FT. HENRY SPENCER,Hablando Huevadas,,2927.0,high_yield_channel,Hablando Huevadas,149,CONTENIDO_SEXUAL|ACOSO_GENERO_IDENTIDAD|AMENAZA_DIRECTA,22.60 chunks de daño y 0.86 amenazas por video en el corpus base,70,,ampliacion_dano_20260727_lote2,2026-07-27T07:54:18-05:00
8,1V3rgtAW71c,https://www.youtube.com/watch?v=1V3rgtAW71c,HABLANDO HUEVADAS - Séptima Temporada [VINO AL SHOW UNA SEÑORA BORRACHA],Hablando Huevadas,,5250.0,high_yield_channel,Hablando Huevadas,150,CONTENIDO_SEXUAL|ACOSO_GENERO_IDENTIDAD|AMENAZA_DIRECTA,22.60 chunks de daño y 0.86 amenazas por video en el corpus base,70,,ampliacion_dano_20260727_lote2,2026-07-27T07:54:18-05:00
9,6oTllXbgRc4,https://www.youtube.com/watch?v=6oTllXbgRc4,HABLANDO HUEVADAS - Séptima Temporada [ME LA HICE CON 12 SOLES],Hablando Huevadas,,5047.0,high_yield_channel,Hablando Huevadas,151,CONTENIDO_SEXUAL|ACOSO_GENERO_IDENTIDAD|AMENAZA_DIRECTA,22.60 chunks de daño y 0.86 amenazas por video en el corpus base,70,,ampliacion_dano_20260727_lote2,2026-07-27T07:54:18-05:00
10,uqBijAxaT2Y,https://www.youtube.com/watch?v=uqBijAxaT2Y,HABLANDO HUEVADAS - Séptima Temporada [COLORIDO TEST PARA UN DALTÓNICO],Hablando Huevadas,,6338.0,high_yield_channel,Hablando Huevadas,152,CONTENIDO_SEXUAL|ACOSO_GENERO_IDENTIDAD|AMENAZA_DIRECTA,22.60 chunks de daño y 0.86 amenazas por video en el corpus base,70,,ampliacion_dano_20260727_lote2,2026-07-27T07:54:18-05:00
11,LvndnVqZCJo,https://www.youtube.com/watch?v=LvndnVqZCJo,RADIO HUEVADAS FT. DR. FIT,Hablando Huevadas,,2844.0,high_yield_channel,Hablando Huevadas,153,CONTENIDO_SEXUAL|ACOSO_GENERO_IDENTIDAD|AMENAZA_DIRECTA,22.60 chunks de daño y 0.86 amenazas por video en el corpus base,70,,ampliacion_dano_20260727_lote2,2026-07-27T07:54:18-05:00
12,V8AVjOwEq6A,https://www.youtube.com/watch?v=V8AVjOwEq6A,HABLANDO HUEVADAS - Séptima Temporada [UN CHINO KOREANO QUE ES JAPONÉS],Hablando Huevadas,,5361.0,high_yield_channel,Hablando Huevadas,154,CONTENIDO_SEXUAL|ACOSO_GENERO_IDENTIDAD|AMENAZA_DIRECTA,22.60 chunks de daño y 0.86 amenazas por video en el corpus base,70,,ampliacion_dano_20260727_lote2,2026-07-27T07:54:18-05:00
13,daRp1ixwIfc,https://www.youtube.com/watch?v=daRp1ixwIfc,RADIO HUEVADAS FT. CÉSAR RITTER,Hablando Huevadas,,3645.0,high_yield_channel,Hablando Huevadas,155,CONTENIDO_SEXUAL|ACOSO_GENERO_IDENTIDAD|AMENAZA_DIRECTA,22.60 chunks de daño y 0.86 amenazas por video en el corpus base,70,,ampliacion_dano_20260727_lote2,2026-07-27T07:54:18-05:00
14,ahdUTalHtJ0,https://www.youtube.com/watch?v=ahdUTalHtJ0,"HABLANDO HUEVADAS - Séptima Temporada [UNA SEÑORA ""LA VE"" EN VIVO]",Hablando Huevadas,,5668.0,high_yield_channel,Hablando Huevadas,156,CONTENIDO_SEXUAL|ACOSO_GENERO_IDENTIDAD|AMENAZA_DIRECTA,22.60 chunks de daño y 0.86 amenazas por video en el corpus base,70,,ampliacion_dano_20260727_lote2,2026-07-27T07:54:18-05:00
15,WyqPAkbM-aY,https://www.youtube.com/watch?v=WyqPAkbM-aY,HABLANDO HUEVADAS - Séptima Temporada [CUMPLIMOS LOS ÚLTIMOS DESEOS A UN FAN],Hablando Huevadas,,5219.0,high_yield_channel,Hablando Huevadas,157,CONTENIDO_SEXUAL|ACOSO_GENERO_IDENTIDAD|AMENAZA_DIRECTA,22.60 chunks de daño y 0.86 amenazas por video en el corpus base,70,,ampliacion_dano_20260727_lote2,2026-07-27T07:54:18-05:00
16,Zcni4I2Kr38,https://www.youtube.com/watch?v=Zcni4I2Kr38,RADIO HUEVADAS FT. EVA AYLLÓN,Hablando Huevadas,,3549.0,high_yield_channel,Hablando Huevadas,158,CONTENIDO_SEXUAL|ACOSO_GENERO_IDENTIDAD|AMENAZA_DIRECTA,22.60 chunks de daño y 0.86 amenazas por video en el corpus base,70,,ampliacion_dano_20260727_lote2,2026-07-27T07:54:18-05:00
17,RMEFtb6-oLs,https://www.youtube.com/watch?v=RMEFtb6-oLs,HABLANDO HUEVADAS - Séptima Temporada [¿QUÉ VAMOS A COMPRAR CON 35 MILLONES?],Hablando Huevadas,,5397.0,high_yield_channel,Hablando Huevadas,159,CONTENIDO_SEXUAL|ACOSO_GENERO_IDENTIDAD|AMENAZA_DIRECTA,22.60 chunks de daño y 0.86 amenazas por video en el corpus base,70,,ampliacion_dano_20260727_lote2,2026-07-27T07:54:18-05:00
18,95UbHf26700,https://www.youtube.com/watch?v=95UbHf26700,HABLANDO HUEVADAS - Séptima Temporada [JORGE Y EL CUMPLE DE SU ESPOSA],Hablando Huevadas,,6146.0,high_yield_channel,Hablando Huevadas,160,CONTENIDO_SEXUAL|ACOSO_GENERO_IDENTIDAD|AMENAZA_DIRECTA,22.60 chunks de daño y 0.86 amenazas por video en el corpus base,70,,ampliacion_dano_20260727_lote2,2026-07-27T07:54:18-05:00
19,ptIZcm6BPnw,https://www.youtube.com/watch?v=ptIZcm6BPnw,Liam Z - Otra Noche Mas Remix Ft. Hablando Huevadas (Videoclip Oficial),Hablando Huevadas,,207.0,high_yield_channel,Hablando Huevadas,161,CONTENIDO_SEXUAL|ACOSO_GENERO_IDENTIDAD|AMENAZA_DIRECTA,22.60 chunks de daño y 0.86 amenazas por video en el corpus base,70,,ampliacion_dano_20260727_lote2,2026-07-27T07:54:18-05:00
20,RRfC8bo81Sc,https://www.youtube.com/watch?v=RRfC8bo81Sc,HABLANDO HUEVADAS - Séptima Temporada [UN MEME VIENE A VERNOS],Hablando Huevadas,,5989.0,high_yield_channel,Hablando Huevadas,162,CONTENIDO_SEXUAL|ACOSO_GENERO_IDENTIDAD|AMENAZA_DIRECTA,22.60 chunks de daño y 0.86 amenazas por video en el corpus base,70,,ampliacion_dano_20260727_lote2,2026-07-27T07:54:18-05:00
21,Aoz84jdIM5c,https://www.youtube.com/watch?v=Aoz84jdIM5c,RADIO HUEVADAS FT. YARITA LIZETH,Hablando Huevadas,,2800.0,high_yield_channel,Hablando Huevadas,163,CONTENIDO_SEXUAL|ACOSO_GENERO_IDENTIDAD|AMENAZA_DIRECTA,22.60 chunks de daño y 0.86 amenazas por video en el corpus base,70,,ampliacion_dano_20260727_lote2,2026-07-27T07:54:18-05:00
22,5oIY5J3WlFo,https://www.youtube.com/watch?v=5oIY5J3WlFo,HABLANDO HUEVADAS - Séptima Temporada [NIÑO CON LEUCEM1A NOS ROBA],Hablando Huevadas,,5331.0,high_yield_channel,Hablando Huevadas,164,CONTENIDO_SEXUAL|ACOSO_GENERO_IDENTIDAD|AMENAZA_DIRECTA,22.60 chunks de daño y 0.86 amenazas por video en el corpus base,70,,ampliacion_dano_20260727_lote2,2026-07-27T07:54:18-05:00
23,E646yAAcoqk,https://www.youtube.com/watch?v=E646yAAcoqk,HABLANDO HUEVADAS - Séptima Temporada [BULLYING NUNCA MÁS],Hablando Huevadas,,5442.0,high_yield_channel,Hablando Huevadas,165,CONTENIDO_SEXUAL|ACOSO_GENERO_IDENTIDAD|AMENAZA_DIRECTA,22.60 chunks de daño y 0.86 amenazas por video en el corpus base,70,,ampliacion_dano_20260727_lote2,2026-07-27T07:54:18-05:00
24,5TYGqN7uwCk,https://www.youtube.com/watch?v=5TYGqN7uwCk,HABLANDO HUEVADAS - Séptima Temporada [EX PELADITA SE LE REGALA A JORGE],Hablando Huevadas,,6729.0,high_yield_channel,Hablando Huevadas,166,CONTENIDO_SEXUAL|ACOSO_GENERO_IDENTIDAD|AMENAZA_DIRECTA,22.60 chunks de daño y 0.86 amenazas por video en el corpus base,70,,ampliacion_dano_20260727_lote2,2026-07-27T07:54:18-05:00
25,pF1t5Ha-rkI,https://www.youtube.com/watch?v=pF1t5Ha-rkI,RADIO HUEVADAS FT. LESLIE SHAW,Hablando Huevadas,,2746.0,high_yield_channel,Hablando Huevadas,167,CONTENIDO_SEXUAL|ACOSO_GENERO_IDENTIDAD|AMENAZA_DIRECTA,22.60 chunks de daño y 0.86 amenazas por video en el corpus base,70,,ampliacion_dano_20260727_lote2,2026-07-27T07:54:18-05:00
26,vmor2SavLIU,https://www.youtube.com/watch?v=vmor2SavLIU,HABLANDO HUEVADAS - Séptima Temporada [NOS TOMAMOS FOTO CON UN MU3RTO],Hablando Huevadas,,5910.0,high_yield_channel,Hablando Huevadas,168,CONTENIDO_SEXUAL|ACOSO_GENERO_IDENTIDAD|AMENAZA_DIRECTA,22.60 chunks de daño y 0.86 amenazas por video en el corpus base,70,,ampliacion_dano_20260727_lote2,2026-07-27T07:54:18-05:00
27,81Z4T8RUCTU,https://www.youtube.com/watch?v=81Z4T8RUCTU,HABLANDO HUEVADAS - Séptima Temporada [¡QUÉ SE CASEN LOS H0M0S3XU4L3S!],Hablando Huevadas,,5678.0,high_yield_channel,Hablando Huevadas,169,CONTENIDO_SEXUAL|ACOSO_GENERO_IDENTIDAD|AMENAZA_DIRECTA,22.60 chunks de daño y 0.86 amenazas por video en el corpus base,70,,ampliacion_dano_20260727_lote2,2026-07-27T07:54:18-05:00
28,GLt6k_BRhv8,https://www.youtube.com/watch?v=GLt6k_BRhv8,RADIO HUEVADAS FT. SASKIA BERNAOLA,Hablando Huevadas,,3191.0,high_yield_channel,Hablando Huevadas,170,CONTENIDO_SEXUAL|ACOSO_GENERO_IDENTIDAD|AMENAZA_DIRECTA,22.60 chunks de daño y 0.86 amenazas por video en el corpus base,70,,ampliacion_dano_20260727_lote2,2026-07-27T07:54:18-05:00
29,T0Wbv117iPg,https://www.youtube.com/watch?v=T0Wbv117iPg,HABLANDO HUEVADAS - Séptima Temporada [JORGE Y EL LIMPIA LUNAS EXTORSIONADOR],Hablando Huevadas,,6594.0,high_yield_channel,Hablando Huevadas,171,CONTENIDO_SEXUAL|ACOSO_GENERO_IDENTIDAD|AMENAZA_DIRECTA,22.60 chunks de daño y 0.86 amenazas por video en el corpus base,70,,ampliacion_dano_20260727_lote2,2026-07-27T07:54:18-05:00
30,GBzkcH1mXRs,https://www.youtube.com/watch?v=GBzkcH1mXRs,RADIO HUEVADAS FT. VERÓNICA LINARES,Hablando Huevadas,,4900.0,high_yield_channel,Hablando Huevadas,172,CONTENIDO_SEXUAL|ACOSO_GENERO_IDENTIDAD|AMENAZA_DIRECTA,22.60 chunks de daño y 0.86 amenazas por video en el corpus base,70,,ampliacion_dano_20260727_lote2,2026-07-27T07:54:18-05:00
31,R7snFUuoBR8,https://www.youtube.com/watch?v=R7snFUuoBR8,HABLANDO HUEVADAS - Sexta Temporada [FIN DE TEMPORADA - SOY PUT4 DE 50 SOLES],Hablando Huevadas,,6802.0,high_yield_channel,Hablando Huevadas,173,CONTENIDO_SEXUAL|ACOSO_GENERO_IDENTIDAD|AMENAZA_DIRECTA,22.60 chunks de daño y 0.86 amenazas por video en el corpus base,70,,ampliacion_dano_20260727_lote2,2026-07-27T07:54:18-05:00
32,VGaNoh3LTrg,https://www.youtube.com/watch?v=VGaNoh3LTrg,RADIO HUEVADAS FT. ACTORES DE BETTY LA FEA,Hablando Huevadas,,2395.0,high_yield_channel,Hablando Huevadas,174,CONTENIDO_SEXUAL|ACOSO_GENERO_IDENTIDAD|AMENAZA_DIRECTA,22.60 chunks de daño y 0.86 amenazas por video en el corpus base,70,,ampliacion_dano_20260727_lote2,2026-07-27T07:54:18-05:00
33,xMedL8a6RkE,https://www.youtube.com/watch?v=xMedL8a6RkE,Un Año Más Contra El Mundo - SHOW STREAMING,Hablando Huevadas,,76.0,high_yield_channel,Hablando Huevadas,175,CONTENIDO_SEXUAL|ACOSO_GENERO_IDENTIDAD|AMENAZA_DIRECTA,22.60 chunks de daño y 0.86 amenazas por video en el corpus base,70,,ampliacion_dano_20260727_lote2,2026-07-27T07:54:18-05:00
34,pH1RC0QnrOY,https://www.youtube.com/watch?v=pH1RC0QnrOY,RADIO HUEVADAS FT. PATRICIA PORTOCARRERO,Hablando Huevadas,,4159.0,high_yield_channel,Hablando Huevadas,176,CONTENIDO_SEXUAL|ACOSO_GENERO_IDENTIDAD|AMENAZA_DIRECTA,22.60 chunks de daño y 0.86 amenazas por video en el corpus base,70,,ampliacion_dano_20260727_lote2,2026-07-27T07:54:18-05:00
35,yCjQC2ganZo,https://www.youtube.com/watch?v=yCjQC2ganZo,HABLANDO HUEVADAS - Sexta Temporada [JORGE Y SU ESPOSA EN UN S3XSHOP],Hablando Huevadas,,5138.0,high_yield_channel,Hablando Huevadas,177,CONTENIDO_SEXUAL|ACOSO_GENERO_IDENTIDAD|AMENAZA_DIRECTA,22.60 chunks de daño y 0.86 amenazas por video en el corpus base,70,,ampliacion_dano_20260727_lote2,2026-07-27T07:54:18-05:00
36,_CoqVImnI7Q,https://www.youtube.com/watch?v=_CoqVImnI7Q,HABLANDO HUEVADAS - Sexta Temporada [GRABAMOS UN VIDEOCLIP],Hablando Huevadas,,5128.0,high_yield_channel,Hablando Huevadas,178,CONTENIDO_SEXUAL|ACOSO_GENERO_IDENTIDAD|AMENAZA_DIRECTA,22.60 chunks de daño y 0.86 amenazas por video en el corpus base,70,,ampliacion_dano_20260727_lote2,2026-07-27T07:54:18-05:00
37,Iy8_Rrz6WMY,https://www.youtube.com/watch?v=Iy8_Rrz6WMY,HABLANDO HUEVADAS - Sexta Temporada [¡CORREEEE EL HUAYCO!],Hablando Huevadas,,5212.0,high_yield_channel,Hablando Huevadas,179,CONTENIDO_SEXUAL|ACOSO_GENERO_IDENTIDAD|AMENAZA_DIRECTA,22.60 chunks de daño y 0.86 amenazas por video en el corpus base,70,,ampliacion_dano_20260727_lote2,2026-07-27T07:54:18-05:00
38,e34BRxYjfQ0,https://www.youtube.com/watch?v=e34BRxYjfQ0,HABLANDO HUEVADAS - Sexta Temporada [EL NIÑO CUADRAPLÉJICO MALCRIADO] HH EN ARGENTINA - GRAN REX,Hablando Huevadas,,5297.0,high_yield_channel,Hablando Huevadas,180,CONTENIDO_SEXUAL|ACOSO_GENERO_IDENTIDAD|AMENAZA_DIRECTA,22.60 chunks de daño y 0.86 amenazas por video en el corpus base,70,,ampliacion_dano_20260727_lote2,2026-07-27T07:54:18-05:00
39,XgTC2tDGXQs,https://www.youtube.com/watch?v=XgTC2tDGXQs,HABLANDO HUEVADAS - Sexta Temporada [JORGE ES UN M0TH3R FVCK3R] HH EN LONDRES,Hablando Huevadas,,5741.0,high_yield_channel,Hablando Huevadas,181,CONTENIDO_SEXUAL|ACOSO_GENERO_IDENTIDAD|AMENAZA_DIRECTA,22.60 chunks de daño y 0.86 amenazas por video en el corpus base,70,,ampliacion_dano_20260727_lote2,2026-07-27T07:54:18-05:00
40,0DyxIk9LQ7s,https://www.youtube.com/watch?v=0DyxIk9LQ7s,HABLANDO HUEVADAS - Sexta Temporada [EL PODER DE FRANCO ESCAMILLA] HH EN MÉXICO,Hablando Huevadas,,5388.0,high_yield_channel,Hablando Huevadas,182,CONTENIDO_SEXUAL|ACOSO_GENERO_IDENTIDAD|AMENAZA_DIRECTA,22.60 chunks de daño y 0.86 amenazas por video en el corpus base,70,,ampliacion_dano_20260727_lote2,2026-07-27T07:54:18-05:00
41,ZkQ30nxvRUM,https://www.youtube.com/watch?v=ZkQ30nxvRUM,RADIO HUEVADAS FT. ANDY & LUCAS,Hablando Huevadas,,2617.0,high_yield_channel,Hablando Huevadas,183,CONTENIDO_SEXUAL|ACOSO_GENERO_IDENTIDAD|AMENAZA_DIRECTA,22.60 chunks de daño y 0.86 amenazas por video en el corpus base,70,,ampliacion_dano_20260727_lote2,2026-07-27T07:54:18-05:00
42,_mxlPlAVA0U,https://www.youtube.com/watch?v=_mxlPlAVA0U,HABLANDO HUEVADAS - Sexta Temporada [MI PAPÁ Y MI EX NOVIO TIENEN ALGO],Hablando Huevadas,,5786.0,high_yield_channel,Hablando Huevadas,184,CONTENIDO_SEXUAL|ACOSO_GENERO_IDENTIDAD|AMENAZA_DIRECTA,22.60 chunks de daño y 0.86 amenazas por video en el corpus base,70,,ampliacion_dano_20260727_lote2,2026-07-27T07:54:18-05:00
43,npw20i4Ru3Q,https://www.youtube.com/watch?v=npw20i4Ru3Q,HABLANDO HUEVADAS - Sexta Temporada [RICARDO VS LA CRISTIANA DEL PÚBLICO],Hablando Huevadas,,6553.0,high_yield_channel,Hablando Huevadas,185,CONTENIDO_SEXUAL|ACOSO_GENERO_IDENTIDAD|AMENAZA_DIRECTA,22.60 chunks de daño y 0.86 amenazas por video en el corpus base,70,,ampliacion_dano_20260727_lote2,2026-07-27T07:54:18-05:00
44,IuPdGNTy2L4,https://www.youtube.com/watch?v=IuPdGNTy2L4,HABLANDO HUEVADAS - Sexta Temporada [EL CÁNCER DE MAMA TIENE SUS VENTAJAS],Hablando Huevadas,,5314.0,high_yield_channel,Hablando Huevadas,186,CONTENIDO_SEXUAL|ACOSO_GENERO_IDENTIDAD|AMENAZA_DIRECTA,22.60 chunks de daño y 0.86 amenazas por video en el corpus base,70,,ampliacion_dano_20260727_lote2,2026-07-27T07:54:18-05:00
45,JTwhxgqThzs,https://www.youtube.com/watch?v=JTwhxgqThzs,"HABLANDO HUEVADAS - Sexta Temporada [ESTUVE EN COMA, COMO QUIEN DICE, VEGETAL]",Hablando Huevadas,,5922.0,high_yield_channel,Hablando Huevadas,187,CONTENIDO_SEXUAL|ACOSO_GENERO_IDENTIDAD|AMENAZA_DIRECTA,22.60 chunks de daño y 0.86 amenazas por video en el corpus base,70,,ampliacion_dano_20260727_lote2,2026-07-27T07:54:18-05:00
46,g_HXLpNsoT4,https://www.youtube.com/watch?v=g_HXLpNsoT4,HABLANDO HUEVADAS - Sexta Temporada [OTRO ESCLAVO NOS TRAICIONA],Hablando Huevadas,,7589.0,high_yield_channel,Hablando Huevadas,188,CONTENIDO_SEXUAL|ACOSO_GENERO_IDENTIDAD|AMENAZA_DIRECTA,22.60 chunks de daño y 0.86 amenazas por video en el corpus base,70,,ampliacion_dano_20260727_lote2,2026-07-27T07:54:18-05:00
47,2kWj-GdcaqU,https://www.youtube.com/watch?v=2kWj-GdcaqU,HABLANDO HUEVADAS - Sexta Temporada [EL LOCO TARZÁN DE TACNA],Hablando Huevadas,,5499.0,high_yield_channel,Hablando Huevadas,189,CONTENIDO_SEXUAL|ACOSO_GENERO_IDENTIDAD|AMENAZA_DIRECTA,22.60 chunks de daño y 0.86 amenazas por video en el corpus base,70,,ampliacion_dano_20260727_lote2,2026-07-27T07:54:18-05:00
48,DfOQ_nw_R34,https://www.youtube.com/watch?v=DfOQ_nw_R34,RADIO HUEVADAS FT. DAFONSEKA,Hablando Huevadas,,3720.0,high_yield_channel,Hablando Huevadas,190,CONTENIDO_SEXUAL|ACOSO_GENERO_IDENTIDAD|AMENAZA_DIRECTA,22.60 chunks de daño y 0.86 amenazas por video en el corpus base,70,,ampliacion_dano_20260727_lote2,2026-07-27T07:54:18-05:00
49,HDR9p5-qbMs,https://www.youtube.com/watch?v=HDR9p5-qbMs,HABLANDO HUEVADAS - Sexta Temporada [LA CASACA AZÚL DE PEDRO CASTILLO],Hablando Huevadas,,6045.0,high_yield_channel,Hablando Huevadas,191,CONTENIDO_SEXUAL|ACOSO_GENERO_IDENTIDAD|AMENAZA_DIRECTA,22.60 chunks de daño y 0.86 amenazas por video en el corpus base,70,,ampliacion_dano_20260727_lote2,2026-07-27T07:54:18-05:00
50,ssI21JPYAEo,https://www.youtube.com/watch?v=ssI21JPYAEo,RADIO HUEVADAS FT. GONCHO,Hablando Huevadas,,4348.0,high_yield_channel,Hablando Huevadas,192,CONTENIDO_SEXUAL|ACOSO_GENERO_IDENTIDAD|AMENAZA_DIRECTA,22.60 chunks de daño y 0.86 amenazas por video en el corpus base,70,,ampliacion_dano_20260727_lote2,2026-07-27T07:54:18-05:00
51,BGLQApQItUA,https://www.youtube.com/watch?v=BGLQApQItUA,HABLANDO HUEVADAS - Sexta Temporada [REGALAMOS UN BEBÉ EN VIVO],Hablando Huevadas,,5374.0,high_yield_channel,Hablando Huevadas,193,CONTENIDO_SEXUAL|ACOSO_GENERO_IDENTIDAD|AMENAZA_DIRECTA,22.60 chunks de daño y 0.86 amenazas por video en el corpus base,70,,ampliacion_dano_20260727_lote2,2026-07-27T07:54:18-05:00
52,5-Rc7dU-tvU,https://www.youtube.com/watch?v=5-Rc7dU-tvU,RADIO HUEVADAS FT. DJ PELIGRO,Hablando Huevadas,,3435.0,high_yield_channel,Hablando Huevadas,194,CONTENIDO_SEXUAL|ACOSO_GENERO_IDENTIDAD|AMENAZA_DIRECTA,22.60 chunks de daño y 0.86 amenazas por video en el corpus base,70,,ampliacion_dano_20260727_lote2,2026-07-27T07:54:18-05:00
53,D5qev6kWArs,https://www.youtube.com/watch?v=D5qev6kWArs,HABLANDO HUEVADAS - Sexta Temporada [RICARDO MATÓ A UN FAN],Hablando Huevadas,,4616.0,high_yield_channel,Hablando Huevadas,195,CONTENIDO_SEXUAL|ACOSO_GENERO_IDENTIDAD|AMENAZA_DIRECTA,22.60 chunks de daño y 0.86 amenazas por video en el corpus base,70,,ampliacion_dano_20260727_lote2,2026-07-27T07:54:18-05:00
54,nPWikoYqrBI,https://www.youtube.com/watch?v=nPWikoYqrBI,RADIO HUEVADAS FT. MARISOL,Hablando Huevadas,,3268.0,high_yield_channel,Hablando Huevadas,196,CONTENIDO_SEXUAL|ACOSO_GENERO_IDENTIDAD|AMENAZA_DIRECTA,22.60 chunks de daño y 0.86 amenazas por video en el corpus base,70,,ampliacion_dano_20260727_lote2,2026-07-27T07:54:18-05:00
55,UNRw154kwvg,https://www.youtube.com/watch?v=UNRw154kwvg,HABLANDO HUEVADAS - Sexta Temporada [GRABAMOS UN COMERCIAL CON “OREJITA”],Hablando Huevadas,,5414.0,high_yield_channel,Hablando Huevadas,197,CONTENIDO_SEXUAL|ACOSO_GENERO_IDENTIDAD|AMENAZA_DIRECTA,22.60 chunks de daño y 0.86 amenazas por video en el corpus base,70,,ampliacion_dano_20260727_lote2,2026-07-27T07:54:18-05:00
56,kXI3Z9wFvkU,https://www.youtube.com/watch?v=kXI3Z9wFvkU,RADIO HUEVADAS FT. LUCIANEKA,Hablando Huevadas,,3713.0,high_yield_channel,Hablando Huevadas,198,CONTENIDO_SEXUAL|ACOSO_GENERO_IDENTIDAD|AMENAZA_DIRECTA,22.60 chunks de daño y 0.86 amenazas por video en el corpus base,70,,ampliacion_dano_20260727_lote2,2026-07-27T07:54:18-05:00
57,xkJyIr-Jaow,https://www.youtube.com/watch?v=xkJyIr-Jaow,HABLANDO HUEVADAS - Sexta Temporada [HAY NIÑOS QUE TIENEN HAMBRE],Hablando Huevadas,,5286.0,high_yield_channel,Hablando Huevadas,199,CONTENIDO_SEXUAL|ACOSO_GENERO_IDENTIDAD|AMENAZA_DIRECTA,22.60 chunks de daño y 0.86 amenazas por video en el corpus base,70,,ampliacion_dano_20260727_lote2,2026-07-27T07:54:18-05:00
58,-YuSocNOc7Q,https://www.youtube.com/watch?v=-YuSocNOc7Q,RADIO HUEVADAS FT. YACO ESKENAZI,Hablando Huevadas,,4160.0,high_yield_channel,Hablando Huevadas,200,CONTENIDO_SEXUAL|ACOSO_GENERO_IDENTIDAD|AMENAZA_DIRECTA,22.60 chunks de daño y 0.86 amenazas por video en el corpus base,70,,ampliacion_dano_20260727_lote2,2026-07-27T07:54:18-05:00
59,53QQGKobCpk,https://www.youtube.com/watch?v=53QQGKobCpk,RADIO HUEVADAS FT.  KING LEÓN,Hablando Huevadas,,3704.0,high_yield_channel,Hablando Huevadas,201,CONTENIDO_SEXUAL|ACOSO_GENERO_IDENTIDAD|AMENAZA_DIRECTA,22.60 chunks de daño y 0.86 amenazas por video en el corpus base,70,,ampliacion_dano_20260727_lote2,2026-07-27T07:54:18-05:00
60,PuDbgDK82Ng,https://www.youtube.com/watch?v=PuDbgDK82Ng,RADIO HUEVADAS FT. NICOLASA,Hablando Huevadas,,3165.0,high_yield_channel,Hablando Huevadas,202,CONTENIDO_SEXUAL|ACOSO_GENERO_IDENTIDAD|AMENAZA_DIRECTA,22.60 chunks de daño y 0.86 amenazas por video en el corpus base,70,,ampliacion_dano_20260727_lote2,2026-07-27T07:54:18-05:00
61,WVFtak_a8Is,https://www.youtube.com/watch?v=WVFtak_a8Is,RADIO HUEVADAS FT.  LOS SIBLINGS,Hablando Huevadas,,3607.0,high_yield_channel,Hablando Huevadas,203,CONTENIDO_SEXUAL|ACOSO_GENERO_IDENTIDAD|AMENAZA_DIRECTA,22.60 chunks de daño y 0.86 amenazas por video en el corpus base,70,,ampliacion_dano_20260727_lote2,2026-07-27T07:54:18-05:00
62,6resdgG2-bg,https://www.youtube.com/watch?v=6resdgG2-bg,RADIO HUEVADAS FT.  NATALIA MÁLAGA,Hablando Huevadas,,3026.0,high_yield_channel,Hablando Huevadas,204,CONTENIDO_SEXUAL|ACOSO_GENERO_IDENTIDAD|AMENAZA_DIRECTA,22.60 chunks de daño y 0.86 amenazas por video en el corpus base,70,,ampliacion_dano_20260727_lote2,2026-07-27T07:54:18-05:00
63,kTdfS_01kxk,https://www.youtube.com/watch?v=kTdfS_01kxk,HABLANDO HUEVADAS - Quinta Temporada [FIN DE TEMPORADA - FLUYENDO COMO UN MANATÍ],Hablando Huevadas,,5353.0,high_yield_channel,Hablando Huevadas,205,CONTENIDO_SEXUAL|ACOSO_GENERO_IDENTIDAD|AMENAZA_DIRECTA,22.60 chunks de daño y 0.86 amenazas por video en el corpus base,70,,ampliacion_dano_20260727_lote2,2026-07-27T07:54:18-05:00
64,oTEdbTLyBvc,https://www.youtube.com/watch?v=oTEdbTLyBvc,HABLANDO HUEVADAS - Quinta Temporada [JORGITO EN UN RESTAURANTE CARO],Hablando Huevadas,,5055.0,high_yield_channel,Hablando Huevadas,206,CONTENIDO_SEXUAL|ACOSO_GENERO_IDENTIDAD|AMENAZA_DIRECTA,22.60 chunks de daño y 0.86 amenazas por video en el corpus base,70,,ampliacion_dano_20260727_lote2,2026-07-27T07:54:18-05:00
65,HfKL2EcKfj4,https://www.youtube.com/watch?v=HfKL2EcKfj4,HABLANDO HUEVADAS - Quinta Temporada [ADIVINA QUIÉN ES ADOPTADO],Hablando Huevadas,,6113.0,high_yield_channel,Hablando Huevadas,207,CONTENIDO_SEXUAL|ACOSO_GENERO_IDENTIDAD|AMENAZA_DIRECTA,22.60 chunks de daño y 0.86 amenazas por video en el corpus base,70,,ampliacion_dano_20260727_lote2,2026-07-27T07:54:18-05:00
66,BI-O7F9Bwpc,https://www.youtube.com/watch?v=BI-O7F9Bwpc,HABLANDO HUEVADAS - Quinta Temporada [JORGE Y SU NUEVA HIJA SAMAHARA],Hablando Huevadas,,5145.0,high_yield_channel,Hablando Huevadas,208,CONTENIDO_SEXUAL|ACOSO_GENERO_IDENTIDAD|AMENAZA_DIRECTA,22.60 chunks de daño y 0.86 amenazas por video en el corpus base,70,,ampliacion_dano_20260727_lote2,2026-07-27T07:54:18-05:00
67,uMoqqrFWOmI,https://www.youtube.com/watch?v=uMoqqrFWOmI,HABLANDO HUEVADAS - Quinta Temporada [A RICHAVO LE VINO LA REGLA],Hablando Huevadas,,6017.0,high_yield_channel,Hablando Huevadas,209,CONTENIDO_SEXUAL|ACOSO_GENERO_IDENTIDAD|AMENAZA_DIRECTA,22.60 chunks de daño y 0.86 amenazas por video en el corpus base,70,,ampliacion_dano_20260727_lote2,2026-07-27T07:54:18-05:00
68,9SMKAFqPwSs,https://www.youtube.com/watch?v=9SMKAFqPwSs,HABLANDO HUEVADAS - Quinta Temporada [SE VENGA DE SU EX EN VIVO],Hablando Huevadas,,5767.0,high_yield_channel,Hablando Huevadas,210,CONTENIDO_SEXUAL|ACOSO_GENERO_IDENTIDAD|AMENAZA_DIRECTA,22.60 chunks de daño y 0.86 amenazas por video en el corpus base,70,,ampliacion_dano_20260727_lote2,2026-07-27T07:54:18-05:00
69,n-BBjJ9t7sQ,https://www.youtube.com/watch?v=n-BBjJ9t7sQ,HABLANDO HUEVADAS - Quinta Temporada [NOS HICIMOS UN TEST DE AUTISMO],Hablando Huevadas,,6114.0,high_yield_channel,Hablando Huevadas,211,CONTENIDO_SEXUAL|ACOSO_GENERO_IDENTIDAD|AMENAZA_DIRECTA,22.60 chunks de daño y 0.86 amenazas por video en el corpus base,70,,ampliacion_dano_20260727_lote2,2026-07-27T07:54:18-05:00
70,MIkhrxK1bR8,https://www.youtube.com/watch?v=MIkhrxK1bR8,HABLANDO HUEVADAS - Quinta Temporada [IQUITOS - MI ABUELA MATÓ A UN COCODRILO],Hablando Huevadas,,5654.0,high_yield_channel,Hablando Huevadas,212,CONTENIDO_SEXUAL|ACOSO_GENERO_IDENTIDAD|AMENAZA_DIRECTA,22.60 chunks de daño y 0.86 amenazas por video en el corpus base,70,,ampliacion_dano_20260727_lote2,2026-07-27T07:54:18-05:00
71,2Wq1Xe-43Dg,https://www.youtube.com/watch?v=2Wq1Xe-43Dg,EL FIN DE LOS DIBUJITOS | SERVICIO MILITAR OBLIGATORIO EN EL PERÚ #peru,Goblinciano,,485.0,high_yield_channel,Goblinciano,160,RACISMO_DISCRIMINACION|ACOSO_PERSONAL|AMENAZA_DIRECTA,9.82 chunks de daño y 0.58 amenazas por video en el corpus base,85,,ampliacion_dano_20260727_lote2,2026-07-27T07:54:18-05:00
72,kq-coUFAOXY,https://www.youtube.com/watch?v=kq-coUFAOXY,HORA DE ENFRIAR A LOS ANGELITOS #peru,Goblinciano,,285.0,high_yield_channel,Goblinciano,161,RACISMO_DISCRIMINACION|ACOSO_PERSONAL|AMENAZA_DIRECTA,9.82 chunks de daño y 0.58 amenazas por video en el corpus base,85,,ampliacion_dano_20260727_lote2,2026-07-27T07:54:18-05:00
73,ctJxsSex-8w,https://www.youtube.com/watch?v=ctJxsSex-8w,"PATITO LO QUE HACES POR DINERO Y VISITAS, PALTEAS 🦆🥑 #peru",Goblinciano,,494.0,high_yield_channel,Goblinciano,162,RACISMO_DISCRIMINACION|ACOSO_PERSONAL|AMENAZA_DIRECTA,9.82 chunks de daño y 0.58 amenazas por video en el corpus base,85,,ampliacion_dano_20260727_lote2,2026-07-27T07:54:18-05:00
74,rAOZdG2FvgU,https://www.youtube.com/watch?v=rAOZdG2FvgU,ES EL FIN DE CUEVA  #peru #cueva,Goblinciano,,495.0,high_yield_channel,Goblinciano,163,RACISMO_DISCRIMINACION|ACOSO_PERSONAL|AMENAZA_DIRECTA,9.82 chunks de daño y 0.58 amenazas por video en el corpus base,85,,ampliacion_dano_20260727_lote2,2026-07-27T07:54:18-05:00
75,3Zlik7hJgw8,https://www.youtube.com/watch?v=3Zlik7hJgw8,SACA TODA TU PLATA HACKEARON APU3STO TOTAL #peru,Goblinciano,,484.0,high_yield_channel,Goblinciano,164,RACISMO_DISCRIMINACION|ACOSO_PERSONAL|AMENAZA_DIRECTA,9.82 chunks de daño y 0.58 amenazas por video en el corpus base,85,,ampliacion_dano_20260727_lote2,2026-07-27T07:54:18-05:00
76,fsUzI_7ZvVE,https://www.youtube.com/watch?v=fsUzI_7ZvVE,EL PEOR SETUP PERUANO #peru,Goblinciano,,888.0,high_yield_channel,Goblinciano,165,RACISMO_DISCRIMINACION|ACOSO_PERSONAL|AMENAZA_DIRECTA,9.82 chunks de daño y 0.58 amenazas por video en el corpus base,85,,ampliacion_dano_20260727_lote2,2026-07-27T07:54:18-05:00
77,o-cSio_FhBY,https://www.youtube.com/watch?v=o-cSio_FhBY,Two Cholos in London | Vlog with Fanodric,Goblinciano,,1518.0,high_yield_channel,Goblinciano,166,RACISMO_DISCRIMINACION|ACOSO_PERSONAL|AMENAZA_DIRECTA,9.82 chunks de daño y 0.58 amenazas por video en el corpus base,85,,ampliacion_dano_20260727_lote2,2026-07-27T07:54:18-05:00
78,PAf7a3r8PnI,https://www.youtube.com/watch?v=PAf7a3r8PnI,NOS AGARRAN DE CHOLOS DENUEVO #peru #trujillo,Goblinciano,,540.0,high_yield_channel,Goblinciano,167,RACISMO_DISCRIMINACION|ACOSO_PERSONAL|AMENAZA_DIRECTA,9.82 chunks de daño y 0.58 amenazas por video en el corpus base,85,,ampliacion_dano_20260727_lote2,2026-07-27T07:54:18-05:00
79,zmtxrsjWOkY,https://www.youtube.com/watch?v=zmtxrsjWOkY,"LO PERDI TODO, MILEI ES UN ESTOFADOR #peru",Goblinciano,,509.0,high_yield_channel,Goblinciano,168,RACISMO_DISCRIMINACION|ACOSO_PERSONAL|AMENAZA_DIRECTA,9.82 chunks de daño y 0.58 amenazas por video en el corpus base,85,,ampliacion_dano_20260727_lote2,2026-07-27T07:54:18-05:00
80,TJAExSLooQY,https://www.youtube.com/watch?v=TJAExSLooQY,SE SALE EL RIO RIMAC  #peru,Goblinciano,,484.0,high_yield_channel,Goblinciano,169,RACISMO_DISCRIMINACION|ACOSO_PERSONAL|AMENAZA_DIRECTA,9.82 chunks de daño y 0.58 amenazas por video en el corpus base,85,,ampliacion_dano_20260727_lote2,2026-07-27T07:54:18-05:00
81,8JUn4rCsg7c,https://www.youtube.com/watch?v=8JUn4rCsg7c,"ANSICHAN IS FOUNDED BY PERUVIANS | IT'S TIME TO LIFT YOUR HEADS, DRAWINGS... #peru",Goblinciano,,484.0,high_yield_channel,Goblinciano,170,RACISMO_DISCRIMINACION|ACOSO_PERSONAL|AMENAZA_DIRECTA,9.82 chunks de daño y 0.58 amenazas por video en el corpus base,85,,ampliacion_dano_20260727_lote2,2026-07-27T07:54:18-05:00
82,24pmw-SQxDA,https://www.youtube.com/watch?v=24pmw-SQxDA,QUEDASTE COMO UN GILAZO CURWEN XDDD #peru,Goblinciano,,554.0,high_yield_channel,Goblinciano,171,RACISMO_DISCRIMINACION|ACOSO_PERSONAL|AMENAZA_DIRECTA,9.82 chunks de daño y 0.58 amenazas por video en el corpus base,85,,ampliacion_dano_20260727_lote2,2026-07-27T07:54:18-05:00
83,LzUPcRkSeyY,https://www.youtube.com/watch?v=LzUPcRkSeyY,FIN DEL SUEÑO AMERICANO #peru,Goblinciano,,490.0,high_yield_channel,Goblinciano,172,RACISMO_DISCRIMINACION|ACOSO_PERSONAL|AMENAZA_DIRECTA,9.82 chunks de daño y 0.58 amenazas por video en el corpus base,85,,ampliacion_dano_20260727_lote2,2026-07-27T07:54:18-05:00
84,-85lY7T09W4,https://www.youtube.com/watch?v=-85lY7T09W4,ADIOS AMIGO DODITO VAS A PERDER... | Dodo vs Dafonseka #peru,Goblinciano,,1036.0,high_yield_channel,Goblinciano,173,RACISMO_DISCRIMINACION|ACOSO_PERSONAL|AMENAZA_DIRECTA,9.82 chunks de daño y 0.58 amenazas por video en el corpus base,85,,ampliacion_dano_20260727_lote2,2026-07-27T07:54:18-05:00
85,c2OIf6tihjI,https://www.youtube.com/watch?v=c2OIf6tihjI,f por la wawita  #peru,Goblinciano,,438.0,high_yield_channel,Goblinciano,174,RACISMO_DISCRIMINACION|ACOSO_PERSONAL|AMENAZA_DIRECTA,9.82 chunks de daño y 0.58 amenazas por video en el corpus base,85,,ampliacion_dano_20260727_lote2,2026-07-27T07:54:18-05:00
86,4ECLg3nIN2E,https://www.youtube.com/watch?v=4ECLg3nIN2E,BIEN CRJO! SE SALVO EL PERÚ! | PERU ES CLAVE 2026 #peru,Goblinciano,,499.0,high_yield_channel,Goblinciano,175,RACISMO_DISCRIMINACION|ACOSO_PERSONAL|AMENAZA_DIRECTA,9.82 chunks de daño y 0.58 amenazas por video en el corpus base,85,,ampliacion_dano_20260727_lote2,2026-07-27T07:54:18-05:00
87,D44ymVIWkNA,https://www.youtube.com/watch?v=D44ymVIWkNA,"AL FINAL NO SALIO MAKANAKY ,NO PUDO HACER NADA XD #peru",Goblinciano,,490.0,high_yield_channel,Goblinciano,176,RACISMO_DISCRIMINACION|ACOSO_PERSONAL|AMENAZA_DIRECTA,9.82 chunks de daño y 0.58 amenazas por video en el corpus base,85,,ampliacion_dano_20260727_lote2,2026-07-27T07:54:18-05:00
88,wBG4py5rT3c,https://www.youtube.com/watch?v=wBG4py5rT3c,CRISTORATA SALE EN ATV  #peru,Goblinciano,,498.0,high_yield_channel,Goblinciano,177,RACISMO_DISCRIMINACION|ACOSO_PERSONAL|AMENAZA_DIRECTA,9.82 chunks de daño y 0.58 amenazas por video en el corpus base,85,,ampliacion_dano_20260727_lote2,2026-07-27T07:54:18-05:00
89,WGNwwEKe1zc,https://www.youtube.com/watch?v=WGNwwEKe1zc,GRACIAS TRUMP,Goblinciano,,512.0,high_yield_channel,Goblinciano,178,RACISMO_DISCRIMINACION|ACOSO_PERSONAL|AMENAZA_DIRECTA,9.82 chunks de daño y 0.58 amenazas por video en el corpus base,85,,ampliacion_dano_20260727_lote2,2026-07-27T07:54:18-05:00
90,Z3jNyj0i2sQ,https://www.youtube.com/watch?v=Z3jNyj0i2sQ,ESTE VIDEO NO SIRVE YA VOLVIO TIKTOK XD #peru,Goblinciano,,485.0,high_yield_channel,Goblinciano,179,RACISMO_DISCRIMINACION|ACOSO_PERSONAL|AMENAZA_DIRECTA,9.82 chunks de daño y 0.58 amenazas por video en el corpus base,85,,ampliacion_dano_20260727_lote2,2026-07-27T07:54:18-05:00
91,i8ig_9DXXMk,https://www.youtube.com/watch?v=i8ig_9DXXMk,LA PUCP ES CANCELADA POR SU VIRGEN MARIA TRABA #peru #pucp,Goblinciano,,504.0,high_yield_channel,Goblinciano,180,RACISMO_DISCRIMINACION|ACOSO_PERSONAL|AMENAZA_DIRECTA,9.82 chunks de daño y 0.58 amenazas por video en el corpus base,85,,ampliacion_dano_20260727_lote2,2026-07-27T07:54:18-05:00
92,OA91k_uuKmg,https://www.youtube.com/watch?v=OA91k_uuKmg,CRISTORATA ES BANEADO DE KICK POR GILAZO #peru,Goblinciano,,519.0,high_yield_channel,Goblinciano,181,RACISMO_DISCRIMINACION|ACOSO_PERSONAL|AMENAZA_DIRECTA,9.82 chunks de daño y 0.58 amenazas por video en el corpus base,85,,ampliacion_dano_20260727_lote2,2026-07-27T07:54:18-05:00
93,0T29-JUV7d8,https://www.youtube.com/watch?v=0T29-JUV7d8,LIMPIADORA DE GAMPIS EN EL CONGRESO 🤑 | CASO ISABEL CAJO #peru,Goblinciano,,516.0,high_yield_channel,Goblinciano,182,RACISMO_DISCRIMINACION|ACOSO_PERSONAL|AMENAZA_DIRECTA,9.82 chunks de daño y 0.58 amenazas por video en el corpus base,85,,ampliacion_dano_20260727_lote2,2026-07-27T07:54:18-05:00
94,GxZkZTSwqaw,https://www.youtube.com/watch?v=GxZkZTSwqaw,DIBUJITOS HACKERS ME ENFRIARON EN RENIEC #peru,Goblinciano,,497.0,high_yield_channel,Goblinciano,183,RACISMO_DISCRIMINACION|ACOSO_PERSONAL|AMENAZA_DIRECTA,9.82 chunks de daño y 0.58 amenazas por video en el corpus base,85,,ampliacion_dano_20260727_lote2,2026-07-27T07:54:18-05:00
95,JkfeyF3j1ts,https://www.youtube.com/watch?v=JkfeyF3j1ts,LOS STREAMERS PERUANOS SON EXPUESTOS 🤔 | AQUI LAS PRUEBAS... #peru #streamer,Goblinciano,,606.0,high_yield_channel,Goblinciano,184,RACISMO_DISCRIMINACION|ACOSO_PERSONAL|AMENAZA_DIRECTA,9.82 chunks de daño y 0.58 amenazas por video en el corpus base,85,,ampliacion_dano_20260727_lote2,2026-07-27T07:54:18-05:00
96,BCtyCJOm2rc,https://www.youtube.com/watch?v=BCtyCJOm2rc,EMERG3NC1A NUEVO V1RUS CHINO...NOS VAN A ENCERRAR DENUEVO #peru,Goblinciano,,493.0,high_yield_channel,Goblinciano,185,RACISMO_DISCRIMINACION|ACOSO_PERSONAL|AMENAZA_DIRECTA,9.82 chunks de daño y 0.58 amenazas por video en el corpus base,85,,ampliacion_dano_20260727_lote2,2026-07-27T07:54:18-05:00
97,42i7CXzCBqQ,https://www.youtube.com/watch?v=42i7CXzCBqQ,SE ACABÓ CHAMOS...LE PEDIAN 10 MIL SOLES DE CUPO 🥶  #peru,Goblinciano,,482.0,high_yield_channel,Goblinciano,186,RACISMO_DISCRIMINACION|ACOSO_PERSONAL|AMENAZA_DIRECTA,9.82 chunks de daño y 0.58 amenazas por video en el corpus base,85,,ampliacion_dano_20260727_lote2,2026-07-27T07:54:18-05:00
98,4UvD8wARhUY,https://www.youtube.com/watch?v=4UvD8wARhUY,⠀⠀⠀⠀⠀⠀⠀⠀⠀⠀⠀⠀⠀⠀⠀⠀⠀⠀,Goblinciano,,509.0,high_yield_channel,Goblinciano,187,RACISMO_DISCRIMINACION|ACOSO_PERSONAL|AMENAZA_DIRECTA,9.82 chunks de daño y 0.58 amenazas por video en el corpus base,85,,ampliacion_dano_20260727_lote2,2026-07-27T07:54:18-05:00
99,kWjky2IeUF0,https://www.youtube.com/watch?v=kWjky2IeUF0,VUELA ALTO VIZCARRA | ADIOS LAGARTO 🕊️  #peru #vizcarra,Goblinciano,,607.0,high_yield_channel,Goblinciano,188,RACISMO_DISCRIMINACION|ACOSO_PERSONAL|AMENAZA_DIRECTA,9.82 chunks de daño y 0.58 amenazas por video en el corpus base,85,,ampliacion_dano_20260727_lote2,2026-07-27T07:54:18-05:00
100,0pY2bbfBqig,https://www.youtube.com/watch?v=0pY2bbfBqig,SI APAREZCO FRIO POR ESTE VIDEO ES CULPA DEL GOBIERNO #peru,Goblinciano,,483.0,high_yield_channel,Goblinciano,189,RACISMO_DISCRIMINACION|ACOSO_PERSONAL|AMENAZA_DIRECTA,9.82 chunks de daño y 0.58 amenazas por video en el corpus base,85,,ampliacion_dano_20260727_lote2,2026-07-27T07:54:18-05:00
101,GGDbPtmi-Ck,https://www.youtube.com/watch?v=GGDbPtmi-Ck,NIÑOS PERUANOS COMEN COMIDA PARA PERRO | CASO QALIWARMA #peru,Goblinciano,,496.0,high_yield_channel,Goblinciano,190,RACISMO_DISCRIMINACION|ACOSO_PERSONAL|AMENAZA_DIRECTA,9.82 chunks de daño y 0.58 amenazas por video en el corpus base,85,,ampliacion_dano_20260727_lote2,2026-07-27T07:54:18-05:00
102,hxQsq66Fe4s,https://www.youtube.com/watch?v=hxQsq66Fe4s,LE METIERON 60 PEPAS PARA SILENCIARLA | CASO ANDREA VIDAL Y LAS PUT4S EN EL CONGRESO PERUANO #peru,Goblinciano,,528.0,high_yield_channel,Goblinciano,191,RACISMO_DISCRIMINACION|ACOSO_PERSONAL|AMENAZA_DIRECTA,9.82 chunks de daño y 0.58 amenazas por video en el corpus base,85,,ampliacion_dano_20260727_lote2,2026-07-27T07:54:18-05:00
103,FUyEdVCW38Y,https://www.youtube.com/watch?v=FUyEdVCW38Y,POBRE SMASH PIPIPI #peru,Goblinciano,,540.0,high_yield_channel,Goblinciano,192,RACISMO_DISCRIMINACION|ACOSO_PERSONAL|AMENAZA_DIRECTA,9.82 chunks de daño y 0.58 amenazas por video en el corpus base,85,,ampliacion_dano_20260727_lote2,2026-07-27T07:54:18-05:00
104,pOU_Hnz7h3E,https://www.youtube.com/watch?v=pOU_Hnz7h3E,EL MONSTRUO DE PUNO 🥶  #peru #puno,Goblinciano,,513.0,high_yield_channel,Goblinciano,193,RACISMO_DISCRIMINACION|ACOSO_PERSONAL|AMENAZA_DIRECTA,9.82 chunks de daño y 0.58 amenazas por video en el corpus base,85,,ampliacion_dano_20260727_lote2,2026-07-27T07:54:18-05:00
105,rZTxpQoKMZU,https://www.youtube.com/watch?v=rZTxpQoKMZU,EL LADO OSCURO DE THREADS #peru,Goblinciano,,598.0,high_yield_channel,Goblinciano,194,RACISMO_DISCRIMINACION|ACOSO_PERSONAL|AMENAZA_DIRECTA,9.82 chunks de daño y 0.58 amenazas por video en el corpus base,85,,ampliacion_dano_20260727_lote2,2026-07-27T07:54:18-05:00
106,9MVMtK90vvA,https://www.youtube.com/watch?v=9MVMtK90vvA,DAS VERGÜENZA ANIS SAMANEZ  🤡 #peru,Goblinciano,,530.0,high_yield_channel,Goblinciano,195,RACISMO_DISCRIMINACION|ACOSO_PERSONAL|AMENAZA_DIRECTA,9.82 chunks de daño y 0.58 amenazas por video en el corpus base,85,,ampliacion_dano_20260727_lote2,2026-07-27T07:54:18-05:00
107,nz5YcAK_j2Y,https://www.youtube.com/watch?v=nz5YcAK_j2Y,HAGAMOS UNA CHOCOLATADA 2024 #peru,Goblinciano,,574.0,high_yield_channel,Goblinciano,196,RACISMO_DISCRIMINACION|ACOSO_PERSONAL|AMENAZA_DIRECTA,9.82 chunks de daño y 0.58 amenazas por video en el corpus base,85,,ampliacion_dano_20260727_lote2,2026-07-27T07:54:18-05:00
108,Xj1Js4Pm8cA,https://www.youtube.com/watch?v=Xj1Js4Pm8cA,PAIS SIN FUTURO ☠️ | LA DELINCUENCIA EN EL PERU SE SALE DE CONTROL #peru,Goblinciano,,507.0,high_yield_channel,Goblinciano,197,RACISMO_DISCRIMINACION|ACOSO_PERSONAL|AMENAZA_DIRECTA,9.82 chunks de daño y 0.58 amenazas por video en el corpus base,85,,ampliacion_dano_20260727_lote2,2026-07-27T07:54:18-05:00
109,ls0wrYO1Ty8,https://www.youtube.com/watch?v=ls0wrYO1Ty8,UN TRABA SE KCHÓ A LA CHILINDRINA HUACHANA | VIDEO FILTRADO NO LO VEAN #peru #noticias,Goblinciano,,502.0,high_yield_channel,Goblinciano,198,RACISMO_DISCRIMINACION|ACOSO_PERSONAL|AMENAZA_DIRECTA,9.82 chunks de daño y 0.58 amenazas por video en el corpus base,85,,ampliacion_dano_20260727_lote2,2026-07-27T07:54:18-05:00
110,2XV4oTIrvfQ,https://www.youtube.com/watch?v=2XV4oTIrvfQ,ME VAN A SILENCIAR POR ESTE VIDEO PIPIPI | ¡CASO EDWIN CONDORI NUEVAS PRUEBAS! #peru #noticias,Goblinciano,,540.0,high_yield_channel,Goblinciano,199,RACISMO_DISCRIMINACION|ACOSO_PERSONAL|AMENAZA_DIRECTA,9.82 chunks de daño y 0.58 amenazas por video en el corpus base,85,,ampliacion_dano_20260727_lote2,2026-07-27T07:54:18-05:00
111,5o8NgnEe3gQ,https://www.youtube.com/watch?v=5o8NgnEe3gQ,LA POLICIA NACIONAL DEL PERU ES UNA M....ERDA | CASO SHEYLA CONDOR #peru,Goblinciano,,700.0,high_yield_channel,Goblinciano,200,RACISMO_DISCRIMINACION|ACOSO_PERSONAL|AMENAZA_DIRECTA,9.82 chunks de daño y 0.58 amenazas por video en el corpus base,85,,ampliacion_dano_20260727_lote2,2026-07-27T07:54:18-05:00
112,70chqJ6iiAk,https://www.youtube.com/watch?v=70chqJ6iiAk,PERU NUEVA POTENCIA MUNDIAL GRACIAS A CHINA | SE INAUGURO EL MEGAPUERTO DE CHANCAY #peru #chancay,Goblinciano,,481.0,high_yield_channel,Goblinciano,201,RACISMO_DISCRIMINACION|ACOSO_PERSONAL|AMENAZA_DIRECTA,9.82 chunks de daño y 0.58 amenazas por video en el corpus base,85,,ampliacion_dano_20260727_lote2,2026-07-27T07:54:18-05:00
113,kFi4ZL4_UMg,https://www.youtube.com/watch?v=kFi4ZL4_UMg,Las mujeres son especiales #trump #peru,Goblinciano,,483.0,high_yield_channel,Goblinciano,202,RACISMO_DISCRIMINACION|ACOSO_PERSONAL|AMENAZA_DIRECTA,9.82 chunks de daño y 0.58 amenazas por video en el corpus base,85,,ampliacion_dano_20260727_lote2,2026-07-27T07:54:18-05:00
114,y5JoND_lmD0,https://www.youtube.com/watch?v=y5JoND_lmD0,ARGENTINA ES MUY CARO PARA UN PERUANITO #argentina #peru,Goblinciano,,550.0,high_yield_channel,Goblinciano,203,RACISMO_DISCRIMINACION|ACOSO_PERSONAL|AMENAZA_DIRECTA,9.82 chunks de daño y 0.58 amenazas por video en el corpus base,85,,ampliacion_dano_20260727_lote2,2026-07-27T07:54:18-05:00
115,DBNSte5j3kk,https://www.youtube.com/watch?v=DBNSte5j3kk,UNA VERGÜENZA #peru #noticias,Goblinciano,,484.0,high_yield_channel,Goblinciano,204,RACISMO_DISCRIMINACION|ACOSO_PERSONAL|AMENAZA_DIRECTA,9.82 chunks de daño y 0.58 amenazas por video en el corpus base,85,,ampliacion_dano_20260727_lote2,2026-07-27T07:54:18-05:00
116,LwL4kZivoIQ,https://www.youtube.com/watch?v=LwL4kZivoIQ,GANO DONALD TRUMP Y LO LLOR4N LOS PROGRES #trump #peru,Goblinciano,,503.0,high_yield_channel,Goblinciano,205,RACISMO_DISCRIMINACION|ACOSO_PERSONAL|AMENAZA_DIRECTA,9.82 chunks de daño y 0.58 amenazas por video en el corpus base,85,,ampliacion_dano_20260727_lote2,2026-07-27T07:54:18-05:00
117,gHBi_H7-63w,https://www.youtube.com/watch?v=gHBi_H7-63w,ADIOS GILAZO DAAAA,Goblinciano,,513.0,high_yield_channel,Goblinciano,206,RACISMO_DISCRIMINACION|ACOSO_PERSONAL|AMENAZA_DIRECTA,9.82 chunks de daño y 0.58 amenazas por video en el corpus base,85,,ampliacion_dano_20260727_lote2,2026-07-27T07:54:18-05:00
118,nzoIHwfan_w,https://www.youtube.com/watch?v=nzoIHwfan_w,HACKEARON INTERBANK SACA TODO TU DINERO #interbank #peru,Goblinciano,,484.0,high_yield_channel,Goblinciano,207,RACISMO_DISCRIMINACION|ACOSO_PERSONAL|AMENAZA_DIRECTA,9.82 chunks de daño y 0.58 amenazas por video en el corpus base,85,,ampliacion_dano_20260727_lote2,2026-07-27T07:54:18-05:00
119,zYD1whssXUc,https://www.youtube.com/watch?v=zYD1whssXUc,"SE ACABO TU CARRERA,ES TU FIN DIEALIS #peru",Goblinciano,,558.0,high_yield_channel,Goblinciano,208,RACISMO_DISCRIMINACION|ACOSO_PERSONAL|AMENAZA_DIRECTA,9.82 chunks de daño y 0.58 amenazas por video en el corpus base,85,,ampliacion_dano_20260727_lote2,2026-07-27T07:54:18-05:00
120,Knmn1L5R7X4,https://www.youtube.com/watch?v=Knmn1L5R7X4,DIEALIS ERES MALA PERSONA.,Goblinciano,,571.0,high_yield_channel,Goblinciano,209,RACISMO_DISCRIMINACION|ACOSO_PERSONAL|AMENAZA_DIRECTA,9.82 chunks de daño y 0.58 amenazas por video en el corpus base,85,,ampliacion_dano_20260727_lote2,2026-07-27T07:54:18-05:00
121,_Eg_qYyC4ZE,https://www.youtube.com/watch?v=_Eg_qYyC4ZE,EL FRACASO DEL PARO NACIONAL #peru,Goblinciano,,490.0,high_yield_channel,Goblinciano,210,RACISMO_DISCRIMINACION|ACOSO_PERSONAL|AMENAZA_DIRECTA,9.82 chunks de daño y 0.58 amenazas por video en el corpus base,85,,ampliacion_dano_20260727_lote2,2026-07-27T07:54:18-05:00
122,U-x205F7ISc,https://www.youtube.com/watch?v=U-x205F7ISc,UN SIN CODIGOS #peru #noticias,Goblinciano,,487.0,high_yield_channel,Goblinciano,211,RACISMO_DISCRIMINACION|ACOSO_PERSONAL|AMENAZA_DIRECTA,9.82 chunks de daño y 0.58 amenazas por video en el corpus base,85,,ampliacion_dano_20260727_lote2,2026-07-27T07:54:18-05:00
123,drWV21sNO_8,https://www.youtube.com/watch?v=drWV21sNO_8,HE CATCHED US AS CHOLOS | THE VAGUITO STOCK #peru,Goblinciano,,490.0,high_yield_channel,Goblinciano,212,RACISMO_DISCRIMINACION|ACOSO_PERSONAL|AMENAZA_DIRECTA,9.82 chunks de daño y 0.58 amenazas por video en el corpus base,85,,ampliacion_dano_20260727_lote2,2026-07-27T07:54:18-05:00
124,mqZyYe-LSfY,https://www.youtube.com/watch?v=mqZyYe-LSfY,Estudien sonsos. #peru,Goblinciano,,529.0,high_yield_channel,Goblinciano,213,RACISMO_DISCRIMINACION|ACOSO_PERSONAL|AMENAZA_DIRECTA,9.82 chunks de daño y 0.58 amenazas por video en el corpus base,85,,ampliacion_dano_20260727_lote2,2026-07-27T07:54:18-05:00
125,9JratEFkfJM,https://www.youtube.com/watch?v=9JratEFkfJM,CHAMOS ENFRIARON A MOTOTAXISTA POR NO PAGAR 2 SOLES DE CUPO #peru,Goblinciano,,534.0,high_yield_channel,Goblinciano,214,RACISMO_DISCRIMINACION|ACOSO_PERSONAL|AMENAZA_DIRECTA,9.82 chunks de daño y 0.58 amenazas por video en el corpus base,85,,ampliacion_dano_20260727_lote2,2026-07-27T07:54:18-05:00
126,DTkSnCiPCto,https://www.youtube.com/watch?v=DTkSnCiPCto,JAJAJA BOTARON A ANTAURO DE SU PARTIDO | EL PERU SE SALVA #peru #noticias,Goblinciano,,549.0,high_yield_channel,Goblinciano,215,RACISMO_DISCRIMINACION|ACOSO_PERSONAL|AMENAZA_DIRECTA,9.82 chunks de daño y 0.58 amenazas por video en el corpus base,85,,ampliacion_dano_20260727_lote2,2026-07-27T07:54:18-05:00
127,ajT5zgS7FQ0,https://www.youtube.com/watch?v=ajT5zgS7FQ0,SOY UN WEBONAZO APOSTE POR URUGUAY | PERU 1-0 URUGUAY #peru #uruguay,Goblinciano,,495.0,high_yield_channel,Goblinciano,216,RACISMO_DISCRIMINACION|ACOSO_PERSONAL|AMENAZA_DIRECTA,9.82 chunks de daño y 0.58 amenazas por video en el corpus base,85,,ampliacion_dano_20260727_lote2,2026-07-27T07:54:18-05:00
128,SMgCz0SnrAw,https://www.youtube.com/watch?v=SMgCz0SnrAw,NO DEBI IR A LA RINCONADA PIPIPI #peru #rinconada,Goblinciano,,1056.0,high_yield_channel,Goblinciano,217,RACISMO_DISCRIMINACION|ACOSO_PERSONAL|AMENAZA_DIRECTA,9.82 chunks de daño y 0.58 amenazas por video en el corpus base,85,,ampliacion_dano_20260727_lote2,2026-07-27T07:54:18-05:00
129,vb0to0S6YzQ,https://www.youtube.com/watch?v=vb0to0S6YzQ,EL PERU ES DE LOS VENEZOLANOS ☠️ #peru #venezolanos,Goblinciano,,539.0,high_yield_channel,Goblinciano,218,RACISMO_DISCRIMINACION|ACOSO_PERSONAL|AMENAZA_DIRECTA,9.82 chunks de daño y 0.58 amenazas por video en el corpus base,85,,ampliacion_dano_20260727_lote2,2026-07-27T07:54:18-05:00
130,GyWg_BnHaRY,https://www.youtube.com/watch?v=GyWg_BnHaRY,POBRE JUSTIN BIEBER PIPIPI #peru #noticias,Goblinciano,,508.0,high_yield_channel,Goblinciano,219,RACISMO_DISCRIMINACION|ACOSO_PERSONAL|AMENAZA_DIRECTA,9.82 chunks de daño y 0.58 amenazas por video en el corpus base,85,,ampliacion_dano_20260727_lote2,2026-07-27T07:54:18-05:00
131,Rkcu_1by6g8,https://www.youtube.com/watch?v=Rkcu_1by6g8,SE JOD1O EL OREJAS FLORES... | ¿CASO CHIBOLIN LO COMPROMETE? #peru,Goblinciano,,510.0,high_yield_channel,Goblinciano,220,RACISMO_DISCRIMINACION|ACOSO_PERSONAL|AMENAZA_DIRECTA,9.82 chunks de daño y 0.58 amenazas por video en el corpus base,85,,ampliacion_dano_20260727_lote2,2026-07-27T07:54:18-05:00
132,A5MagrAAV0M,https://www.youtube.com/watch?v=A5MagrAAV0M,VAS A CAER CERRON #peru,Goblinciano,,483.0,high_yield_channel,Goblinciano,221,RACISMO_DISCRIMINACION|ACOSO_PERSONAL|AMENAZA_DIRECTA,9.82 chunks de daño y 0.58 amenazas por video en el corpus base,85,,ampliacion_dano_20260727_lote2,2026-07-27T07:54:18-05:00
133,rV3Ai7HhEuQ,https://www.youtube.com/watch?v=rV3Ai7HhEuQ,EL FIN DE LAS BODEGAS EN PERU #peru #noticias,Goblinciano,,491.0,high_yield_channel,Goblinciano,222,RACISMO_DISCRIMINACION|ACOSO_PERSONAL|AMENAZA_DIRECTA,9.82 chunks de daño y 0.58 amenazas por video en el corpus base,85,,ampliacion_dano_20260727_lote2,2026-07-27T07:54:18-05:00
134,jStrxiuF_Hw,https://www.youtube.com/watch?v=jStrxiuF_Hw,THE FAILURE OF THE 2024 PERU TELETHON | NO ONE DONATES ANYMORE #peru #news,Goblinciano,,508.0,high_yield_channel,Goblinciano,223,RACISMO_DISCRIMINACION|ACOSO_PERSONAL|AMENAZA_DIRECTA,9.82 chunks de daño y 0.58 amenazas por video en el corpus base,85,,ampliacion_dano_20260727_lote2,2026-07-27T07:54:18-05:00
135,pVEKkruC2iQ,https://www.youtube.com/watch?v=pVEKkruC2iQ,GRACIAS CHINO. #peru #fujimori,Goblinciano,,483.0,high_yield_channel,Goblinciano,224,RACISMO_DISCRIMINACION|ACOSO_PERSONAL|AMENAZA_DIRECTA,9.82 chunks de daño y 0.58 amenazas por video en el corpus base,85,,ampliacion_dano_20260727_lote2,2026-07-27T07:54:18-05:00
136,qz_q_NgS9CI,https://www.youtube.com/watch?v=qz_q_NgS9CI,PAYASA SIN TITULO 🤡 | MAGALY NO ES PERIODISTA  #peru #magalytv #vivo,Goblinciano,,600.0,high_yield_channel,Goblinciano,225,RACISMO_DISCRIMINACION|ACOSO_PERSONAL|AMENAZA_DIRECTA,9.82 chunks de daño y 0.58 amenazas por video en el corpus base,85,,ampliacion_dano_20260727_lote2,2026-07-27T07:54:18-05:00
137,Mlb67tBg9RA,https://www.youtube.com/watch?v=Mlb67tBg9RA,CHIBOLIN ES UN HUEVONAZ0 | ¡SE QUIERE ESCAPAR! #peru #noticias,Goblinciano,,519.0,high_yield_channel,Goblinciano,226,RACISMO_DISCRIMINACION|ACOSO_PERSONAL|AMENAZA_DIRECTA,9.82 chunks de daño y 0.58 amenazas por video en el corpus base,85,,ampliacion_dano_20260727_lote2,2026-07-27T07:54:18-05:00
138,e3q9HpBHFTI,https://www.youtube.com/watch?v=e3q9HpBHFTI,SE KACH4RON A MAKANAKY | UN TRABA LE SACO EL LOCRO VIDEO FILTRADO #peru,Goblinciano,,498.0,high_yield_channel,Goblinciano,227,RACISMO_DISCRIMINACION|ACOSO_PERSONAL|AMENAZA_DIRECTA,9.82 chunks de daño y 0.58 amenazas por video en el corpus base,85,,ampliacion_dano_20260727_lote2,2026-07-27T07:54:18-05:00
139,eJvUG2NEOU4,https://www.youtube.com/watch?v=eJvUG2NEOU4,ESTO ES MALO...AUMENTAN SUELDO MINIMO A 1500 SOLES #peru #noticias,Goblinciano,,525.0,high_yield_channel,Goblinciano,228,RACISMO_DISCRIMINACION|ACOSO_PERSONAL|AMENAZA_DIRECTA,9.82 chunks de daño y 0.58 amenazas por video en el corpus base,85,,ampliacion_dano_20260727_lote2,2026-07-27T07:54:18-05:00
140,9mc2AWSDYzM,https://www.youtube.com/watch?v=9mc2AWSDYzM,ADIOS CHAMOS 🥺 #peru #venezolanos,Goblinciano,,504.0,high_yield_channel,Goblinciano,229,RACISMO_DISCRIMINACION|ACOSO_PERSONAL|AMENAZA_DIRECTA,9.82 chunks de daño y 0.58 amenazas por video en el corpus base,85,,ampliacion_dano_20260727_lote2,2026-07-27T07:54:18-05:00
141,l27N-UZwU30,https://www.youtube.com/watch?v=l27N-UZwU30,COMO ESTAFAN A LOS ALIANCISTAS XD #peru,Goblinciano,,495.0,high_yield_channel,Goblinciano,230,RACISMO_DISCRIMINACION|ACOSO_PERSONAL|AMENAZA_DIRECTA,9.82 chunks de daño y 0.58 amenazas por video en el corpus base,85,,ampliacion_dano_20260727_lote2,2026-07-27T07:54:18-05:00
142,-zfLgFCWd8s,https://www.youtube.com/watch?v=-zfLgFCWd8s,ME BANEARON PIPIPI,Goblinciano,,481.0,high_yield_channel,Goblinciano,231,RACISMO_DISCRIMINACION|ACOSO_PERSONAL|AMENAZA_DIRECTA,9.82 chunks de daño y 0.58 amenazas por video en el corpus base,85,,ampliacion_dano_20260727_lote2,2026-07-27T07:54:18-05:00
143,-5YuleqzULo,https://www.youtube.com/watch?v=-5YuleqzULo,MOVISTAR ES PARA KCHEROS | CHICA DE MOVISTAR ENTREGA SU POT1T0 EL NUEVO DUO,Goblinciano,,506.0,high_yield_channel,Goblinciano,232,RACISMO_DISCRIMINACION|ACOSO_PERSONAL|AMENAZA_DIRECTA,9.82 chunks de daño y 0.58 amenazas por video en el corpus base,85,,ampliacion_dano_20260727_lote2,2026-07-27T07:54:18-05:00
144,qD0C9hh3krI,https://www.youtube.com/watch?v=qD0C9hh3krI,PIDO PERDON CUEVA ES INOCENTE ME RETRACTO | SE FILTRA VIDEO COMPLETO #peru #cueva,Goblinciano,,509.0,high_yield_channel,Goblinciano,233,RACISMO_DISCRIMINACION|ACOSO_PERSONAL|AMENAZA_DIRECTA,9.82 chunks de daño y 0.58 amenazas por video en el corpus base,85,,ampliacion_dano_20260727_lote2,2026-07-27T07:54:18-05:00
145,bSPnzJeLz_8,https://www.youtube.com/watch?v=bSPnzJeLz_8,CUEVA A LA CARCEL | ¡DENUNCIADO POR PEGALON! #peru,Goblinciano,,466.0,high_yield_channel,Goblinciano,234,RACISMO_DISCRIMINACION|ACOSO_PERSONAL|AMENAZA_DIRECTA,9.82 chunks de daño y 0.58 amenazas por video en el corpus base,85,,ampliacion_dano_20260727_lote2,2026-07-27T07:54:18-05:00
146,-eEg_SFJYy0,https://www.youtube.com/watch?v=-eEg_SFJYy0,LOS AREQUIPEÑOS NO SON PERUANOS #peru,Goblinciano,,443.0,high_yield_channel,Goblinciano,235,RACISMO_DISCRIMINACION|ACOSO_PERSONAL|AMENAZA_DIRECTA,9.82 chunks de daño y 0.58 amenazas por video en el corpus base,85,,ampliacion_dano_20260727_lote2,2026-07-27T07:54:18-05:00
147,yCWWnQ6KEtc,https://www.youtube.com/watch?v=yCWWnQ6KEtc,CUEVA IS A BIG DUMB GUY | HE RUINED HIS CAREER AT 32 #peru,Goblinciano,,469.0,high_yield_channel,Goblinciano,236,RACISMO_DISCRIMINACION|ACOSO_PERSONAL|AMENAZA_DIRECTA,9.82 chunks de daño y 0.58 amenazas por video en el corpus base,85,,ampliacion_dano_20260727_lote2,2026-07-27T07:54:18-05:00
148,frQHSc4x7_c,https://www.youtube.com/watch?v=frQHSc4x7_c,SCHOOLS THE DAN PAL1ZA TO LADRON | JULIANA OXENFORD CRYS 😭 #peru #news,Goblinciano,,438.0,high_yield_channel,Goblinciano,237,RACISMO_DISCRIMINACION|ACOSO_PERSONAL|AMENAZA_DIRECTA,9.82 chunks de daño y 0.58 amenazas por video en el corpus base,85,,ampliacion_dano_20260727_lote2,2026-07-27T07:54:18-05:00
149,S9gJd5SmVoA,https://www.youtube.com/watch?v=S9gJd5SmVoA,¡QUE P3NDEJOS! 35 MIL DOLARES POR UNA ENTRADA | HABLANDO HUEVADAS EN EL MADISON SQUARE GARDEN #peru,Goblinciano,,482.0,high_yield_channel,Goblinciano,238,RACISMO_DISCRIMINACION|ACOSO_PERSONAL|AMENAZA_DIRECTA,9.82 chunks de daño y 0.58 amenazas por video en el corpus base,85,,ampliacion_dano_20260727_lote2,2026-07-27T07:54:18-05:00
150,xxnRgi-p9lk,https://www.youtube.com/watch?v=xxnRgi-p9lk,SICK WITH MRD😨 #peru,Goblinciano,,442.0,high_yield_channel,Goblinciano,239,RACISMO_DISCRIMINACION|ACOSO_PERSONAL|AMENAZA_DIRECTA,9.82 chunks de daño y 0.58 amenazas por video en el corpus base,85,,ampliacion_dano_20260727_lote2,2026-07-27T07:54:18-05:00
151,pVNiBcbMvI8,https://www.youtube.com/watch?v=pVNiBcbMvI8,PAOLO GUERRERO ES UN HUEVONAZO | ARRUINO SU CARRERA... #peru,Goblinciano,,443.0,high_yield_channel,Goblinciano,240,RACISMO_DISCRIMINACION|ACOSO_PERSONAL|AMENAZA_DIRECTA,9.82 chunks de daño y 0.58 amenazas por video en el corpus base,85,,ampliacion_dano_20260727_lote2,2026-07-27T07:54:18-05:00
152,gZe9QDJTZck,https://www.youtube.com/watch?v=gZe9QDJTZck,BOLIVIANOS SIN GAS NI DÓLARES #peru #noticias,Goblinciano,,449.0,high_yield_channel,Goblinciano,241,RACISMO_DISCRIMINACION|ACOSO_PERSONAL|AMENAZA_DIRECTA,9.82 chunks de daño y 0.58 amenazas por video en el corpus base,85,,ampliacion_dano_20260727_lote2,2026-07-27T07:54:18-05:00
153,WkmZXAaz1-A,https://www.youtube.com/watch?v=WkmZXAaz1-A,VEGANOS VS MESSI XD,Goblinciano,,537.0,high_yield_channel,Goblinciano,242,RACISMO_DISCRIMINACION|ACOSO_PERSONAL|AMENAZA_DIRECTA,9.82 chunks de daño y 0.58 amenazas por video en el corpus base,85,,ampliacion_dano_20260727_lote2,2026-07-27T07:54:18-05:00
154,eC9RqvSkyQs,https://www.youtube.com/watch?v=eC9RqvSkyQs,URGENTE NOS CAGAR0N A TODOS #peru #noticias,Goblinciano,,496.0,high_yield_channel,Goblinciano,243,RACISMO_DISCRIMINACION|ACOSO_PERSONAL|AMENAZA_DIRECTA,9.82 chunks de daño y 0.58 amenazas por video en el corpus base,85,,ampliacion_dano_20260727_lote2,2026-07-27T07:54:18-05:00
155,OvFp8QRrEGo,https://www.youtube.com/watch?v=OvFp8QRrEGo,ANONYMOUS FILTRA TODO | MADURO ES UN ENFERM1TO #venezolanos #venezuela,Goblinciano,,426.0,high_yield_channel,Goblinciano,244,RACISMO_DISCRIMINACION|ACOSO_PERSONAL|AMENAZA_DIRECTA,9.82 chunks de daño y 0.58 amenazas por video en el corpus base,85,,ampliacion_dano_20260727_lote2,2026-07-27T07:54:18-05:00
156,J_YkmOYBTnM,https://www.youtube.com/watch?v=J_YkmOYBTnM,Cholo Juanito y Richard Douglas - Papeles Hablan (Vol. 0),Juanito y Richard,,1243.0,high_yield_channel,Juanito y Richard,160,RACISMO_DISCRIMINACION|AMENAZA_DIRECTA,2.22 chunks de daño por video; máximo observado de 11 amenazas en un episodio,85,,ampliacion_dano_20260727_lote2,2026-07-27T07:54:18-05:00
157,J41hRSDIcVc,https://www.youtube.com/watch?v=J41hRSDIcVc,Cholo Juanito y Richard Douglas - Buscando Trabajo / Detrás De Cámaras (2014),Juanito y Richard,,523.0,high_yield_channel,Juanito y Richard,161,RACISMO_DISCRIMINACION|AMENAZA_DIRECTA,2.22 chunks de daño por video; máximo observado de 11 amenazas en un episodio,85,,ampliacion_dano_20260727_lote2,2026-07-27T07:54:18-05:00
158,OSNSO-1mQk0,https://www.youtube.com/watch?v=OSNSO-1mQk0,Cholo Juanito y Richard Douglas - Inicio Del Show (Vol. 2),Juanito y Richard,,277.0,high_yield_channel,Juanito y Richard,162,RACISMO_DISCRIMINACION|AMENAZA_DIRECTA,2.22 chunks de daño por video; máximo observado de 11 amenazas en un episodio,85,,ampliacion_dano_20260727_lote2,2026-07-27T07:54:18-05:00
159,KlPv7tarWzU,https://www.youtube.com/watch?v=KlPv7tarWzU,Cholo Juanito y Richard Douglas - Bienvenida a Bolivia (Vol. 2),Juanito y Richard,,459.0,high_yield_channel,Juanito y Richard,163,RACISMO_DISCRIMINACION|AMENAZA_DIRECTA,2.22 chunks de daño por video; máximo observado de 11 amenazas en un episodio,85,,ampliacion_dano_20260727_lote2,2026-07-27T07:54:18-05:00
160,szEBU_ojzJA,https://www.youtube.com/watch?v=szEBU_ojzJA,Cholo Juanito y Richard Douglas - Clases de Baile (Vol. 2),Juanito y Richard,,246.0,high_yield_channel,Juanito y Richard,164,RACISMO_DISCRIMINACION|AMENAZA_DIRECTA,2.22 chunks de daño por video; máximo observado de 11 amenazas en un episodio,85,,ampliacion_dano_20260727_lote2,2026-07-27T07:54:18-05:00
161,wxKgt0JPAgc,https://www.youtube.com/watch?v=wxKgt0JPAgc,Cholo Juanito y Richard Douglas - Baile Mi Cuñadita / Volumen 2 Oficial,Juanito y Richard,,621.0,high_yield_channel,Juanito y Richard,165,RACISMO_DISCRIMINACION|AMENAZA_DIRECTA,2.22 chunks de daño por video; máximo observado de 11 amenazas en un episodio,85,,ampliacion_dano_20260727_lote2,2026-07-27T07:54:18-05:00
162,aBWrLviYWXk,https://www.youtube.com/watch?v=aBWrLviYWXk,Cholo Juanito y Richard Douglas - El Hijo Pródigo (Vol. 2),Juanito y Richard,,1271.0,high_yield_channel,Juanito y Richard,166,RACISMO_DISCRIMINACION|AMENAZA_DIRECTA,2.22 chunks de daño por video; máximo observado de 11 amenazas en un episodio,85,,ampliacion_dano_20260727_lote2,2026-07-27T07:54:18-05:00
163,cSYGKoqUgwM,https://www.youtube.com/watch?v=cSYGKoqUgwM,Cholo Juanito y Richard Douglas - Hoy Me Iré / Detrás De Cámaras (2014),Juanito y Richard,,195.0,high_yield_channel,Juanito y Richard,167,RACISMO_DISCRIMINACION|AMENAZA_DIRECTA,2.22 chunks de daño por video; máximo observado de 11 amenazas en un episodio,85,,ampliacion_dano_20260727_lote2,2026-07-27T07:54:18-05:00
164,uZy7wIpPvKo,https://www.youtube.com/watch?v=uZy7wIpPvKo,🦈(CLIP) Pescaditos - Cholo Juanito y Richard Douglas ¡Tiburón Cómeme! Los Pescadores (2020),Juanito y Richard,,97.0,high_yield_channel,Juanito y Richard,168,RACISMO_DISCRIMINACION|AMENAZA_DIRECTA,2.22 chunks de daño por video; máximo observado de 11 amenazas en un episodio,85,,ampliacion_dano_20260727_lote2,2026-07-27T07:54:18-05:00
165,XWgJlXnMOdo,https://www.youtube.com/watch?v=XWgJlXnMOdo,Cholo Juanito y Richard Douglas - Mijael / Vol. 10,Juanito y Richard,,387.0,high_yield_channel,Juanito y Richard,169,RACISMO_DISCRIMINACION|AMENAZA_DIRECTA,2.22 chunks de daño por video; máximo observado de 11 amenazas en un episodio,85,,ampliacion_dano_20260727_lote2,2026-07-27T07:54:18-05:00
166,7ovSndxL-t4,https://www.youtube.com/watch?v=7ovSndxL-t4,Cholo Juanito y Richard Douglas - Nunca Cambies (Vol. 9),Juanito y Richard,,797.0,high_yield_channel,Juanito y Richard,170,RACISMO_DISCRIMINACION|AMENAZA_DIRECTA,2.22 chunks de daño por video; máximo observado de 11 amenazas en un episodio,85,,ampliacion_dano_20260727_lote2,2026-07-27T07:54:18-05:00
167,V8_k9fOkeDs,https://www.youtube.com/watch?v=V8_k9fOkeDs,La EX del Cholo Juanito (Completo) Yarita Lizeth Yanarico,Juanito y Richard,,1760.0,high_yield_channel,Juanito y Richard,171,RACISMO_DISCRIMINACION|AMENAZA_DIRECTA,2.22 chunks de daño por video; máximo observado de 11 amenazas en un episodio,85,,ampliacion_dano_20260727_lote2,2026-07-27T07:54:18-05:00
168,B2PHGOe5l4U,https://www.youtube.com/watch?v=B2PHGOe5l4U,Cholo Juanito y Richard Douglas - Detrás De Cámaras Volumen 10,Juanito y Richard,,210.0,high_yield_channel,Juanito y Richard,172,RACISMO_DISCRIMINACION|AMENAZA_DIRECTA,2.22 chunks de daño por video; máximo observado de 11 amenazas en un episodio,85,,ampliacion_dano_20260727_lote2,2026-07-27T07:54:18-05:00
169,ZsZiRzbt8QQ,https://www.youtube.com/watch?v=ZsZiRzbt8QQ,Cholo Juanito y Richard Douglas - Inocencia / Vol. 10,Juanito y Richard,,201.0,high_yield_channel,Juanito y Richard,173,RACISMO_DISCRIMINACION|AMENAZA_DIRECTA,2.22 chunks de daño por video; máximo observado de 11 amenazas en un episodio,85,,ampliacion_dano_20260727_lote2,2026-07-27T07:54:18-05:00
170,k8w1oibIpXQ,https://www.youtube.com/watch?v=k8w1oibIpXQ,Cholo Juanito y Richard Douglas - Vol. 10 Completo Oficial,Juanito y Richard,,3301.0,high_yield_channel,Juanito y Richard,174,RACISMO_DISCRIMINACION|AMENAZA_DIRECTA,2.22 chunks de daño por video; máximo observado de 11 amenazas en un episodio,85,,ampliacion_dano_20260727_lote2,2026-07-27T07:54:18-05:00
171,3v-nL5wAwxI,https://www.youtube.com/watch?v=3v-nL5wAwxI,Cholo Juanito y Richard Douglas - Perfume Alpaca Fashion (Vol. 10),Juanito y Richard,,544.0,high_yield_channel,Juanito y Richard,175,RACISMO_DISCRIMINACION|AMENAZA_DIRECTA,2.22 chunks de daño por video; máximo observado de 11 amenazas en un episodio,85,,ampliacion_dano_20260727_lote2,2026-07-27T07:54:18-05:00
172,qUAkI-PzT8w,https://www.youtube.com/watch?v=qUAkI-PzT8w,Cholo Juanito y Richard Douglas - Revelación De Machos (Vol. 10),Juanito y Richard,,800.0,high_yield_channel,Juanito y Richard,176,RACISMO_DISCRIMINACION|AMENAZA_DIRECTA,2.22 chunks de daño por video; máximo observado de 11 amenazas en un episodio,85,,ampliacion_dano_20260727_lote2,2026-07-27T07:54:18-05:00
173,eHMYZsNsLR0,https://www.youtube.com/watch?v=eHMYZsNsLR0,🤣 Juanito y Richard - Las Mandonas (Vol. 10),Juanito y Richard,,646.0,high_yield_channel,Juanito y Richard,177,RACISMO_DISCRIMINACION|AMENAZA_DIRECTA,2.22 chunks de daño por video; máximo observado de 11 amenazas en un episodio,85,,ampliacion_dano_20260727_lote2,2026-07-27T07:54:18-05:00
174,yJHQ927qgN4,https://www.youtube.com/watch?v=yJHQ927qgN4,Cholo Juanito y Richard Douglas - Mi Pobre Vecino (Vol. 10),Juanito y Richard,,862.0,high_yield_channel,Juanito y Richard,178,RACISMO_DISCRIMINACION|AMENAZA_DIRECTA,2.22 chunks de daño por video; máximo observado de 11 amenazas en un episodio,85,,ampliacion_dano_20260727_lote2,2026-07-27T07:54:18-05:00
175,eGgH76r4dUI,https://www.youtube.com/watch?v=eGgH76r4dUI,Cholo Juanito y Richard Douglas - Volumen 10 (Tráiler Oficial),Juanito y Richard,,76.0,high_yield_channel,Juanito y Richard,179,RACISMO_DISCRIMINACION|AMENAZA_DIRECTA,2.22 chunks de daño por video; máximo observado de 11 amenazas en un episodio,85,,ampliacion_dano_20260727_lote2,2026-07-27T07:54:18-05:00
176,GXPts3nPIv8,https://www.youtube.com/watch?v=GXPts3nPIv8,Cholo Juanito y Richard Douglas - En Canchi Grande (En Vivo),Juanito y Richard,,6989.0,high_yield_channel,Juanito y Richard,180,RACISMO_DISCRIMINACION|AMENAZA_DIRECTA,2.22 chunks de daño por video; máximo observado de 11 amenazas en un episodio,85,,ampliacion_dano_20260727_lote2,2026-07-27T07:54:18-05:00
177,5JYGnDqPDdk,https://www.youtube.com/watch?v=5JYGnDqPDdk,Cholo Juanito y Richard Douglas - La Rifa / La Vecindad,Juanito y Richard,,2659.0,high_yield_channel,Juanito y Richard,181,RACISMO_DISCRIMINACION|AMENAZA_DIRECTA,2.22 chunks de daño por video; máximo observado de 11 amenazas en un episodio,85,,ampliacion_dano_20260727_lote2,2026-07-27T07:54:18-05:00
178,yO-RcPkIpDc,https://www.youtube.com/watch?v=yO-RcPkIpDc,Cholo Juanito y Richard Douglas - Tocando Guitarra Bandurria,Juanito y Richard,,158.0,high_yield_channel,Juanito y Richard,182,RACISMO_DISCRIMINACION|AMENAZA_DIRECTA,2.22 chunks de daño por video; máximo observado de 11 amenazas en un episodio,85,,ampliacion_dano_20260727_lote2,2026-07-27T07:54:18-05:00
179,6fj0Ud_FlJc,https://www.youtube.com/watch?v=6fj0Ud_FlJc,Cholo Juanito y Richard Douglas - El Enamorado / La Vecindad,Juanito y Richard,,2737.0,high_yield_channel,Juanito y Richard,183,RACISMO_DISCRIMINACION|AMENAZA_DIRECTA,2.22 chunks de daño por video; máximo observado de 11 amenazas en un episodio,85,,ampliacion_dano_20260727_lote2,2026-07-27T07:54:18-05:00
180,VCsyRD5-T68,https://www.youtube.com/watch?v=VCsyRD5-T68,Cholo Juanito y Richard Douglas - El Fotógrafo / La Vecindad,Juanito y Richard,,2704.0,high_yield_channel,Juanito y Richard,184,RACISMO_DISCRIMINACION|AMENAZA_DIRECTA,2.22 chunks de daño por video; máximo observado de 11 amenazas en un episodio,85,,ampliacion_dano_20260727_lote2,2026-07-27T07:54:18-05:00
181,2oJyAFe26lM,https://www.youtube.com/watch?v=2oJyAFe26lM,Cholo Juanito y Richard Douglas - El Boxeador / La Vecindad,Juanito y Richard,,2921.0,high_yield_channel,Juanito y Richard,185,RACISMO_DISCRIMINACION|AMENAZA_DIRECTA,2.22 chunks de daño por video; máximo observado de 11 amenazas en un episodio,85,,ampliacion_dano_20260727_lote2,2026-07-27T07:54:18-05:00
182,a6ocaHSKaT0,https://www.youtube.com/watch?v=a6ocaHSKaT0,Cholo Juanito y Richard Douglas - Pronto el Vol. 10 / Pedro Paccha,Juanito y Richard,,320.0,high_yield_channel,Juanito y Richard,186,RACISMO_DISCRIMINACION|AMENAZA_DIRECTA,2.22 chunks de daño por video; máximo observado de 11 amenazas en un episodio,85,,ampliacion_dano_20260727_lote2,2026-07-27T07:54:18-05:00
183,UN3SzVHQhwg,https://www.youtube.com/watch?v=UN3SzVHQhwg,Keiko Fujimori introduces her daughter Kaori at massive campaign closing rally in Chiclayo | All ...,Arde Troya con Juliana Oxenford,,457.0,high_yield_channel,Arde Troya con Juliana Oxenford,131,ACOSO_PERSONAL|AMENAZA_DIRECTA,2.41 chunks de daño y 0.39 amenazas por video en el corpus base,55,,ampliacion_dano_20260727_lote2,2026-07-27T07:54:18-05:00
184,dhA1tFwvdT4,https://www.youtube.com/watch?v=dhA1tFwvdT4,PATRICIA DONAYRE REVEALS THE TRUE AUTHORITARIANISM OF FUERZA POPULAR | ARDE TROYA #interview,Arde Troya con Juliana Oxenford,,1579.0,high_yield_channel,Arde Troya con Juliana Oxenford,132,ACOSO_PERSONAL|AMENAZA_DIRECTA,2.41 chunks de daño y 0.39 amenazas por video en el corpus base,55,,ampliacion_dano_20260727_lote2,2026-07-27T07:54:18-05:00
185,0aTL8-dX3Nc,https://www.youtube.com/watch?v=0aTL8-dX3Nc,"TROY BURNS WITH JULIANA OXENFORD: PROGRAM FROM JUNE 4, 2026",Arde Troya con Juliana Oxenford,,5460.0,high_yield_channel,Arde Troya con Juliana Oxenford,133,ACOSO_PERSONAL|AMENAZA_DIRECTA,2.41 chunks de daño y 0.39 amenazas por video en el corpus base,55,,ampliacion_dano_20260727_lote2,2026-07-27T07:54:18-05:00
186,EcRpLNX0uSg,https://www.youtube.com/watch?v=EcRpLNX0uSg,Popular Liberty Party members resign after Rafael Belaunde's support for Keiko | All hell breaks ...,Arde Troya con Juliana Oxenford,,349.0,high_yield_channel,Arde Troya con Juliana Oxenford,134,ACOSO_PERSONAL|AMENAZA_DIRECTA,2.41 chunks de daño y 0.39 amenazas por video en el corpus base,55,,ampliacion_dano_20260727_lote2,2026-07-27T07:54:18-05:00
187,cyDWpwSzN5U,https://www.youtube.com/watch?v=cyDWpwSzN5U,WHAT DID LEYLA CHIHUAN DO FOR THE LGBTIQ+ COMMUNITY WHILE IN CONGRESS? | ALL HELL BREAKS LOOSE,Arde Troya con Juliana Oxenford,,539.0,high_yield_channel,Arde Troya con Juliana Oxenford,135,ACOSO_PERSONAL|AMENAZA_DIRECTA,2.41 chunks de daño y 0.39 amenazas por video en el corpus base,55,,ampliacion_dano_20260727_lote2,2026-07-27T07:54:18-05:00
188,llTsD_NEyY4,https://www.youtube.com/watch?v=llTsD_NEyY4,PERÚ PRIMERO SE UNE A SÁNCHEZ: ALEJANDRO SALAS NIEGA PACTO DE INDULTO PARA VIZCARRA | ARDE TROYA,Arde Troya con Juliana Oxenford,,1429.0,high_yield_channel,Arde Troya con Juliana Oxenford,136,ACOSO_PERSONAL|AMENAZA_DIRECTA,2.41 chunks de daño y 0.39 amenazas por video en el corpus base,55,,ampliacion_dano_20260727_lote2,2026-07-27T07:54:18-05:00
189,1q6rDaigN_U,https://www.youtube.com/watch?v=1q6rDaigN_U,"ARDE TROYA WITH JULIANA OXENFORD: JUNE 3, 2026 PROGRAM",Arde Troya con Juliana Oxenford,,5336.0,high_yield_channel,Arde Troya con Juliana Oxenford,137,ACOSO_PERSONAL|AMENAZA_DIRECTA,2.41 chunks de daño y 0.39 amenazas por video en el corpus base,55,,ampliacion_dano_20260727_lote2,2026-07-27T07:54:18-05:00
190,TuTP_jQmfs0,https://www.youtube.com/watch?v=TuTP_jQmfs0,EL RESPALDO DEL RECTOR DE LA UNI A ROBERTO SÁNCHEZ BUSCA CONSOLIDAR EL VOTO JOVEN | ARDE TROYA,Arde Troya con Juliana Oxenford,,303.0,high_yield_channel,Arde Troya con Juliana Oxenford,138,ACOSO_PERSONAL|AMENAZA_DIRECTA,2.41 chunks de daño y 0.39 amenazas por video en el corpus base,55,,ampliacion_dano_20260727_lote2,2026-07-27T07:54:18-05:00
191,e3kDOi8-hMw,https://www.youtube.com/watch?v=e3kDOi8-hMw,¡GOLPE DE TIMÓN! ROBERTO SÁNCHEZ CAMBIA SU PLAN DE GOBIERNO A CINCO DÍAS DEL BALOTAJE | ARDE TROYA,Arde Troya con Juliana Oxenford,,1712.0,high_yield_channel,Arde Troya con Juliana Oxenford,139,ACOSO_PERSONAL|AMENAZA_DIRECTA,2.41 chunks de daño y 0.39 amenazas por video en el corpus base,55,,ampliacion_dano_20260727_lote2,2026-07-27T07:54:18-05:00
192,C9Fii9WRrtc,https://www.youtube.com/watch?v=C9Fii9WRrtc,"RAFAEL BELAÚNDE CLARIFIES HIS SUPPORT FOR KEIKO: ""I DON'T WANT SÁNCHEZ TO WIN"" | ARDE TROYA #inte...",Arde Troya con Juliana Oxenford,,2138.0,high_yield_channel,Arde Troya con Juliana Oxenford,140,ACOSO_PERSONAL|AMENAZA_DIRECTA,2.41 chunks de daño y 0.39 amenazas por video en el corpus base,55,,ampliacion_dano_20260727_lote2,2026-07-27T07:54:18-05:00
193,wJkAuQPMZ1k,https://www.youtube.com/watch?v=wJkAuQPMZ1k,"ALL HELL BREAKS LOOSE WITH JULIANA OXENFORD: JUNE 2, 2026 PROGRAM",Arde Troya con Juliana Oxenford,,5845.0,high_yield_channel,Arde Troya con Juliana Oxenford,141,ACOSO_PERSONAL|AMENAZA_DIRECTA,2.41 chunks de daño y 0.39 amenazas por video en el corpus base,55,,ampliacion_dano_20260727_lote2,2026-07-27T07:54:18-05:00
194,_5tO5Vqi9ug,https://www.youtube.com/watch?v=_5tO5Vqi9ug,WE REVIEW THE NUMBERS FROM THE LAST ELECTIONS AS THE STREETS MOBILIZE | ALL HELL BURNS,Arde Troya con Juliana Oxenford,,1013.0,high_yield_channel,Arde Troya con Juliana Oxenford,142,ACOSO_PERSONAL|AMENAZA_DIRECTA,2.41 chunks de daño y 0.39 amenazas por video en el corpus base,55,,ampliacion_dano_20260727_lote2,2026-07-27T07:54:18-05:00
195,EHX6E-SPAS0,https://www.youtube.com/watch?v=EHX6E-SPAS0,JULIANA DESMENUZA LOS GOLPES BAJOS Y LAS CAÍDAS DE KEIKO Y ROBERTO SÁNCHEZ | ARDE TROYA,Arde Troya con Juliana Oxenford,,1884.0,high_yield_channel,Arde Troya con Juliana Oxenford,143,ACOSO_PERSONAL|AMENAZA_DIRECTA,2.41 chunks de daño y 0.39 amenazas por video en el corpus base,55,,ampliacion_dano_20260727_lote2,2026-07-27T07:54:18-05:00
196,wCQB1nL8tCk,https://www.youtube.com/watch?v=wCQB1nL8tCk,GLATZER TUESTA BREAKS DOWN THE STRATEGIES THAT DEFINED THE ENCOUNTER BETWEEN KEIKO AND SÁNCHEZ | ...,Arde Troya con Juliana Oxenford,,2288.0,high_yield_channel,Arde Troya con Juliana Oxenford,144,ACOSO_PERSONAL|AMENAZA_DIRECTA,2.41 chunks de daño y 0.39 amenazas por video en el corpus base,55,,ampliacion_dano_20260727_lote2,2026-07-27T07:54:18-05:00
197,nC3i3Xj2EH0,https://www.youtube.com/watch?v=nC3i3Xj2EH0,"TROY BURNS WITH JULIANA OXENFORD: PROGRAM FROM JUNE 1, 2026",Arde Troya con Juliana Oxenford,,5836.0,high_yield_channel,Arde Troya con Juliana Oxenford,145,ACOSO_PERSONAL|AMENAZA_DIRECTA,2.41 chunks de daño y 0.39 amenazas por video en el corpus base,55,,ampliacion_dano_20260727_lote2,2026-07-27T07:54:18-05:00
198,XCMeFDNa0mI,https://www.youtube.com/watch?v=XCMeFDNa0mI,SCANDAL IN THE EXECUTIVE BRANCH! BALCÁZAR UNDERMIZES THE JUSTICE SYSTEM AND ANNOUNCES PARDON FOR ...,Arde Troya con Juliana Oxenford,,378.0,high_yield_channel,Arde Troya con Juliana Oxenford,146,ACOSO_PERSONAL|AMENAZA_DIRECTA,2.41 chunks de daño y 0.39 amenazas por video en el corpus base,55,,ampliacion_dano_20260727_lote2,2026-07-27T07:54:18-05:00
199,aHqnc453FOI,https://www.youtube.com/watch?v=aHqnc453FOI,BREAKING NEWS! KEIKO FUJIMORI TAKES THE LEAD IN THE POLLS AND LEAVES ROBERTO SÁNCHEZ BEHIND,Arde Troya con Juliana Oxenford,,1066.0,high_yield_channel,Arde Troya con Juliana Oxenford,147,ACOSO_PERSONAL|AMENAZA_DIRECTA,2.41 chunks de daño y 0.39 amenazas por video en el corpus base,55,,ampliacion_dano_20260727_lote2,2026-07-27T07:54:18-05:00
200,4fVwt7Ngxqs,https://www.youtube.com/watch?v=4fVwt7Ngxqs,LUCIANO LÓPEZ EXPOSES THE CONSTITUTIONAL COURT AND WARNS THAT IMPEACHMENT REMAINS CONGRESS'S WEAPON,Arde Troya con Juliana Oxenford,,2022.0,high_yield_channel,Arde Troya con Juliana Oxenford,148,ACOSO_PERSONAL|AMENAZA_DIRECTA,2.41 chunks de daño y 0.39 amenazas por video en el corpus base,55,,ampliacion_dano_20260727_lote2,2026-07-27T07:54:18-05:00
201,Ml4BgVT3VW4,https://www.youtube.com/watch?v=Ml4BgVT3VW4,"TROY IS BURNING WITH JULIANA OXENFORD: PROGRAM OF MAY 29, 2026",Arde Troya con Juliana Oxenford,,5781.0,high_yield_channel,Arde Troya con Juliana Oxenford,149,ACOSO_PERSONAL|AMENAZA_DIRECTA,2.41 chunks de daño y 0.39 amenazas por video en el corpus base,55,,ampliacion_dano_20260727_lote2,2026-07-27T07:54:18-05:00
202,Rr6OE_tjBy4,https://www.youtube.com/watch?v=Rr6OE_tjBy4,'POPY' OLIVERA REAPPEARS AND IGNITES THE RUNOFF WITH ALLEGED 'EVIDENCE' OF FRAUD | ALL HELL BURNS,Arde Troya con Juliana Oxenford,,1699.0,high_yield_channel,Arde Troya con Juliana Oxenford,150,ACOSO_PERSONAL|AMENAZA_DIRECTA,2.41 chunks de daño y 0.39 amenazas por video en el corpus base,55,,ampliacion_dano_20260727_lote2,2026-07-27T07:54:18-05:00
203,Iyp4HdcnB5Y,https://www.youtube.com/watch?v=Iyp4HdcnB5Y,APARECE SUPUESTA V1CT1MA DEL PADRE OMAR | ARDE TROYA,Arde Troya con Juliana Oxenford,,963.0,high_yield_channel,Arde Troya con Juliana Oxenford,151,ACOSO_PERSONAL|AMENAZA_DIRECTA,2.41 chunks de daño y 0.39 amenazas por video en el corpus base,55,,ampliacion_dano_20260727_lote2,2026-07-27T07:54:18-05:00
204,0rVnt_-GVBs,https://www.youtube.com/watch?v=0rVnt_-GVBs,FRANCISCO TICLLA'S FAMILY LOCATES HIS CLANDESTINELY BURIED REMAINS | ALL HELL BREAKS LOOSE,Arde Troya con Juliana Oxenford,,377.0,high_yield_channel,Arde Troya con Juliana Oxenford,152,ACOSO_PERSONAL|AMENAZA_DIRECTA,2.41 chunks de daño y 0.39 amenazas por video en el corpus base,55,,ampliacion_dano_20260727_lote2,2026-07-27T07:54:18-05:00
205,78YZqZ8ofyc,https://www.youtube.com/watch?v=78YZqZ8ofyc,"ARDE TROYA WITH JULIANA OXENFORD: MAY 28, 2026 PROGRAM",Arde Troya con Juliana Oxenford,,6048.0,high_yield_channel,Arde Troya con Juliana Oxenford,153,ACOSO_PERSONAL|AMENAZA_DIRECTA,2.41 chunks de daño y 0.39 amenazas por video en el corpus base,55,,ampliacion_dano_20260727_lote2,2026-07-27T07:54:18-05:00
206,Vs3hzgYC2nA,https://www.youtube.com/watch?v=Vs3hzgYC2nA,"José Domingo Pérez blasts the National Youth Board: ""I have no confidence in you"" | All hell brea...",Arde Troya con Juliana Oxenford,,486.0,high_yield_channel,Arde Troya con Juliana Oxenford,154,ACOSO_PERSONAL|AMENAZA_DIRECTA,2.41 chunks de daño y 0.39 amenazas por video en el corpus base,55,,ampliacion_dano_20260727_lote2,2026-07-27T07:54:18-05:00
207,JWPpZustW8c,https://www.youtube.com/watch?v=JWPpZustW8c,'PORRO QUE LADRA' CORRE EL VELO DEL BALOTAJE Y DEFIENDE SU VOTO POR ROBERTO SÁNCHEZ | ARDE TROYA,Arde Troya con Juliana Oxenford,,1844.0,high_yield_channel,Arde Troya con Juliana Oxenford,155,ACOSO_PERSONAL|AMENAZA_DIRECTA,2.41 chunks de daño y 0.39 amenazas por video en el corpus base,55,,ampliacion_dano_20260727_lote2,2026-07-27T07:54:18-05:00
208,pFTUFMe7Vyg,https://www.youtube.com/watch?v=pFTUFMe7Vyg,Huancayo rejects Keiko during rally and denounces massive arrival of laptops | All hell breaks loose,Arde Troya con Juliana Oxenford,,576.0,high_yield_channel,Arde Troya con Juliana Oxenford,156,ACOSO_PERSONAL|AMENAZA_DIRECTA,2.41 chunks de daño y 0.39 amenazas por video en el corpus base,55,,ampliacion_dano_20260727_lote2,2026-07-27T07:54:18-05:00
209,ZoA7LBJ0kjk,https://www.youtube.com/watch?v=ZoA7LBJ0kjk,"ARDE TROYA WITH JULIANA OXENFORD: MAY 27, 2026 PROGRAM",Arde Troya con Juliana Oxenford,,5342.0,high_yield_channel,Arde Troya con Juliana Oxenford,157,ACOSO_PERSONAL|AMENAZA_DIRECTA,2.41 chunks de daño y 0.39 amenazas por video en el corpus base,55,,ampliacion_dano_20260727_lote2,2026-07-27T07:54:18-05:00
210,68SlYyzEPMU,https://www.youtube.com/watch?v=68SlYyzEPMU,"FUJIMORISM TREMBLES! DOMINGO PÉREZ ANNOUNCES LAWSUITS AGAINST BARBARÁN, MIKI TORRES, AND WILLIAMS",Arde Troya con Juliana Oxenford,,1373.0,high_yield_channel,Arde Troya con Juliana Oxenford,158,ACOSO_PERSONAL|AMENAZA_DIRECTA,2.41 chunks de daño y 0.39 amenazas por video en el corpus base,55,,ampliacion_dano_20260727_lote2,2026-07-27T07:54:18-05:00
211,_xx4dbZTayc,https://www.youtube.com/watch?v=_xx4dbZTayc,THE PLAN IS ADAPTING! SINESIO LÓPEZ REVEALS WHY JUNTOS POR EL PERÚ IS RECALCULATING ITS ROADMAP,Arde Troya con Juliana Oxenford,,1020.0,high_yield_channel,Arde Troya con Juliana Oxenford,159,ACOSO_PERSONAL|AMENAZA_DIRECTA,2.41 chunks de daño y 0.39 amenazas por video en el corpus base,55,,ampliacion_dano_20260727_lote2,2026-07-27T07:54:18-05:00
212,a_PSvIfeEzM,https://www.youtube.com/watch?v=a_PSvIfeEzM,Spokesperson for Together for Peru suffers strange robbery involving a police officer hours befor...,Arde Troya con Juliana Oxenford,,201.0,high_yield_channel,Arde Troya con Juliana Oxenford,160,ACOSO_PERSONAL|AMENAZA_DIRECTA,2.41 chunks de daño y 0.39 amenazas por video en el corpus base,55,,ampliacion_dano_20260727_lote2,2026-07-27T07:54:18-05:00
213,hLvIAIx5meg,https://www.youtube.com/watch?v=hLvIAIx5meg,"ARDE TROYA WITH JULIANA OXENFORD: MAY 26, 2026 PROGRAM",Arde Troya con Juliana Oxenford,,4693.0,high_yield_channel,Arde Troya con Juliana Oxenford,161,ACOSO_PERSONAL|AMENAZA_DIRECTA,2.41 chunks de daño y 0.39 amenazas por video en el corpus base,55,,ampliacion_dano_20260727_lote2,2026-07-27T07:54:18-05:00
214,RWT6yhvZU8w,https://www.youtube.com/watch?v=RWT6yhvZU8w,The debate raises more questions than answers and shows that the advisors weren't up to the task ...,Arde Troya con Juliana Oxenford,,2082.0,high_yield_channel,Arde Troya con Juliana Oxenford,162,ACOSO_PERSONAL|AMENAZA_DIRECTA,2.41 chunks de daño y 0.39 amenazas por video en el corpus base,55,,ampliacion_dano_20260727_lote2,2026-07-27T07:54:18-05:00
215,_A_snRjfn3Q,https://www.youtube.com/watch?v=_A_snRjfn3Q,EXCANDIDATOS QUE SE CORREN DEL BALOTAJE Y VAN POR EL VOTO VICIADO SON LINDADOS DE TIBIOS |ARDE TROYA,Arde Troya con Juliana Oxenford,,851.0,high_yield_channel,Arde Troya con Juliana Oxenford,163,ACOSO_PERSONAL|AMENAZA_DIRECTA,2.41 chunks de daño y 0.39 amenazas por video en el corpus base,55,,ampliacion_dano_20260727_lote2,2026-07-27T07:54:18-05:00
216,_yBUdn9k1Kg,https://www.youtube.com/watch?v=_yBUdn9k1Kg,"OSCAR DÍAZ WARNS: 'IF THESE ARE THE BEST EXPERTS, WE'RE IN TROUBLE | ARDE TROYA",Arde Troya con Juliana Oxenford,,1679.0,high_yield_channel,Arde Troya con Juliana Oxenford,164,ACOSO_PERSONAL|AMENAZA_DIRECTA,2.41 chunks de daño y 0.39 amenazas por video en el corpus base,55,,ampliacion_dano_20260727_lote2,2026-07-27T07:54:18-05:00
217,Dz__lmjYyt0,https://www.youtube.com/watch?v=Dz__lmjYyt0,"TROY IS BURNING WITH JULIANA OXENFORD: PROGRAM OF MAY 25, 2026",Arde Troya con Juliana Oxenford,,5591.0,high_yield_channel,Arde Troya con Juliana Oxenford,165,ACOSO_PERSONAL|AMENAZA_DIRECTA,2.41 chunks de daño y 0.39 amenazas por video en el corpus base,55,,ampliacion_dano_20260727_lote2,2026-07-27T07:54:18-05:00
218,oa-7mQlnb10,https://www.youtube.com/watch?v=oa-7mQlnb10,Podemos and APP restructure for elections | Acuña blames the press for his failure | All hell bre...,Arde Troya con Juliana Oxenford,,638.0,high_yield_channel,Arde Troya con Juliana Oxenford,166,ACOSO_PERSONAL|AMENAZA_DIRECTA,2.41 chunks de daño y 0.39 amenazas por video en el corpus base,55,,ampliacion_dano_20260727_lote2,2026-07-27T07:54:18-05:00
219,Dq8n1ehqcKc,https://www.youtube.com/watch?v=Dq8n1ehqcKc,MIKI TORRES REVELA EL VERDADERO TRABAJO DE FUERZA POPULAR PARA SACAR A CASTILLO | ARDE TROYA,Arde Troya con Juliana Oxenford,,424.0,high_yield_channel,Arde Troya con Juliana Oxenford,167,ACOSO_PERSONAL|AMENAZA_DIRECTA,2.41 chunks de daño y 0.39 amenazas por video en el corpus base,55,,ampliacion_dano_20260727_lote2,2026-07-27T07:54:18-05:00
220,2xeDS-8Uvz8,https://www.youtube.com/watch?v=2xeDS-8Uvz8,YONHY LESCANO JOINS ROBERTO SÁNCHEZ TO PREVENT KEIKO FROM CONTROLLING THE ENTIRE COUNTRY | ALL HE...,Arde Troya con Juliana Oxenford,,1963.0,high_yield_channel,Arde Troya con Juliana Oxenford,168,ACOSO_PERSONAL|AMENAZA_DIRECTA,2.41 chunks de daño y 0.39 amenazas por video en el corpus base,55,,ampliacion_dano_20260727_lote2,2026-07-27T07:54:18-05:00
221,zoycud5lPvY,https://www.youtube.com/watch?v=zoycud5lPvY,¿EL FUJIMORISMO CONTROLA EL CONGRESO? YONHY LESCANO LO REVELA #ArdeTroya,Arde Troya con Juliana Oxenford,,133.0,high_yield_channel,Arde Troya con Juliana Oxenford,169,ACOSO_PERSONAL|AMENAZA_DIRECTA,2.41 chunks de daño y 0.39 amenazas por video en el corpus base,55,,ampliacion_dano_20260727_lote2,2026-07-27T07:54:18-05:00
222,Y8sG1SuXYiw,https://www.youtube.com/watch?v=Y8sG1SuXYiw,"ARDE TROYA WITH JULIANA OXENFORD: MAY 22, 2026 PROGRAM",Arde Troya con Juliana Oxenford,,5526.0,high_yield_channel,Arde Troya con Juliana Oxenford,170,ACOSO_PERSONAL|AMENAZA_DIRECTA,2.41 chunks de daño y 0.39 amenazas por video en el corpus base,55,,ampliacion_dano_20260727_lote2,2026-07-27T07:54:18-05:00
223,oNv8ILygFz4,https://www.youtube.com/watch?v=oNv8ILygFz4,López Aliaga loses the election and continues to blame Gorriti for all his problems | All hell br...,Arde Troya con Juliana Oxenford,,789.0,high_yield_channel,Arde Troya con Juliana Oxenford,171,ACOSO_PERSONAL|AMENAZA_DIRECTA,2.41 chunks de daño y 0.39 amenazas por video en el corpus base,55,,ampliacion_dano_20260727_lote2,2026-07-27T07:54:18-05:00
224,T0z_bLuj5sQ,https://www.youtube.com/watch?v=T0z_bLuj5sQ,CARLOS BRUCE USES HIS OWN ADVISOR AS A TARGET TO TEST A NON-LETHAL WEAPON | ALL HELL BREAKS LOOSE,Arde Troya con Juliana Oxenford,,647.0,high_yield_channel,Arde Troya con Juliana Oxenford,172,ACOSO_PERSONAL|AMENAZA_DIRECTA,2.41 chunks de daño y 0.39 amenazas por video en el corpus base,55,,ampliacion_dano_20260727_lote2,2026-07-27T07:54:18-05:00
225,8_IH3ebxG8g,https://www.youtube.com/watch?v=8_IH3ebxG8g,Groups in Congress seek to eliminate femicide from the penal code | All hell breaks loose,Arde Troya con Juliana Oxenford,,1288.0,high_yield_channel,Arde Troya con Juliana Oxenford,173,ACOSO_PERSONAL|AMENAZA_DIRECTA,2.41 chunks de daño y 0.39 amenazas por video en el corpus base,55,,ampliacion_dano_20260727_lote2,2026-07-27T07:54:18-05:00
226,hsAOkQPmnXc,https://www.youtube.com/watch?v=hsAOkQPmnXc,"ARDE TROYA WITH JULIANA OXENFORD: MAY 21, 2026 PROGRAM",Arde Troya con Juliana Oxenford,,4544.0,high_yield_channel,Arde Troya con Juliana Oxenford,174,ACOSO_PERSONAL|AMENAZA_DIRECTA,2.41 chunks de daño y 0.39 amenazas por video en el corpus base,55,,ampliacion_dano_20260727_lote2,2026-07-27T07:54:18-05:00
227,awQ9mUnO90M,https://www.youtube.com/watch?v=awQ9mUnO90M,IS CONGRESS TRYING TO ELIMINATE THE CRIME OF FEMICIDE? #AllHellBreaksLoose #shorts,Arde Troya con Juliana Oxenford,,150.0,high_yield_channel,Arde Troya con Juliana Oxenford,175,ACOSO_PERSONAL|AMENAZA_DIRECTA,2.41 chunks de daño y 0.39 amenazas por video en el corpus base,55,,ampliacion_dano_20260727_lote2,2026-07-27T07:54:18-05:00
228,JwxXmOgXmhE,https://www.youtube.com/watch?v=JwxXmOgXmhE,The right wing is blackmailing Rafael López Aliaga to give his votes to Keiko | All hell is break...,Arde Troya con Juliana Oxenford,,678.0,high_yield_channel,Arde Troya con Juliana Oxenford,176,ACOSO_PERSONAL|AMENAZA_DIRECTA,2.41 chunks de daño y 0.39 amenazas por video en el corpus base,55,,ampliacion_dano_20260727_lote2,2026-07-27T07:54:18-05:00
229,hbsgCUTC8_w,https://www.youtube.com/watch?v=hbsgCUTC8_w,SANTIVÁÑEZ LOSES HIS SEAT AND IS ON THE ROCKS BEFORE THE JUSTICE SYSTEM | ALL HELL BREAKS OUT,Arde Troya con Juliana Oxenford,,350.0,high_yield_channel,Arde Troya con Juliana Oxenford,177,ACOSO_PERSONAL|AMENAZA_DIRECTA,2.41 chunks de daño y 0.39 amenazas por video en el corpus base,55,,ampliacion_dano_20260727_lote2,2026-07-27T07:54:18-05:00
230,lhLhQZ7m1Cg,https://www.youtube.com/watch?v=lhLhQZ7m1Cg,"Aguinaga criticized Rodríguez Cuadros' photo, and social media reminded him of Keiko with Chávez ...",Arde Troya con Juliana Oxenford,,167.0,high_yield_channel,Arde Troya con Juliana Oxenford,178,ACOSO_PERSONAL|AMENAZA_DIRECTA,2.41 chunks de daño y 0.39 amenazas por video en el corpus base,55,,ampliacion_dano_20260727_lote2,2026-07-27T07:54:18-05:00
231,RuQ7_67dduA,https://www.youtube.com/watch?v=RuQ7_67dduA,"TROUBLE IN TROY WITH JULIANA OXENFORD: MAY 20, 2026 PROGRAM",Arde Troya con Juliana Oxenford,,4795.0,high_yield_channel,Arde Troya con Juliana Oxenford,179,ACOSO_PERSONAL|AMENAZA_DIRECTA,2.41 chunks de daño y 0.39 amenazas por video en el corpus base,55,,ampliacion_dano_20260727_lote2,2026-07-27T07:54:18-05:00
232,jpItm0E4IV8,https://www.youtube.com/watch?v=jpItm0E4IV8,JULIANA OXENFORD INTERVIEWS FORMER CANDIDATE FIORELLA MOLINELLI #ArdeTroya #shorts,Arde Troya con Juliana Oxenford,,120.0,high_yield_channel,Arde Troya con Juliana Oxenford,180,ACOSO_PERSONAL|AMENAZA_DIRECTA,2.41 chunks de daño y 0.39 amenazas por video en el corpus base,55,,ampliacion_dano_20260727_lote2,2026-07-27T07:54:18-05:00
233,qiDB0VjI8Nw,https://www.youtube.com/watch?v=qiDB0VjI8Nw,REVEALED! WHAT DO THE CANDIDATES ON KEIKO AND SÁNCHEZ'S POLITICAL SHOWS DO AND HOW MUCH DO THEY E...,Arde Troya con Juliana Oxenford,,1427.0,high_yield_channel,Arde Troya con Juliana Oxenford,181,ACOSO_PERSONAL|AMENAZA_DIRECTA,2.41 chunks de daño y 0.39 amenazas por video en el corpus base,55,,ampliacion_dano_20260727_lote2,2026-07-27T07:54:18-05:00
234,UFqcf_5-VsM,https://www.youtube.com/watch?v=UFqcf_5-VsM,THE SILENCE IS BROKEN! FATHER OMAR MUST FACE JUSTICE OVER SEXUAL ASSAULT ALLEGATIONS,Arde Troya con Juliana Oxenford,,216.0,high_yield_channel,Arde Troya con Juliana Oxenford,182,ACOSO_PERSONAL|AMENAZA_DIRECTA,2.41 chunks de daño y 0.39 amenazas por video en el corpus base,55,,ampliacion_dano_20260727_lote2,2026-07-27T07:54:18-05:00
235,lfFcwEO-rRI,https://www.youtube.com/watch?v=lfFcwEO-rRI,SHE TOOK ADVANTAGE OF PPK! FIORELLA MOLINELLI BREAKS HER SILENCE | ALL HELL BURNS,Arde Troya con Juliana Oxenford,,1375.0,high_yield_channel,Arde Troya con Juliana Oxenford,183,ACOSO_PERSONAL|AMENAZA_DIRECTA,2.41 chunks de daño y 0.39 amenazas por video en el corpus base,55,,ampliacion_dano_20260727_lote2,2026-07-27T07:54:18-05:00
236,ILrDa-BlJa4,https://www.youtube.com/watch?v=ILrDa-BlJa4,"ARDE TROYA WITH JULIANA OXENFORD: MAY 19, 2026 EPISODE",Arde Troya con Juliana Oxenford,,5594.0,high_yield_channel,Arde Troya con Juliana Oxenford,184,ACOSO_PERSONAL|AMENAZA_DIRECTA,2.41 chunks de daño y 0.39 amenazas por video en el corpus base,55,,ampliacion_dano_20260727_lote2,2026-07-27T07:54:18-05:00
237,1CFJNWlCghE,https://www.youtube.com/watch?v=1CFJNWlCghE,PPK DOES NOT SUPPORT KEIKO IN THE SECOND ROUND AND EXPOSES HIS MANIPULATION STRATEGY | ALL HELL B...,Arde Troya con Juliana Oxenford,,970.0,high_yield_channel,Arde Troya con Juliana Oxenford,185,ACOSO_PERSONAL|AMENAZA_DIRECTA,2.41 chunks de daño y 0.39 amenazas por video en el corpus base,55,,ampliacion_dano_20260727_lote2,2026-07-27T07:54:18-05:00
238,AlXrm9fe-7M,https://www.youtube.com/watch?v=AlXrm9fe-7M,NUEVO FICHAJE EN GOOD FLORO,Todo Good,,63.0,high_yield_channel,Todo Good,114,ACOSO_PERSONAL|AMENAZA_DIRECTA,2.16 chunks de daño por video en el corpus base,40,,ampliacion_dano_20260727_lote2,2026-07-27T07:54:18-05:00
239,_SeLiMEpX3g,https://www.youtube.com/watch?v=_SeLiMEpX3g,Are López Aliaga's proposals viable? | He wants to quadruple the pension for those over 65 | Good...,Todo Good,,670.0,high_yield_channel,Todo Good,115,ACOSO_PERSONAL|AMENAZA_DIRECTA,2.16 chunks de daño por video en el corpus base,40,,ampliacion_dano_20260727_lote2,2026-07-27T07:54:18-05:00
240,ZJRDLPqqUs8,https://www.youtube.com/watch?v=ZJRDLPqqUs8,THE NEW ALL GOOD SHOW | OH MY GOOD,Todo Good,,120.0,high_yield_channel,Todo Good,116,ACOSO_PERSONAL|AMENAZA_DIRECTA,2.16 chunks de daño por video en el corpus base,40,,ampliacion_dano_20260727_lote2,2026-07-27T07:54:18-05:00
241,WpoM5S6SQsY,https://www.youtube.com/watch?v=WpoM5S6SQsY,"My childhood friend scammed me | I don't trust anyone anymore | Speak up, good.",Todo Good,,644.0,high_yield_channel,Todo Good,117,ACOSO_PERSONAL|AMENAZA_DIRECTA,2.16 chunks de daño por video en el corpus base,40,,ampliacion_dano_20260727_lote2,2026-07-27T07:54:18-05:00
242,zmPaz5iUNHk,https://www.youtube.com/watch?v=zmPaz5iUNHk,Congressman couldn't answer Fernando Llanos's question | New anti-influencer law? | Good speaks,Todo Good,,642.0,high_yield_channel,Todo Good,118,ACOSO_PERSONAL|AMENAZA_DIRECTA,2.16 chunks de daño por video en el corpus base,40,,ampliacion_dano_20260727_lote2,2026-07-27T07:54:18-05:00
243,_WpVQ9I97FA,https://www.youtube.com/watch?v=_WpVQ9I97FA,Furrey is addicted to his cell phone | How much time do they spend on screens? | Speak Good,Todo Good,,695.0,high_yield_channel,Todo Good,119,ACOSO_PERSONAL|AMENAZA_DIRECTA,2.16 chunks de daño por video en el corpus base,40,,ampliacion_dano_20260727_lote2,2026-07-27T07:54:18-05:00
244,c1kCBYk8jZU,https://www.youtube.com/watch?v=c1kCBYk8jZU,WILL NEW LAW CENSOR INFLUENCERS? | CONGRESS ATTACKS FREEDOM OF SPEECH | SPEAK GOOD,Todo Good,,602.0,high_yield_channel,Todo Good,120,ACOSO_PERSONAL|AMENAZA_DIRECTA,2.16 chunks de daño por video en el corpus base,40,,ampliacion_dano_20260727_lote2,2026-07-27T07:54:18-05:00
245,jhp5MEBhSKs,https://www.youtube.com/watch?v=jhp5MEBhSKs,CLIP Largo Horizontal,Todo Good,,835.0,high_yield_channel,Todo Good,121,ACOSO_PERSONAL|AMENAZA_DIRECTA,2.16 chunks de daño por video en el corpus base,40,,ampliacion_dano_20260727_lote2,2026-07-27T07:54:18-05:00
246,5h5jhxel8_c,https://www.youtube.com/watch?v=5h5jhxel8_c,CLIP Largo Horizontal 1,Todo Good,,768.0,high_yield_channel,Todo Good,122,ACOSO_PERSONAL|AMENAZA_DIRECTA,2.16 chunks de daño por video en el corpus base,40,,ampliacion_dano_20260727_lote2,2026-07-27T07:54:18-05:00
247,xvfbIJZS9ow,https://www.youtube.com/watch?v=xvfbIJZS9ow,Did Luigi Carbajal record a podcast in a hotel? | Pelao takes us to a hotel | Habla Good,Todo Good,,701.0,high_yield_channel,Todo Good,123,ACOSO_PERSONAL|AMENAZA_DIRECTA,2.16 chunks de daño por video en el corpus base,40,,ampliacion_dano_20260727_lote2,2026-07-27T07:54:18-05:00
248,F797vKtnyBQ,https://www.youtube.com/watch?v=F797vKtnyBQ,THE NEW STREAMING CHANNEL OF FORZA POPULAR | ROSANGELLA BARBARÁN ON STREAMING | SPEAK GOOD,Todo Good,,613.0,high_yield_channel,Todo Good,124,ACOSO_PERSONAL|AMENAZA_DIRECTA,2.16 chunks de daño por video en el corpus base,40,,ampliacion_dano_20260727_lote2,2026-07-27T07:54:18-05:00
249,zZEUkCYkXQE,https://www.youtube.com/watch?v=zZEUkCYkXQE,THE BEST DISTRICT TO LIVE IN LIMA? | DO YOU PREFER TO RENT OR BUY A HOUSE? | SPEAK GOOD,Todo Good,,746.0,high_yield_channel,Todo Good,125,ACOSO_PERSONAL|AMENAZA_DIRECTA,2.16 chunks de daño por video en el corpus base,40,,ampliacion_dano_20260727_lote2,2026-07-27T07:54:18-05:00
250,gFfdMKIzM0Q,https://www.youtube.com/watch?v=gFfdMKIzM0Q,"Does Paco Bazán owe alimony? | Paco Bazán apologizes for being ""taken out of context"" | HABLAGOOD",Todo Good,,756.0,high_yield_channel,Todo Good,126,ACOSO_PERSONAL|AMENAZA_DIRECTA,2.16 chunks de daño por video en el corpus base,40,,ampliacion_dano_20260727_lote2,2026-07-27T07:54:18-05:00
251,JIEU34-6IgI,https://www.youtube.com/watch?v=JIEU34-6IgI,Naruto and Shikamaru are the best friends | Top Best Friends in Anime | Good Chan,Todo Good,,1024.0,high_yield_channel,Todo Good,127,ACOSO_PERSONAL|AMENAZA_DIRECTA,2.16 chunks de daño por video en el corpus base,40,,ampliacion_dano_20260727_lote2,2026-07-27T07:54:18-05:00
252,vKcQkPdna1w,https://www.youtube.com/watch?v=vKcQkPdna1w,Social media users blame pedestrian | Accident in San Isidro | Good speaks,Todo Good,,624.0,high_yield_channel,Todo Good,128,ACOSO_PERSONAL|AMENAZA_DIRECTA,2.16 chunks de daño por video en el corpus base,40,,ampliacion_dano_20260727_lote2,2026-07-27T07:54:18-05:00
253,Pzf631DfsbI,https://www.youtube.com/watch?v=Pzf631DfsbI,"I CAN'T LOVE HIM, I'M GOING TO BREAK UP WITH HIM | GOOD FLORO",Todo Good,,647.0,high_yield_channel,Todo Good,129,ACOSO_PERSONAL|AMENAZA_DIRECTA,2.16 chunks de daño por video en el corpus base,40,,ampliacion_dano_20260727_lote2,2026-07-27T07:54:18-05:00
254,epmEhtJxxTg,https://www.youtube.com/watch?v=epmEhtJxxTg,I CAN'T STAND MY FUJIMORIST RELATIVE | GOOD FLORO,Todo Good,,401.0,high_yield_channel,Todo Good,130,ACOSO_PERSONAL|AMENAZA_DIRECTA,2.16 chunks de daño por video en el corpus base,40,,ampliacion_dano_20260727_lote2,2026-07-27T07:54:18-05:00
255,YXE_YyJ5KUs,https://www.youtube.com/watch?v=YXE_YyJ5KUs,PELAO VS TONINO | WE PLAY PAINTBALL WITH OUR LITTLE GOOD GUYS | ALL GOOD,Todo Good,,518.0,high_yield_channel,Todo Good,131,ACOSO_PERSONAL|AMENAZA_DIRECTA,2.16 chunks de daño por video en el corpus base,40,,ampliacion_dano_20260727_lote2,2026-07-27T07:54:18-05:00
256,DQC0z57GGCc,https://www.youtube.com/watch?v=DQC0z57GGCc,Was López Aliaga humiliated at CADE? | CADE debate on mining | Good speaks,Todo Good,,743.0,high_yield_channel,Todo Good,132,ACOSO_PERSONAL|AMENAZA_DIRECTA,2.16 chunks de daño por video en el corpus base,40,,ampliacion_dano_20260727_lote2,2026-07-27T07:54:18-05:00
257,S5NpDdkw4Bw,https://www.youtube.com/watch?v=S5NpDdkw4Bw,Horizontal Length,Todo Good,,648.0,high_yield_channel,Todo Good,133,ACOSO_PERSONAL|AMENAZA_DIRECTA,2.16 chunks de daño por video en el corpus base,40,,ampliacion_dano_20260727_lote2,2026-07-27T07:54:18-05:00
258,3qJqa7wkzsk,https://www.youtube.com/watch?v=3qJqa7wkzsk,Did Betsy Chavez dissolve the relationship between Mexico and Peru? | Good Speaks,Todo Good,,381.0,high_yield_channel,Todo Good,134,ACOSO_PERSONAL|AMENAZA_DIRECTA,2.16 chunks de daño por video en el corpus base,40,,ampliacion_dano_20260727_lote2,2026-07-27T07:54:18-05:00
259,Fc8u_a7STEs,https://www.youtube.com/watch?v=Fc8u_a7STEs,The TikToker Who Scammed People Out of More Than 1 Million Soles | Chriss Vanger Case | Speaks Ou...,Todo Good,,1296.0,high_yield_channel,Todo Good,135,ACOSO_PERSONAL|AMENAZA_DIRECTA,2.16 chunks de daño por video en el corpus base,40,,ampliacion_dano_20260727_lote2,2026-07-27T07:54:18-05:00
260,dg_5lMNn_0w,https://www.youtube.com/watch?v=dg_5lMNn_0w,Will Carlos Espá be President of Peru? | Best and Worst Presidential Candidates | Good Talks,Todo Good,,503.0,high_yield_channel,Todo Good,136,ACOSO_PERSONAL|AMENAZA_DIRECTA,2.16 chunks de daño por video en el corpus base,40,,ampliacion_dano_20260727_lote2,2026-07-27T07:54:18-05:00
261,Quoz6O1QPd4,https://www.youtube.com/watch?v=Quoz6O1QPd4,Is Keiko to Blame for the RENIEC Leak? | Good Speaks,Todo Good,,464.0,high_yield_channel,Todo Good,137,ACOSO_PERSONAL|AMENAZA_DIRECTA,2.16 chunks de daño por video en el corpus base,40,,ampliacion_dano_20260727_lote2,2026-07-27T07:54:18-05:00
262,OXtRj114gz0,https://www.youtube.com/watch?v=OXtRj114gz0,PATRICIA CHIRINOS IN THE VALUE OF TRUTH | The WORST THING ABOUT PERU'S CONGRESS? | GOOD SPEAKS,Todo Good,,713.0,high_yield_channel,Todo Good,138,ACOSO_PERSONAL|AMENAZA_DIRECTA,2.16 chunks de daño por video en el corpus base,40,,ampliacion_dano_20260727_lote2,2026-07-27T07:54:18-05:00
263,aIfl2F4W1Z8,https://www.youtube.com/watch?v=aIfl2F4W1Z8,CURWEN WILL MARRY CARLITA | He went all the way to PUNTA CANA to ASK FOR HER HAND | GOOD SPEAKS,Todo Good,,526.0,high_yield_channel,Todo Good,139,ACOSO_PERSONAL|AMENAZA_DIRECTA,2.16 chunks de daño por video en el corpus base,40,,ampliacion_dano_20260727_lote2,2026-07-27T07:54:18-05:00
264,yXJQf_npJho,https://www.youtube.com/watch?v=yXJQf_npJho,POLICE ATTACK ON THE MARCHES | What HAPPENED AT THE MARCH IN PERU? | GOOD SPEAKS,Todo Good,,1324.0,high_yield_channel,Todo Good,140,ACOSO_PERSONAL|AMENAZA_DIRECTA,2.16 chunks de daño por video en el corpus base,40,,ampliacion_dano_20260727_lote2,2026-07-27T07:54:18-05:00
265,LMIRvaLJWRU,https://www.youtube.com/watch?v=LMIRvaLJWRU,Does José Jeri just want to look good on camera? | Good says.,Todo Good,,1160.0,high_yield_channel,Todo Good,141,ACOSO_PERSONAL|AMENAZA_DIRECTA,2.16 chunks de daño por video en el corpus base,40,,ampliacion_dano_20260727_lote2,2026-07-27T07:54:18-05:00
266,AxyDUkn1uPg,https://www.youtube.com/watch?v=AxyDUkn1uPg,LOPEZ ALIAGA IS RUNNING FOR PRESIDENCY | HABLAGOOD,Todo Good,,1193.0,high_yield_channel,Todo Good,142,ACOSO_PERSONAL|AMENAZA_DIRECTA,2.16 chunks de daño por video en el corpus base,40,,ampliacion_dano_20260727_lote2,2026-07-27T07:54:18-05:00
267,jfK008pbqos,https://www.youtube.com/watch?v=jfK008pbqos,WHO IS JOSÉ JERÍ? | PERU'S WORST PRESIDENT? | GOOD SPEAKS,Todo Good,,1311.0,high_yield_channel,Todo Good,143,ACOSO_PERSONAL|AMENAZA_DIRECTA,2.16 chunks de daño por video en el corpus base,40,,ampliacion_dano_20260727_lote2,2026-07-27T07:54:18-05:00
268,nJHyDzkFcUo,https://www.youtube.com/watch?v=nJHyDzkFcUo,Is Dina Boluarte resigning from the presidency? | Did Dina just flee the country? | Good speaks,Todo Good,,2156.0,high_yield_channel,Todo Good,144,ACOSO_PERSONAL|AMENAZA_DIRECTA,2.16 chunks de daño por video en el corpus base,40,,ampliacion_dano_20260727_lote2,2026-07-27T07:54:18-05:00
269,mRjNClmawyw,https://www.youtube.com/watch?v=mRjNClmawyw,WHAT HAPPENED TO ZACATV? | Curwen weighs in on the ZACATV controversy | GOOD TALKS,Todo Good,,988.0,high_yield_channel,Todo Good,145,ACOSO_PERSONAL|AMENAZA_DIRECTA,2.16 chunks de daño por video en el corpus base,40,,ampliacion_dano_20260727_lote2,2026-07-27T07:54:18-05:00
270,QjE57t2v-h8,https://www.youtube.com/watch?v=QjE57t2v-h8,POLICE DOESN'T PAY 2 SOLES FOR THEIR TRIP | What happened during the TRANSPORTERS' STRIKE? | GOOD...,Todo Good,,1169.0,high_yield_channel,Todo Good,146,ACOSO_PERSONAL|AMENAZA_DIRECTA,2.16 chunks de daño por video en el corpus base,40,,ampliacion_dano_20260727_lote2,2026-07-27T07:54:18-05:00
271,Y9pCD46BPpA,https://www.youtube.com/watch?v=Y9pCD46BPpA,CURWEN wants to be a member of Congress | Will he be part of VIZCARRA's party? | GOOD SPEAKS,Todo Good,,1188.0,high_yield_channel,Todo Good,147,ACOSO_PERSONAL|AMENAZA_DIRECTA,2.16 chunks de daño por video en el corpus base,40,,ampliacion_dano_20260727_lote2,2026-07-27T07:54:18-05:00
272,KE1VEc0wLBc,https://www.youtube.com/watch?v=KE1VEc0wLBc,Furrey Goes Peruvian | Peruvian Identity Test | Speak Good,Todo Good,,1301.0,high_yield_channel,Todo Good,148,ACOSO_PERSONAL|AMENAZA_DIRECTA,2.16 chunks de daño por video en el corpus base,40,,ampliacion_dano_20260727_lote2,2026-07-27T07:54:18-05:00
273,sBZTjJPNCE4,https://www.youtube.com/watch?v=sBZTjJPNCE4,Were the Peruvian police helping the Monster? | The Monster Captured in Paraguay | Good Says,Todo Good,,570.0,high_yield_channel,Todo Good,149,ACOSO_PERSONAL|AMENAZA_DIRECTA,2.16 chunks de daño por video en el corpus base,40,,ampliacion_dano_20260727_lote2,2026-07-27T07:54:18-05:00
274,UndXvWXknKE,https://www.youtube.com/watch?v=UndXvWXknKE,Porky doesn't want to be mayor anymore? | Can Rafael Lopez Aliaga be president? | Good speaks,Todo Good,,377.0,high_yield_channel,Todo Good,150,ACOSO_PERSONAL|AMENAZA_DIRECTA,2.16 chunks de daño por video en el corpus base,40,,ampliacion_dano_20260727_lote2,2026-07-27T07:54:18-05:00
275,ovQvtCNccHA,https://www.youtube.com/watch?v=ovQvtCNccHA,METROPOLITAN GIRL DENOUNCED BY THE MINISTRY | GOOD SPEAKS,Todo Good,,664.0,high_yield_channel,Todo Good,151,ACOSO_PERSONAL|AMENAZA_DIRECTA,2.16 chunks de daño por video en el corpus base,40,,ampliacion_dano_20260727_lote2,2026-07-27T07:54:18-05:00
276,kvuNm1xK-ss,https://www.youtube.com/watch?v=kvuNm1xK-ss,I TOOK V3NG4NZA BECAUSE OF MY FRIEND | DATING APP STORIES | GOOD FLORO PREMIUM,Todo Good,,871.0,high_yield_channel,Todo Good,152,ACOSO_PERSONAL|AMENAZA_DIRECTA,2.16 chunks de daño por video en el corpus base,40,,ampliacion_dano_20260727_lote2,2026-07-27T07:54:18-05:00
277,nc9LnEYWW3g,https://www.youtube.com/watch?v=nc9LnEYWW3g,What happened to the mayor of Barranco? | The mayor goes on vacation with our money | Good speaks,Todo Good,,433.0,high_yield_channel,Todo Good,153,ACOSO_PERSONAL|AMENAZA_DIRECTA,2.16 chunks de daño por video en el corpus base,40,,ampliacion_dano_20260727_lote2,2026-07-27T07:54:18-05:00
278,Nojl0hB3yYk,https://www.youtube.com/watch?v=Nojl0hB3yYk,Pablo Heredia and his love story with Ale Fuller: How did the relationship begin?,Magaly TV La Firme,,203.0,high_yield_channel,Magaly TV La Firme,36,ACOSO_PERSONAL|CONTENIDO_SEXUAL|AMENAZA_DIRECTA,1.17 chunks de daño por video y cobertura de conflicto interpersonal,35,,ampliacion_dano_20260727_lote2,2026-07-27T07:54:18-05:00
279,NSMJ37c3Z48,https://www.youtube.com/watch?v=NSMJ37c3Z48,"Ethel Pozo still hasn't moved on from Roberto Martínez's infidelity: ""He swore to me he would nev...",Magaly TV La Firme,,37.0,high_yield_channel,Magaly TV La Firme,37,ACOSO_PERSONAL|CONTENIDO_SEXUAL|AMENAZA_DIRECTA,1.17 chunks de daño por video y cobertura de conflicto interpersonal,35,,ampliacion_dano_20260727_lote2,2026-07-27T07:54:18-05:00
280,ttNe8otyRkE,https://www.youtube.com/watch?v=ttNe8otyRkE,"Urracogossip: Cueva misses his youngest daughter's birthday, Melcochita makes up with Monserrat, ...",Magaly TV La Firme,,229.0,high_yield_channel,Magaly TV La Firme,38,ACOSO_PERSONAL|CONTENIDO_SEXUAL|AMENAZA_DIRECTA,1.17 chunks de daño por video y cobertura de conflicto interpersonal,35,,ampliacion_dano_20260727_lote2,2026-07-27T07:54:18-05:00
281,WwI3Jp183d0,https://www.youtube.com/watch?v=WwI3Jp183d0,Pablo Heredia spends hours at Ale Fuller's house in the middle of the night,Magaly TV La Firme,,456.0,high_yield_channel,Magaly TV La Firme,39,ACOSO_PERSONAL|CONTENIDO_SEXUAL|AMENAZA_DIRECTA,1.17 chunks de daño por video y cobertura de conflicto interpersonal,35,,ampliacion_dano_20260727_lote2,2026-07-27T07:54:18-05:00
282,-nmMKZelwEw,https://www.youtube.com/watch?v=-nmMKZelwEw,"Magaly TV La Firme: July 20, 2026 Episode",Magaly TV La Firme,,2398.0,high_yield_channel,Magaly TV La Firme,40,ACOSO_PERSONAL|CONTENIDO_SEXUAL|AMENAZA_DIRECTA,1.17 chunks de daño por video y cobertura de conflicto interpersonal,35,,ampliacion_dano_20260727_lote2,2026-07-27T07:54:18-05:00
283,Mk6u-IO-PbU,https://www.youtube.com/watch?v=Mk6u-IO-PbU,"Magaly Medina is honored by the Municipality of La Molina: ""I felt honored""",Magaly TV La Firme,,308.0,high_yield_channel,Magaly TV La Firme,41,ACOSO_PERSONAL|CONTENIDO_SEXUAL|AMENAZA_DIRECTA,1.17 chunks de daño por video y cobertura de conflicto interpersonal,35,,ampliacion_dano_20260727_lote2,2026-07-27T07:54:18-05:00
284,FYdD7l3v-jY,https://www.youtube.com/watch?v=FYdD7l3v-jY,"Suhaila Jad slams André Carrillo as a deadbeat dad: ""He abandons his kids to go party""",Magaly TV La Firme,,294.0,high_yield_channel,Magaly TV La Firme,42,ACOSO_PERSONAL|CONTENIDO_SEXUAL|AMENAZA_DIRECTA,1.17 chunks de daño por video y cobertura de conflicto interpersonal,35,,ampliacion_dano_20260727_lote2,2026-07-27T07:54:18-05:00
285,TQRrQ_3Izng,https://www.youtube.com/watch?v=TQRrQ_3Izng,"Rebeca Escribens slammed after talking about Ethel Pozo and Janet Barboza: ""You lost all my respe...",Magaly TV La Firme,,224.0,high_yield_channel,Magaly TV La Firme,43,ACOSO_PERSONAL|CONTENIDO_SEXUAL|AMENAZA_DIRECTA,1.17 chunks de daño por video y cobertura de conflicto interpersonal,35,,ampliacion_dano_20260727_lote2,2026-07-27T07:54:18-05:00
286,hWtacZtDL7Q,https://www.youtube.com/watch?v=hWtacZtDL7Q,Magaly TV La Firme: Programa del lunes 6 de julio del 2026,Magaly TV La Firme,,1640.0,high_yield_channel,Magaly TV La Firme,119,ACOSO_PERSONAL|CONTENIDO_SEXUAL|AMENAZA_DIRECTA,1.17 chunks de daño por video y cobertura de conflicto interpersonal,35,,ampliacion_dano_20260727_lote2,2026-07-27T07:54:18-05:00
287,IDJ3FprtzHs,https://www.youtube.com/watch?v=IDJ3FprtzHs,"Milet Figueroa snubs Tinelli and Magaly lashes out: ""You pick up whatever dignity you have left""",Magaly TV La Firme,,83.0,high_yield_channel,Magaly TV La Firme,120,ACOSO_PERSONAL|CONTENIDO_SEXUAL|AMENAZA_DIRECTA,1.17 chunks de daño por video y cobertura de conflicto interpersonal,35,,ampliacion_dano_20260727_lote2,2026-07-27T07:54:18-05:00
288,sOh0HjKiq0w,https://www.youtube.com/watch?v=sOh0HjKiq0w,Masiel Málaga opens her heart to Magaly and reveals her harsh backstory,Magaly TV La Firme,,481.0,high_yield_channel,Magaly TV La Firme,121,ACOSO_PERSONAL|CONTENIDO_SEXUAL|AMENAZA_DIRECTA,1.17 chunks de daño por video y cobertura de conflicto interpersonal,35,,ampliacion_dano_20260727_lote2,2026-07-27T07:54:18-05:00
289,UeAQTRfbHxY,https://www.youtube.com/watch?v=UeAQTRfbHxY,Deysi Araujo gives up and puts her San Isidro apartment up for sale,Magaly TV La Firme,,1213.0,high_yield_channel,Magaly TV La Firme,122,ACOSO_PERSONAL|CONTENIDO_SEXUAL|AMENAZA_DIRECTA,1.17 chunks de daño por video y cobertura de conflicto interpersonal,35,,ampliacion_dano_20260727_lote2,2026-07-27T07:54:18-05:00
290,G7M6InLShPA,https://www.youtube.com/watch?v=G7M6InLShPA,"Masiel Málaga's story moves Magaly: ""It has tugged at my heartstrings""",Magaly TV La Firme,,168.0,high_yield_channel,Magaly TV La Firme,123,ACOSO_PERSONAL|CONTENIDO_SEXUAL|AMENAZA_DIRECTA,1.17 chunks de daño por video y cobertura de conflicto interpersonal,35,,ampliacion_dano_20260727_lote2,2026-07-27T07:54:18-05:00
291,x5BQqL-MPwU,https://www.youtube.com/watch?v=x5BQqL-MPwU,"Magaly TV La Firme: July 3, 2026 episode",Magaly TV La Firme,,2765.0,high_yield_channel,Magaly TV La Firme,124,ACOSO_PERSONAL|CONTENIDO_SEXUAL|AMENAZA_DIRECTA,1.17 chunks de daño por video y cobertura de conflicto interpersonal,35,,ampliacion_dano_20260727_lote2,2026-07-27T07:54:18-05:00
292,aJ3CekQMjdY,https://www.youtube.com/watch?v=aJ3CekQMjdY,"Shirley Arica announces the end of her romance with Pablo Heredia: ""There's nothing to fix""",Magaly TV La Firme,,200.0,high_yield_channel,Magaly TV La Firme,125,ACOSO_PERSONAL|CONTENIDO_SEXUAL|AMENAZA_DIRECTA,1.17 chunks de daño por video y cobertura de conflicto interpersonal,35,,ampliacion_dano_20260727_lote2,2026-07-27T07:54:18-05:00
293,gdlt4jbJEOo,https://www.youtube.com/watch?v=gdlt4jbJEOo,Úrsula Boza and Christopher Gianotti share their experience as relationship coaches with Magaly M...,Magaly TV La Firme,,1924.0,high_yield_channel,Magaly TV La Firme,126,ACOSO_PERSONAL|CONTENIDO_SEXUAL|AMENAZA_DIRECTA,1.17 chunks de daño por video y cobertura de conflicto interpersonal,35,,ampliacion_dano_20260727_lote2,2026-07-27T07:54:18-05:00
294,cz3KHYxr7tU,https://www.youtube.com/watch?v=cz3KHYxr7tU,"Christopher Gianotti: 'Uchi' doesn't need me for anything in life, she chooses me every day",Magaly TV La Firme,,420.0,high_yield_channel,Magaly TV La Firme,127,ACOSO_PERSONAL|CONTENIDO_SEXUAL|AMENAZA_DIRECTA,1.17 chunks de daño por video y cobertura de conflicto interpersonal,35,,ampliacion_dano_20260727_lote2,2026-07-27T07:54:18-05:00
295,wPIRwZMFCo4,https://www.youtube.com/watch?v=wPIRwZMFCo4,He Upstaged the Birthday Girl! Christian Cueva Enjoyed Pamela Franco's Party Like It Was His Own,Magaly TV La Firme,,455.0,high_yield_channel,Magaly TV La Firme,128,ACOSO_PERSONAL|CONTENIDO_SEXUAL|AMENAZA_DIRECTA,1.17 chunks de daño por video y cobertura de conflicto interpersonal,35,,ampliacion_dano_20260727_lote2,2026-07-27T07:54:18-05:00
296,3AHWGA4xpfA,https://www.youtube.com/watch?v=3AHWGA4xpfA,"Magaly Medina calls out Alejandra Baigorria live for threatening her: ""You don't scare me""",Magaly TV La Firme,,37.0,high_yield_channel,Magaly TV La Firme,129,ACOSO_PERSONAL|CONTENIDO_SEXUAL|AMENAZA_DIRECTA,1.17 chunks de daño por video y cobertura de conflicto interpersonal,35,,ampliacion_dano_20260727_lote2,2026-07-27T07:54:18-05:00
297,sygojuC2VRo,https://www.youtube.com/watch?v=sygojuC2VRo,"Úrsula Boza on Christopher Gianotti: ""I feel very proud of the relationship we have""",Magaly TV La Firme,,218.0,high_yield_channel,Magaly TV La Firme,130,ACOSO_PERSONAL|CONTENIDO_SEXUAL|AMENAZA_DIRECTA,1.17 chunks de daño por video y cobertura de conflicto interpersonal,35,,ampliacion_dano_20260727_lote2,2026-07-27T07:54:18-05:00
298,0QdaCyRNz_4,https://www.youtube.com/watch?v=0QdaCyRNz_4,"Magaly TV La Firme: July 2, 2026 Program",Magaly TV La Firme,,3206.0,high_yield_channel,Magaly TV La Firme,131,ACOSO_PERSONAL|CONTENIDO_SEXUAL|AMENAZA_DIRECTA,1.17 chunks de daño por video y cobertura de conflicto interpersonal,35,,ampliacion_dano_20260727_lote2,2026-07-27T07:54:18-05:00
299,JMZdJq-Dsdg,https://www.youtube.com/watch?v=JMZdJq-Dsdg,Million-Dollar Fraud! Jackson Mora Arrested and Accused of Belonging to a Criminal Gang,Magaly TV La Firme,,406.0,high_yield_channel,Magaly TV La Firme,132,ACOSO_PERSONAL|CONTENIDO_SEXUAL|AMENAZA_DIRECTA,1.17 chunks de daño por video y cobertura de conflicto interpersonal,35,,ampliacion_dano_20260727_lote2,2026-07-27T07:54:18-05:00
300,hNAKNZujugg,https://www.youtube.com/watch?v=hNAKNZujugg,The Origin of the 'Reality Girl': Shirley Arica's Romances and Scandals,Magaly TV La Firme,,779.0,high_yield_channel,Magaly TV La Firme,133,ACOSO_PERSONAL|CONTENIDO_SEXUAL|AMENAZA_DIRECTA,1.17 chunks de daño por video y cobertura de conflicto interpersonal,35,,ampliacion_dano_20260727_lote2,2026-07-27T07:54:18-05:00
301,LYvskNMSqdM,https://www.youtube.com/watch?v=LYvskNMSqdM,Alejandra Baigorria loses her cool with reporter for asking about Said Palao's 'ampay',Magaly TV La Firme,,474.0,high_yield_channel,Magaly TV La Firme,134,ACOSO_PERSONAL|CONTENIDO_SEXUAL|AMENAZA_DIRECTA,1.17 chunks de daño por video y cobertura de conflicto interpersonal,35,,ampliacion_dano_20260727_lote2,2026-07-27T07:54:18-05:00
302,g3a4Z6PvNAU,https://www.youtube.com/watch?v=g3a4Z6PvNAU,"Magaly Medina criticizes Carlos Orozco's latest vulgarity: ""What absolute coarseness""",Magaly TV La Firme,,63.0,high_yield_channel,Magaly TV La Firme,135,ACOSO_PERSONAL|CONTENIDO_SEXUAL|AMENAZA_DIRECTA,1.17 chunks de daño por video y cobertura de conflicto interpersonal,35,,ampliacion_dano_20260727_lote2,2026-07-27T07:54:18-05:00
303,OPz_PXpx_Og,https://www.youtube.com/watch?v=OPz_PXpx_Og,"Magaly Medina slams Tilsa Lozano for her harsh comment to Yaco and 'El Loco': ""What a vocabulary!""",Magaly TV La Firme,,26.0,high_yield_channel,Magaly TV La Firme,136,ACOSO_PERSONAL|CONTENIDO_SEXUAL|AMENAZA_DIRECTA,1.17 chunks de daño por video y cobertura de conflicto interpersonal,35,,ampliacion_dano_20260727_lote2,2026-07-27T07:54:18-05:00
304,USNhPhJ9K0c,https://www.youtube.com/watch?v=USNhPhJ9K0c,Pamela López and Vanessa Pumarica team up live to mock Pamela Franco's gifts,Magaly TV La Firme,,820.0,high_yield_channel,Magaly TV La Firme,137,ACOSO_PERSONAL|CONTENIDO_SEXUAL|AMENAZA_DIRECTA,1.17 chunks de daño por video y cobertura de conflicto interpersonal,35,,ampliacion_dano_20260727_lote2,2026-07-27T07:54:18-05:00
305,OzjljWzATrs,https://www.youtube.com/watch?v=OzjljWzATrs,"Just a promo deal? The truth about Christian Cueva's ""little gifts"" to Pamela Franco",Magaly TV La Firme,,291.0,high_yield_channel,Magaly TV La Firme,138,ACOSO_PERSONAL|CONTENIDO_SEXUAL|AMENAZA_DIRECTA,1.17 chunks de daño por video y cobertura de conflicto interpersonal,35,,ampliacion_dano_20260727_lote2,2026-07-27T07:54:18-05:00
306,iJqZDmGlxGo,https://www.youtube.com/watch?v=iJqZDmGlxGo,"Magaly TV La Firme: July 1, 2026 Episode",Magaly TV La Firme,,2992.0,high_yield_channel,Magaly TV La Firme,139,ACOSO_PERSONAL|CONTENIDO_SEXUAL|AMENAZA_DIRECTA,1.17 chunks de daño por video y cobertura de conflicto interpersonal,35,,ampliacion_dano_20260727_lote2,2026-07-27T07:54:18-05:00
307,igpn2_-B7u4,https://www.youtube.com/watch?v=igpn2_-B7u4,A circus? Koky Belaunde trashes the dress code Pamela Franco chose for her birthday,Magaly TV La Firme,,500.0,high_yield_channel,Magaly TV La Firme,140,ACOSO_PERSONAL|CONTENIDO_SEXUAL|AMENAZA_DIRECTA,1.17 chunks de daño por video y cobertura de conflicto interpersonal,35,,ampliacion_dano_20260727_lote2,2026-07-27T07:54:18-05:00
308,7tYaNZDta8w,https://www.youtube.com/watch?v=7tYaNZDta8w,Exponen videos de Monserrat mechoneando a su hija y golpeando a la madre de Heydi Amado,Magaly TV La Firme,,122.0,high_yield_channel,Magaly TV La Firme,141,ACOSO_PERSONAL|CONTENIDO_SEXUAL|AMENAZA_DIRECTA,1.17 chunks de daño por video y cobertura de conflicto interpersonal,35,,ampliacion_dano_20260727_lote2,2026-07-27T07:54:18-05:00
309,6FdVuSizIO0,https://www.youtube.com/watch?v=6FdVuSizIO0,"Laura Borlini criticizes 'Churrito' Hinostroza for revealing abortion: ""It's extremely private""",Magaly TV La Firme,,345.0,high_yield_channel,Magaly TV La Firme,142,ACOSO_PERSONAL|CONTENIDO_SEXUAL|AMENAZA_DIRECTA,1.17 chunks de daño por video y cobertura de conflicto interpersonal,35,,ampliacion_dano_20260727_lote2,2026-07-27T07:54:18-05:00
310,jnNdlInFRkU,https://www.youtube.com/watch?v=jnNdlInFRkU,"Laura Borlini on Pamela Franco and Christian Cueva's interview: ""I would be worried about my chil...",Magaly TV La Firme,,200.0,high_yield_channel,Magaly TV La Firme,143,ACOSO_PERSONAL|CONTENIDO_SEXUAL|AMENAZA_DIRECTA,1.17 chunks de daño por video y cobertura de conflicto interpersonal,35,,ampliacion_dano_20260727_lote2,2026-07-27T07:54:18-05:00
311,SmZXPB-54q4,https://www.youtube.com/watch?v=SmZXPB-54q4,Monserrat threatens to sink Melcochita and Susan Villanueva puts a stop to it,Magaly TV La Firme,,458.0,high_yield_channel,Magaly TV La Firme,144,ACOSO_PERSONAL|CONTENIDO_SEXUAL|AMENAZA_DIRECTA,1.17 chunks de daño por video y cobertura de conflicto interpersonal,35,,ampliacion_dano_20260727_lote2,2026-07-27T07:54:18-05:00
312,pYvtrJBaQCs,https://www.youtube.com/watch?v=pYvtrJBaQCs,"Magaly TV La Firme: Episode for Tuesday, June 30, 2026",Magaly TV La Firme,,2533.0,high_yield_channel,Magaly TV La Firme,145,ACOSO_PERSONAL|CONTENIDO_SEXUAL|AMENAZA_DIRECTA,1.17 chunks de daño por video y cobertura de conflicto interpersonal,35,,ampliacion_dano_20260727_lote2,2026-07-27T07:54:18-05:00
313,hnBE4yA7sdk,https://www.youtube.com/watch?v=hnBE4yA7sdk,"Liberan a primer sospechoso de asesinar a periodista en Ica: ""Ha sido amenazado muchas veces""",Latina Noticias,UCpSJ5fGhmAME9Kx2D3ZvN3Q,571.0,targeted_search,sicarios amenazan periodista Perú,3,AMENAZA_DIRECTA,consulta explícita de una categoría minoritaria,55,3.0,ampliacion_dano_20260727_lote2,2026-07-27T07:54:18-05:00
314,PK-8PR_fE7Q,https://www.youtube.com/watch?v=PK-8PR_fE7Q,San Luis: sujetos colocan afiches con amenazas de muerte contra árbitros,TVPerú Noticias,UCkZCoc42IipR1ucqJmIehsA,51.0,targeted_search,amenazas de muerte Perú,9,AMENAZA_DIRECTA,consulta explícita de una categoría minoritaria,55,9.0,ampliacion_dano_20260727_lote2,2026-07-27T07:54:18-05:00
315,jVDuVneMJWk,https://www.youtube.com/watch?v=jVDuVneMJWk,"Susel Paredes sobre ataques homofóbicos: ""Me han servido para popularizar mi candidatura""",RPP Noticias,UC5j8-2FT0ZMMBkmK72R4aeA,85.0,targeted_search,amenazas homofóbicas Perú,9,AMENAZA_DIRECTA|ACOSO_GENERO_IDENTIDAD,consulta explícita de una categoría minoritaria,55,9.0,ampliacion_dano_20260727_lote2,2026-07-27T07:54:18-05:00
316,RYBSJdUHDUo,https://www.youtube.com/watch?v=RYBSJdUHDUo,"Denuncia contra Dennis Falvy. Prepotencia ""no negociable"". 1",eljusticio,UCkDZOthP55TUjDjreJ8qeDw,428.0,targeted_search,te voy a matar denuncia Perú,10,AMENAZA_DIRECTA,consulta explícita de una categoría minoritaria,55,10.0,ampliacion_dano_20260727_lote2,2026-07-27T07:54:18-05:00
317,6flN11cTAj0,https://www.youtube.com/watch?v=6flN11cTAj0,El acoso hacia la comunidad LGBTI aumenta durante los confinamientos,euronews (en español),UCyoGb3SMlTlB8CLGVH4c8Rw,103.0,targeted_search,amenazas homofóbicas Perú,11,AMENAZA_DIRECTA|ACOSO_GENERO_IDENTIDAD,consulta explícita de una categoría minoritaria,55,11.0,ampliacion_dano_20260727_lote2,2026-07-27T07:54:18-05:00
318,7IPfBPyL9vY,https://www.youtube.com/watch?v=7IPfBPyL9vY,Transport workers report extortion by four gangs and demand security in Lima | RPP NOTICIAS,RPP Noticias,UC5j8-2FT0ZMMBkmK72R4aeA,169.0,targeted_search,extorsionadores amenazan audio Perú,11,AMENAZA_DIRECTA,consulta explícita de una categoría minoritaria,55,11.0,ampliacion_dano_20260727_lote2,2026-07-27T07:54:18-05:00
319,gFsHeM6Gcug,https://www.youtube.com/watch?v=gFsHeM6Gcug,Joven madre denuncia 7 veces a su ex pareja por intento de feminicidio y por fin lo detienen,Latina Noticias,UCpSJ5fGhmAME9Kx2D3ZvN3Q,178.0,targeted_search,agresor amenaza pareja Perú,12,AMENAZA_DIRECTA,consulta explícita de una categoría minoritaria,55,12.0,ampliacion_dano_20260727_lote2,2026-07-27T07:54:18-05:00
320,kKFvSBOP7io,https://www.youtube.com/watch?v=kKFvSBOP7io,Pasco: imputado amenaza a juez con matarlo en audiencia virtual,ETCRADIO TV,UCpF79FBh6RxwYDN487KoltQ,126.0,targeted_search,amenaza juez audiencia virtual Perú,12,AMENAZA_DIRECTA,consulta explícita de una categoría minoritaria,55,12.0,ampliacion_dano_20260727_lote2,2026-07-27T07:54:18-05:00
321,V8EH7ZQRSRk,https://www.youtube.com/watch?v=V8EH7ZQRSRk,Aliados por la Seguridad: Audios de algunos de los más peligrosos extorsionadores del país,TVPerú Noticias,UCkZCoc42IipR1ucqJmIehsA,508.0,targeted_search,extorsionadores amenazan audio Perú,12,AMENAZA_DIRECTA,consulta explícita de una categoría minoritaria,55,12.0,ampliacion_dano_20260727_lote2,2026-07-27T07:54:18-05:00
322,I9GZYrHBkhI,https://www.youtube.com/watch?v=I9GZYrHBkhI,Duque y otros sectores del país rechazan amenazas de muerte contra periodistas | Noticias Caracol,Noticias Caracol,UC2Xq2PK-got3Rtz9ZJ32hLQ,236.0,targeted_search,sicarios amenazan periodista Perú,12,AMENAZA_DIRECTA,consulta explícita de una categoría minoritaria,55,12.0,ampliacion_dano_20260727_lote2,2026-07-27T07:54:18-05:00
323,5evU_i5cg7E,https://www.youtube.com/watch?v=5evU_i5cg7E,¡Intento de feminicidio! Sujeto que disparó contra la casa de su expareja estuvo preso por 14 años,Buenos Días Perú,UCFnOwPrJ-Skrzk_GPNBV5tg,169.0,targeted_search,agresor amenaza pareja Perú,13,AMENAZA_DIRECTA,consulta explícita de una categoría minoritaria,55,13.0,ampliacion_dano_20260727_lote2,2026-07-27T07:54:18-05:00
324,gp8UDhqyNwM,https://www.youtube.com/watch?v=gp8UDhqyNwM,'El Parcero' acusa a Greissy Ortega y denuncia haber recibido las mismas amenazas que Milena Zárate,Magaly TV La Firme,UCF6s3gpbZEQKqZ38VvQ0gLA,300.0,targeted_search,denuncia amenazas farándula Perú,13,AMENAZA_DIRECTA,consulta explícita de una categoría minoritaria,55,13.0,ampliacion_dano_20260727_lote2,2026-07-27T07:54:18-05:00
325,vPA3Ps_eUmE,https://www.youtube.com/watch?v=vPA3Ps_eUmE,Julio César Rojas Mogollón amenazó con matar a su esposa tras ser detenido,TVPerú Noticias,UCkZCoc42IipR1ucqJmIehsA,237.0,targeted_search,agresor amenaza pareja Perú,14,AMENAZA_DIRECTA,consulta explícita de una categoría minoritaria,55,14.0,ampliacion_dano_20260727_lote2,2026-07-27T07:54:18-05:00
326,rbn0XNrbII8,https://www.youtube.com/watch?v=rbn0XNrbII8,UN REO AMENAZA A UN JUEZ EN PLENA AUDIENCIA VIRTUAL,Ley Justa,UCtccjYpWHoBnQt_s0WR4_Bw,430.0,targeted_search,amenaza juez audiencia virtual Perú,14,AMENAZA_DIRECTA,consulta explícita de una categoría minoritaria,55,14.0,ampliacion_dano_20260727_lote2,2026-07-27T07:54:18-05:00
327,3957c7pj_00,https://www.youtube.com/watch?v=3957c7pj_00,NOS AMENAZAN DE MUERTE A TODA MI FAMILIA ( nota de voz espeluznante ) | TheDonato,TheDonato,UCaHEdZtk6k7SVP-umnzifmQ,1106.0,targeted_search,amenazas de muerte Perú,14,AMENAZA_DIRECTA,consulta explícita de una categoría minoritaria,55,14.0,ampliacion_dano_20260727_lote2,2026-07-27T07:54:18-05:00
328,Dtd6-kLQMqc,https://www.youtube.com/watch?v=Dtd6-kLQMqc,¿ Crímenes de odio por homofobia en el Perú  ?,bast chelsea,UCorgbnbfYTzboHsHhOjp0_w,267.0,targeted_search,amenazas homofóbicas Perú,14,AMENAZA_DIRECTA|ACOSO_GENERO_IDENTIDAD,consulta explícita de una categoría minoritaria,55,14.0,ampliacion_dano_20260727_lote2,2026-07-27T07:54:18-05:00
329,inDVyKEiegg,https://www.youtube.com/watch?v=inDVyKEiegg,Madonna Goes Viral for Sensual Dance | América Espectáculos (TODAY),América Noticias,UCPhm2I2wk4vqjENwhn3px8A,327.0,targeted_search,denuncia amenazas farándula Perú,14,AMENAZA_DIRECTA,consulta explícita de una categoría minoritaria,55,14.0,ampliacion_dano_20260727_lote2,2026-07-27T07:54:18-05:00
330,ztOzhLajR4k,https://www.youtube.com/watch?v=ztOzhLajR4k,Diario paraguayo “ABC Color” denuncia amenazas por caso de homicidio del periodista Pablo Medina,NTN24,UCEJs1fTF3KszRJGxJY14VrA,95.0,targeted_search,sicarios amenazan periodista Perú,14,AMENAZA_DIRECTA,consulta explícita de una categoría minoritaria,55,14.0,ampliacion_dano_20260727_lote2,2026-07-27T07:54:18-05:00
331,I17zqyGbAlU,https://www.youtube.com/watch?v=I17zqyGbAlU,El Director PC golpea a Cartman - South Park Clips Latino,Usuario Promedio,UCHoJnjIg1tP2J_V5D8JBAiA,95.0,targeted_search,te voy a matar denuncia Perú,14,AMENAZA_DIRECTA,consulta explícita de una categoría minoritaria,55,14.0,ampliacion_dano_20260727_lote2,2026-07-27T07:54:18-05:00
332,a46jZX927z0,https://www.youtube.com/watch?v=a46jZX927z0,Joven aspirante denunció acoso sexual en compañía de Bomberos de Barranco,ATV Noticias,UCYG5uXS3xdsoaXIxum1pAEw,267.0,targeted_search,acoso sexual denuncia televisión peruana,15,CONTENIDO_SEXUAL|ACOSO_GENERO_IDENTIDAD,consulta explícita de una categoría minoritaria,55,15.0,ampliacion_dano_20260727_lote2,2026-07-27T07:54:18-05:00
333,uk9wJ99vrcQ,https://www.youtube.com/watch?v=uk9wJ99vrcQ,"Judge wanted to give the prosecutor the floor at the pretrial detention hearing, but the lawyer o...",LP - Pasión por el Derecho,UCDscRlCxFfuHhsJBlVvPBmA,485.0,targeted_search,amenaza juez audiencia virtual Perú,15,AMENAZA_DIRECTA,consulta explícita de una categoría minoritaria,55,15.0,ampliacion_dano_20260727_lote2,2026-07-27T07:54:18-05:00
334,repaTbdJweI,https://www.youtube.com/watch?v=repaTbdJweI,Amenazan de muerte a peruanos que denunciaron estafa laboral en Rusia | #LR,La República - LR+,UC-B7Xv56uNRDkj0vC3QW8Cg,89.0,targeted_search,amenazas de muerte Perú,15,AMENAZA_DIRECTA,consulta explícita de una categoría minoritaria,55,15.0,ampliacion_dano_20260727_lote2,2026-07-27T07:54:18-05:00
335,24pSGIY_rG0,https://www.youtube.com/watch?v=24pSGIY_rG0,LÓPEZ ALIAGA RESPONDS TO ACCUSATIONS OF THREATS OVER DEBT,Farandula Politica,UCEPKBntK_q0AXblXJtDUNhg,946.0,targeted_search,denuncia amenazas farándula Perú,15,AMENAZA_DIRECTA,consulta explícita de una categoría minoritaria,55,15.0,ampliacion_dano_20260727_lote2,2026-07-27T07:54:18-05:00
336,_2GmYExfiNk,https://www.youtube.com/watch?v=_2GmYExfiNk,Así es como un extorsionador amenaza a mototaxistas para dejarlos trabajar,Latina Noticias,UCpSJ5fGhmAME9Kx2D3ZvN3Q,112.0,targeted_search,extorsionadores amenazan audio Perú,15,AMENAZA_DIRECTA,consulta explícita de una categoría minoritaria,55,15.0,ampliacion_dano_20260727_lote2,2026-07-27T07:54:18-05:00
337,QqFLyivzbVY,https://www.youtube.com/watch?v=QqFLyivzbVY,"Hermana de mujer discriminada por fiscalizador: ""Nos dicen estudia 'burro', anda a tu pueblo""",ATV Noticias,UCYG5uXS3xdsoaXIxum1pAEw,167.0,targeted_search,insultos racistas discriminación Perú denuncia,15,RACISMO_DISCRIMINACION,consulta explícita de una categoría minoritaria,55,15.0,ampliacion_dano_20260727_lote2,2026-07-27T07:54:18-05:00
338,k8SwPqcM13s,https://www.youtube.com/watch?v=k8SwPqcM13s,Alerta Roja: Sicariato amenaza a colegios de San Juan de Lurigancho,ATV,UCFDR6UGjEblEnrK3vp6VlPw,855.0,targeted_search,sicarios amenazan periodista Perú,15,AMENAZA_DIRECTA,consulta explícita de una categoría minoritaria,55,15.0,ampliacion_dano_20260727_lote2,2026-07-27T07:54:18-05:00
339,XEO99obrmAs,https://www.youtube.com/watch?v=XEO99obrmAs,LOS INSERVIBLES EN EL JUICIO 🗣,El Canolexx,UCRSBn-sRqIjE1VUOwk_V4GQ,512.0,targeted_search,te voy a matar denuncia Perú,15,AMENAZA_DIRECTA,consulta explícita de una categoría minoritaria,55,15.0,ampliacion_dano_20260727_lote2,2026-07-27T07:54:18-05:00
340,Lhcmp1StpL0,https://www.youtube.com/watch?v=Lhcmp1StpL0,"Magaly Medina on the sexual violence complaint against Santiago Suárez: ""I find it terrible""",Magaly TV La Firme,UCF6s3gpbZEQKqZ38VvQ0gLA,157.0,targeted_search,acoso sexual denuncia televisión peruana,16,CONTENIDO_SEXUAL|ACOSO_GENERO_IDENTIDAD,consulta explícita de una categoría minoritaria,55,16.0,ampliacion_dano_20260727_lote2,2026-07-27T07:54:18-05:00
341,PAMKTUjhzzU,https://www.youtube.com/watch?v=PAMKTUjhzzU,General Víctor Revoredo reports death threats from the leader of Los Pulpos,TVPerú Noticias,UCkZCoc42IipR1ucqJmIehsA,142.0,targeted_search,amenazas de muerte Perú,16,AMENAZA_DIRECTA,consulta explícita de una categoría minoritaria,55,16.0,ampliacion_dano_20260727_lote2,2026-07-27T07:54:18-05:00
342,z7dWtZPf1tU,https://www.youtube.com/watch?v=z7dWtZPf1tU,SCANDAL! Renzo Reggiardo reports threats and extortion during cleaning work,Farandula Politica,UCEPKBntK_q0AXblXJtDUNhg,1457.0,targeted_search,denuncia amenazas farándula Perú,16,AMENAZA_DIRECTA,consulta explícita de una categoría minoritaria,55,16.0,ampliacion_dano_20260727_lote2,2026-07-27T07:54:18-05:00
343,XbFwGhJ9WqI,https://www.youtube.com/watch?v=XbFwGhJ9WqI,"peru .lima, locas dice te matoo , amenazas por puente peatonal , facultad de derecho",Cercado Lima,UCyK7hdNmpGTD3M35HWuQ5yg,65.0,targeted_search,extorsionadores amenazan audio Perú,16,AMENAZA_DIRECTA,consulta explícita de una categoría minoritaria,55,16.0,ampliacion_dano_20260727_lote2,2026-07-27T07:54:18-05:00
344,HNNEt7zt2Xw,https://www.youtube.com/watch?v=HNNEt7zt2Xw,Mujer que ganó juicio por racismo se solidarizó con Jhoel Herrera,24 Horas,UCsakKsRww3J7pM6DavkrAIQ,161.0,targeted_search,insultos racistas discriminación Perú denuncia,16,RACISMO_DISCRIMINACION,consulta explícita de una categoría minoritaria,55,16.0,ampliacion_dano_20260727_lote2,2026-07-27T07:54:18-05:00
345,lBWgLbigk28,https://www.youtube.com/watch?v=lBWgLbigk28,#MÉXICO | Las AMENAZAS contra los PERIODISTAS crecen,EL PAÍS,UCnsvJeZO4RigQ898WdDNoBw,271.0,targeted_search,sicarios amenazan periodista Perú,16,AMENAZA_DIRECTA,consulta explícita de una categoría minoritaria,55,16.0,ampliacion_dano_20260727_lote2,2026-07-27T07:54:18-05:00
346,e5FMtQydVcs,https://www.youtube.com/watch?v=e5FMtQydVcs,Abuso en el cuartel: indignante caso de acoso sexual en Sullana,Panorama,UCBiq92lt_ufNO-ktZigVXgg,954.0,targeted_search,acoso sexual denuncia televisión peruana,17,CONTENIDO_SEXUAL|ACOSO_GENERO_IDENTIDAD,consulta explícita de una categoría minoritaria,55,17.0,ampliacion_dano_20260727_lote2,2026-07-27T07:54:18-05:00
347,nde96BcFcE4,https://www.youtube.com/watch?v=nde96BcFcE4,Lo ha denunciado 7 veces y teme por su vida: mujer acusa a su expareja de acosarla y amenazarla,Buenos Días Perú,UCFnOwPrJ-Skrzk_GPNBV5tg,410.0,targeted_search,agresor amenaza pareja Perú,17,AMENAZA_DIRECTA,consulta explícita de una categoría minoritaria,55,17.0,ampliacion_dano_20260727_lote2,2026-07-27T07:54:18-05:00
348,W8q1zuF3L-I,https://www.youtube.com/watch?v=W8q1zuF3L-I,'The Untouchables of the Central Jungle' Case: Judge threatened during virtual hearing,ATV Noticias,UCYG5uXS3xdsoaXIxum1pAEw,220.0,targeted_search,amenaza juez audiencia virtual Perú,17,AMENAZA_DIRECTA,consulta explícita de una categoría minoritaria,55,17.0,ampliacion_dano_20260727_lote2,2026-07-27T07:54:18-05:00
349,TNaBtHobqoU,https://www.youtube.com/watch?v=TNaBtHobqoU,Uganda: una mujer lucha contra la homofobia | Global 3000,DW Español,UCT4Jg8h03dD0iN3Pb5L0PMA,248.0,targeted_search,amenazas homofóbicas Perú,17,AMENAZA_DIRECTA|ACOSO_GENERO_IDENTIDAD,consulta explícita de una categoría minoritaria,55,17.0,ampliacion_dano_20260727_lote2,2026-07-27T07:54:18-05:00
350,gRxFUq2n5H8,https://www.youtube.com/watch?v=gRxFUq2n5H8,Extorsionadores se equivocan y mandan amenaza a humilde familia en Independencia,Buenos Días Perú,UCFnOwPrJ-Skrzk_GPNBV5tg,521.0,targeted_search,extorsionadores amenazan audio Perú,17,AMENAZA_DIRECTA,consulta explícita de una categoría minoritaria,55,17.0,ampliacion_dano_20260727_lote2,2026-07-27T07:54:18-05:00
351,wKtkIDVVsRI,https://www.youtube.com/watch?v=wKtkIDVVsRI,Miluska Eskenazi denuncia ser víctima de racismo por interpretar a hada en obra teatral,Buenos Días Perú,UCFnOwPrJ-Skrzk_GPNBV5tg,529.0,targeted_search,insultos racistas discriminación Perú denuncia,17,RACISMO_DISCRIMINACION,consulta explícita de una categoría minoritaria,55,17.0,ampliacion_dano_20260727_lote2,2026-07-27T07:54:18-05:00
352,Dx7NJ9s0H4c,https://www.youtube.com/watch?v=Dx7NJ9s0H4c,"Cae alias 'El Barbas', sicario del 'Tren de Aragua': ""En Perú se ocultaba como un modesto barbero""",Latina Noticias,UCpSJ5fGhmAME9Kx2D3ZvN3Q,649.0,targeted_search,sicarios amenazan periodista Perú,17,AMENAZA_DIRECTA,consulta explícita de una categoría minoritaria,55,17.0,ampliacion_dano_20260727_lote2,2026-07-27T07:54:18-05:00
353,MoxiZVj-kaQ,https://www.youtube.com/watch?v=MoxiZVj-kaQ,La mala educación: Acoso y abuso en las aulas,DÍA D,UCmrzeYkbupPuvrXH8roR__w,1014.0,targeted_search,acoso sexual denuncia televisión peruana,18,CONTENIDO_SEXUAL|ACOSO_GENERO_IDENTIDAD,consulta explícita de una categoría minoritaria,55,18.0,ampliacion_dano_20260727_lote2,2026-07-27T07:54:18-05:00
354,93nzbc8uocQ,https://www.youtube.com/watch?v=93nzbc8uocQ,A woman's nightmare after breaking up with a violent man,Nunca MAS,UCFqwxsa2Wp6Y5FkUAcGShGA,622.0,targeted_search,agresor amenaza pareja Perú,18,AMENAZA_DIRECTA,consulta explícita de una categoría minoritaria,55,18.0,ampliacion_dano_20260727_lote2,2026-07-27T07:54:18-05:00
355,mcizybMla_c,https://www.youtube.com/watch?v=mcizybMla_c,🚨 Detenido amenaza de muerte a juez durante su audiencia si no lo libera,Latina Noticias,UCpSJ5fGhmAME9Kx2D3ZvN3Q,86.0,targeted_search,amenaza juez audiencia virtual Perú,18,AMENAZA_DIRECTA,consulta explícita de una categoría minoritaria,55,18.0,ampliacion_dano_20260727_lote2,2026-07-27T07:54:18-05:00
356,qHSTuoDT1Y4,https://www.youtube.com/watch?v=qHSTuoDT1Y4,🔴 Death threats against President Pedro Castillo are being investigated.,Latina Televisión,UC3rDtLrcgr3JS3_3JOW4BAw,146.0,targeted_search,amenazas de muerte Perú,18,AMENAZA_DIRECTA,consulta explícita de una categoría minoritaria,55,18.0,ampliacion_dano_20260727_lote2,2026-07-27T07:54:18-05:00
357,d3g1TAbuMfw,https://www.youtube.com/watch?v=d3g1TAbuMfw,Decreto contra homofobia no es acto propositivo. Jaime López Vela,Revolución Tres Punto Cero,UCqrFca-_xE_0AcyVv5h7x_g,358.0,targeted_search,amenazas homofóbicas Perú,18,AMENAZA_DIRECTA|ACOSO_GENERO_IDENTIDAD,consulta explícita de una categoría minoritaria,55,18.0,ampliacion_dano_20260727_lote2,2026-07-27T07:54:18-05:00
358,w9hUDnpWnxY,https://www.youtube.com/watch?v=w9hUDnpWnxY,Threats in the music scene escalate after tragic incident! | Arriba Mi Gente 🚨🎶,Latina Televisión,UC3rDtLrcgr3JS3_3JOW4BAw,1066.0,targeted_search,denuncia amenazas farándula Perú,18,AMENAZA_DIRECTA,consulta explícita de una categoría minoritaria,55,18.0,ampliacion_dano_20260727_lote2,2026-07-27T07:54:18-05:00
359,ypRGaRqlDpU,https://www.youtube.com/watch?v=ypRGaRqlDpU,Universitario es acusado de racismo por polémico video en TikTok,TVPerú Noticias,UCkZCoc42IipR1ucqJmIehsA,1136.0,targeted_search,insultos racistas discriminación Perú denuncia,18,RACISMO_DISCRIMINACION,consulta explícita de una categoría minoritaria,55,18.0,ampliacion_dano_20260727_lote2,2026-07-27T07:54:18-05:00
360,yCj4kbRUxVw,https://www.youtube.com/watch?v=yCj4kbRUxVw,Yurimaguas: Periodista denuncia robo y amenazas,enlacenacional,UC_Zpz_cv69p4oL0hDEJz4IA,58.0,targeted_search,sicarios amenazan periodista Perú,18,AMENAZA_DIRECTA,consulta explícita de una categoría minoritaria,55,18.0,ampliacion_dano_20260727_lote2,2026-07-27T07:54:18-05:00
361,tYFXkqU8JCE,https://www.youtube.com/watch?v=tYFXkqU8JCE,"Acoso sexual, dura realidad: casos de dos mujeres y sus denuncias",Latina Noticias,UCpSJ5fGhmAME9Kx2D3ZvN3Q,138.0,targeted_search,acoso sexual denuncia televisión peruana,19,CONTENIDO_SEXUAL|ACOSO_GENERO_IDENTIDAD,consulta explícita de una categoría minoritaria,55,19.0,ampliacion_dano_20260727_lote2,2026-07-27T07:54:18-05:00
362,NXVvHvGqGv4,https://www.youtube.com/watch?v=NXVvHvGqGv4,El sujeto que amenaza a su expareja y avala los feminicidios.,Nunca MAS,UCFqwxsa2Wp6Y5FkUAcGShGA,496.0,targeted_search,agresor amenaza pareja Perú,19,AMENAZA_DIRECTA,consulta explícita de una categoría minoritaria,55,19.0,ampliacion_dano_20260727_lote2,2026-07-27T07:54:18-05:00
363,8jqYj3iKJyU,https://www.youtube.com/watch?v=8jqYj3iKJyU,😱Procesado amenaza de muerte a juez de audiencia - Oxapampa👮‍♂️,Qwada,UC08DCSsLDBIVLvebHUpqsXg,144.0,targeted_search,amenaza juez audiencia virtual Perú,19,AMENAZA_DIRECTA,consulta explícita de una categoría minoritaria,55,19.0,ampliacion_dano_20260727_lote2,2026-07-27T07:54:18-05:00
364,gx0Lo-oSyGI,https://www.youtube.com/watch?v=gx0Lo-oSyGI,AUMENTO AGRESIÓN A COMUNIDAD LGBT,TV Azteca Jalisco,UCH1JKAzwX0DHokncS7WcJCg,116.0,targeted_search,amenazas homofóbicas Perú,19,AMENAZA_DIRECTA|ACOSO_GENERO_IDENTIDAD,consulta explícita de una categoría minoritaria,55,19.0,ampliacion_dano_20260727_lote2,2026-07-27T07:54:18-05:00
365,jg1Mbj_YQ7E,https://www.youtube.com/watch?v=jg1Mbj_YQ7E,REVELADOR AUDIO MUESTRA COMO EXTORSIONADORES AMENAZABAN A SUS VICTIMAS EN CHANCAY,Canal46Chancay,UCsNJCvuM5Dv_p-bdChO0QEA,372.0,targeted_search,extorsionadores amenazan audio Perú,19,AMENAZA_DIRECTA,consulta explícita de una categoría minoritaria,55,19.0,ampliacion_dano_20260727_lote2,2026-07-27T07:54:18-05:00
366,U8gDycAlPHs,https://www.youtube.com/watch?v=U8gDycAlPHs,The Ministry of Culture and Sports (MINC) announces a criminal complaint for racist remarks direc...,TVPerú Noticias,UCkZCoc42IipR1ucqJmIehsA,401.0,targeted_search,insultos racistas discriminación Perú denuncia,19,RACISMO_DISCRIMINACION,consulta explícita de una categoría minoritaria,55,19.0,ampliacion_dano_20260727_lote2,2026-07-27T07:54:18-05:00
367,OdXPCyDIzdY,https://www.youtube.com/watch?v=OdXPCyDIzdY,Emprendedor no paga cupo y sicarios le balean su casa mientras dormía,ATV Noticias,UCYG5uXS3xdsoaXIxum1pAEw,162.0,targeted_search,sicarios amenazan periodista Perú,19,AMENAZA_DIRECTA,consulta explícita de una categoría minoritaria,55,19.0,ampliacion_dano_20260727_lote2,2026-07-27T07:54:18-05:00
368,J1sZOWuSqGs,https://www.youtube.com/watch?v=J1sZOWuSqGs,Pelo habla - No tocar [Audio español],Sr Pelo,UCt-GOpCw4dOBlIyqL9A1ztA,320.0,targeted_search,te voy a matar denuncia Perú,19,AMENAZA_DIRECTA,consulta explícita de una categoría minoritaria,55,19.0,ampliacion_dano_20260727_lote2,2026-07-27T07:54:18-05:00
369,FCaD5Jr8c7g,https://www.youtube.com/watch?v=FCaD5Jr8c7g,Comas: Parents report alleged sexual abuse case at school,TVPerú Noticias,UCkZCoc42IipR1ucqJmIehsA,515.0,targeted_search,acoso sexual denuncia televisión peruana,20,CONTENIDO_SEXUAL|ACOSO_GENERO_IDENTIDAD,consulta explícita de una categoría minoritaria,55,20.0,ampliacion_dano_20260727_lote2,2026-07-27T07:54:18-05:00
370,TDFRNhOCwao,https://www.youtube.com/watch?v=TDFRNhOCwao,Familia y justicia: ¿Cómo denunciar un hecho de violencia psicológica en el Perú?,RPP Noticias,UC5j8-2FT0ZMMBkmK72R4aeA,639.0,targeted_search,agresor amenaza pareja Perú,20,AMENAZA_DIRECTA,consulta explícita de una categoría minoritaria,55,20.0,ampliacion_dano_20260727_lote2,2026-07-27T07:54:18-05:00
371,WVSjU07_ZWw,https://www.youtube.com/watch?v=WVSjU07_ZWw,AMENAZA DE MUERTE A JUEZ EN PLENA AUDIENCIA,Canal1Peru,UClTcIB85_6kMi7xGyVaCR6Q,194.0,targeted_search,amenaza juez audiencia virtual Perú,20,AMENAZA_DIRECTA,consulta explícita de una categoría minoritaria,55,20.0,ampliacion_dano_20260727_lote2,2026-07-27T07:54:18-05:00
372,sZw8o9gimbg,https://www.youtube.com/watch?v=sZw8o9gimbg,Joven de comunidad LGBTI denuncia agresión en Aranjuez,Teleantioquia,UCeq_SgWZDF8h-ujzwBXI5jQ,88.0,targeted_search,amenazas homofóbicas Perú,20,AMENAZA_DIRECTA|ACOSO_GENERO_IDENTIDAD,consulta explícita de una categoría minoritaria,55,20.0,ampliacion_dano_20260727_lote2,2026-07-27T07:54:18-05:00
373,qpamaBWGJxU,https://www.youtube.com/watch?v=qpamaBWGJxU,Pamela López responds after strong accusations from her former friend and Cueva's lawyer | Arriba...,Latina Televisión,UC3rDtLrcgr3JS3_3JOW4BAw,720.0,targeted_search,denuncia amenazas farándula Perú,20,AMENAZA_DIRECTA,consulta explícita de una categoría minoritaria,55,20.0,ampliacion_dano_20260727_lote2,2026-07-27T07:54:18-05:00
374,2orNM6FeOlM,https://www.youtube.com/watch?v=2orNM6FeOlM,‘CUTO’ GUADALUPE recibe amenazas de extorsionadores de ‘El Tren de Aragua’,Trome Perú,UChzS9L4GwAe0lRFallqbaGg,330.0,targeted_search,extorsionadores amenazan audio Perú,20,AMENAZA_DIRECTA,consulta explícita de una categoría minoritaria,55,20.0,ampliacion_dano_20260727_lote2,2026-07-27T07:54:18-05:00
375,XRsc3fQeT8Q,https://www.youtube.com/watch?v=XRsc3fQeT8Q,ANUNCIAN DENUNCIA POR FRASES RACISTAS CONTRA PASAJEROS EN EL METROPOLITANO,De Interes Nacional Peru,UChEYIkvyR_lMg_8wzE3PM6g,875.0,targeted_search,insultos racistas discriminación Perú denuncia,20,RACISMO_DISCRIMINACION,consulta explícita de una categoría minoritaria,55,20.0,ampliacion_dano_20260727_lote2,2026-07-27T07:54:18-05:00
376,fsdBTUjW4o8,https://www.youtube.com/watch?v=fsdBTUjW4o8,Callao: Young woman reports abuse by pre-military academy instructors,TVPerú Noticias,UCkZCoc42IipR1ucqJmIehsA,110.0,targeted_search,acoso sexual denuncia televisión peruana,21,CONTENIDO_SEXUAL|ACOSO_GENERO_IDENTIDAD,consulta explícita de una categoría minoritaria,55,21.0,ampliacion_dano_20260727_lote2,2026-07-27T07:54:18-05:00
377,tJd4ZpWipNg,https://www.youtube.com/watch?v=tJd4ZpWipNg,¡De armas tomar! Jonathan Maicelo se ve envuelto en pelea callejera al defender a su alumno,Magaly TV La Firme,UCF6s3gpbZEQKqZ38VvQ0gLA,128.0,targeted_search,agresor amenaza pareja Perú,21,AMENAZA_DIRECTA,consulta explícita de una categoría minoritaria,55,21.0,ampliacion_dano_20260727_lote2,2026-07-27T07:54:18-05:00
378,z9V91O6Fs4k,https://www.youtube.com/watch?v=z9V91O6Fs4k,JUEZ DEL SACO ESTABA INHABILITADO POR EL CAL,Adolfo LAVIANA GONZALEZ,UCHLDezLqlaqtArnyQoWwWyQ,1487.0,targeted_search,amenaza juez audiencia virtual Perú,21,AMENAZA_DIRECTA,consulta explícita de una categoría minoritaria,55,21.0,ampliacion_dano_20260727_lote2,2026-07-27T07:54:18-05:00
379,eb05sYm5N6s,https://www.youtube.com/watch?v=eb05sYm5N6s,🔴🔵 Pronunciamiento del JNE sobre amenazas de muerte al titular y ataques a la institución,Exitosa Noticias,UCxgO_rak_BKZP8VNVmYqbWg,18.0,targeted_search,amenazas de muerte Perú,21,AMENAZA_DIRECTA,consulta explícita de una categoría minoritaria,55,21.0,ampliacion_dano_20260727_lote2,2026-07-27T07:54:18-05:00
380,4tUQK-Gl4Vo,https://www.youtube.com/watch?v=4tUQK-Gl4Vo,Besos contra la homofobia 2012,Ciudadaniasx,UCt78tVTNhK4hd9l0Io3vTtg,492.0,targeted_search,amenazas homofóbicas Perú,21,AMENAZA_DIRECTA|ACOSO_GENERO_IDENTIDAD,consulta explícita de una categoría minoritaria,55,21.0,ampliacion_dano_20260727_lote2,2026-07-27T07:54:18-05:00
381,EWLGp9_X3g8,https://www.youtube.com/watch?v=EWLGp9_X3g8,Pamela López es DENUNCIADA por 4menaz4s contra su examiga y ella EXPONE las PRUEBAS,Diario El Popular 🇵🇪,UCC25ArAc6QI7yj1UQG8lqxA,114.0,targeted_search,denuncia amenazas farándula Perú,21,AMENAZA_DIRECTA,consulta explícita de una categoría minoritaria,55,21.0,ampliacion_dano_20260727_lote2,2026-07-27T07:54:18-05:00
382,hdIdSzGm5uk,https://www.youtube.com/watch?v=hdIdSzGm5uk,"Extorsionadores secuestran combi con pasajeros, obligan a chofer a enviar mensaje grupo de WhatsApp",QUE HAY DE NUEVO PERU,UCRl1-oM_NM-BtCEyTFd-aRA,135.0,targeted_search,extorsionadores amenazan audio Perú,21,AMENAZA_DIRECTA,consulta explícita de una categoría minoritaria,55,21.0,ampliacion_dano_20260727_lote2,2026-07-27T07:54:18-05:00
383,gUsvOpm-_r8,https://www.youtube.com/watch?v=gUsvOpm-_r8,Racismo y violencia en Supermercado: Mujer agresora dio su versión de los hechos,Latina Noticias,UCpSJ5fGhmAME9Kx2D3ZvN3Q,165.0,targeted_search,insultos racistas discriminación Perú denuncia,21,RACISMO_DISCRIMINACION,consulta explícita de una categoría minoritaria,55,21.0,ampliacion_dano_20260727_lote2,2026-07-27T07:54:18-05:00
384,r_qHGVD2FWo,https://www.youtube.com/watch?v=r_qHGVD2FWo,🚨Crimen de Máximo Jerez: el apriete en vivo al equipo de A24,A24com,UCR9120YBAqMfntqgRTKmkjQ,161.0,targeted_search,sicarios amenazan periodista Perú,21,AMENAZA_DIRECTA,consulta explícita de una categoría minoritaria,55,21.0,ampliacion_dano_20260727_lote2,2026-07-27T07:54:18-05:00
385,gbV5j3EL6hA,https://www.youtube.com/watch?v=gbV5j3EL6hA,Esto dice la denuncia contra Zambrano Trauco y Peña por presunto abuso sexual,Latina Noticias,UCpSJ5fGhmAME9Kx2D3ZvN3Q,736.0,targeted_search,acoso sexual denuncia televisión peruana,22,CONTENIDO_SEXUAL|ACOSO_GENERO_IDENTIDAD,consulta explícita de una categoría minoritaria,55,22.0,ampliacion_dano_20260727_lote2,2026-07-27T07:54:18-05:00
386,1th8Ey8GtpY,https://www.youtube.com/watch?v=1th8Ey8GtpY,Comas: hombre intentó asesinar a su expareja con el pico de una botella,24 Horas,UCsakKsRww3J7pM6DavkrAIQ,155.0,targeted_search,agresor amenaza pareja Perú,22,AMENAZA_DIRECTA,consulta explícita de una categoría minoritaria,55,22.0,ampliacion_dano_20260727_lote2,2026-07-27T07:54:18-05:00
387,YTmkCE-M7d0,https://www.youtube.com/watch?v=YTmkCE-M7d0,El colectivo Iguales denuncia el aumento de agresiones homofobas en Castilla y León,Castilla y León Televisión,UCFe_qycWNCj_fVp6xp3mJ2Q,85.0,targeted_search,amenazas homofóbicas Perú,22,AMENAZA_DIRECTA|ACOSO_GENERO_IDENTIDAD,consulta explícita de una categoría minoritaria,55,22.0,ampliacion_dano_20260727_lote2,2026-07-27T07:54:18-05:00
388,yjWs1BZls88,https://www.youtube.com/watch?v=yjWs1BZls88,Josimar Fidel amenaza a Gianella Ydoña con demandarla: “Aquí no se puede hablar sin pruebas”,Magaly TV La Firme,UCF6s3gpbZEQKqZ38VvQ0gLA,132.0,targeted_search,denuncia amenazas farándula Perú,22,AMENAZA_DIRECTA,consulta explícita de una categoría minoritaria,55,22.0,ampliacion_dano_20260727_lote2,2026-07-27T07:54:18-05:00
389,6NJe-qk7jV0,https://www.youtube.com/watch?v=6NJe-qk7jV0,Insultos racistas de influencer desatan polémica nacional  | SEGMENTO #PurosFactos,RPP Noticias,UC5j8-2FT0ZMMBkmK72R4aeA,833.0,targeted_search,insultos racistas discriminación Perú denuncia,22,RACISMO_DISCRIMINACION,consulta explícita de una categoría minoritaria,55,22.0,ampliacion_dano_20260727_lote2,2026-07-27T07:54:18-05:00
390,UiYW20_qWbQ,https://www.youtube.com/watch?v=UiYW20_qWbQ,Así amenazan las mafias de prostitución a trabajadoras sexuales,Latina Noticias,UCpSJ5fGhmAME9Kx2D3ZvN3Q,103.0,targeted_search,sicarios amenazan periodista Perú,22,AMENAZA_DIRECTA,consulta explícita de una categoría minoritaria,55,22.0,ampliacion_dano_20260727_lote2,2026-07-27T07:54:18-05:00
391,55E4IyDVHzQ,https://www.youtube.com/watch?v=55E4IyDVHzQ,"Defamation, Slander, Libel: Crimes Against Honor. How to File a Complaint. #italcorp",Italcorp,UCy3ZPoqXrSMZVnkDE_jHy0A,342.0,targeted_search,te voy a matar denuncia Perú,22,AMENAZA_DIRECTA,consulta explícita de una categoría minoritaria,55,22.0,ampliacion_dano_20260727_lote2,2026-07-27T07:54:18-05:00
392,HnjNN64slC4,https://www.youtube.com/watch?v=HnjNN64slC4,Consultorio Legal (TV Perú) | Delitos contra libertad sexual,Ministerio de Justicia y Derechos Humanos,UCUplbK1nnI1dnjfU2BiAVRw,445.0,targeted_search,acoso sexual denuncia televisión peruana,23,CONTENIDO_SEXUAL|ACOSO_GENERO_IDENTIDAD,consulta explícita de una categoría minoritaria,55,23.0,ampliacion_dano_20260727_lote2,2026-07-27T07:54:18-05:00
393,sSIFE8fdXP0,https://www.youtube.com/watch?v=sSIFE8fdXP0,"Young man reports assault by ""Cristorata"" after a livestream | Arriba Mi Gente",Latina Televisión,UC3rDtLrcgr3JS3_3JOW4BAw,786.0,targeted_search,agresor amenaza pareja Perú,23,AMENAZA_DIRECTA,consulta explícita de una categoría minoritaria,55,23.0,ampliacion_dano_20260727_lote2,2026-07-27T07:54:18-05:00
394,aQ_W7bZRtfo,https://www.youtube.com/watch?v=aQ_W7bZRtfo,Juez Supremo lamó la atención al abogado que olvidó portar la cinta en audiencia virtual.,JP,UCGSpwxaMO2mW5mYKtsIurCA,51.0,targeted_search,amenaza juez audiencia virtual Perú,23,AMENAZA_DIRECTA,consulta explícita de una categoría minoritaria,55,23.0,ampliacion_dano_20260727_lote2,2026-07-27T07:54:18-05:00
395,WkwyH62MCzk,https://www.youtube.com/watch?v=WkwyH62MCzk,Extorsión en Los Olivos: comerciante vive a escondidas por amenazas de muerte,Buenos Días Perú,UCFnOwPrJ-Skrzk_GPNBV5tg,192.0,targeted_search,amenazas de muerte Perú,23,AMENAZA_DIRECTA,consulta explícita de una categoría minoritaria,55,23.0,ampliacion_dano_20260727_lote2,2026-07-27T07:54:18-05:00
396,vi67gnBLRyg,https://www.youtube.com/watch?v=vi67gnBLRyg,Monserrat Seminario and Susan Villanueva clash over Melcochita case | América Espectáculos (TODAY),América Noticias,UCPhm2I2wk4vqjENwhn3px8A,221.0,targeted_search,denuncia amenazas farándula Perú,23,AMENAZA_DIRECTA,consulta explícita de una categoría minoritaria,55,23.0,ampliacion_dano_20260727_lote2,2026-07-27T07:54:18-05:00
397,fOKt7a5Ri3o,https://www.youtube.com/watch?v=fOKt7a5Ri3o,🔴🔵Trujillo: Mass extortion calls put PNP on high alert,Exitosa Noticias,UCxgO_rak_BKZP8VNVmYqbWg,117.0,targeted_search,extorsionadores amenazan audio Perú,23,AMENAZA_DIRECTA,consulta explícita de una categoría minoritaria,55,23.0,ampliacion_dano_20260727_lote2,2026-07-27T07:54:18-05:00
398,DuVIST1fkf8,https://www.youtube.com/watch?v=DuVIST1fkf8,"""Negra, arréglate la cara"" y otras frases racistas contra niña quien ahora es denunciada",Buenos Días Perú,UCFnOwPrJ-Skrzk_GPNBV5tg,987.0,targeted_search,insultos racistas discriminación Perú denuncia,23,RACISMO_DISCRIMINACION,consulta explícita de una categoría minoritaria,55,23.0,ampliacion_dano_20260727_lote2,2026-07-27T07:54:18-05:00
399,Kk3H17yt008,https://www.youtube.com/watch?v=Kk3H17yt008,Joven sufre acoso sexual dentro de una combi: Depravado la manosea y comete acto impúdico,ATV Noticias,UCYG5uXS3xdsoaXIxum1pAEw,984.0,targeted_search,acoso sexual denuncia televisión peruana,24,CONTENIDO_SEXUAL|ACOSO_GENERO_IDENTIDAD,consulta explícita de una categoría minoritaria,55,24.0,ampliacion_dano_20260727_lote2,2026-07-27T07:54:18-05:00
400,WU0WOdr9gVg,https://www.youtube.com/watch?v=WU0WOdr9gVg,Es extorsionada por expareja con difundir videos íntimos y en comisaría no quieren atenderla,Buenos Días Perú,UCFnOwPrJ-Skrzk_GPNBV5tg,168.0,targeted_search,agresor amenaza pareja Perú,24,AMENAZA_DIRECTA,consulta explícita de una categoría minoritaria,55,24.0,ampliacion_dano_20260727_lote2,2026-07-27T07:54:18-05:00
401,BLUqUf92eqA,https://www.youtube.com/watch?v=BLUqUf92eqA,Hombre acusado de violencia intrafamiliar amenaza a juez y arroja micrófono y mesa,NMás,UCUsm-fannqOY02PNN67C0KA,133.0,targeted_search,amenaza juez audiencia virtual Perú,24,AMENAZA_DIRECTA,consulta explícita de una categoría minoritaria,55,24.0,ampliacion_dano_20260727_lote2,2026-07-27T07:54:18-05:00
402,2TcBHROex34,https://www.youtube.com/watch?v=2TcBHROex34,Extorsión y sicariato en Perú: Amenazan de muerte a empresarios de transporte - DNews,DNews,UC4dWvSKVWJ36tJyhjDQCCaQ,454.0,targeted_search,amenazas de muerte Perú,24,AMENAZA_DIRECTA,consulta explícita de una categoría minoritaria,55,24.0,ampliacion_dano_20260727_lote2,2026-07-27T07:54:18-05:00
403,O8q8hQWKeRY,https://www.youtube.com/watch?v=O8q8hQWKeRY,EPN se suma al Día Internacional contra la Homofobia - Martínez Serrano,martinezserrano,UChZCcAYKe_VAtC3Z_tBexcg,1005.0,targeted_search,amenazas homofóbicas Perú,24,AMENAZA_DIRECTA|ACOSO_GENERO_IDENTIDAD,consulta explícita de una categoría minoritaria,55,24.0,ampliacion_dano_20260727_lote2,2026-07-27T07:54:18-05:00
404,a-bGi-CkcbE,https://www.youtube.com/watch?v=a-bGi-CkcbE,Policía va en busca de Pamela López tras ser DENUNCIADA por su ex amiga y ella ROMPE EN LLANTO,Diario El Popular 🇵🇪,UCC25ArAc6QI7yj1UQG8lqxA,103.0,targeted_search,denuncia amenazas farándula Perú,24,AMENAZA_DIRECTA,consulta explícita de una categoría minoritaria,55,24.0,ampliacion_dano_20260727_lote2,2026-07-27T07:54:18-05:00
405,JOYRtnE0tvA,https://www.youtube.com/watch?v=JOYRtnE0tvA,El cumpleaños del 'Monstruo': Los audios que delatan a Erick Moreno en plena celebración clandestina,Latina Noticias,UCpSJ5fGhmAME9Kx2D3ZvN3Q,470.0,targeted_search,extorsionadores amenazan audio Perú,24,AMENAZA_DIRECTA,consulta explícita de una categoría minoritaria,55,24.0,ampliacion_dano_20260727_lote2,2026-07-27T07:54:18-05:00
406,DIxE88CsZv4,https://www.youtube.com/watch?v=DIxE88CsZv4,Jinete peruano denunció acto de discriminación,TVPerú Noticias,UCkZCoc42IipR1ucqJmIehsA,107.0,targeted_search,insultos racistas discriminación Perú denuncia,24,RACISMO_DISCRIMINACION,consulta explícita de una categoría minoritaria,55,24.0,ampliacion_dano_20260727_lote2,2026-07-27T07:54:18-05:00
407,B8HSp41auYw,https://www.youtube.com/watch?v=B8HSp41auYw,Comerciante de autos sobrevivió a un ataque armado: el sicario no tuvo puntería y se quedó sin balas,Noticias Caracol,UC2Xq2PK-got3Rtz9ZJ32hLQ,100.0,targeted_search,sicarios amenazan periodista Perú,24,AMENAZA_DIRECTA,consulta explícita de una categoría minoritaria,55,24.0,ampliacion_dano_20260727_lote2,2026-07-27T07:54:18-05:00
408,fx8tGunSflw,https://www.youtube.com/watch?v=fx8tGunSflw,a delante matame pero a golpes por que con pistola yo tambien puedo😎 (Video Oficial),Ulises Ovejero,UCE2IOjqQqGOBROxYRrPotxQ,19.0,targeted_search,te voy a matar denuncia Perú,24,AMENAZA_DIRECTA,consulta explícita de una categoría minoritaria,55,24.0,ampliacion_dano_20260727_lote2,2026-07-27T07:54:18-05:00
409,FaoPqOW6Iog,https://www.youtube.com/watch?v=FaoPqOW6Iog,Miguel Trauco y Carlos Zambrano respondieron a denuncia de abuso sexual en su contra,Latina Noticias,UCpSJ5fGhmAME9Kx2D3ZvN3Q,120.0,targeted_search,acoso sexual denuncia televisión peruana,25,CONTENIDO_SEXUAL|ACOSO_GENERO_IDENTIDAD,consulta explícita de una categoría minoritaria,55,25.0,ampliacion_dano_20260727_lote2,2026-07-27T07:54:18-05:00
410,rohvS1aJTH8,https://www.youtube.com/watch?v=rohvS1aJTH8,Amenazan a un juez en plena audiencia virtual!!,YACHASUN / QUECHUA ,UCHRQQMn_1Jig7i6-e6rTYaA,90.0,targeted_search,amenaza juez audiencia virtual Perú,25,AMENAZA_DIRECTA,consulta explícita de una categoría minoritaria,55,25.0,ampliacion_dano_20260727_lote2,2026-07-27T07:54:18-05:00
411,zXr9X4shNnE,https://www.youtube.com/watch?v=zXr9X4shNnE,AMENAZAS DE MUERTE EN LA PCM Y DESVÍO MILLONARIO EN LA FRANJA ELECTORAL | ARDE TROYA CON OXENFORD,La República - LR+,UC-B7Xv56uNRDkj0vC3QW8Cg,7074.0,targeted_search,amenazas de muerte Perú,25,AMENAZA_DIRECTA,consulta explícita de una categoría minoritaria,55,25.0,ampliacion_dano_20260727_lote2,2026-07-27T07:54:18-05:00
412,7jjgk9qQ61A,https://www.youtube.com/watch?v=7jjgk9qQ61A,Homofobia: Lo apuñalaron más de 70 veces,C5N,UCFgk2Q2mVO1BklRQhSv6p0w,390.0,targeted_search,amenazas homofóbicas Perú,25,AMENAZA_DIRECTA|ACOSO_GENERO_IDENTIDAD,consulta explícita de una categoría minoritaria,55,25.0,ampliacion_dano_20260727_lote2,2026-07-27T07:54:18-05:00
413,3qessVTg8Ug,https://www.youtube.com/watch?v=3qessVTg8Ug,¡IMPACTANTE! EXAMIGA DE PAMELA LÓPEZ DENUNCIA QUE EXTRAÑOS FUERON A SU HOGAR DESPUÉS DE AMENAZAS,DEVELADOR,UCvzuPbNztTlTr542qOYalbw,269.0,targeted_search,denuncia amenazas farándula Perú,25,AMENAZA_DIRECTA,consulta explícita de una categoría minoritaria,55,25.0,ampliacion_dano_20260727_lote2,2026-07-27T07:54:18-05:00
414,nS1rYuYv1BI,https://www.youtube.com/watch?v=nS1rYuYv1BI,"Alias ​​""The Monster"" confesses extortion and fears in audio recording | Cuarto Poder | Peru",América Noticias,UCPhm2I2wk4vqjENwhn3px8A,603.0,targeted_search,extorsionadores amenazan audio Perú,25,AMENAZA_DIRECTA,consulta explícita de una categoría minoritaria,55,25.0,ampliacion_dano_20260727_lote2,2026-07-27T07:54:18-05:00
415,Iv1eA1uKYjI,https://www.youtube.com/watch?v=Iv1eA1uKYjI,"Julio Arbizu sobre denuncia de discriminación: ""Mario Bryce ha demostrado tener una entraña racista""",Trome Perú,UChzS9L4GwAe0lRFallqbaGg,285.0,targeted_search,insultos racistas discriminación Perú denuncia,25,RACISMO_DISCRIMINACION,consulta explícita de una categoría minoritaria,55,25.0,ampliacion_dano_20260727_lote2,2026-07-27T07:54:18-05:00
416,aw8YfgokKpU,https://www.youtube.com/watch?v=aw8YfgokKpU,🔴 INFORME ESPECIAL DE #GPS: HABLA UN SICARIO Parte 2 I A24,A24com,UCR9120YBAqMfntqgRTKmkjQ,1335.0,targeted_search,sicarios amenazan periodista Perú,25,AMENAZA_DIRECTA,consulta explícita de una categoría minoritaria,55,25.0,ampliacion_dano_20260727_lote2,2026-07-27T07:54:18-05:00
417,wWPOFuapxuo,https://www.youtube.com/watch?v=wWPOFuapxuo,MIX HOY QUIERO OLVIDARME DE TI  -  JORGE  ESQUIVES Y  ORQUESTA EN VIVO  (. CHICLAYO ),GRABACIONES MIGUELITO,UCG-ony8A9CgFq6uDChp4yNA,640.0,targeted_search,te voy a matar denuncia Perú,25,AMENAZA_DIRECTA,consulta explícita de una categoría minoritaria,55,25.0,ampliacion_dano_20260727_lote2,2026-07-27T07:54:18-05:00
418,KNZh7JKcfeQ,https://www.youtube.com/watch?v=KNZh7JKcfeQ,Yonhy Lescano al descubierto: la denuncia por acoso sexual,Panorama,UCBiq92lt_ufNO-ktZigVXgg,996.0,targeted_search,acoso sexual denuncia televisión peruana,26,CONTENIDO_SEXUAL|ACOSO_GENERO_IDENTIDAD,consulta explícita de una categoría minoritaria,55,26.0,ampliacion_dano_20260727_lote2,2026-07-27T07:54:18-05:00
419,OTEmcDm7vIQ,https://www.youtube.com/watch?v=OTEmcDm7vIQ,Ex-partner of ATV journalist who threatened to kill her disappears and EsSalud washes its hands o...,ATV Noticias,UCYG5uXS3xdsoaXIxum1pAEw,1660.0,targeted_search,agresor amenaza pareja Perú,26,AMENAZA_DIRECTA,consulta explícita de una categoría minoritaria,55,26.0,ampliacion_dano_20260727_lote2,2026-07-27T07:54:18-05:00
420,losKK5h4Ogo,https://www.youtube.com/watch?v=losKK5h4Ogo,Ucayali: Acusado huyó de audiencia pública con ayuda de su abogado,TVPerú Noticias,UCkZCoc42IipR1ucqJmIehsA,67.0,targeted_search,amenaza juez audiencia virtual Perú,26,AMENAZA_DIRECTA,consulta explícita de una categoría minoritaria,55,26.0,ampliacion_dano_20260727_lote2,2026-07-27T07:54:18-05:00
421,8MGu1kXq2bM,https://www.youtube.com/watch?v=8MGu1kXq2bM,Funcionaria de Bellavista denuncia amenazas de muerte tras ataque a su vehículo,Buenos Días Perú,UCFnOwPrJ-Skrzk_GPNBV5tg,204.0,targeted_search,amenazas de muerte Perú,26,AMENAZA_DIRECTA,consulta explícita de una categoría minoritaria,55,26.0,ampliacion_dano_20260727_lote2,2026-07-27T07:54:18-05:00
422,bTjKMOXXK7c,https://www.youtube.com/watch?v=bTjKMOXXK7c,El boxeador mexicano Dario Larralde publica polémico video homofóbico | Noticias con Nacho Lozano,Imagen Noticias,UCcHtke0raf8vNYLM1Hbq3Jw,802.0,targeted_search,amenazas homofóbicas Perú,26,AMENAZA_DIRECTA|ACOSO_GENERO_IDENTIDAD,consulta explícita de una categoría minoritaria,55,26.0,ampliacion_dano_20260727_lote2,2026-07-27T07:54:18-05:00
423,B9VXUdQAgwo,https://www.youtube.com/watch?v=B9VXUdQAgwo,"Magaly Medina's lawyer on Jefferson Farfán's complaint: ""It was not a violation of privacy""",Magaly TV La Firme,UCF6s3gpbZEQKqZ38VvQ0gLA,145.0,targeted_search,denuncia amenazas farándula Perú,26,AMENAZA_DIRECTA,consulta explícita de una categoría minoritaria,55,26.0,ampliacion_dano_20260727_lote2,2026-07-27T07:54:18-05:00
424,xbaVX53w_ig,https://www.youtube.com/watch?v=xbaVX53w_ig,"Mujer vive una pesadilla por amenazas de extorsionadores del ""gota a gota""",ATV Noticias,UCYG5uXS3xdsoaXIxum1pAEw,132.0,targeted_search,extorsionadores amenazan audio Perú,26,AMENAZA_DIRECTA,consulta explícita de una categoría minoritaria,55,26.0,ampliacion_dano_20260727_lote2,2026-07-27T07:54:18-05:00
425,MHtCbetbjfA,https://www.youtube.com/watch?v=MHtCbetbjfA,🔴🔵Cusco lawyer files complaint against streamer “Cristorata” for racist comments,Exitosa Noticias,UCxgO_rak_BKZP8VNVmYqbWg,479.0,targeted_search,insultos racistas discriminación Perú denuncia,26,RACISMO_DISCRIMINACION,consulta explícita de una categoría minoritaria,55,26.0,ampliacion_dano_20260727_lote2,2026-07-27T07:54:18-05:00
426,E5vSCBrRHyc,https://www.youtube.com/watch?v=E5vSCBrRHyc,Hombres armados rapan a mujer por tocarles el claxon para que movieran su carro,El Universal,UC2SEk1w7DgoHs_G3w1biz-w,92.0,targeted_search,sicarios amenazan periodista Perú,26,AMENAZA_DIRECTA,consulta explícita de una categoría minoritaria,55,26.0,ampliacion_dano_20260727_lote2,2026-07-27T07:54:18-05:00
427,X-jmz_3FPlw,https://www.youtube.com/watch?v=X-jmz_3FPlw,5 Cosas Que Debes Hacer Si Te Han Denunciado 👮,TRAMITEX Abogados de Extranjería,UCm7rsFxGJsNV-99aNF_fFMQ,1043.0,targeted_search,te voy a matar denuncia Perú,26,AMENAZA_DIRECTA,consulta explícita de una categoría minoritaria,55,26.0,ampliacion_dano_20260727_lote2,2026-07-27T07:54:18-05:00
428,HNLliejUBGo,https://www.youtube.com/watch?v=HNLliejUBGo,Indignación en Perú por el acoso sexual de un periodista a una diputada,laSexta Noticias,UCCJs5mITIqxqJGeFjt9N1Mg,72.0,targeted_search,acoso sexual denuncia televisión peruana,27,CONTENIDO_SEXUAL|ACOSO_GENERO_IDENTIDAD,consulta explícita de una categoría minoritaria,55,27.0,ampliacion_dano_20260727_lote2,2026-07-27T07:54:18-05:00
429,vYHuvbNYuGU,https://www.youtube.com/watch?v=vYHuvbNYuGU,Amenazas el delito más Denunciado//Conoce que pasa después de tu denuncia,Abogado Juan Carlos Paz Bautista,UCLxsHdt2y0IP77fJq3fYjzg,159.0,targeted_search,agresor amenaza pareja Perú,27,AMENAZA_DIRECTA,consulta explícita de una categoría minoritaria,55,27.0,ampliacion_dano_20260727_lote2,2026-07-27T07:54:18-05:00
430,7nevvpxzwZ0,https://www.youtube.com/watch?v=7nevvpxzwZ0,Acusado enloquece y amenaza a una jueza en plena audiencia,Al Rojo Vivo,UCDUxOvbwu1bnyD7AucP0ESw,88.0,targeted_search,amenaza juez audiencia virtual Perú,27,AMENAZA_DIRECTA,consulta explícita de una categoría minoritaria,55,27.0,ampliacion_dano_20260727_lote2,2026-07-27T07:54:18-05:00
431,PR6EqTfGlgM,https://www.youtube.com/watch?v=PR6EqTfGlgM,Conferencia: Día Nacional de la Lucha contra la Homofobia,DineroEnImagen,UCAR25TJVwUjoif_kM7e2ONQ,5445.0,targeted_search,amenazas homofóbicas Perú,27,AMENAZA_DIRECTA|ACOSO_GENERO_IDENTIDAD,consulta explícita de una categoría minoritaria,55,27.0,ampliacion_dano_20260727_lote2,2026-07-27T07:54:18-05:00
432,dYp8kfE4Ot0,https://www.youtube.com/watch?v=dYp8kfE4Ot0,"'Youna' sobre amenazas de atentar contra su vida: ""No aceptaba haber perdido a mi familia""",Magaly TV La Firme,UCF6s3gpbZEQKqZ38VvQ0gLA,221.0,targeted_search,denuncia amenazas farándula Perú,27,AMENAZA_DIRECTA,consulta explícita de una categoría minoritaria,55,27.0,ampliacion_dano_20260727_lote2,2026-07-27T07:54:18-05:00
433,F1RKszJ85uI,https://www.youtube.com/watch?v=F1RKszJ85uI,Breña: 200 merchants at Market No. 3 threatened,24 Horas,UCsakKsRww3J7pM6DavkrAIQ,161.0,targeted_search,extorsionadores amenazan audio Perú,27,AMENAZA_DIRECTA,consulta explícita de una categoría minoritaria,55,27.0,ampliacion_dano_20260727_lote2,2026-07-27T07:54:18-05:00
434,csIFmf7mkuI,https://www.youtube.com/watch?v=csIFmf7mkuI,"""Quispe tenías que ser"": Candidata de Podemos Perú agredió con expresiones racistas a policías",Latina Noticias,UCpSJ5fGhmAME9Kx2D3ZvN3Q,141.0,targeted_search,insultos racistas discriminación Perú denuncia,27,RACISMO_DISCRIMINACION,consulta explícita de una categoría minoritaria,55,27.0,ampliacion_dano_20260727_lote2,2026-07-27T07:54:18-05:00
435,wB1oysYBPas,https://www.youtube.com/watch?v=wB1oysYBPas,"Viejo estúpido, Caso Cerrado.ZIP | Caso Cerrado | Telemundo",Caso Cerrado,UCGbofRROopWrumVob5w61OA,470.0,targeted_search,te voy a matar denuncia Perú,27,AMENAZA_DIRECTA,consulta explícita de una categoría minoritaria,55,27.0,ampliacion_dano_20260727_lote2,2026-07-27T07:54:18-05:00
436,tMk1rtxrKac,https://www.youtube.com/watch?v=tMk1rtxrKac,Trujillo: siete profesores han sido destituidos por denuncias de acoso,TVPerú Noticias,UCkZCoc42IipR1ucqJmIehsA,186.0,targeted_search,acoso sexual denuncia televisión peruana,28,CONTENIDO_SEXUAL|ACOSO_GENERO_IDENTIDAD,consulta explícita de una categoría minoritaria,55,28.0,ampliacion_dano_20260727_lote2,2026-07-27T07:54:18-05:00
437,LP9NHqybZXQ,https://www.youtube.com/watch?v=LP9NHqybZXQ,"Never Again: October 31, 2021 Program",Nunca MAS,UCFqwxsa2Wp6Y5FkUAcGShGA,4146.0,targeted_search,agresor amenaza pareja Perú,28,AMENAZA_DIRECTA,consulta explícita de una categoría minoritaria,55,28.0,ampliacion_dano_20260727_lote2,2026-07-27T07:54:18-05:00
438,VDii2j1ocn4,https://www.youtube.com/watch?v=VDii2j1ocn4,Judge becomes annoyed upon noticing that lawyer is unfamiliar with the legal process,LP - Pasión por el Derecho,UCDscRlCxFfuHhsJBlVvPBmA,653.0,targeted_search,amenaza juez audiencia virtual Perú,28,AMENAZA_DIRECTA,consulta explícita de una categoría minoritaria,55,28.0,ampliacion_dano_20260727_lote2,2026-07-27T07:54:18-05:00
439,lRkWyHPDabw,https://www.youtube.com/watch?v=lRkWyHPDabw,¿Dinero fácil? Alertan por extorsiones y amenazas de muerte desde ‘apps’ de préstamos fáciles,AM Noticias,UCT8PmbITxn2-NFW39_8504Q,155.0,targeted_search,amenazas de muerte Perú,28,AMENAZA_DIRECTA,consulta explícita de una categoría minoritaria,55,28.0,ampliacion_dano_20260727_lote2,2026-07-27T07:54:18-05:00
440,zP5rDTIxgZ0,https://www.youtube.com/watch?v=zP5rDTIxgZ0,Falta de testigos dificulta caso de agresión a joven homosexual,CNN Chile,UCpOAcjJNAp0Y0fhznRrXIJQ,127.0,targeted_search,amenazas homofóbicas Perú,28,AMENAZA_DIRECTA|ACOSO_GENERO_IDENTIDAD,consulta explícita de una categoría minoritaria,55,28.0,ampliacion_dano_20260727_lote2,2026-07-27T07:54:18-05:00
441,9IP8N0ZEafg,https://www.youtube.com/watch?v=9IP8N0ZEafg,"🔴🔵Carlos Álvarez denuncia extorsión y revela amenazas: ""Pierden su tiempo""",Exitosa Noticias,UCxgO_rak_BKZP8VNVmYqbWg,380.0,targeted_search,denuncia amenazas farándula Perú,28,AMENAZA_DIRECTA,consulta explícita de una categoría minoritaria,55,28.0,ampliacion_dano_20260727_lote2,2026-07-27T07:54:18-05:00
442,5UlczKSeGUc,https://www.youtube.com/watch?v=5UlczKSeGUc,Extorsionadores  amenazan a choferes de empresa Translima por cupos #ADNRPP | ENTREVISTA,RPP Noticias,UC5j8-2FT0ZMMBkmK72R4aeA,636.0,targeted_search,extorsionadores amenazan audio Perú,28,AMENAZA_DIRECTA,consulta explícita de una categoría minoritaria,55,28.0,ampliacion_dano_20260727_lote2,2026-07-27T07:54:18-05:00
443,AMfB8uo2wWU,https://www.youtube.com/watch?v=AMfB8uo2wWU,Mujer acusada de racismo niega agresión,24 Horas,UCsakKsRww3J7pM6DavkrAIQ,57.0,targeted_search,insultos racistas discriminación Perú denuncia,28,RACISMO_DISCRIMINACION,consulta explícita de una categoría minoritaria,55,28.0,ampliacion_dano_20260727_lote2,2026-07-27T07:54:18-05:00
444,rVV1yc33GLg,https://www.youtube.com/watch?v=rVV1yc33GLg,Wanda Del Valle mandó a 8 sicarios al Perú para matar al coronel Revoredo,Buenos Días Perú,UCFnOwPrJ-Skrzk_GPNBV5tg,862.0,targeted_search,sicarios amenazan periodista Perú,28,AMENAZA_DIRECTA,consulta explícita de una categoría minoritaria,55,28.0,ampliacion_dano_20260727_lote2,2026-07-27T07:54:18-05:00
445,FXHhQn43agA,https://www.youtube.com/watch?v=FXHhQn43agA,Man lived with a 9-year-old girl,Noti7,UCVpSRoZgngfSL03Nlbjtq9A,263.0,targeted_search,te voy a matar denuncia Perú,28,AMENAZA_DIRECTA,consulta explícita de una categoría minoritaria,55,28.0,ampliacion_dano_20260727_lote2,2026-07-27T07:54:18-05:00
446,IX2GDjG8iwc,https://www.youtube.com/watch?v=IX2GDjG8iwc,Terror in Miraflores! Woman reports harassment and groping on a bus 😨 | Up with My People 🚨,Latina Televisión,UC3rDtLrcgr3JS3_3JOW4BAw,1141.0,targeted_search,acoso sexual denuncia televisión peruana,29,CONTENIDO_SEXUAL|ACOSO_GENERO_IDENTIDAD,consulta explícita de una categoría minoritaria,55,29.0,ampliacion_dano_20260727_lote2,2026-07-27T07:54:18-05:00
447,no1jz57CAAY,https://www.youtube.com/watch?v=no1jz57CAAY,Puedo ir a la cárcel por Violencia familiar,Giomar Salazar Abogados,UCBWVLIesVhC4Iz5W-ApozYw,29.0,targeted_search,agresor amenaza pareja Perú,29,AMENAZA_DIRECTA,consulta explícita de una categoría minoritaria,55,29.0,ampliacion_dano_20260727_lote2,2026-07-27T07:54:18-05:00
448,x4nvV15iq5M,https://www.youtube.com/watch?v=x4nvV15iq5M,HE DESTROYED HIM! TC JUDGE PULSATES PROSECUTOR DOMINGO PEREZ IN COCKTAIL CASE HEARING,Informativo Perú,UC872F7q02kUQgZa-jm30zJw,1331.0,targeted_search,amenaza juez audiencia virtual Perú,29,AMENAZA_DIRECTA,consulta explícita de una categoría minoritaria,55,29.0,ampliacion_dano_20260727_lote2,2026-07-27T07:54:18-05:00
449,OOFIp1R75gc,https://www.youtube.com/watch?v=OOFIp1R75gc,🔴🔵Alcalde de El Porvenir denuncia recibir amenazas de muerte contra su familia,Exitosa Noticias,UCxgO_rak_BKZP8VNVmYqbWg,617.0,targeted_search,amenazas de muerte Perú,29,AMENAZA_DIRECTA,consulta explícita de una categoría minoritaria,55,29.0,ampliacion_dano_20260727_lote2,2026-07-27T07:54:18-05:00
450,YnXTB-1JYlE,https://www.youtube.com/watch?v=YnXTB-1JYlE,Rafael Santos generó polémica por tuit homofóbico y exponen que da 'likes' a pornografía lésbica,ATV Noticias,UCYG5uXS3xdsoaXIxum1pAEw,313.0,targeted_search,amenazas homofóbicas Perú,29,AMENAZA_DIRECTA|ACOSO_GENERO_IDENTIDAD,consulta explícita de una categoría minoritaria,55,29.0,ampliacion_dano_20260727_lote2,2026-07-27T07:54:18-05:00
451,J00OaxdjBDA,https://www.youtube.com/watch?v=J00OaxdjBDA,"Denuncian violento desalojo en casa de Jackson Mora: ""Entraron con armas""",Magaly TV La Firme,UCF6s3gpbZEQKqZ38VvQ0gLA,522.0,targeted_search,denuncia amenazas farándula Perú,29,AMENAZA_DIRECTA,consulta explícita de una categoría minoritaria,55,29.0,ampliacion_dano_20260727_lote2,2026-07-27T07:54:18-05:00
452,uOZJEHelwX4,https://www.youtube.com/watch?v=uOZJEHelwX4,"With this video, a woman denounces the alleged racist attack by a cardiologist in California.",Primer Impacto,UC9SUMV0oYm0XK9H-c3GmKaQ,115.0,targeted_search,insultos racistas discriminación Perú denuncia,29,RACISMO_DISCRIMINACION,consulta explícita de una categoría minoritaria,55,29.0,ampliacion_dano_20260727_lote2,2026-07-27T07:54:18-05:00
453,oXhFR8oiu9k,https://www.youtube.com/watch?v=oXhFR8oiu9k,Sicarios asesinan de 13 balazos a menor de 17 años en Manchay (1/2),Buenos Días Perú,UCFnOwPrJ-Skrzk_GPNBV5tg,247.0,targeted_search,sicarios amenazan periodista Perú,29,AMENAZA_DIRECTA,consulta explícita de una categoría minoritaria,55,29.0,ampliacion_dano_20260727_lote2,2026-07-27T07:54:18-05:00
454,1mXm8h9L3Fs,https://www.youtube.com/watch?v=1mXm8h9L3Fs,EL HISTORIAL DE CORRUPCIÓN DE KEIKO FUJIMORI,Causa Liberal,UCll0HV6_bI0X7Us5OR-C5gA,1077.0,targeted_search,te voy a matar denuncia Perú,29,AMENAZA_DIRECTA,consulta explícita de una categoría minoritaria,55,29.0,ampliacion_dano_20260727_lote2,2026-07-27T07:54:18-05:00
455,dObPbumK4L8,https://www.youtube.com/watch?v=dObPbumK4L8,¡El acoso sexual ya es delito en Perú! | Programa Mónica Cabrejos,Giancarlo Javier,UC1fXcLHy_uveoenwHNSVIug,675.0,targeted_search,acoso sexual denuncia televisión peruana,30,CONTENIDO_SEXUAL|ACOSO_GENERO_IDENTIDAD,consulta explícita de una categoría minoritaria,55,30.0,ampliacion_dano_20260727_lote2,2026-07-27T07:54:18-05:00
456,nnECM7gVHu4,https://www.youtube.com/watch?v=nnECM7gVHu4,Venezolana intenta salvarse de su agresor lanzándose del tercer piso de su vivienda,TVPerú Noticias,UCkZCoc42IipR1ucqJmIehsA,433.0,targeted_search,agresor amenaza pareja Perú,30,AMENAZA_DIRECTA,consulta explícita de una categoría minoritaria,55,30.0,ampliacion_dano_20260727_lote2,2026-07-27T07:54:18-05:00
457,dPgEfDTrQd0,https://www.youtube.com/watch?v=dPgEfDTrQd0,🔴 #EnVivo Audiencia Virtual,JusticiaTV - Audiencias,UCCaMc7HFSNrTvAecmLubKQw,14393.0,targeted_search,amenaza juez audiencia virtual Perú,30,AMENAZA_DIRECTA,consulta explícita de una categoría minoritaria,55,30.0,ampliacion_dano_20260727_lote2,2026-07-27T07:54:18-05:00
458,tpAvjDaMmeY,https://www.youtube.com/watch?v=tpAvjDaMmeY,"""¡Sáquenme la mano!"": Extorsionador suplica por ayuda tras perder dedos en atentado fallido",Latina Noticias,UCpSJ5fGhmAME9Kx2D3ZvN3Q,105.0,targeted_search,amenazas de muerte Perú,30,AMENAZA_DIRECTA,consulta explícita de una categoría minoritaria,55,30.0,ampliacion_dano_20260727_lote2,2026-07-27T07:54:18-05:00
459,0pdnNnGMSJk,https://www.youtube.com/watch?v=0pdnNnGMSJk,"Agreden a pareja gay en Chihuahua; ""somos seres humanos, no le hacemos daño a nadie""",MILENIO,UCFxHplbcoJK9m70c4VyTIxg,255.0,targeted_search,amenazas homofóbicas Perú,30,AMENAZA_DIRECTA|ACOSO_GENERO_IDENTIDAD,consulta explícita de una categoría minoritaria,55,30.0,ampliacion_dano_20260727_lote2,2026-07-27T07:54:18-05:00
460,EMtSQuNLcAA,https://www.youtube.com/watch?v=EMtSQuNLcAA,¡Exclusivo! Familia huye del país por amenazas de extorsionadores,ATV Noticias,UCYG5uXS3xdsoaXIxum1pAEw,450.0,targeted_search,denuncia amenazas farándula Perú,30,AMENAZA_DIRECTA,consulta explícita de una categoría minoritaria,55,30.0,ampliacion_dano_20260727_lote2,2026-07-27T07:54:18-05:00
461,C1EVAMoE3Zw,https://www.youtube.com/watch?v=C1EVAMoE3Zw,Extorsiones en aumento: ciudadanos bajo el asedio del crimen,Panorama,UCBiq92lt_ufNO-ktZigVXgg,917.0,targeted_search,extorsionadores amenazan audio Perú,30,AMENAZA_DIRECTA,consulta explícita de una categoría minoritaria,55,30.0,ampliacion_dano_20260727_lote2,2026-07-27T07:54:18-05:00
462,NXrDtX6bR3U,https://www.youtube.com/watch?v=NXrDtX6bR3U,¡Tú no tienes por qué estar acá!: joven denuncia  discriminación de grupo de vecinas de Miraflores,Buenos Días Perú,UCFnOwPrJ-Skrzk_GPNBV5tg,139.0,targeted_search,insultos racistas discriminación Perú denuncia,30,RACISMO_DISCRIMINACION,consulta explícita de una categoría minoritaria,55,30.0,ampliacion_dano_20260727_lote2,2026-07-27T07:54:18-05:00
463,oZ074afz4Ng,https://www.youtube.com/watch?v=oZ074afz4Ng,"Coronel Revoredo no teme a la banda criminal ""Los Pulpos"" que ofrece dinero por su cabeza",ATV Noticias,UCYG5uXS3xdsoaXIxum1pAEw,407.0,targeted_search,sicarios amenazan periodista Perú,30,AMENAZA_DIRECTA,consulta explícita de una categoría minoritaria,55,30.0,ampliacion_dano_20260727_lote2,2026-07-27T07:54:18-05:00
464,K9WrU_WHfKU,https://www.youtube.com/watch?v=K9WrU_WHfKU,CÓMO ACTUAR EN CASO DE DIFAMACIÓN. EL DERECHO AL HONOR,Álvaro Navarro Abogado,UCknyABjdbf5eQdzp0FKVt5g,360.0,targeted_search,te voy a matar denuncia Perú,30,AMENAZA_DIRECTA,consulta explícita de una categoría minoritaria,55,30.0,ampliacion_dano_20260727_lote2,2026-07-27T07:54:18-05:00
465,7umFDZasKrs,https://www.youtube.com/watch?v=7umFDZasKrs,Denuncian a falso productor de TV por tocamientos indebidos y acoso sexual a jóvenes,Panamericana Televisión,UCngb4rxO4iUE6BrIs29WXwA,1082.0,targeted_search,acoso sexual denuncia televisión peruana,31,CONTENIDO_SEXUAL|ACOSO_GENERO_IDENTIDAD,consulta explícita de una categoría minoritaria,55,31.0,ampliacion_dano_20260727_lote2,2026-07-27T07:54:18-05:00
466,QDT6jCU_QEE,https://www.youtube.com/watch?v=QDT6jCU_QEE,Outrageous! Streamer Diealis accused of “savage assault” against his partner,Magaly TV La Firme,UCF6s3gpbZEQKqZ38VvQ0gLA,165.0,targeted_search,agresor amenaza pareja Perú,31,AMENAZA_DIRECTA,consulta explícita de una categoría minoritaria,55,31.0,ampliacion_dano_20260727_lote2,2026-07-27T07:54:18-05:00
467,0JhrVTbjU3w,https://www.youtube.com/watch?v=0JhrVTbjU3w,SIMULACIÓN DE AUDIENCIA INICIAL - AMENAZAS Y EXPRESIONES DE VIOLENCIA CONTRA LAS MUJERES,Carlos Rivas,UCwkUhDPem4kFuHI4-RME2-A,815.0,targeted_search,amenaza juez audiencia virtual Perú,31,AMENAZA_DIRECTA,consulta explícita de una categoría minoritaria,55,31.0,ampliacion_dano_20260727_lote2,2026-07-27T07:54:18-05:00
468,FVk6aFYIHjU,https://www.youtube.com/watch?v=FVk6aFYIHjU,Los Olivos: víctima de extorsión recibe amenazas de muerte y un arreglo fúnebre en su negocio,Buenos Días Perú,UCFnOwPrJ-Skrzk_GPNBV5tg,589.0,targeted_search,amenazas de muerte Perú,31,AMENAZA_DIRECTA,consulta explícita de una categoría minoritaria,55,31.0,ampliacion_dano_20260727_lote2,2026-07-27T07:54:18-05:00
469,FRRdh4Ckro8,https://www.youtube.com/watch?v=FRRdh4Ckro8,Agresión gays,TV Azteca Puebla,UC9qzDM6UCk4roRIWu23aHYQ,191.0,targeted_search,amenazas homofóbicas Perú,31,AMENAZA_DIRECTA|ACOSO_GENERO_IDENTIDAD,consulta explícita de una categoría minoritaria,55,31.0,ampliacion_dano_20260727_lote2,2026-07-27T07:54:18-05:00
470,hI1100Qk1Is,https://www.youtube.com/watch?v=hI1100Qk1Is,Christian Domínguez and Karla Tarazona BREAK DOWN IN TEARS after being fired from Panamericana TV,Chimi chimi,UCt42aXXEokQWROe3CdVx3bA,626.0,targeted_search,denuncia amenazas farándula Perú,31,AMENAZA_DIRECTA,consulta explícita de una categoría minoritaria,55,31.0,ampliacion_dano_20260727_lote2,2026-07-27T07:54:18-05:00
471,wm_15-Ba0hc,https://www.youtube.com/watch?v=wm_15-Ba0hc,Extorsionadores exigen S/3 mil a cantante de cumbia para dejarlo trabajar en paz,Buenos Días Perú,UCFnOwPrJ-Skrzk_GPNBV5tg,418.0,targeted_search,extorsionadores amenazan audio Perú,31,AMENAZA_DIRECTA,consulta explícita de una categoría minoritaria,55,31.0,ampliacion_dano_20260727_lote2,2026-07-27T07:54:18-05:00
472,KP29zyvRSvk,https://www.youtube.com/watch?v=KP29zyvRSvk,Ministry of Culture rejects racist remarks by streamer Cristorata and announces action,TVPerú Noticias,UCkZCoc42IipR1ucqJmIehsA,101.0,targeted_search,insultos racistas discriminación Perú denuncia,31,RACISMO_DISCRIMINACION,consulta explícita de una categoría minoritaria,55,31.0,ampliacion_dano_20260727_lote2,2026-07-27T07:54:18-05:00
473,1mWluHVDA0I,https://www.youtube.com/watch?v=1mWluHVDA0I,Cuarto Poder - América Noticias amenazan a periodistas de esta casa televisiva - 18-10-2015,follow peru,UCCwOL2875hSUSva8hfbzEFQ,374.0,targeted_search,sicarios amenazan periodista Perú,31,AMENAZA_DIRECTA,consulta explícita de una categoría minoritaria,55,31.0,ampliacion_dano_20260727_lote2,2026-07-27T07:54:18-05:00
474,MzQY9WDmeDE,https://www.youtube.com/watch?v=MzQY9WDmeDE,"La pesadilla de una víctima de acoso: ""Siento que voy a ser una víctima más de feminicidio""",Latina Noticias,UCpSJ5fGhmAME9Kx2D3ZvN3Q,828.0,targeted_search,acoso sexual denuncia televisión peruana,32,CONTENIDO_SEXUAL|ACOSO_GENERO_IDENTIDAD,consulta explícita de una categoría minoritaria,55,32.0,ampliacion_dano_20260727_lote2,2026-07-27T07:54:18-05:00
475,3HtByCaZnAw,https://www.youtube.com/watch?v=3HtByCaZnAw,"Mi mujer me denunció por Violencia intrafamiliar, y me sacaron de mi casa ¿Qué puedo hacer?",Gestión Legal,UCGbCdx7nhKuiQaO8OMEt9eA,199.0,targeted_search,agresor amenaza pareja Perú,32,AMENAZA_DIRECTA,consulta explícita de una categoría minoritaria,55,32.0,ampliacion_dano_20260727_lote2,2026-07-27T07:54:18-05:00
476,3TyztmbnTi8,https://www.youtube.com/watch?v=3TyztmbnTi8,Judge demands lawyer put on a suit and the lawyer replies that there is no legal basis for it.,LP - Pasión por el Derecho,UCDscRlCxFfuHhsJBlVvPBmA,237.0,targeted_search,amenaza juez audiencia virtual Perú,32,AMENAZA_DIRECTA,consulta explícita de una categoría minoritaria,55,32.0,ampliacion_dano_20260727_lote2,2026-07-27T07:54:18-05:00
477,ZgsCVZX07Ys,https://www.youtube.com/watch?v=ZgsCVZX07Ys,Raquel Ataucusi denuncia amenazas de muerte en su contra 17 de febero 2020,Peru 21 El Bicentenario,UCZR3PQrOAzaYymsde6Uu9nA,592.0,targeted_search,amenazas de muerte Perú,32,AMENAZA_DIRECTA,consulta explícita de una categoría minoritaria,55,32.0,ampliacion_dano_20260727_lote2,2026-07-27T07:54:18-05:00
478,YvJ2WO3r30I,https://www.youtube.com/watch?v=YvJ2WO3r30I,Ley Trans será presentada el 20 de julio en el Congreso - Telemedellín,Noticias Telemedellín,UCi9thgLbI6E127Vu6Hxp8ug,87.0,targeted_search,amenazas homofóbicas Perú,32,AMENAZA_DIRECTA|ACOSO_GENERO_IDENTIDAD,consulta explícita de una categoría minoritaria,55,32.0,ampliacion_dano_20260727_lote2,2026-07-27T07:54:18-05:00
479,4EQ19FO9RSU,https://www.youtube.com/watch?v=4EQ19FO9RSU,La extorsión llegó a los famosos de la farándula,Al Sexto Día,UC_6JG6mhk_vuUTbZ6JB_XMg,651.0,targeted_search,denuncia amenazas farándula Perú,32,AMENAZA_DIRECTA,consulta explícita de una categoría minoritaria,55,32.0,ampliacion_dano_20260727_lote2,2026-07-27T07:54:18-05:00
480,nD1UIdzR-vk,https://www.youtube.com/watch?v=nD1UIdzR-vk,"Extortionists demand 20,000 soles from businessman | Primera Edición | News Perú",América Noticias,UCPhm2I2wk4vqjENwhn3px8A,158.0,targeted_search,extorsionadores amenazan audio Perú,32,AMENAZA_DIRECTA,consulta explícita de una categoría minoritaria,55,32.0,ampliacion_dano_20260727_lote2,2026-07-27T07:54:18-05:00
481,qq_1HfyvS3k,https://www.youtube.com/watch?v=qq_1HfyvS3k,¿Qué hacer frente a un caso de discriminación? | Comparte tus derechos,Defensoría del Pueblo Perú,UCZHyNJ9-_r2oofRCIKQv1Fw,116.0,targeted_search,insultos racistas discriminación Perú denuncia,32,RACISMO_DISCRIMINACION,consulta explícita de una categoría minoritaria,55,32.0,ampliacion_dano_20260727_lote2,2026-07-27T07:54:18-05:00
482,KiiV90ZGXNY,https://www.youtube.com/watch?v=KiiV90ZGXNY,CÁMARAS captaron el asesinato A PLENA LUZ DEL DÍA a cobrador de cupos de MOTOTAXISTAS en SJL | #LR,La República - LR+,UC-B7Xv56uNRDkj0vC3QW8Cg,142.0,targeted_search,sicarios amenazan periodista Perú,32,AMENAZA_DIRECTA,consulta explícita de una categoría minoritaria,55,32.0,ampliacion_dano_20260727_lote2,2026-07-27T07:54:18-05:00
483,mgf2iZ22n2k,https://www.youtube.com/watch?v=mgf2iZ22n2k,Docente de la Universidad Cesar Vallejo detenido por chantajear sexualmente a su alumna,TVPerú Noticias,UCkZCoc42IipR1ucqJmIehsA,71.0,targeted_search,acoso sexual denuncia televisión peruana,33,CONTENIDO_SEXUAL|ACOSO_GENERO_IDENTIDAD,consulta explícita de una categoría minoritaria,55,33.0,ampliacion_dano_20260727_lote2,2026-07-27T07:54:18-05:00
484,kBg0ayEfMSQ,https://www.youtube.com/watch?v=kBg0ayEfMSQ,Ancash: Judiciary orders nine months of preventive detention for couple who tried to kill minor,TVPerú Noticias,UCkZCoc42IipR1ucqJmIehsA,37.0,targeted_search,agresor amenaza pareja Perú,33,AMENAZA_DIRECTA,consulta explícita de una categoría minoritaria,55,33.0,ampliacion_dano_20260727_lote2,2026-07-27T07:54:18-05:00
485,h70X67Mz4fY,https://www.youtube.com/watch?v=h70X67Mz4fY,ALEJANDRO TOLEDO: Así fue su primera audiencia de control de identidad ante el Poder Judicial,EL COMERCIO,UCLtGUPjKLqa3zgdmhKCZONg,209.0,targeted_search,amenaza juez audiencia virtual Perú,33,AMENAZA_DIRECTA,consulta explícita de una categoría minoritaria,55,33.0,ampliacion_dano_20260727_lote2,2026-07-27T07:54:18-05:00
486,xRjBSuahktQ,https://www.youtube.com/watch?v=xRjBSuahktQ,🔴🔵Crimen en Montaña Siete Colores: Hijo de víctima denuncia amenazas por parte de involucrados,Exitosa Noticias,UCxgO_rak_BKZP8VNVmYqbWg,195.0,targeted_search,amenazas de muerte Perú,33,AMENAZA_DIRECTA,consulta explícita de una categoría minoritaria,55,33.0,ampliacion_dano_20260727_lote2,2026-07-27T07:54:18-05:00
487,WwSdb7KDDso,https://www.youtube.com/watch?v=WwSdb7KDDso,#DenunciaLaMicrohomofobia - Experimento Social contra la Micro Homofobia - Adrien Lastic,Adrien Lastic Official,UCt6hcrKVO3yWvW7PH7bFdCg,298.0,targeted_search,amenazas homofóbicas Perú,33,AMENAZA_DIRECTA|ACOSO_GENERO_IDENTIDAD,consulta explícita de una categoría minoritaria,55,33.0,ampliacion_dano_20260727_lote2,2026-07-27T07:54:18-05:00
488,OcOLI32yjxk,https://www.youtube.com/watch?v=OcOLI32yjxk,MAGALY MEDINA AMENAZA CON SACAR NUEVAS PRUEBAS TRAS RECIBIR AMENAZA DE DENUNCIA,MI FAMA PERU,UC0GuogjwXbrKvb-VcbgnVjQ,191.0,targeted_search,denuncia amenazas farándula Perú,33,AMENAZA_DIRECTA,consulta explícita de una categoría minoritaria,55,33.0,ampliacion_dano_20260727_lote2,2026-07-27T07:54:18-05:00
489,dB9X8vVbJjc,https://www.youtube.com/watch?v=dB9X8vVbJjc,Extorsión a orquesta La Huaranchal: extorsionadores piden 20 mil soles #ROTATIVARPP | DESPACHO,RPP Noticias,UC5j8-2FT0ZMMBkmK72R4aeA,124.0,targeted_search,extorsionadores amenazan audio Perú,33,AMENAZA_DIRECTA,consulta explícita de una categoría minoritaria,55,33.0,ampliacion_dano_20260727_lote2,2026-07-27T07:54:18-05:00
490,f6p3P85DeRA,https://www.youtube.com/watch?v=f6p3P85DeRA,Barranco: Obrera de limpieza denuncia que fue víctima de racismo,Wayka,UCQmo59tWId4OHTdl4W320DQ,131.0,targeted_search,insultos racistas discriminación Perú denuncia,33,RACISMO_DISCRIMINACION,consulta explícita de una categoría minoritaria,55,33.0,ampliacion_dano_20260727_lote2,2026-07-27T07:54:18-05:00
491,N7SyypRuATg,https://www.youtube.com/watch?v=N7SyypRuATg,Peruanos y venezolanos en guerra por paradero de mototaxistas,ATV Noticias,UCYG5uXS3xdsoaXIxum1pAEw,160.0,targeted_search,sicarios amenazan periodista Perú,33,AMENAZA_DIRECTA,consulta explícita de una categoría minoritaria,55,33.0,ampliacion_dano_20260727_lote2,2026-07-27T07:54:18-05:00
492,LJcH9VqrdO4,https://www.youtube.com/watch?v=LJcH9VqrdO4,Arequipa: UNSA student reports being a victim of sexual harassment,TVPerú Noticias,UCkZCoc42IipR1ucqJmIehsA,121.0,targeted_search,acoso sexual denuncia televisión peruana,34,CONTENIDO_SEXUAL|ACOSO_GENERO_IDENTIDAD,consulta explícita de una categoría minoritaria,55,34.0,ampliacion_dano_20260727_lote2,2026-07-27T07:54:18-05:00
493,0VmmYFbetEk,https://www.youtube.com/watch?v=0VmmYFbetEk,Sujeto de 61 años fue grabado amenazando a su pareja con un cuchillo,Conexiónbol,UCgnN7gdTzoncEdfMks0QSkQ,225.0,targeted_search,agresor amenaza pareja Perú,34,AMENAZA_DIRECTA,consulta explícita de una categoría minoritaria,55,34.0,ampliacion_dano_20260727_lote2,2026-07-27T07:54:18-05:00
494,2EEQm2nIhrw,https://www.youtube.com/watch?v=2EEQm2nIhrw,Juez llama la atención a abogado por no vestir adecuadamente en audiencia virtual,Discent Legem - Perú,UC4HaP99ArZDbC0VXHr96NsA,116.0,targeted_search,amenaza juez audiencia virtual Perú,34,AMENAZA_DIRECTA,consulta explícita de una categoría minoritaria,55,34.0,ampliacion_dano_20260727_lote2,2026-07-27T07:54:18-05:00
495,xaYf3ij66vA,https://www.youtube.com/watch?v=xaYf3ij66vA,Trujillo: alcalde denuncia amenazas de muerte por liberar servicio de taxis,TVPerú Noticias,UCkZCoc42IipR1ucqJmIehsA,106.0,targeted_search,amenazas de muerte Perú,34,AMENAZA_DIRECTA,consulta explícita de una categoría minoritaria,55,34.0,ampliacion_dano_20260727_lote2,2026-07-27T07:54:18-05:00
496,mtM9TKE0nek,https://www.youtube.com/watch?v=mtM9TKE0nek,Pareja denuncia abuso policial y homofobia en Córdoba,Canal 10 Córdoba,UCUzonpa3XKurQVycdMY70XQ,197.0,targeted_search,amenazas homofóbicas Perú,34,AMENAZA_DIRECTA|ACOSO_GENERO_IDENTIDAD,consulta explícita de una categoría minoritaria,55,34.0,ampliacion_dano_20260727_lote2,2026-07-27T07:54:18-05:00
497,Br9eru8dOb8,https://www.youtube.com/watch?v=Br9eru8dOb8,Karla Tarazona EXPLODES and issues a strong WARNING to Camila and Pamela Franco,Chimi chimi,UCt42aXXEokQWROe3CdVx3bA,538.0,targeted_search,denuncia amenazas farándula Perú,34,AMENAZA_DIRECTA,consulta explícita de una categoría minoritaria,55,34.0,ampliacion_dano_20260727_lote2,2026-07-27T07:54:18-05:00
498,NyVxrGv420Q,https://www.youtube.com/watch?v=NyVxrGv420Q,Comerciante increpa a extorsionador que le piden S/20 mil para no atentar contra sus hijos,ATV Noticias,UCYG5uXS3xdsoaXIxum1pAEw,450.0,targeted_search,extorsionadores amenazan audio Perú,34,AMENAZA_DIRECTA,consulta explícita de una categoría minoritaria,55,34.0,ampliacion_dano_20260727_lote2,2026-07-27T07:54:18-05:00
499,PiURjUnqEvI,https://www.youtube.com/watch?v=PiURjUnqEvI,"🔴 Racismo a flor de piel, agresión racista en el metropolitano",Latina Televisión,UC3rDtLrcgr3JS3_3JOW4BAw,979.0,targeted_search,insultos racistas discriminación Perú denuncia,34,RACISMO_DISCRIMINACION,consulta explícita de una categoría minoritaria,55,34.0,ampliacion_dano_20260727_lote2,2026-07-27T07:54:18-05:00
500,yLFMwTWm6sY,https://www.youtube.com/watch?v=yLFMwTWm6sY,Al Día con Willax - ENE 30 - SICARIOS ASESINAN A MOTOTAXISTA TRAS RECIBIR AMENAZAS | Willax,Willax Televisión,UCort3mldTtMErPqprSlSfng,264.0,targeted_search,sicarios amenazan periodista Perú,34,AMENAZA_DIRECTA,consulta explícita de una categoría minoritaria,55,34.0,ampliacion_dano_20260727_lote2,2026-07-27T07:54:18-05:00
501,Y-GU40NxGEs,https://www.youtube.com/watch?v=Y-GU40NxGEs,Víctimas de la 'estafa del amor': 'Extranjeros' que les roban el corazón y su dinero,Latina Noticias,UCpSJ5fGhmAME9Kx2D3ZvN3Q,690.0,targeted_search,te voy a matar denuncia Perú,34,AMENAZA_DIRECTA,consulta explícita de una categoría minoritaria,55,34.0,ampliacion_dano_20260727_lote2,2026-07-27T07:54:18-05:00
502,cD0Wf0Mcf18,https://www.youtube.com/watch?v=cD0Wf0Mcf18,Así detuvieron a profesor por acoso y chantaje a niñas: Las invitaba al hotel para subirle la nota,Latina Noticias,UCpSJ5fGhmAME9Kx2D3ZvN3Q,590.0,targeted_search,acoso sexual denuncia televisión peruana,35,CONTENIDO_SEXUAL|ACOSO_GENERO_IDENTIDAD,consulta explícita de una categoría minoritaria,55,35.0,ampliacion_dano_20260727_lote2,2026-07-27T07:54:18-05:00
503,Qxa47T1jpQU,https://www.youtube.com/watch?v=Qxa47T1jpQU,👉TIPOS de VIOLENCIA FAMILIAR en el PERÚ: ¿DE CUANTO es la PENA DE CÁRCEL?,Estudio de Abogados Arredondo&Jordan ,UC1rjzqLqdLSOsRhrAFwnzKw,188.0,targeted_search,agresor amenaza pareja Perú,35,AMENAZA_DIRECTA,consulta explícita de una categoría minoritaria,55,35.0,ampliacion_dano_20260727_lote2,2026-07-27T07:54:18-05:00
504,R7ZG3lQftqs,https://www.youtube.com/watch?v=R7ZG3lQftqs,"Intermediate hearing, lawyer gets angry at the judge",Sistema acusatorio en México,UCr7TX3WFwk-fZneNyxdXeiw,122.0,targeted_search,amenaza juez audiencia virtual Perú,35,AMENAZA_DIRECTA,consulta explícita de una categoría minoritaria,55,35.0,ampliacion_dano_20260727_lote2,2026-07-27T07:54:18-05:00
505,sbiOx_VyuFQ,https://www.youtube.com/watch?v=sbiOx_VyuFQ,Aplicaciones de préstamos: estafas y amenazas de muerte #ReportajesT13,Teletrece,UCsRnhjcUCR78Q3Ud6OXCTNg,548.0,targeted_search,amenazas de muerte Perú,35,AMENAZA_DIRECTA,consulta explícita de una categoría minoritaria,55,35.0,ampliacion_dano_20260727_lote2,2026-07-27T07:54:18-05:00
506,wg5wodgvFnc,https://www.youtube.com/watch?v=wg5wodgvFnc,La homofobia en el futbol mexicano,El Universal,UC2SEk1w7DgoHs_G3w1biz-w,1961.0,targeted_search,amenazas homofóbicas Perú,35,AMENAZA_DIRECTA|ACOSO_GENERO_IDENTIDAD,consulta explícita de una categoría minoritaria,55,35.0,ampliacion_dano_20260727_lote2,2026-07-27T07:54:18-05:00
507,Qq9Osl4xQqE,https://www.youtube.com/watch?v=Qq9Osl4xQqE,"👶EMBARAZO, ENGAÑOS Y AMENAZAS: LA VERDAD DETRÁS DEL DRAMA ENTRE EDWIN Y ANA LUCÍA ⚠️",Farándula Pe,UC6CEvzwdcXTfc0iuFnSdr1w,558.0,targeted_search,denuncia amenazas farándula Perú,35,AMENAZA_DIRECTA,consulta explícita de una categoría minoritaria,55,35.0,ampliacion_dano_20260727_lote2,2026-07-27T07:54:18-05:00
508,3g6iYVBmQLE,https://www.youtube.com/watch?v=3g6iYVBmQLE,"Cartas, audios amenazantes y una granada: Clínica dental en Lima sufre ataques de extorsionadores",Latina Noticias,UCpSJ5fGhmAME9Kx2D3ZvN3Q,686.0,targeted_search,extorsionadores amenazan audio Perú,35,AMENAZA_DIRECTA,consulta explícita de una categoría minoritaria,55,35.0,ampliacion_dano_20260727_lote2,2026-07-27T07:54:18-05:00
509,QRZToB49iwE,https://www.youtube.com/watch?v=QRZToB49iwE,Miraflores: Young man hurled racist insults at security officers and police after being detained ...,La República - LR+,UC-B7Xv56uNRDkj0vC3QW8Cg,359.0,targeted_search,insultos racistas discriminación Perú denuncia,35,RACISMO_DISCRIMINACION,consulta explícita de una categoría minoritaria,55,35.0,ampliacion_dano_20260727_lote2,2026-07-27T07:54:18-05:00
510,-djuw00JitU,https://www.youtube.com/watch?v=-djuw00JitU,🔴🔵Yaranga assures that the young man captured with information to kill him is not a hitman.,Exitosa Noticias,UCxgO_rak_BKZP8VNVmYqbWg,691.0,targeted_search,sicarios amenazan periodista Perú,35,AMENAZA_DIRECTA,consulta explícita de una categoría minoritaria,55,35.0,ampliacion_dano_20260727_lote2,2026-07-27T07:54:18-05:00
511,NiVo0qzy8qU,https://www.youtube.com/watch?v=NiVo0qzy8qU,Un oficial de policía se defendió a escopetazos de motochorros en Tucumán,Todo Noticias,UCj6PcyLvpnIRT_2W_mwa9Aw,216.0,targeted_search,te voy a matar denuncia Perú,35,AMENAZA_DIRECTA,consulta explícita de una categoría minoritaria,55,35.0,ampliacion_dano_20260727_lote2,2026-07-27T07:54:18-05:00
512,MXcDrLCwWfE,https://www.youtube.com/watch?v=MXcDrLCwWfE,Primera sentencia en Perú con cárcel por acoso sexual,Cosmos Televisión,UC_ept7M1UXlCfvcUrK49Ziw,77.0,targeted_search,acoso sexual denuncia televisión peruana,36,CONTENIDO_SEXUAL|ACOSO_GENERO_IDENTIDAD,consulta explícita de una categoría minoritaria,55,36.0,ampliacion_dano_20260727_lote2,2026-07-27T07:54:18-05:00
513,QXFUu08edIc,https://www.youtube.com/watch?v=QXFUu08edIc,📹Arriba Mi Gente| Mujer amenazada por su ex pareja no quiere ir a un albergue,Latina Televisión,UC3rDtLrcgr3JS3_3JOW4BAw,783.0,targeted_search,agresor amenaza pareja Perú,36,AMENAZA_DIRECTA,consulta explícita de una categoría minoritaria,55,36.0,ampliacion_dano_20260727_lote2,2026-07-27T07:54:18-05:00
514,LNhMgewKWFg,https://www.youtube.com/watch?v=LNhMgewKWFg,Abogado se hace viral tras aparecer sin pantalón en audiencia virtual,El Universal,UC2SEk1w7DgoHs_G3w1biz-w,65.0,targeted_search,amenaza juez audiencia virtual Perú,36,AMENAZA_DIRECTA,consulta explícita de una categoría minoritaria,55,36.0,ampliacion_dano_20260727_lote2,2026-07-27T07:54:18-05:00
515,5lFoyMI52WU,https://www.youtube.com/watch?v=5lFoyMI52WU,¡Mucho cuidado! Mujer pidió préstamo por aplicativo y hoy la amenazan de muerte,ATV Noticias,UCYG5uXS3xdsoaXIxum1pAEw,522.0,targeted_search,amenazas de muerte Perú,36,AMENAZA_DIRECTA,consulta explícita de una categoría minoritaria,55,36.0,ampliacion_dano_20260727_lote2,2026-07-27T07:54:18-05:00
516,eVsryOvseJM,https://www.youtube.com/watch?v=eVsryOvseJM,La homofobia mata - resumen,Ciudadaniasx,UCt78tVTNhK4hd9l0Io3vTtg,344.0,targeted_search,amenazas homofóbicas Perú,36,AMENAZA_DIRECTA|ACOSO_GENERO_IDENTIDAD,consulta explícita de una categoría minoritaria,55,36.0,ampliacion_dano_20260727_lote2,2026-07-27T07:54:18-05:00
517,IpMxpTy2T2E,https://www.youtube.com/watch?v=IpMxpTy2T2E,Josimar estalla contra su ‘prima’ venezolana y amenaza con denunciarla “Te voy a ver presa.,Chimi Chi,UCWowmKyrSm0sGyEpa2ySX4Q,343.0,targeted_search,denuncia amenazas farándula Perú,36,AMENAZA_DIRECTA,consulta explícita de una categoría minoritaria,55,36.0,ampliacion_dano_20260727_lote2,2026-07-27T07:54:18-05:00
518,3VG1lH1Ckek,https://www.youtube.com/watch?v=3VG1lH1Ckek,Caen extorsionadores que pedían cupo de S/10 a librería recién inaugurada,ATV Noticias,UCYG5uXS3xdsoaXIxum1pAEw,100.0,targeted_search,extorsionadores amenazan audio Perú,36,AMENAZA_DIRECTA,consulta explícita de una categoría minoritaria,55,36.0,ampliacion_dano_20260727_lote2,2026-07-27T07:54:18-05:00
519,YAGwaf30VHs,https://www.youtube.com/watch?v=YAGwaf30VHs,Young food delivery worker reports insults and discrimination | Midday Edition (TODAY),América Noticias,UCPhm2I2wk4vqjENwhn3px8A,204.0,targeted_search,insultos racistas discriminación Perú denuncia,36,RACISMO_DISCRIMINACION,consulta explícita de una categoría minoritaria,55,36.0,ampliacion_dano_20260727_lote2,2026-07-27T07:54:18-05:00
520,_WA6S8SNb0E,https://www.youtube.com/watch?v=_WA6S8SNb0E,Periodista asesinada en la puerta de la radio | Al Rojo Vivo | Telemundo,Al Rojo Vivo,UCDUxOvbwu1bnyD7AucP0ESw,55.0,targeted_search,sicarios amenazan periodista Perú,36,AMENAZA_DIRECTA,consulta explícita de una categoría minoritaria,55,36.0,ampliacion_dano_20260727_lote2,2026-07-27T07:54:18-05:00
521,q2oG0dnIMuc,https://www.youtube.com/watch?v=q2oG0dnIMuc,CHILA JATUN - Justicia para Vivir (Video Clip Oficial) HD,CHILA JATUN,UC7xTtUKnihDbCi-IhqxE1lw,159.0,targeted_search,te voy a matar denuncia Perú,36,AMENAZA_DIRECTA,consulta explícita de una categoría minoritaria,55,36.0,ampliacion_dano_20260727_lote2,2026-07-27T07:54:18-05:00
522,HZ58zbY-wnE,https://www.youtube.com/watch?v=HZ58zbY-wnE,Demus: Cuando la víctima denuncia acoso se encuentra con un sistema hostil,TVPerú Noticias,UCkZCoc42IipR1ucqJmIehsA,852.0,targeted_search,acoso sexual denuncia televisión peruana,37,CONTENIDO_SEXUAL|ACOSO_GENERO_IDENTIDAD,consulta explícita de una categoría minoritaria,55,37.0,ampliacion_dano_20260727_lote2,2026-07-27T07:54:18-05:00
523,Lyj6ABtOOIc,https://www.youtube.com/watch?v=Lyj6ABtOOIc,Suboficial dejó de acosar a mujer tras aparición en 'Nunca Más',Nunca MAS,UCFqwxsa2Wp6Y5FkUAcGShGA,1537.0,targeted_search,agresor amenaza pareja Perú,37,AMENAZA_DIRECTA,consulta explícita de una categoría minoritaria,55,37.0,ampliacion_dano_20260727_lote2,2026-07-27T07:54:18-05:00
524,fbN2sWHei_c,https://www.youtube.com/watch?v=fbN2sWHei_c,"Amenazas Simples, Delito, Querella, Defensoria, Fiscalía, Abogado,            .   Defensa Absoluta",Estudio Jurídico Defensa Absoluta,UCauonFF2YxGbaXHduKETdfg,73.0,targeted_search,amenaza juez audiencia virtual Perú,37,AMENAZA_DIRECTA,consulta explícita de una categoría minoritaria,55,37.0,ampliacion_dano_20260727_lote2,2026-07-27T07:54:18-05:00
525,DrboceIZ1OE,https://www.youtube.com/watch?v=DrboceIZ1OE,Ex jefe policial de Perú que investigó la administración de Boluarte denuncia amenazas de muerte,AGENCIA EFE,UCvJS-YNyaWyOucx8bGrHVvw,112.0,targeted_search,amenazas de muerte Perú,37,AMENAZA_DIRECTA,consulta explícita de una categoría minoritaria,55,37.0,ampliacion_dano_20260727_lote2,2026-07-27T07:54:18-05:00
526,6dMXUgwOfj0,https://www.youtube.com/watch?v=6dMXUgwOfj0,NEWS - Shocking campaign against #Homophobia by #FELTGB - Málaga24h,Málaga 24h TV Noticias,UCoMWImnPAur6JhXDK63dpAg,97.0,targeted_search,amenazas homofóbicas Perú,37,AMENAZA_DIRECTA|ACOSO_GENERO_IDENTIDAD,consulta explícita de una categoría minoritaria,55,37.0,ampliacion_dano_20260727_lote2,2026-07-27T07:54:18-05:00
527,RN8EDHfHQn8,https://www.youtube.com/watch?v=RN8EDHfHQn8,Sofia Franco: Shirley Arica de Las Justicieras denuncian amenazas de Victor Angobaldo [06-07-2012],VideosFarandulita,UCsEf_Kd9065OwIwubVw5Mxw,185.0,targeted_search,denuncia amenazas farándula Perú,37,AMENAZA_DIRECTA,consulta explícita de una categoría minoritaria,55,37.0,ampliacion_dano_20260727_lote2,2026-07-27T07:54:18-05:00
528,G9o_GT2yNGU,https://www.youtube.com/watch?v=G9o_GT2yNGU,The “Loco Joe” extortion manual: New Peruvian kingpin operates from Rio de Janeiro,Panorama,UCBiq92lt_ufNO-ktZigVXgg,784.0,targeted_search,extorsionadores amenazan audio Perú,37,AMENAZA_DIRECTA,consulta explícita de una categoría minoritaria,55,37.0,ampliacion_dano_20260727_lote2,2026-07-27T07:54:18-05:00
529,tX_7weVrcp8,https://www.youtube.com/watch?v=tX_7weVrcp8,MINCUL: “La discriminación se podría castigar con 4 años de pena privativa de la libertad”,RPP Noticias,UC5j8-2FT0ZMMBkmK72R4aeA,579.0,targeted_search,insultos racistas discriminación Perú denuncia,37,RACISMO_DISCRIMINACION,consulta explícita de una categoría minoritaria,55,37.0,ampliacion_dano_20260727_lote2,2026-07-27T07:54:18-05:00
530,3IJ8PDtcZfE,https://www.youtube.com/watch?v=3IJ8PDtcZfE,Delincuentes asaltan a pareja de periodistas en Los Olivos,TVPerú Noticias,UCkZCoc42IipR1ucqJmIehsA,118.0,targeted_search,sicarios amenazan periodista Perú,37,AMENAZA_DIRECTA,consulta explícita de una categoría minoritaria,55,37.0,ampliacion_dano_20260727_lote2,2026-07-27T07:54:18-05:00
531,F9stTAQgF94,https://www.youtube.com/watch?v=F9stTAQgF94,"Cholo Juanito / el acalde  , primucha y el indio asqueroso la carcel",Adryan Ayuque,UCXUKO6rcz7z5FJFHOXHL_fw,2294.0,targeted_search,te voy a matar denuncia Perú,37,AMENAZA_DIRECTA,consulta explícita de una categoría minoritaria,55,37.0,ampliacion_dano_20260727_lote2,2026-07-27T07:54:18-05:00
532,k2QlseqLJwM,https://www.youtube.com/watch?v=k2QlseqLJwM,Salen a la luz más denuncias contra productor de televisión por acoso sexual,Magaly TV La Firme,UCF6s3gpbZEQKqZ38VvQ0gLA,507.0,targeted_search,acoso sexual denuncia televisión peruana,38,CONTENIDO_SEXUAL|ACOSO_GENERO_IDENTIDAD,consulta explícita de una categoría minoritaria,55,38.0,ampliacion_dano_20260727_lote2,2026-07-27T07:54:18-05:00
533,HFtGcvG4UVg,https://www.youtube.com/watch?v=HFtGcvG4UVg,Juez lloró al escuchar cómo bebé de 22 meses fue abusado y maltratado hasta morir,Noticias Caracol,UC2Xq2PK-got3Rtz9ZJ32hLQ,138.0,targeted_search,agresor amenaza pareja Perú,38,AMENAZA_DIRECTA,consulta explícita de una categoría minoritaria,55,38.0,ampliacion_dano_20260727_lote2,2026-07-27T07:54:18-05:00
534,N47JN-t_sLk,https://www.youtube.com/watch?v=N47JN-t_sLk,The shouting judge in a virtual hearing (FULL VIDEO),Globo Enfoques,UCMQZSWG6V78-W4DA3782J0Q,259.0,targeted_search,amenaza juez audiencia virtual Perú,38,AMENAZA_DIRECTA,consulta explícita de una categoría minoritaria,55,38.0,ampliacion_dano_20260727_lote2,2026-07-27T07:54:18-05:00
535,JntBLJ0uxpQ,https://www.youtube.com/watch?v=JntBLJ0uxpQ,Áncash: amenazan de muerte al alcalde de Nuevo Chimbote,TVPerú Noticias,UCkZCoc42IipR1ucqJmIehsA,81.0,targeted_search,amenazas de muerte Perú,38,AMENAZA_DIRECTA,consulta explícita de una categoría minoritaria,55,38.0,ampliacion_dano_20260727_lote2,2026-07-27T07:54:18-05:00
536,hNCdo_U5wvg,https://www.youtube.com/watch?v=hNCdo_U5wvg,La homofobia en Uganda y Revista MidOpen en DF #EnContexto con Enrique Torre Molina,SDeA,UCyhlvsKxZk1u7HfELYpu0bw,181.0,targeted_search,amenazas homofóbicas Perú,38,AMENAZA_DIRECTA|ACOSO_GENERO_IDENTIDAD,consulta explícita de una categoría minoritaria,55,38.0,ampliacion_dano_20260727_lote2,2026-07-27T07:54:18-05:00
537,m0upz7IeuLA,https://www.youtube.com/watch?v=m0upz7IeuLA,Jimmy Santi denuncia que recibe amenazas por parte de extorsionadores,El Dominical de Panamericana,UCMfcN0OV7d61cWPLYm5qHpw,346.0,targeted_search,denuncia amenazas farándula Perú,38,AMENAZA_DIRECTA,consulta explícita de una categoría minoritaria,55,38.0,ampliacion_dano_20260727_lote2,2026-07-27T07:54:18-05:00
538,AGguCssTf3I,https://www.youtube.com/watch?v=AGguCssTf3I,Warning issued about extortion on sex service websites,Multimedios Costa Rica,UCILU2ghO8GrOeB-zo93eYdA,383.0,targeted_search,extorsionadores amenazan audio Perú,38,AMENAZA_DIRECTA,consulta explícita de una categoría minoritaria,55,38.0,ampliacion_dano_20260727_lote2,2026-07-27T07:54:18-05:00
539,uCWTs4X-gag,https://www.youtube.com/watch?v=uCWTs4X-gag,Profesora universitaria agrede con comentarios racistas a vendedora,Latina Noticias,UCpSJ5fGhmAME9Kx2D3ZvN3Q,525.0,targeted_search,insultos racistas discriminación Perú denuncia,38,RACISMO_DISCRIMINACION,consulta explícita de una categoría minoritaria,55,38.0,ampliacion_dano_20260727_lote2,2026-07-27T07:54:18-05:00
540,7APE3tqg5mw,https://www.youtube.com/watch?v=7APE3tqg5mw,"“Ahora me la compras a huevo”, ambulante amenaza con golpear a conductor por no comprar su producto",El Universal,UC2SEk1w7DgoHs_G3w1biz-w,138.0,targeted_search,sicarios amenazan periodista Perú,38,AMENAZA_DIRECTA,consulta explícita de una categoría minoritaria,55,38.0,ampliacion_dano_20260727_lote2,2026-07-27T07:54:18-05:00
541,DI5XAbvcJRY,https://www.youtube.com/watch?v=DI5XAbvcJRY,THE CRIME OF INJURY,JurídicaMente,UCE_ZHUVha19wtfzsNgBrCYg,178.0,targeted_search,te voy a matar denuncia Perú,38,AMENAZA_DIRECTA,consulta explícita de una categoría minoritaria,55,38.0,ampliacion_dano_20260727_lote2,2026-07-27T07:54:18-05:00
542,DTST8v5u6SY,https://www.youtube.com/watch?v=DTST8v5u6SY,Congresista JOSÉ JERÍ es denunciado por violación sexual   | RMP,La República - LR+,UC-B7Xv56uNRDkj0vC3QW8Cg,187.0,targeted_search,acoso sexual denuncia televisión peruana,39,CONTENIDO_SEXUAL|ACOSO_GENERO_IDENTIDAD,consulta explícita de una categoría minoritaria,55,39.0,ampliacion_dano_20260727_lote2,2026-07-27T07:54:18-05:00
543,0694ZGnlpYM,https://www.youtube.com/watch?v=0694ZGnlpYM,Sergio Tarache: Femicide perpetrator confessed to burning his partner to prevent her from attendi...,ATV Noticias,UCYG5uXS3xdsoaXIxum1pAEw,125.0,targeted_search,agresor amenaza pareja Perú,39,AMENAZA_DIRECTA,consulta explícita de una categoría minoritaria,55,39.0,ampliacion_dano_20260727_lote2,2026-07-27T07:54:18-05:00
544,lIo6yArI7QA,https://www.youtube.com/watch?v=lIo6yArI7QA,Joven abogado discute con fiscal sobre imputación concreta,LP - Pasión por el Derecho,UCDscRlCxFfuHhsJBlVvPBmA,13078.0,targeted_search,amenaza juez audiencia virtual Perú,39,AMENAZA_DIRECTA,consulta explícita de una categoría minoritaria,55,39.0,ampliacion_dano_20260727_lote2,2026-07-27T07:54:18-05:00
545,LqXI0irn7bU,https://www.youtube.com/watch?v=LqXI0irn7bU,El Consulado peruano en México recibe amenazas de muerte,EXCELSIOR,UClqo4ZAAZ01HQdCTlovCgkA,195.0,targeted_search,amenazas de muerte Perú,39,AMENAZA_DIRECTA,consulta explícita de una categoría minoritaria,55,39.0,ampliacion_dano_20260727_lote2,2026-07-27T07:54:18-05:00
546,DQ0vkUMKtbM,https://www.youtube.com/watch?v=DQ0vkUMKtbM,Religiosos lo acosan por ser homosexual 📿🌈⚠️ | Caso Cerrado Capítulo Completo,Caso Cerrado,UCGbofRROopWrumVob5w61OA,1358.0,targeted_search,amenazas homofóbicas Perú,39,AMENAZA_DIRECTA|ACOSO_GENERO_IDENTIDAD,consulta explícita de una categoría minoritaria,55,39.0,ampliacion_dano_20260727_lote2,2026-07-27T07:54:18-05:00
547,ImkWIVT7nCU,https://www.youtube.com/watch?v=ImkWIVT7nCU,🚨💰 This is the number of extortion threats in each district | Arriba Mi Gente 💚,Latina Televisión,UC3rDtLrcgr3JS3_3JOW4BAw,598.0,targeted_search,denuncia amenazas farándula Perú,39,AMENAZA_DIRECTA,consulta explícita de una categoría minoritaria,55,39.0,ampliacion_dano_20260727_lote2,2026-07-27T07:54:18-05:00
548,wk24oghLEbw,https://www.youtube.com/watch?v=wk24oghLEbw,Peruano se hacía pasar como venezolano para extorsionar en el Callao,Latina Noticias,UCpSJ5fGhmAME9Kx2D3ZvN3Q,157.0,targeted_search,extorsionadores amenazan audio Perú,39,AMENAZA_DIRECTA,consulta explícita de una categoría minoritaria,55,39.0,ampliacion_dano_20260727_lote2,2026-07-27T07:54:18-05:00
549,7bRi78oMwCQ,https://www.youtube.com/watch?v=7bRi78oMwCQ,El racismo y brutalidad policial también ocurre en Perú... y no causa la misma indignación,Wayka,UCQmo59tWId4OHTdl4W320DQ,267.0,targeted_search,insultos racistas discriminación Perú denuncia,39,RACISMO_DISCRIMINACION,consulta explícita de una categoría minoritaria,55,39.0,ampliacion_dano_20260727_lote2,2026-07-27T07:54:18-05:00
550,EIF79GmKW9s,https://www.youtube.com/watch?v=EIF79GmKW9s,Una banda de delincuentes graba un video y amenaza a la Policía,América TV,UC6NVDkuzY2exMOVFw4i9oHw,120.0,targeted_search,sicarios amenazan periodista Perú,39,AMENAZA_DIRECTA,consulta explícita de una categoría minoritaria,55,39.0,ampliacion_dano_20260727_lote2,2026-07-27T07:54:18-05:00
551,jNMayVpAULM,https://www.youtube.com/watch?v=jNMayVpAULM,Dispárame a Matar - Marisol y la Magia del Norte Ft @TonyRosadoOficial,MARISOL LA FARAONA DE LA CUMBIA and Tony Rosado Oficial,,268.0,targeted_search,te voy a matar denuncia Perú,39,AMENAZA_DIRECTA,consulta explícita de una categoría minoritaria,55,39.0,ampliacion_dano_20260727_lote2,2026-07-27T07:54:18-05:00
552,Duow4OxcbB0,https://www.youtube.com/watch?v=Duow4OxcbB0,Trujillo: numerosas denuncias a sacerdote por abuso sexual,Latina Noticias,UCpSJ5fGhmAME9Kx2D3ZvN3Q,667.0,targeted_search,acoso sexual denuncia televisión peruana,40,CONTENIDO_SEXUAL|ACOSO_GENERO_IDENTIDAD,consulta explícita de una categoría minoritaria,55,40.0,ampliacion_dano_20260727_lote2,2026-07-27T07:54:18-05:00
553,Ar8oCts1xR8,https://www.youtube.com/watch?v=Ar8oCts1xR8,"Joven DEFIENDE a CHICA de ACOSADORES y lo llaman ""El caballero del Amor""",El Heraldo de México,UC7E9Dj_lmrJdDrH2Bg7rNqQ,27.0,targeted_search,agresor amenaza pareja Perú,40,AMENAZA_DIRECTA,consulta explícita de una categoría minoritaria,55,40.0,ampliacion_dano_20260727_lote2,2026-07-27T07:54:18-05:00
554,RvSjuYKFzAk,https://www.youtube.com/watch?v=RvSjuYKFzAk,Chimbote: Fiscal acude a audiencia en aparente estado de ebriedad,Latina Noticias,UCpSJ5fGhmAME9Kx2D3ZvN3Q,111.0,targeted_search,amenaza juez audiencia virtual Perú,40,AMENAZA_DIRECTA,consulta explícita de una categoría minoritaria,55,40.0,ampliacion_dano_20260727_lote2,2026-07-27T07:54:18-05:00
555,uH1bnB3vBNc,https://www.youtube.com/watch?v=uH1bnB3vBNc,A PODEMOS PERU CONGRESSMAN UNDER SCREENING FOR ILLEGAL FEES AND DEATH THREATS,UTV Noticias - Pucallpa,UC_L1ba516-ZBPmywPq8P55g,528.0,targeted_search,amenazas de muerte Perú,40,AMENAZA_DIRECTA,consulta explícita de una categoría minoritaria,55,40.0,ampliacion_dano_20260727_lote2,2026-07-27T07:54:18-05:00
556,dCp11Lr3oP0,https://www.youtube.com/watch?v=dCp11Lr3oP0,Diferente interpretación de la SENTENCIA del SUPREMO sobre BANDERAS en las INSTITUCIONES | RTVE,RTVE Noticias,UC7QZIf0dta-XPXsp9Hv4dTw,99.0,targeted_search,amenazas homofóbicas Perú,40,AMENAZA_DIRECTA|ACOSO_GENERO_IDENTIDAD,consulta explícita de una categoría minoritaria,55,40.0,ampliacion_dano_20260727_lote2,2026-07-27T07:54:18-05:00
557,C3MdJMNJ9-w,https://www.youtube.com/watch?v=C3MdJMNJ9-w,¡Aldo Miyashiro SE PRONUNCIA! Desmiente Amenazas a Fiorella Retiz,Chimi chimi,UCt42aXXEokQWROe3CdVx3bA,585.0,targeted_search,denuncia amenazas farándula Perú,40,AMENAZA_DIRECTA,consulta explícita de una categoría minoritaria,55,40.0,ampliacion_dano_20260727_lote2,2026-07-27T07:54:18-05:00
558,H17p8fO5YH8,https://www.youtube.com/watch?v=H17p8fO5YH8,No permitas que las extorsiones arruinen tu tranquilidad,Policía Perú,UCGHZ-BOHT4-jjeh3YvlnUNw,95.0,targeted_search,extorsionadores amenazan audio Perú,40,AMENAZA_DIRECTA,consulta explícita de una categoría minoritaria,55,40.0,ampliacion_dano_20260727_lote2,2026-07-27T07:54:18-05:00
559,L1Dk097L_s8,https://www.youtube.com/watch?v=L1Dk097L_s8,Racism in football and in LaLiga: why it's important to denounce the Vinicius case,Diario Público,UCVimQoXNCZuEnZRVAbuYMiw,219.0,targeted_search,insultos racistas discriminación Perú denuncia,40,RACISMO_DISCRIMINACION,consulta explícita de una categoría minoritaria,55,40.0,ampliacion_dano_20260727_lote2,2026-07-27T07:54:18-05:00
560,-byArF8Yti4,https://www.youtube.com/watch?v=-byArF8Yti4,Were there threats? Ecuadorian journalist floats theory after loss to Mexico,La Afición,UCQV75Y4h6MUrjPeHBM22csA,109.0,targeted_search,sicarios amenazan periodista Perú,40,AMENAZA_DIRECTA,consulta explícita de una categoría minoritaria,55,40.0,ampliacion_dano_20260727_lote2,2026-07-27T07:54:18-05:00
561,xpK4f9niun8,https://www.youtube.com/watch?v=xpK4f9niun8,VENEZOLANOS EN PERÚ: REPARTIDOR DE DELIVERY DENUNCIA QUE SE SALVÓ DE MORIR TRAS DEJAR PEDIDO EN LIMA,Diario La Hora Piura,UCGjBWGsw13LftMLIkcvxH9g,100.0,targeted_search,te voy a matar denuncia Perú,40,AMENAZA_DIRECTA,consulta explícita de una categoría minoritaria,55,40.0,ampliacion_dano_20260727_lote2,2026-07-27T07:54:18-05:00
562,NfvfQEIhGEI,https://www.youtube.com/watch?v=NfvfQEIhGEI,Nota sobre casos de abuso sexual en Perú - Junio 2021,Rosario Sasieta,UCExZfPEMILpyHr30xvDCXeg,892.0,targeted_search,acoso sexual denuncia televisión peruana,41,CONTENIDO_SEXUAL|ACOSO_GENERO_IDENTIDAD,consulta explícita de una categoría minoritaria,55,41.0,ampliacion_dano_20260727_lote2,2026-07-27T07:54:18-05:00
563,srOOj6kG4rg,https://www.youtube.com/watch?v=srOOj6kG4rg,"Linchan a muerte a violador de Karina, la joven que fotografió a su agresor antes de morir",El Universal,UC2SEk1w7DgoHs_G3w1biz-w,102.0,targeted_search,agresor amenaza pareja Perú,41,AMENAZA_DIRECTA,consulta explícita de una categoría minoritaria,55,41.0,ampliacion_dano_20260727_lote2,2026-07-27T07:54:18-05:00
564,Dnb3vFzboyg,https://www.youtube.com/watch?v=Dnb3vFzboyg,Si Te Llaman Para DECLARAR en un JUICIO ¡NO Cometas Estos GRAVES ERRORES!,Luis Romero Abogados,UClLTad3S3URRuGQQf_7rysA,957.0,targeted_search,amenaza juez audiencia virtual Perú,41,AMENAZA_DIRECTA,consulta explícita de una categoría minoritaria,55,41.0,ampliacion_dano_20260727_lote2,2026-07-27T07:54:18-05:00
565,nyGb80bPrrM,https://www.youtube.com/watch?v=nyGb80bPrrM,Alcalde de Pachacámac denuncia que recibe amenazas de muerte,TVPerú Noticias,UCkZCoc42IipR1ucqJmIehsA,78.0,targeted_search,amenazas de muerte Perú,41,AMENAZA_DIRECTA,consulta explícita de una categoría minoritaria,55,41.0,ampliacion_dano_20260727_lote2,2026-07-27T07:54:18-05:00
566,FW1HSH_w3gw,https://www.youtube.com/watch?v=FW1HSH_w3gw,Nueva polémica: Mauricio Toro fue recusado por su orientación sexual,CABLENOTICIAS,UCtqVli8UvwRsRoNo0BCLR7w,219.0,targeted_search,amenazas homofóbicas Perú,41,AMENAZA_DIRECTA|ACOSO_GENERO_IDENTIDAD,consulta explícita de una categoría minoritaria,55,41.0,ampliacion_dano_20260727_lote2,2026-07-27T07:54:18-05:00
567,RJkD4kFOjmo,https://www.youtube.com/watch?v=RJkD4kFOjmo,MELISSA KLUG AMENAZA CON QUITARLE LA CUSTODIA A SAMAHARA SI NO DENUNCIA A BRYAN TORRES POR VIOLENCIA,DEVELADOR,UCvzuPbNztTlTr542qOYalbw,331.0,targeted_search,denuncia amenazas farándula Perú,41,AMENAZA_DIRECTA,consulta explícita de una categoría minoritaria,55,41.0,ampliacion_dano_20260727_lote2,2026-07-27T07:54:18-05:00
568,Bck0aRCxSBM,https://www.youtube.com/watch?v=Bck0aRCxSBM,How CHOLO FILO EXTORTED LURIGANCHO AUTHORITIES from AREQUIPA PRISON,Reporta Perú,UC0iTq1d61dmwWElW-UBv-Bw,505.0,targeted_search,extorsionadores amenazan audio Perú,41,AMENAZA_DIRECTA,consulta explícita de una categoría minoritaria,55,41.0,ampliacion_dano_20260727_lote2,2026-07-27T07:54:18-05:00
569,4oXw7AgCcAk,https://www.youtube.com/watch?v=4oXw7AgCcAk,Elena Viza aún no cuenta con una denuncia formal por discriminación,TV MUNDO AREQUIPA,UCQH-6sv6ovHg4Nx-niZ_C1g,189.0,targeted_search,insultos racistas discriminación Perú denuncia,41,RACISMO_DISCRIMINACION,consulta explícita de una categoría minoritaria,55,41.0,ampliacion_dano_20260727_lote2,2026-07-27T07:54:18-05:00
570,yrbW5WwWBnE,https://www.youtube.com/watch?v=yrbW5WwWBnE,"Popeye, ex sicario de Pablo Escobar, opina sobre Caracol",Latina Noticias,UCpSJ5fGhmAME9Kx2D3ZvN3Q,241.0,targeted_search,sicarios amenazan periodista Perú,41,AMENAZA_DIRECTA,consulta explícita de una categoría minoritaria,55,41.0,ampliacion_dano_20260727_lote2,2026-07-27T07:54:18-05:00
571,nfPeXl50bOo,https://www.youtube.com/watch?v=nfPeXl50bOo,Sergio Peña se pronunció tras denuncia por abuso sexual,Latina Noticias,UCpSJ5fGhmAME9Kx2D3ZvN3Q,83.0,targeted_search,acoso sexual denuncia televisión peruana,42,CONTENIDO_SEXUAL|ACOSO_GENERO_IDENTIDAD,consulta explícita de una categoría minoritaria,55,42.0,ampliacion_dano_20260727_lote2,2026-07-27T07:54:18-05:00
572,0rtsmUUxaIM,https://www.youtube.com/watch?v=0rtsmUUxaIM,¿Puedo retirar una denuncia por violencia familiar?,Giomar Salazar Abogados,UCBWVLIesVhC4Iz5W-ApozYw,78.0,targeted_search,agresor amenaza pareja Perú,42,AMENAZA_DIRECTA,consulta explícita de una categoría minoritaria,55,42.0,ampliacion_dano_20260727_lote2,2026-07-27T07:54:18-05:00
573,kQsLpEJyCSo,https://www.youtube.com/watch?v=kQsLpEJyCSo,Abogado mantuvo relaciones durante audiencia virtual,Latina Noticias,UCpSJ5fGhmAME9Kx2D3ZvN3Q,170.0,targeted_search,amenaza juez audiencia virtual Perú,42,AMENAZA_DIRECTA,consulta explícita de una categoría minoritaria,55,42.0,ampliacion_dano_20260727_lote2,2026-07-27T07:54:18-05:00
574,w9mkHjzhTAM,https://www.youtube.com/watch?v=w9mkHjzhTAM,SJL: trabajador invidente denuncia amenazas de muerte (3/3),24 Horas,UCsakKsRww3J7pM6DavkrAIQ,108.0,targeted_search,amenazas de muerte Perú,42,AMENAZA_DIRECTA,consulta explícita de una categoría minoritaria,55,42.0,ampliacion_dano_20260727_lote2,2026-07-27T07:54:18-05:00
575,3hUafC9B-T0,https://www.youtube.com/watch?v=3hUafC9B-T0,"🔴🔵Leticia Pizarro: ""En las comisarías hay mucha discriminación""",Exitosa Noticias,UCxgO_rak_BKZP8VNVmYqbWg,875.0,targeted_search,amenazas homofóbicas Perú,42,AMENAZA_DIRECTA|ACOSO_GENERO_IDENTIDAD,consulta explícita de una categoría minoritaria,55,42.0,ampliacion_dano_20260727_lote2,2026-07-27T07:54:18-05:00
576,1gw2jChQLi8,https://www.youtube.com/watch?v=1gw2jChQLi8,Diealis accuses Veronika Rojas's lawyer and Karla Viso reveals a secret agreement,El Notificador Peruano,UCpcmyMQnK-FKzmkrmRARc_A,658.0,targeted_search,denuncia amenazas farándula Perú,42,AMENAZA_DIRECTA,consulta explícita de una categoría minoritaria,55,42.0,ampliacion_dano_20260727_lote2,2026-07-27T07:54:18-05:00
577,f__BXZFGZ3s,https://www.youtube.com/watch?v=f__BXZFGZ3s,Hitmen from prison: Who ordered the assassination of the Deputy Mayor of San Juan de Lurigancho?,DÍA D,UCmrzeYkbupPuvrXH8roR__w,1267.0,targeted_search,extorsionadores amenazan audio Perú,42,AMENAZA_DIRECTA,consulta explícita de una categoría minoritaria,55,42.0,ampliacion_dano_20260727_lote2,2026-07-27T07:54:18-05:00
578,uGywgbthWUg,https://www.youtube.com/watch?v=uGywgbthWUg,Banco se pronuncia por acto de discriminación en local de Miraflores,24 Horas,UCsakKsRww3J7pM6DavkrAIQ,44.0,targeted_search,insultos racistas discriminación Perú denuncia,42,RACISMO_DISCRIMINACION,consulta explícita de una categoría minoritaria,55,42.0,ampliacion_dano_20260727_lote2,2026-07-27T07:54:18-05:00
579,4t3XaY196w8,https://www.youtube.com/watch?v=4t3XaY196w8,"“I left there, Yulixa didn’t: says the friend who also had surgery at the same aesthetic center”",Conducta Delictiva,UC1hnBY1vAbEVqzxKiXZWv3Q,4291.0,targeted_search,te voy a matar denuncia Perú,42,AMENAZA_DIRECTA,consulta explícita de una categoría minoritaria,55,42.0,ampliacion_dano_20260727_lote2,2026-07-27T07:54:18-05:00
580,mYxYYSD5mvQ,https://www.youtube.com/watch?v=mYxYYSD5mvQ,"Manager accused of sexual harassment defends himself: ""It's mere defamation"" l Arriba Mi Gente",Latina Televisión,UC3rDtLrcgr3JS3_3JOW4BAw,908.0,targeted_search,acoso sexual denuncia televisión peruana,43,CONTENIDO_SEXUAL|ACOSO_GENERO_IDENTIDAD,consulta explícita de una categoría minoritaria,55,43.0,ampliacion_dano_20260727_lote2,2026-07-27T07:54:18-05:00
581,aP1pk2x91bA,https://www.youtube.com/watch?v=aP1pk2x91bA,THE VIOLENT COUPLE - Psychologist Fernando Leiva (Educational program with psychological content),Fernando Leiva - Psicólogo,UCyzEUX1Etvs1Cfk1NUf_mLQ,3005.0,targeted_search,agresor amenaza pareja Perú,43,AMENAZA_DIRECTA,consulta explícita de una categoría minoritaria,55,43.0,ampliacion_dano_20260727_lote2,2026-07-27T07:54:18-05:00
582,K88AIcBCbfA,https://www.youtube.com/watch?v=K88AIcBCbfA,Extorsión y amenazas de muerte: delincuentes exigen 100 000 soles a empresario,TVPerú Noticias,UCkZCoc42IipR1ucqJmIehsA,111.0,targeted_search,amenazas de muerte Perú,43,AMENAZA_DIRECTA,consulta explícita de una categoría minoritaria,55,43.0,ampliacion_dano_20260727_lote2,2026-07-27T07:54:18-05:00
583,IXydr9bJgCM,https://www.youtube.com/watch?v=IXydr9bJgCM,Violencia  y crímenes contra la comunidad LGBT,EXCELSIOR,UClqo4ZAAZ01HQdCTlovCgkA,1902.0,targeted_search,amenazas homofóbicas Perú,43,AMENAZA_DIRECTA|ACOSO_GENERO_IDENTIDAD,consulta explícita de una categoría minoritaria,55,43.0,ampliacion_dano_20260727_lote2,2026-07-27T07:54:18-05:00
584,jz2C1vGWvk4,https://www.youtube.com/watch?v=jz2C1vGWvk4,🔴Vecinos denuncian a comandante PNP por disparos y amenazas l #EnVivoLR,Diario El Popular 🇵🇪,UCC25ArAc6QI7yj1UQG8lqxA,201.0,targeted_search,denuncia amenazas farándula Perú,43,AMENAZA_DIRECTA,consulta explícita de una categoría minoritaria,55,43.0,ampliacion_dano_20260727_lote2,2026-07-27T07:54:18-05:00
585,mrWa-RjD9C4,https://www.youtube.com/watch?v=mrWa-RjD9C4,"Audio: “Destruirte y matarte”, amenaza estudiante a alumna del CBTis 122",El Diario de Chihuahua,UCg0x_-U_FiA1TYvz5XbujTQ,87.0,targeted_search,extorsionadores amenazan audio Perú,43,AMENAZA_DIRECTA,consulta explícita de una categoría minoritaria,55,43.0,ampliacion_dano_20260727_lote2,2026-07-27T07:54:18-05:00
586,3oz9A600i_k,https://www.youtube.com/watch?v=3oz9A600i_k,"ANÁLISIS DEL RACISMO EN EL PERÚ, EN EL DÍA INTERNACIONAL DE LA ELIMINACIÓN DE LA DISCRIMINACIÓN",Jurado Nacional de Elecciones,UCuiHAQYUu2HKkGR7sE_nLVw,936.0,targeted_search,insultos racistas discriminación Perú denuncia,43,RACISMO_DISCRIMINACION,consulta explícita de una categoría minoritaria,55,43.0,ampliacion_dano_20260727_lote2,2026-07-27T07:54:18-05:00
587,WrreZ7eMBLQ,https://www.youtube.com/watch?v=WrreZ7eMBLQ,Video del asesinato de Ezequiel Rodríguez en el Carulla de la 116 | El Tiempo,EL TIEMPO,UCe5-b0fCK3eQCpwS6MT0aNw,111.0,targeted_search,sicarios amenazan periodista Perú,43,AMENAZA_DIRECTA,consulta explícita de una categoría minoritaria,55,43.0,ampliacion_dano_20260727_lote2,2026-07-27T07:54:18-05:00
588,ymnDpfqZf1I,https://www.youtube.com/watch?v=ymnDpfqZf1I,Hermanos  esquives   -  Mix  bolero  1  -  ( En vivo ) - Concierto,MIGUELITO CHICLAYO,UC6x9L8MwxqzVUZTndZsu2cw,265.0,targeted_search,te voy a matar denuncia Perú,43,AMENAZA_DIRECTA,consulta explícita de una categoría minoritaria,55,43.0,ampliacion_dano_20260727_lote2,2026-07-27T07:54:18-05:00
589,epX957x2NM8,https://www.youtube.com/watch?v=epX957x2NM8,Trujillo: aumenta en 90% denuncias por acoso sexual laboral,SOL TV Perú,UCT3jhkKbEV4ZslnzhZ26hPw,172.0,targeted_search,acoso sexual denuncia televisión peruana,44,CONTENIDO_SEXUAL|ACOSO_GENERO_IDENTIDAD,consulta explícita de una categoría minoritaria,55,44.0,ampliacion_dano_20260727_lote2,2026-07-27T07:54:18-05:00
590,txiYMCHuaPk,https://www.youtube.com/watch?v=txiYMCHuaPk,Golpes sin sanción: intento de feminicidio contra Milagros Rumiche,Panorama,UCBiq92lt_ufNO-ktZigVXgg,1056.0,targeted_search,agresor amenaza pareja Perú,44,AMENAZA_DIRECTA,consulta explícita de una categoría minoritaria,55,44.0,ampliacion_dano_20260727_lote2,2026-07-27T07:54:18-05:00
591,lMaCCsrJti4,https://www.youtube.com/watch?v=lMaCCsrJti4,Juez CHECKLEY a CASTILLO en audiencia: “Usted no está SECUESTRADO” | #LR,La República - LR+,UC-B7Xv56uNRDkj0vC3QW8Cg,146.0,targeted_search,amenaza juez audiencia virtual Perú,44,AMENAZA_DIRECTA,consulta explícita de una categoría minoritaria,55,44.0,ampliacion_dano_20260727_lote2,2026-07-27T07:54:18-05:00
592,G1-zRnkNps8,https://www.youtube.com/watch?v=G1-zRnkNps8,"Golpe de Estado se dio ""bajo amenazas de muerte"", según abogado de Pedro Castillo   | LR+ Noticias",La República - LR+,UC-B7Xv56uNRDkj0vC3QW8Cg,1254.0,targeted_search,amenazas de muerte Perú,44,AMENAZA_DIRECTA,consulta explícita de una categoría minoritaria,55,44.0,ampliacion_dano_20260727_lote2,2026-07-27T07:54:18-05:00
593,4oaWTPXMtbs,https://www.youtube.com/watch?v=4oaWTPXMtbs,Lanzan campaña para erradicar prácticas discriminatorias en contra de la comunidad LGBTTTI,Plural TV,UC9uvtWIkPy0o95avXyqcbUw,135.0,targeted_search,amenazas homofóbicas Perú,44,AMENAZA_DIRECTA|ACOSO_GENERO_IDENTIDAD,consulta explícita de una categoría minoritaria,55,44.0,ampliacion_dano_20260727_lote2,2026-07-27T07:54:18-05:00
594,AQlKf8nRt5Y,https://www.youtube.com/watch?v=AQlKf8nRt5Y,"Abogada Claudia Zumaeta tras denuncia pública de Fiorella Retiz: ""Claramente hay violencia""",Magaly TV La Firme,UCF6s3gpbZEQKqZ38VvQ0gLA,363.0,targeted_search,denuncia amenazas farándula Perú,44,AMENAZA_DIRECTA,consulta explícita de una categoría minoritaria,55,44.0,ampliacion_dano_20260727_lote2,2026-07-27T07:54:18-05:00
595,pGl09EQRdME,https://www.youtube.com/watch?v=pGl09EQRdME,Artista shipibo recibe amenazas de muerte de extorsionadores,Latina Noticias,UCpSJ5fGhmAME9Kx2D3ZvN3Q,203.0,targeted_search,extorsionadores amenazan audio Perú,44,AMENAZA_DIRECTA,consulta explícita de una categoría minoritaria,55,44.0,ampliacion_dano_20260727_lote2,2026-07-27T07:54:18-05:00
596,Xf6OEgLbKLs,https://www.youtube.com/watch?v=Xf6OEgLbKLs,Denuncian por racismo a ciudadano chileno en Brasil,Wayka,UCQmo59tWId4OHTdl4W320DQ,186.0,targeted_search,insultos racistas discriminación Perú denuncia,44,RACISMO_DISCRIMINACION,consulta explícita de una categoría minoritaria,55,44.0,ampliacion_dano_20260727_lote2,2026-07-27T07:54:18-05:00
597,QLFffAsynwk,https://www.youtube.com/watch?v=QLFffAsynwk,Vargas revela modus operandi del 'Loco Joe': usa nombres de otras bandas criminales para extorsionar,Buenos Días Perú,UCFnOwPrJ-Skrzk_GPNBV5tg,667.0,targeted_search,sicarios amenazan periodista Perú,44,AMENAZA_DIRECTA,consulta explícita de una categoría minoritaria,55,44.0,ampliacion_dano_20260727_lote2,2026-07-27T07:54:18-05:00
598,Rj4_tFylk78,https://www.youtube.com/watch?v=Rj4_tFylk78,No puedo con dos hijastras 👩‍👧‍👧⚰👨‍⚖️| Caso Cerrado | Telemundo,Caso Cerrado,UCGbofRROopWrumVob5w61OA,1209.0,targeted_search,te voy a matar denuncia Perú,44,AMENAZA_DIRECTA,consulta explícita de una categoría minoritaria,55,44.0,ampliacion_dano_20260727_lote2,2026-07-27T07:54:18-05:00
599,4p__3C_4DrA,https://www.youtube.com/watch?v=4p__3C_4DrA,Tumbes: destituyen a secretario judicial por pedir favores sexuales,TVPerú Noticias,UCkZCoc42IipR1ucqJmIehsA,56.0,targeted_search,acoso sexual denuncia televisión peruana,45,CONTENIDO_SEXUAL|ACOSO_GENERO_IDENTIDAD,consulta explícita de una categoría minoritaria,55,45.0,ampliacion_dano_20260727_lote2,2026-07-27T07:54:18-05:00
600,P9bXLRfZjvs,https://www.youtube.com/watch?v=P9bXLRfZjvs,Independencia: Extorsionador pierde un brazo tras intentar activar un explosivo,ATV Noticias,UCYG5uXS3xdsoaXIxum1pAEw,44.0,targeted_search,agresor amenaza pareja Perú,45,AMENAZA_DIRECTA,consulta explícita de una categoría minoritaria,55,45.0,ampliacion_dano_20260727_lote2,2026-07-27T07:54:18-05:00
