video_id,url,title,channel_title,channel_id,duration,discovery_type,discovery_source,source_rank,target_category,selection_reason,quota
NEe_yi5dW4M,https://www.youtube.com/watch?v=NEe_yi5dW4M,Joven madre denuncia que su expareja un policía en actividad la amenaza de muerte,Buenos Días Perú,UCFnOwPrJ-Skrzk_GPNBV5tg,495.0,targeted_search,agresión amenazas mujer Perú,1,AMENAZA_DIRECTA,consulta explícita de una categoría minoritaria,100
ksc7S1oS5Aw,https://www.youtube.com/watch?v=ksc7S1oS5Aw,Joven arrastrada por su pareja solicita garantías tras recibir amenazas,Buenos Días Perú,UCFnOwPrJ-Skrzk_GPNBV5tg,157.0,targeted_search,agresión amenazas mujer Perú,2,AMENAZA_DIRECTA,consulta explícita de una categoría minoritaria,100
bgBCrGB4ch8,https://www.youtube.com/watch?v=bgBCrGB4ch8,Andrés Wiese denuncia agresión y amenazas de mujer,TVPerú Noticias,UCkZCoc42IipR1ucqJmIehsA,140.0,targeted_search,agresión amenazas mujer Perú,3,AMENAZA_DIRECTA,consulta explícita de una categoría minoritaria,100
Uq_vtERca5U,https://www.youtube.com/watch?v=Uq_vtERca5U,Mujer denuncia agresión y amenazas,Canal Capital,UCeSx6aU8UGIIHxGCQPbYY_A,101.0,targeted_search,agresión amenazas mujer Perú,4,AMENAZA_DIRECTA,consulta explícita de una categoría minoritaria,100
J1M6deT_RSw,https://www.youtube.com/watch?v=J1M6deT_RSw,"Woman threatened and brutally attacked, aggressor released",DÍA D,UCmrzeYkbupPuvrXH8roR__w,947.0,targeted_search,agresión amenazas mujer Perú,5,AMENAZA_DIRECTA,consulta explícita de una categoría minoritaria,100
h7qCDmC4KR0,https://www.youtube.com/watch?v=h7qCDmC4KR0,Woman fears for her life after years of threats and attacks from her ex-partner,ATV Noticias,UCYG5uXS3xdsoaXIxum1pAEw,631.0,targeted_search,agresión amenazas mujer Perú,6,AMENAZA_DIRECTA,consulta explícita de una categoría minoritaria,100
4vWZQeju-fM,https://www.youtube.com/watch?v=4vWZQeju-fM,Isabel Cortez sufrió agresión fue amenazada y recibió ayuda del MIMP | Edición Mediodía (HOY),América Noticias,UCPhm2I2wk4vqjENwhn3px8A,132.0,targeted_search,agresión amenazas mujer Perú,7,AMENAZA_DIRECTA,consulta explícita de una categoría minoritaria,100
7zASdiUlFjs,https://www.youtube.com/watch?v=7zASdiUlFjs,"🟠🔵#PuntoFinal The problem of aggression involving the Minister of Women, Claudia Dávila",Latina Televisión,UC3rDtLrcgr3JS3_3JOW4BAw,531.0,targeted_search,agresión amenazas mujer Perú,8,AMENAZA_DIRECTA,consulta explícita de una categoría minoritaria,100
dbMP0-bTWZI,https://www.youtube.com/watch?v=dbMP0-bTWZI,🔴🔵Minister of Women's Affairs reports being a victim of assault and blackmail by her brother-in-law,Exitosa Noticias,UCxgO_rak_BKZP8VNVmYqbWg,1541.0,targeted_search,agresión amenazas mujer Perú,9,AMENAZA_DIRECTA,consulta explícita de una categoría minoritaria,100
tfseAqnP6y0,https://www.youtube.com/watch?v=tfseAqnP6y0,Fiscal explica caso de agresión a mujer en el Rímac,Ministerio Público | República del Perú,UC91qATrOkn7FLB4AfCboKhg,100.0,targeted_search,agresión amenazas mujer Perú,10,AMENAZA_DIRECTA,consulta explícita de una categoría minoritaria,100
ZhiCbww0ObY,https://www.youtube.com/watch?v=ZhiCbww0ObY,¿Cómo solicitar una medida de protección ante agresiones y amenazas?,RPP Noticias,UC5j8-2FT0ZMMBkmK72R4aeA,1019.0,targeted_search,agresión amenazas mujer Perú,11,AMENAZA_DIRECTA,consulta explícita de una categoría minoritaria,100
ZrOosV9Dr_o,https://www.youtube.com/watch?v=ZrOosV9Dr_o,Familia de mujer amenazada enfrentó al agresor,Nunca MAS,UCFqwxsa2Wp6Y5FkUAcGShGA,538.0,targeted_search,agresión amenazas mujer Perú,12,AMENAZA_DIRECTA,consulta explícita de una categoría minoritaria,100
iqgX51kD3iI,https://www.youtube.com/watch?v=iqgX51kD3iI,Unwanted pregnancies and violence threaten flood victims in Peru,AGENCIA EFE,UCvJS-YNyaWyOucx8bGrHVvw,78.0,targeted_search,agresión amenazas mujer Perú,13,AMENAZA_DIRECTA,consulta explícita de una categoría minoritaria,100
TDFRNhOCwao,https://www.youtube.com/watch?v=TDFRNhOCwao,Familia y justicia: ¿Cómo denunciar un hecho de violencia psicológica en el Perú?,RPP Noticias,UC5j8-2FT0ZMMBkmK72R4aeA,639.0,targeted_search,agresión amenazas mujer Perú,14,AMENAZA_DIRECTA,consulta explícita de una categoría minoritaria,100
thyqrKr9HR4,https://www.youtube.com/watch?v=thyqrKr9HR4,"Mujer sufre agresiones de su expareja: ""Tengo que regresar con él, nadie me quiere ayudar""",Latina Noticias,UCpSJ5fGhmAME9Kx2D3ZvN3Q,1161.0,targeted_search,agresión amenazas mujer Perú,15,AMENAZA_DIRECTA,consulta explícita de una categoría minoritaria,100
NXVvHvGqGv4,https://www.youtube.com/watch?v=NXVvHvGqGv4,El sujeto que amenaza a su expareja y avala los feminicidios.,Nunca MAS,UCFqwxsa2Wp6Y5FkUAcGShGA,496.0,targeted_search,agresión amenazas mujer Perú,16,AMENAZA_DIRECTA,consulta explícita de una categoría minoritaria,100
BTHrwmn4XOM,https://www.youtube.com/watch?v=BTHrwmn4XOM,Acosada y bajo amenaza: Abogada vive en carne propia la pesadilla de ser una mujer maltratada,DÍA D,UCmrzeYkbupPuvrXH8roR__w,1106.0,targeted_search,agresión amenazas mujer Perú,17,AMENAZA_DIRECTA,consulta explícita de una categoría minoritaria,100
fFOxvLe2BMU,https://www.youtube.com/watch?v=fFOxvLe2BMU,Miraflores: amenazan de muerte a mujer trans y policías rechazan su denuncia,lamula externos (la mula),UCY6bK9tiSKBgZsxB6fBYXbA,190.0,targeted_search,agresión amenazas mujer Perú,18,AMENAZA_DIRECTA,consulta explícita de una categoría minoritaria,100
d1xiaAYT0qs,https://www.youtube.com/watch?v=d1xiaAYT0qs,Humala demands departure of Ecuadorian ambassador to Peru for assaulting two women in a supermarket,NTN24,UCEJs1fTF3KszRJGxJY14VrA,213.0,targeted_search,agresión amenazas mujer Perú,19,AMENAZA_DIRECTA,consulta explícita de una categoría minoritaria,100
E3To8DP_Vyo,https://www.youtube.com/watch?v=E3To8DP_Vyo,Pareja de alcalde lo denunció de agresión y ahora lo amenazan: Esto hicieron su hermano y exesposa,Latina Noticias,UCpSJ5fGhmAME9Kx2D3ZvN3Q,481.0,targeted_search,agresión amenazas mujer Perú,20,AMENAZA_DIRECTA,consulta explícita de una categoría minoritaria,100
31uTqWmWwX4,https://www.youtube.com/watch?v=31uTqWmWwX4,Esposa de taxista asesinado en SJL descarta acusación de abuso y asegura que recibían amenazas,Buenos Días Perú,UCFnOwPrJ-Skrzk_GPNBV5tg,233.0,targeted_search,agresión amenazas mujer Perú,21,AMENAZA_DIRECTA,consulta explícita de una categoría minoritaria,100
BG7kt0icTGQ,https://www.youtube.com/watch?v=BG7kt0icTGQ,Mujer que fue golpeada por su pareja ahora recibe amenazas; la justicia liberó a su agresor,Unitel Bolivia,UCBTuUY99I5plMaC_ZcmXIYw,72.0,targeted_search,agresión amenazas mujer Perú,22,AMENAZA_DIRECTA,consulta explícita de una categoría minoritaria,100
sSIFE8fdXP0,https://www.youtube.com/watch?v=sSIFE8fdXP0,"Young man reports assault by ""Cristorata"" after a livestream | Arriba Mi Gente",Latina Televisión,UC3rDtLrcgr3JS3_3JOW4BAw,786.0,targeted_search,agresión amenazas mujer Perú,23,AMENAZA_DIRECTA,consulta explícita de una categoría minoritaria,100
aYpisVffvXY,https://www.youtube.com/watch?v=aYpisVffvXY,“Vecina del Terror”: Denuncian que mujer ataca a adultos y hasta niños con piedras en SJM,Buenos Días Perú,UCFnOwPrJ-Skrzk_GPNBV5tg,423.0,targeted_search,agresión amenazas mujer Perú,24,AMENAZA_DIRECTA,consulta explícita de una categoría minoritaria,100
H7D7m3PrNaU,https://www.youtube.com/watch?v=H7D7m3PrNaU,Comas: madre de familia denuncia amenazas de expareja tras demandarlo por pensión de alimentos,Buenos Días Perú,UCFnOwPrJ-Skrzk_GPNBV5tg,914.0,targeted_search,agresión amenazas mujer Perú,25,AMENAZA_DIRECTA,consulta explícita de una categoría minoritaria,100
R1NjyhWZUC8,https://www.youtube.com/watch?v=R1NjyhWZUC8,Robberies on board: crime targets women in Lima,Panorama,UCBiq92lt_ufNO-ktZigVXgg,974.0,targeted_search,agresión amenazas mujer Perú,26,AMENAZA_DIRECTA,consulta explícita de una categoría minoritaria,100
iIC9zyHrkkA,https://www.youtube.com/watch?v=iIC9zyHrkkA,"“Estoy a tu lado”, la plataforma que permite enviar alertas sobre hechos de violencia",RPP Noticias,UC5j8-2FT0ZMMBkmK72R4aeA,533.0,targeted_search,agresión amenazas mujer Perú,27,AMENAZA_DIRECTA,consulta explícita de una categoría minoritaria,100
Gcu_V6dfBkc,https://www.youtube.com/watch?v=Gcu_V6dfBkc,"Tired of threats, a man set a trap that ended his extortionists.",Publimetro Colombia,UCgOqD9t-svmzukLBXqtjFIQ,106.0,targeted_search,agresión amenazas mujer Perú,28,AMENAZA_DIRECTA,consulta explícita de una categoría minoritaria,100
oaUWtVUKuDQ,https://www.youtube.com/watch?v=oaUWtVUKuDQ,Mujer amenaza con machete a sus vecinos en Puente Piedra,24 Horas,UCsakKsRww3J7pM6DavkrAIQ,170.0,targeted_search,agresión amenazas mujer Perú,29,AMENAZA_DIRECTA,consulta explícita de una categoría minoritaria,100
nde96BcFcE4,https://www.youtube.com/watch?v=nde96BcFcE4,Lo ha denunciado 7 veces y teme por su vida: mujer acusa a su expareja de acosarla y amenazarla,Buenos Días Perú,UCFnOwPrJ-Skrzk_GPNBV5tg,410.0,targeted_search,agresión amenazas mujer Perú,30,AMENAZA_DIRECTA,consulta explícita de una categoría minoritaria,100
UDsD0h0wF-U,https://www.youtube.com/watch?v=UDsD0h0wF-U,Nuevo Chimbote: hombre apuñaló a mujer en el rostro y luego amenaza a policías,TVPerú Noticias,UCkZCoc42IipR1ucqJmIehsA,94.0,targeted_search,agresión amenazas mujer Perú,31,AMENAZA_DIRECTA,consulta explícita de una categoría minoritaria,100
CFyWlDe8B9U,https://www.youtube.com/watch?v=CFyWlDe8B9U,"Vinculan a proceso a ""Lady Peruana"" por amenazas en la Narvarte",EXCELSIOR,UClqo4ZAAZ01HQdCTlovCgkA,112.0,targeted_search,agresión amenazas mujer Perú,32,AMENAZA_DIRECTA,consulta explícita de una categoría minoritaria,100
diCjBfenM6w,https://www.youtube.com/watch?v=diCjBfenM6w,THE CRIME OF THREATS,JurídicaMente,UCE_ZHUVha19wtfzsNgBrCYg,198.0,targeted_search,agresión amenazas mujer Perú,33,AMENAZA_DIRECTA,consulta explícita de una categoría minoritaria,100
59a4NA6H1Lo,https://www.youtube.com/watch?v=59a4NA6H1Lo,Amor y Fuego -FEB 25 - INFLUENCER VALENTINO ENVUELTO EN ESCÁNDALO TRAS AGRESIÓN A UNA MUJER | Willax,Willax Televisión,UCort3mldTtMErPqprSlSfng,414.0,targeted_search,agresión amenazas mujer Perú,34,AMENAZA_DIRECTA,consulta explícita de una categoría minoritaria,100
y38RvUI8Vl4,https://www.youtube.com/watch?v=y38RvUI8Vl4,"Woman reports neighbor for throwing parties: ""He scratched my car and threatened me""",ATV Noticias,UCYG5uXS3xdsoaXIxum1pAEw,438.0,targeted_search,agresión amenazas mujer Perú,35,AMENAZA_DIRECTA,consulta explícita de una categoría minoritaria,100
G6dOrTukF1o,https://www.youtube.com/watch?v=G6dOrTukF1o,Peruano y venezolano protagonizan violenta pelea en transporte público,Latina Noticias,UCpSJ5fGhmAME9Kx2D3ZvN3Q,94.0,targeted_search,agresión amenazas mujer Perú,36,AMENAZA_DIRECTA,consulta explícita de una categoría minoritaria,100
f0c-6NYPgnQ,https://www.youtube.com/watch?v=f0c-6NYPgnQ,Villa Elisa: Mujer denuncia agresión y amenazas de un policía,SNT Paraguay,UC8NNg2qEuMQIXlqPS-eu_ig,201.0,targeted_search,agresión amenazas mujer Perú,37,AMENAZA_DIRECTA,consulta explícita de una categoría minoritaria,100
lm6evXrG0A0,https://www.youtube.com/watch?v=lm6evXrG0A0,Retired non-commissioned officer threatens and assaults woman in public,Nunca MAS,UCFqwxsa2Wp6Y5FkUAcGShGA,362.0,targeted_search,agresión amenazas mujer Perú,38,AMENAZA_DIRECTA,consulta explícita de una categoría minoritaria,100
f2EC6OR5OVQ,https://www.youtube.com/watch?v=f2EC6OR5OVQ,Madre de familia denuncia supuesta violencia familiar y amenazas,VIA Televisión,UCQjwMx1voVknTX59LBuSvog,208.0,targeted_search,agresión amenazas mujer Perú,39,AMENAZA_DIRECTA,consulta explícita de una categoría minoritaria,100
VKYMtlRwMOI,https://www.youtube.com/watch?v=VKYMtlRwMOI,Mujeres exigen justicia ante agresiones y abusos sexuales a sus hijas,Magaly TV La Firme,UCF6s3gpbZEQKqZ38VvQ0gLA,541.0,targeted_search,agresión amenazas mujer Perú,40,AMENAZA_DIRECTA,consulta explícita de una categoría minoritaria,100
063sq5lbzRc,https://www.youtube.com/watch?v=063sq5lbzRc,The neighbor who assaulted Andrés Wiese receives alleged threats | América Espectáculos (TODAY),América Noticias,UCPhm2I2wk4vqjENwhn3px8A,316.0,targeted_search,agresión amenazas mujer Perú,41,AMENAZA_DIRECTA,consulta explícita de una categoría minoritaria,100
pqUHnWwkbo4,https://www.youtube.com/watch?v=pqUHnWwkbo4,}MUJER DENUNCIA A POLICIA POR AGRESIÓN Y AMENAZA DE MUERTE,Mas Encarnacion,UChDvkpocUUC_-pAiCb2XbuQ,125.0,targeted_search,agresión amenazas mujer Perú,42,AMENAZA_DIRECTA,consulta explícita de una categoría minoritaria,100
no1jz57CAAY,https://www.youtube.com/watch?v=no1jz57CAAY,Puedo ir a la cárcel por Violencia familiar,Giomar Salazar Abogados,UCBWVLIesVhC4Iz5W-ApozYw,29.0,targeted_search,agresión amenazas mujer Perú,43,AMENAZA_DIRECTA,consulta explícita de una categoría minoritaria,100
93nzbc8uocQ,https://www.youtube.com/watch?v=93nzbc8uocQ,A woman's nightmare after breaking up with a violent man,Nunca MAS,UCFqwxsa2Wp6Y5FkUAcGShGA,622.0,targeted_search,agresión amenazas mujer Perú,44,AMENAZA_DIRECTA,consulta explícita de una categoría minoritaria,100
gyGbYmU9X40,https://www.youtube.com/watch?v=gyGbYmU9X40,Mujer denuncia a suboficial de la Policía Nacional por acoso y amenazas de muerte,Panorama,UCBiq92lt_ufNO-ktZigVXgg,1035.0,targeted_search,agresión amenazas mujer Perú,45,AMENAZA_DIRECTA,consulta explícita de una categoría minoritaria,100
Gl0BvIiXimo,https://www.youtube.com/watch?v=Gl0BvIiXimo,Los Olivos: meretrices atacan a pedradas a serenos y vecinos,Buenos Días Perú,UCFnOwPrJ-Skrzk_GPNBV5tg,823.0,targeted_search,agresión amenazas mujer Perú,46,AMENAZA_DIRECTA,consulta explícita de una categoría minoritaria,100
tpAvjDaMmeY,https://www.youtube.com/watch?v=tpAvjDaMmeY,"""¡Sáquenme la mano!"": Extorsionador suplica por ayuda tras perder dedos en atentado fallido",Latina Noticias,UCpSJ5fGhmAME9Kx2D3ZvN3Q,105.0,targeted_search,agresión amenazas mujer Perú,47,AMENAZA_DIRECTA,consulta explícita de una categoría minoritaria,100
NTs5wuCV1q4,https://www.youtube.com/watch?v=NTs5wuCV1q4,¿Cómo denunciar violencia familiar?,Impunidad Cero ,UCeZiDUkOsiVNGVmR31_cvdQ,101.0,targeted_search,agresión amenazas mujer Perú,48,AMENAZA_DIRECTA,consulta explícita de una categoría minoritaria,100
vYHuvbNYuGU,https://www.youtube.com/watch?v=vYHuvbNYuGU,Amenazas el delito más Denunciado//Conoce que pasa después de tu denuncia,Abogado Juan Carlos Paz Bautista,UCLxsHdt2y0IP77fJq3fYjzg,159.0,targeted_search,agresión amenazas mujer Perú,49,AMENAZA_DIRECTA,consulta explícita de una categoría minoritaria,100
ginZwcDVXEY,https://www.youtube.com/watch?v=ginZwcDVXEY,Women from the Peruvian Andes unite against gender-based violence,AGENCIA EFE,UCvJS-YNyaWyOucx8bGrHVvw,176.0,targeted_search,agresión amenazas mujer Perú,50,AMENAZA_DIRECTA,consulta explícita de una categoría minoritaria,100
Ce02sEFuiEY,https://www.youtube.com/watch?v=Ce02sEFuiEY,Las amenazas de este agresor hacia su expareja,Nunca MAS,UCFqwxsa2Wp6Y5FkUAcGShGA,484.0,targeted_search,agresión amenazas mujer Perú,51,AMENAZA_DIRECTA,consulta explícita de una categoría minoritaria,100
KnsAFVFnvSI,https://www.youtube.com/watch?v=KnsAFVFnvSI,🔴🔵Ica: Woman files complaint against police for alleged physical abuse and accuses the PNP of min...,Exitosa Noticias,UCxgO_rak_BKZP8VNVmYqbWg,614.0,targeted_search,agresión amenazas mujer Perú,52,AMENAZA_DIRECTA,consulta explícita de una categoría minoritaria,100
5csSdPG-h4c,https://www.youtube.com/watch?v=5csSdPG-h4c,Contracorriente – OCT 09– CUÑADO DE MINISTRA DE LA MUJER DENUNCIA AGRESIÓN Y AMENAZAS | Willax,Willax Televisión,UCort3mldTtMErPqprSlSfng,20.0,targeted_search,agresión amenazas mujer Perú,53,AMENAZA_DIRECTA,consulta explícita de una categoría minoritaria,100
PXuJglRiU6o,https://www.youtube.com/watch?v=PXuJglRiU6o,Ate: vecinos víctimas de inseguridad y amenazas piden ayuda al Mininter (1/2),Buenos Días Perú,UCFnOwPrJ-Skrzk_GPNBV5tg,696.0,targeted_search,agresión amenazas mujer Perú,54,AMENAZA_DIRECTA,consulta explícita de una categoría minoritaria,100
QUzn1h0xwG0,https://www.youtube.com/watch?v=QUzn1h0xwG0,Chorrillos: propietario de departamento recibe amenazas tras cobrar a inquilina morosa,Buenos Días Perú,UCFnOwPrJ-Skrzk_GPNBV5tg,604.0,targeted_search,agresión amenazas mujer Perú,55,AMENAZA_DIRECTA,consulta explícita de una categoría minoritaria,100
XTL6Wo8y7AU,https://www.youtube.com/watch?v=XTL6Wo8y7AU,Mujeres contra la violencia Psicológica,GobiernoNuevoLeon,UC_KvL9gZ9q3SuO6KAWLXC6w,31.0,targeted_search,agresión amenazas mujer Perú,56,AMENAZA_DIRECTA,consulta explícita de una categoría minoritaria,100
xENcdo08xCY,https://www.youtube.com/watch?v=xENcdo08xCY,Perú Retrocede en Lucha Contra la Violencia Femenicida: ¿Un Paso Atrás Decisivo?,Noticias LAT | AHORA,UC1oqIJVGLAa1CB5yAH5fDyA,353.0,targeted_search,agresión amenazas mujer Perú,57,AMENAZA_DIRECTA,consulta explícita de una categoría minoritaria,100
hFSQsEpdLjE,https://www.youtube.com/watch?v=hFSQsEpdLjE,🔴BRUTAL AGRESIÓN A UNA MUJER Y SU MENOR HIJO EN CAÑETE,Cañete Tv canal31,UCl-FuEcNu5ptt6xsjoJTx6g,173.0,targeted_search,agresión amenazas mujer Perú,58,AMENAZA_DIRECTA,consulta explícita de una categoría minoritaria,100
mjUlM9UuyRk,https://www.youtube.com/watch?v=mjUlM9UuyRk,México vs Ecuador: agreden a hinchas y periodistas afuera del Estadio Azteca | El Comercio,EL COMERCIO,UCLtGUPjKLqa3zgdmhKCZONg,158.0,targeted_search,agresión amenazas mujer Perú,59,AMENAZA_DIRECTA,consulta explícita de una categoría minoritaria,100
fWj-gwu9Swk,https://www.youtube.com/watch?v=fWj-gwu9Swk,El feminicidio y la vulnerabilidad de los derechos a la mujer que existe en el Perú,MARIA ESTEFANY DOMINGUEZ GUILLEN,UCxa19DdttsOtPyZyYsZpzyg,532.0,targeted_search,agresión amenazas mujer Perú,60,AMENAZA_DIRECTA,consulta explícita de una categoría minoritaria,100
13hyf9eAXVc,https://www.youtube.com/watch?v=13hyf9eAXVc,Barcelona: Peruano protagonizó agresión transfóbica en metro,Latina Noticias,UCpSJ5fGhmAME9Kx2D3ZvN3Q,101.0,targeted_search,agresión amenazas mujer Perú,61,AMENAZA_DIRECTA,consulta explícita de una categoría minoritaria,100
DI5XAbvcJRY,https://www.youtube.com/watch?v=DI5XAbvcJRY,THE CRIME OF INJURY,JurídicaMente,UCE_ZHUVha19wtfzsNgBrCYg,178.0,targeted_search,agresión amenazas mujer Perú,62,AMENAZA_DIRECTA,consulta explícita de una categoría minoritaria,100
0rtsmUUxaIM,https://www.youtube.com/watch?v=0rtsmUUxaIM,¿Puedo retirar una denuncia por violencia familiar?,Giomar Salazar Abogados,UCBWVLIesVhC4Iz5W-ApozYw,78.0,targeted_search,agresión amenazas mujer Perú,63,AMENAZA_DIRECTA,consulta explícita de una categoría minoritaria,100
Vam_lvkkD_o,https://www.youtube.com/watch?v=Vam_lvkkD_o,El delito de violencia psicológica!,Henry Caliz | Abogado Penalista,UC0m7RgsCxiT4Ow-DvgMFEwQ,232.0,targeted_search,agresión amenazas mujer Perú,64,AMENAZA_DIRECTA,consulta explícita de una categoría minoritaria,100
ZRAq2msJtIg,https://www.youtube.com/watch?v=ZRAq2msJtIg,Hombre denuncia brutal agresión de su hijo,24 Horas,UCsakKsRww3J7pM6DavkrAIQ,168.0,targeted_search,agresión amenazas mujer Perú,65,AMENAZA_DIRECTA,consulta explícita de una categoría minoritaria,100
DTXvhca9ktg,https://www.youtube.com/watch?v=DTXvhca9ktg,¡Lamentable! Mujer fue agredida brutalmente por su pareja,C9N Paraguay,UC2uoT9_KgHuBzoYX5JepHEA,235.0,targeted_search,agresión amenazas mujer Perú,66,AMENAZA_DIRECTA,consulta explícita de una categoría minoritaria,100
a46nxm6ROgI,https://www.youtube.com/watch?v=a46nxm6ROgI,How to Defend Yourself Against a False Psychological Domestic Violence Case,vallarinopanama,UCa9M1T2WZSZPJzl2rL1yJng,803.0,targeted_search,agresión amenazas mujer Perú,67,AMENAZA_DIRECTA,consulta explícita de una categoría minoritaria,100
dl8e7Vktnts,https://www.youtube.com/watch?v=dl8e7Vktnts,Mujer transgénero víctima de violencia por parte de policía,MILENIO,UCFxHplbcoJK9m70c4VyTIxg,157.0,targeted_search,agresión amenazas mujer Perú,68,AMENAZA_DIRECTA,consulta explícita de una categoría minoritaria,100
j68tDkDILXM,https://www.youtube.com/watch?v=j68tDkDILXM,Vecinos denuncian que adulta mayor los ataca a palazos: exigen a las autoridades tomar medidas,Buenos Días Perú,UCFnOwPrJ-Skrzk_GPNBV5tg,371.0,targeted_search,agresión amenazas mujer Perú,69,AMENAZA_DIRECTA,consulta explícita de una categoría minoritaria,100
qOfxYfSPVMM,https://www.youtube.com/watch?v=qOfxYfSPVMM,✍️ VIOLENCIA FAMILIAR en el PERÚ:¿CÓMO DENUNCIAR la VIOLENCIA FAMILIAR en el PERÚ?,Estudio de Abogados Arredondo&Jordan ,UC1rjzqLqdLSOsRhrAFwnzKw,187.0,targeted_search,agresión amenazas mujer Perú,70,AMENAZA_DIRECTA,consulta explícita de una categoría minoritaria,100
teYMkRaMIoY,https://www.youtube.com/watch?v=teYMkRaMIoY,¿COMO PUEDO DEFENDERME DE UN DENUNCIA FALSA DE VIOLENCIA DOMÉSTICA? Abogado criminalista Abogad,La Experiencia del Abogado Criminalista Alex Cross,UC4FyvtPMnefH2VGrS2EsvjA,164.0,targeted_search,agresión amenazas mujer Perú,71,AMENAZA_DIRECTA,consulta explícita de una categoría minoritaria,100
BLUqUf92eqA,https://www.youtube.com/watch?v=BLUqUf92eqA,Hombre acusado de violencia intrafamiliar amenaza a juez y arroja micrófono y mesa,NMás,UCUsm-fannqOY02PNN67C0KA,133.0,targeted_search,agresión amenazas mujer Perú,72,AMENAZA_DIRECTA,consulta explícita de una categoría minoritaria,100
fbN2sWHei_c,https://www.youtube.com/watch?v=fbN2sWHei_c,"Amenazas Simples, Delito, Querella, Defensoria, Fiscalía, Abogado,            .   Defensa Absoluta",Estudio Jurídico Defensa Absoluta,UCauonFF2YxGbaXHduKETdfg,73.0,targeted_search,agresión amenazas mujer Perú,73,AMENAZA_DIRECTA,consulta explícita de una categoría minoritaria,100
NzN6CzshEZg,https://www.youtube.com/watch?v=NzN6CzshEZg,Scratches and threats! Los Olivos security officers report assaults by sex workers,Buenos Días Perú,UCFnOwPrJ-Skrzk_GPNBV5tg,165.0,targeted_search,agresión amenazas mujer Perú,74,AMENAZA_DIRECTA,consulta explícita de una categoría minoritaria,100
Qxa47T1jpQU,https://www.youtube.com/watch?v=Qxa47T1jpQU,👉TIPOS de VIOLENCIA FAMILIAR en el PERÚ: ¿DE CUANTO es la PENA DE CÁRCEL?,Estudio de Abogados Arredondo&Jordan ,UC1rjzqLqdLSOsRhrAFwnzKw,188.0,targeted_search,agresión amenazas mujer Perú,75,AMENAZA_DIRECTA,consulta explícita de una categoría minoritaria,100
Xw12XlY4_lw,https://www.youtube.com/watch?v=Xw12XlY4_lw,Acoso político: tres consejeras regionales víctimas de violencia,Cosmos Televisión,UC_ept7M1UXlCfvcUrK49Ziw,165.0,targeted_search,agresión amenazas mujer Perú,76,AMENAZA_DIRECTA,consulta explícita de una categoría minoritaria,100
z390HebScuM,https://www.youtube.com/watch?v=z390HebScuM,Continúan amenazas contra consejera y teme por su vida,Cosmos Televisión,UC_ept7M1UXlCfvcUrK49Ziw,174.0,targeted_search,agresión amenazas mujer Perú,77,AMENAZA_DIRECTA,consulta explícita de una categoría minoritaria,100
wUgGIttwUOM,https://www.youtube.com/watch?v=wUgGIttwUOM,Las amenazas y riesgos que enfrentan las mujeres y niñas migrantes y refugiadas de Venezuela,OIM Respuesta Migrantes y Refugiados de Venezuela,UCfDkaglitH3CI22OZs5cy9Q,338.0,targeted_search,agresión amenazas mujer Perú,78,AMENAZA_DIRECTA,consulta explícita de una categoría minoritaria,100
0JhrVTbjU3w,https://www.youtube.com/watch?v=0JhrVTbjU3w,SIMULACIÓN DE AUDIENCIA INICIAL - AMENAZAS Y EXPRESIONES DE VIOLENCIA CONTRA LAS MUJERES,Carlos Rivas,UCwkUhDPem4kFuHI4-RME2-A,815.0,targeted_search,agresión amenazas mujer Perú,79,AMENAZA_DIRECTA,consulta explícita de una categoría minoritaria,100
Hv3aNXuOhsw,https://www.youtube.com/watch?v=Hv3aNXuOhsw,Inseguridad Ciudadana - Violencia contra la Mujer,Juntos Logramos Más - Piura,UCr4fE3jZZNiL2Z2-dZwWgYw,201.0,targeted_search,agresión amenazas mujer Perú,80,AMENAZA_DIRECTA,consulta explícita de una categoría minoritaria,100
mv-hZMWpNrU,https://www.youtube.com/watch?v=mv-hZMWpNrU,THE CRIME OF DOMESTIC VIOLENCE,JurídicaMente,UCE_ZHUVha19wtfzsNgBrCYg,204.0,targeted_search,agresión amenazas mujer Perú,81,AMENAZA_DIRECTA,consulta explícita de una categoría minoritaria,100
8Me6LpQi-80,https://www.youtube.com/watch?v=8Me6LpQi-80,AMENAZAS POR  EPISODIO AGRESIÓN DELIVERY,Antofagasta TV,UCPPF9v9ISzU_wp8ao2SBfpg,274.0,targeted_search,agresión amenazas mujer Perú,82,AMENAZA_DIRECTA,consulta explícita de una categoría minoritaria,100
X-zjT2snWTE,https://www.youtube.com/watch?v=X-zjT2snWTE,Violencia laboral - El derecho de Yamila,ELA - Equipo Latinoamericano de Justicia y Género,UCh6fdHifSekirQ3ZBgQyX0A,208.0,targeted_search,agresión amenazas mujer Perú,83,AMENAZA_DIRECTA,consulta explícita de una categoría minoritaria,100
ct9wEeq62KU,https://www.youtube.com/watch?v=ct9wEeq62KU,Megáfono - Agresiones a mujeres periodistas en internet - 07/12/2016,Rompeviento TV,UCBdM6w8S6kn90P0or3Z0kxQ,1771.0,targeted_search,agresión amenazas mujer Perú,84,AMENAZA_DIRECTA,consulta explícita de una categoría minoritaria,100
I103Vbc4pA8,https://www.youtube.com/watch?v=I103Vbc4pA8,"Conversatorio:  ""La Violencia: Otra pandemia que amenaza a niñas y adolescentes""",Estudio Longitudinal Niños del Milenio ,UCZUcYEv84PC_joj-lnkxZ5w,4950.0,targeted_search,agresión amenazas mujer Perú,85,AMENAZA_DIRECTA,consulta explícita de una categoría minoritaria,100
P8oV26jPEac,https://www.youtube.com/watch?v=P8oV26jPEac,"Reportaje en TV Perú ""Agresión a Menores"" (27 Ene 2015)",Rosario Sasieta,UCExZfPEMILpyHr30xvDCXeg,162.0,targeted_search,agresión amenazas mujer Perú,86,AMENAZA_DIRECTA,consulta explícita de una categoría minoritaria,100
FM71PZgZzmg,https://www.youtube.com/watch?v=FM71PZgZzmg,🚨 Isabel Cortez recibió amenazas y fue ayudada por el Ministerio de la Mujer,Nativa,UCdl1ygFwPa6lUdNYPLjoAGg,180.0,targeted_search,agresión amenazas mujer Perú,87,AMENAZA_DIRECTA,consulta explícita de una categoría minoritaria,100
ED_IknflcrY,https://www.youtube.com/watch?v=ED_IknflcrY,Amenazada y golpeada: empresaria denuncia a ciudadano argentino por agresión (1/2),Panorama,UCBiq92lt_ufNO-ktZigVXgg,824.0,targeted_search,agresión amenazas mujer Perú,88,AMENAZA_DIRECTA,consulta explícita de una categoría minoritaria,100
u0BXpjG0l50,https://www.youtube.com/watch?v=u0BXpjG0l50,"Conversatorio virtual ""La Violencia: Otra pandemia que amenaza a niñas y adolescentes",Estudio Longitudinal Niños del Milenio ,UCZUcYEv84PC_joj-lnkxZ5w,4950.0,targeted_search,agresión amenazas mujer Perú,89,AMENAZA_DIRECTA,consulta explícita de una categoría minoritaria,100
dJBrf8CqNho,https://www.youtube.com/watch?v=dJBrf8CqNho,Agresión a adultos mayores,Poder Judicial del Perú,UCvCLoltBg5y32b0oBG8j0EQ,61.0,targeted_search,agresión amenazas mujer Perú,90,AMENAZA_DIRECTA,consulta explícita de una categoría minoritaria,100
xpriadd7sfo,https://www.youtube.com/watch?v=xpriadd7sfo,Viven aterrados: atacan a vecinos que hicieron tiktok para denunciar a gente de mal vivir en Ate,Buenos Días Perú,UCFnOwPrJ-Skrzk_GPNBV5tg,587.0,targeted_search,agresión amenazas mujer Perú,91,AMENAZA_DIRECTA,consulta explícita de una categoría minoritaria,100
2Y3hLFVSYHU,https://www.youtube.com/watch?v=2Y3hLFVSYHU,Regidora de Ate denuncia ser víctima de amenazas de muerte tras promover suspensión de alcalde,Alfredo Falcon,UCtZUyRm8xpexWVwIwDRRiCw,170.0,targeted_search,agresión amenazas mujer Perú,92,AMENAZA_DIRECTA,consulta explícita de una categoría minoritaria,100
Hy4RFquEvnE,https://www.youtube.com/watch?v=Hy4RFquEvnE,"🔴🔵Jorge Montoya denuncia amenaza de un manifestante que se alojó en la UNMSM: ""Quieren matarme""",Exitosa Noticias,UCxgO_rak_BKZP8VNVmYqbWg,784.0,targeted_search,agresión amenazas mujer Perú,93,AMENAZA_DIRECTA,consulta explícita de una categoría minoritaria,100
3HtByCaZnAw,https://www.youtube.com/watch?v=3HtByCaZnAw,"Mi mujer me denunció por Violencia intrafamiliar, y me sacaron de mi casa ¿Qué puedo hacer?",Gestión Legal,UCGbCdx7nhKuiQaO8OMEt9eA,199.0,targeted_search,agresión amenazas mujer Perú,94,AMENAZA_DIRECTA,consulta explícita de una categoría minoritaria,100
LSFUQcLeAxA,https://www.youtube.com/watch?v=LSFUQcLeAxA,Arequipa: incendian vivienda de madre de mujer fallecida en agresión,Latina Noticias,UCpSJ5fGhmAME9Kx2D3ZvN3Q,127.0,targeted_search,agresión amenazas mujer Perú,95,AMENAZA_DIRECTA,consulta explícita de una categoría minoritaria,100
wLJgZfGn7e0,https://www.youtube.com/watch?v=wLJgZfGn7e0,The criminal lawyer: Are minors criminally responsible?,LP - Pasión por el Derecho,UCDscRlCxFfuHhsJBlVvPBmA,401.0,targeted_search,agresión amenazas mujer Perú,96,AMENAZA_DIRECTA,consulta explícita de una categoría minoritaria,100
9Sx2FXNmFgk,https://www.youtube.com/watch?v=9Sx2FXNmFgk,¿Qué hacer si soy víctima de amenazas? - IUSTUM ABOGADOS SAS,Iustum Abogados,UCCFeTTL08jnLTccqJVBXfZA,129.0,targeted_search,agresión amenazas mujer Perú,97,AMENAZA_DIRECTA,consulta explícita de una categoría minoritaria,100
nA4CXWpQCPw,https://www.youtube.com/watch?v=nA4CXWpQCPw,"Bombera denuncia maltratos de su comandante con ""amenazas matonescas"" (2/2)",Buenos Días Perú,UCFnOwPrJ-Skrzk_GPNBV5tg,130.0,targeted_search,agresión amenazas mujer Perú,98,AMENAZA_DIRECTA,consulta explícita de una categoría minoritaria,100
5ZD4D0fYaxQ,https://www.youtube.com/watch?v=5ZD4D0fYaxQ,"Mujer es víctima de los ataques de su expareja: ""Va a matar a mi mamá y ella vive cerca de él""",Latina Noticias,UCpSJ5fGhmAME9Kx2D3ZvN3Q,562.0,targeted_search,agresión amenazas mujer Perú,99,AMENAZA_DIRECTA,consulta explícita de una categoría minoritaria,100
LKSgC3J2xlc,https://www.youtube.com/watch?v=LKSgC3J2xlc,Violencia contra la mujer: Entregan pulseras a mujeres que alertan cuando están en peligro,Teletrece,UCsRnhjcUCR78Q3Ud6OXCTNg,184.0,targeted_search,agresión amenazas mujer Perú,100,AMENAZA_DIRECTA,consulta explícita de una categoría minoritaria,100
0TQrlqr8bHU,https://www.youtube.com/watch?v=0TQrlqr8bHU,Callao: Man threatens his partner during a virtual hearing,TVPerú Noticias,UCkZCoc42IipR1ucqJmIehsA,116.0,targeted_search,amenaza a pareja expareja Perú,1,AMENAZA_DIRECTA,consulta explícita de una categoría minoritaria,100
lNf_cXlejSs,https://www.youtube.com/watch?v=lNf_cXlejSs,¿Qué puedo hacer si mi expareja me amenaza con difundir un video íntimo?,RPP Noticias,UC5j8-2FT0ZMMBkmK72R4aeA,1031.0,targeted_search,amenaza a pareja expareja Perú,3,AMENAZA_DIRECTA,consulta explícita de una categoría minoritaria,100
T0uQvSHZnHk,https://www.youtube.com/watch?v=T0uQvSHZnHk,San Isidro: Mujer descontrolada insulta y agrede a pareja,Latina Noticias,UCpSJ5fGhmAME9Kx2D3ZvN3Q,212.0,targeted_search,amenaza a pareja expareja Perú,4,AMENAZA_DIRECTA,consulta explícita de una categoría minoritaria,100
_VSDgFmZ1-Y,https://www.youtube.com/watch?v=_VSDgFmZ1-Y,"Acosa a su expareja hasta en plena transmisión: ""Ya son varias denuncias que he puesto""",Latina Noticias,UCpSJ5fGhmAME9Kx2D3ZvN3Q,711.0,targeted_search,amenaza a pareja expareja Perú,5,AMENAZA_DIRECTA,consulta explícita de una categoría minoritaria,100
ql3AsY38UOg,https://www.youtube.com/watch?v=ql3AsY38UOg,📹Up My People | Woman threatened by her ex-partner and now fears for her life,Latina Televisión,UC3rDtLrcgr3JS3_3JOW4BAw,876.0,targeted_search,amenaza a pareja expareja Perú,6,AMENAZA_DIRECTA,consulta explícita de una categoría minoritaria,100
gFsHeM6Gcug,https://www.youtube.com/watch?v=gFsHeM6Gcug,Joven madre denuncia 7 veces a su ex pareja por intento de feminicidio y por fin lo detienen,Latina Noticias,UCpSJ5fGhmAME9Kx2D3ZvN3Q,178.0,targeted_search,amenaza a pareja expareja Perú,7,AMENAZA_DIRECTA,consulta explícita de una categoría minoritaria,100
3pX38dsmddg,https://www.youtube.com/watch?v=3pX38dsmddg,Suboficial amenaza y corretea con una pistola a su ex pareja,Magaly TV La Firme,UCF6s3gpbZEQKqZ38VvQ0gLA,594.0,targeted_search,amenaza a pareja expareja Perú,9,AMENAZA_DIRECTA,consulta explícita de una categoría minoritaria,100
bu_F2K__61E,https://www.youtube.com/watch?v=bu_F2K__61E,Rossana vive aterrada por su expareja quien la amenaza de muerte a ella y a su familia,Nunca MAS,UCFqwxsa2Wp6Y5FkUAcGShGA,403.0,targeted_search,amenaza a pareja expareja Perú,10,AMENAZA_DIRECTA,consulta explícita de una categoría minoritaria,100
rt7NAoFEi7g,https://www.youtube.com/watch?v=rt7NAoFEi7g,Nuria vive un infierno porque su expareja la amenaza con matarla,Nunca MAS,UCFqwxsa2Wp6Y5FkUAcGShGA,452.0,targeted_search,amenaza a pareja expareja Perú,11,AMENAZA_DIRECTA,consulta explícita de una categoría minoritaria,100
CpHd3KiFwe0,https://www.youtube.com/watch?v=CpHd3KiFwe0,¿Expareja la quería muerta?: Arrastraron a una mujer muerta tras denunciar a expareja por violencia,Latina Noticias,UCpSJ5fGhmAME9Kx2D3ZvN3Q,623.0,targeted_search,amenaza a pareja expareja Perú,12,AMENAZA_DIRECTA,consulta explícita de una categoría minoritaria,100
vVDXpkpGLs0,https://www.youtube.com/watch?v=vVDXpkpGLs0,Intenta asesinar DOS VECES a su pareja cuando le dijo que estaba embarazada,Buenos Días Perú,UCFnOwPrJ-Skrzk_GPNBV5tg,241.0,targeted_search,amenaza a pareja expareja Perú,15,AMENAZA_DIRECTA,consulta explícita de una categoría minoritaria,100
3NKVn-C33e4,https://www.youtube.com/watch?v=3NKVn-C33e4,"""Si no es para mí, no es para nadie"": La secuestra y asesina al padre de los hijos de su expareja",Latina Noticias,UCpSJ5fGhmAME9Kx2D3ZvN3Q,659.0,targeted_search,amenaza a pareja expareja Perú,16,AMENAZA_DIRECTA,consulta explícita de una categoría minoritaria,100
IglCHXmruFU,https://www.youtube.com/watch?v=IglCHXmruFU,"Rossana, quien denunció a su expareja por amenazarla de muerte, logró encontrar justicia",Nunca MAS,UCFqwxsa2Wp6Y5FkUAcGShGA,253.0,targeted_search,amenaza a pareja expareja Perú,18,AMENAZA_DIRECTA,consulta explícita de una categoría minoritaria,100
CO-hN-mgb5s,https://www.youtube.com/watch?v=CO-hN-mgb5s,Venezolano amenaza a expareja y le pide que le devuelva sus regalos,Buenos Días Perú,UCFnOwPrJ-Skrzk_GPNBV5tg,497.0,targeted_search,amenaza a pareja expareja Perú,19,AMENAZA_DIRECTA,consulta explícita de una categoría minoritaria,100
PpXRfyP46hQ,https://www.youtube.com/watch?v=PpXRfyP46hQ,Con videos íntimos mujer es extorsionada por su expareja,Buenos Días Perú,UCFnOwPrJ-Skrzk_GPNBV5tg,913.0,targeted_search,amenaza a pareja expareja Perú,20,AMENAZA_DIRECTA,consulta explícita de una categoría minoritaria,100
GabditnPkVs,https://www.youtube.com/watch?v=GabditnPkVs,Hombre apuñala y asesina a su esposa Tiktoker - N+,NMás,UCUsm-fannqOY02PNN67C0KA,50.0,targeted_search,amenaza a pareja expareja Perú,21,AMENAZA_DIRECTA,consulta explícita de una categoría minoritaria,100
kiO_qzU72Zs,https://www.youtube.com/watch?v=kiO_qzU72Zs,"Mujer pide ayuda ante amenazas via Internet de su ex pareja, en Piura",enlacenacional,UC_Zpz_cv69p4oL0hDEJz4IA,131.0,targeted_search,amenaza a pareja expareja Perú,22,AMENAZA_DIRECTA,consulta explícita de una categoría minoritaria,100
Bgd5AZlq0RA,https://www.youtube.com/watch?v=Bgd5AZlq0RA,Hombre desquiciado persigue a expareja ante la cámara de Nunca Más,Nunca MAS,UCFqwxsa2Wp6Y5FkUAcGShGA,561.0,targeted_search,amenaza a pareja expareja Perú,23,AMENAZA_DIRECTA,consulta explícita de una categoría minoritaria,100
Qa_L0frq7yk,https://www.youtube.com/watch?v=Qa_L0frq7yk,Nunca Más: Programa del 9 de febrero 2020,Nunca MAS,UCFqwxsa2Wp6Y5FkUAcGShGA,4111.0,targeted_search,amenaza a pareja expareja Perú,24,AMENAZA_DIRECTA,consulta explícita de una categoría minoritaria,100
e4G_i3zmrPk,https://www.youtube.com/watch?v=e4G_i3zmrPk,SMP: Man attacks his ex-partner's sisters after not finding her,Panamericana Televisión,UCngb4rxO4iUE6BrIs29WXwA,1518.0,targeted_search,amenaza a pareja expareja Perú,26,AMENAZA_DIRECTA,consulta explícita de una categoría minoritaria,100
Kj2_Y78Zsaw,https://www.youtube.com/watch?v=Kj2_Y78Zsaw,Joven denuncia agresión de su pareja: la golpeó porque no respondió mensajes de texto,Buenos Días Perú,UCFnOwPrJ-Skrzk_GPNBV5tg,240.0,targeted_search,amenaza a pareja expareja Perú,27,AMENAZA_DIRECTA,consulta explícita de una categoría minoritaria,100
1sroVgNDRpo,https://www.youtube.com/watch?v=1sroVgNDRpo,Mujer denuncia que la prima de su expareja la acosa desde hace 7 años,Buenos Días Perú,UCFnOwPrJ-Skrzk_GPNBV5tg,384.0,targeted_search,amenaza a pareja expareja Perú,28,AMENAZA_DIRECTA,consulta explícita de una categoría minoritaria,100
WU0WOdr9gVg,https://www.youtube.com/watch?v=WU0WOdr9gVg,Es extorsionada por expareja con difundir videos íntimos y en comisaría no quieren atenderla,Buenos Días Perú,UCFnOwPrJ-Skrzk_GPNBV5tg,168.0,targeted_search,amenaza a pareja expareja Perú,29,AMENAZA_DIRECTA,consulta explícita de una categoría minoritaria,100
YYLNhlUkARs,https://www.youtube.com/watch?v=YYLNhlUkARs,"🔴🔵 Coronel Revoredo responde a amenazas de Wanda del Valle, expareja de 'Maldito Cris'",Exitosa Noticias,UCxgO_rak_BKZP8VNVmYqbWg,755.0,targeted_search,amenaza a pareja expareja Perú,30,AMENAZA_DIRECTA,consulta explícita de una categoría minoritaria,100
3AHINQ3YPRM,https://www.youtube.com/watch?v=3AHINQ3YPRM,Delincuentes amenazan de muerte a pareja en Cercado de Lima,Latina Noticias,UCpSJ5fGhmAME9Kx2D3ZvN3Q,200.0,targeted_search,amenaza a pareja expareja Perú,31,AMENAZA_DIRECTA,consulta explícita de una categoría minoritaria,100
5evU_i5cg7E,https://www.youtube.com/watch?v=5evU_i5cg7E,¡Intento de feminicidio! Sujeto que disparó contra la casa de su expareja estuvo preso por 14 años,Buenos Días Perú,UCFnOwPrJ-Skrzk_GPNBV5tg,169.0,targeted_search,amenaza a pareja expareja Perú,32,AMENAZA_DIRECTA,consulta explícita de una categoría minoritaria,100
C6S99pnMsho,https://www.youtube.com/watch?v=C6S99pnMsho,Mujer confronta a expareja y éste es captado acosándola,Nunca MAS,UCFqwxsa2Wp6Y5FkUAcGShGA,513.0,targeted_search,amenaza a pareja expareja Perú,33,AMENAZA_DIRECTA,consulta explícita de una categoría minoritaria,100
u7VICVwi6hU,https://www.youtube.com/watch?v=u7VICVwi6hU,Sujeto amenaza con explosivo a expareja para que deje negocio,Cosmos Televisión,UC_ept7M1UXlCfvcUrK49Ziw,112.0,targeted_search,amenaza a pareja expareja Perú,34,AMENAZA_DIRECTA,consulta explícita de una categoría minoritaria,100
s2TUAeHGEuU,https://www.youtube.com/watch?v=s2TUAeHGEuU,Huacho: Obrero estrangula y entierra a su expareja,ATV Noticias,UCYG5uXS3xdsoaXIxum1pAEw,96.0,targeted_search,amenaza a pareja expareja Perú,35,AMENAZA_DIRECTA,consulta explícita de una categoría minoritaria,100
SV1ZPC9W9I0,https://www.youtube.com/watch?v=SV1ZPC9W9I0,Huaycán: joven acusa a expareja de intentar matarla prendiendo fuego a su vivienda,24 Horas,UCsakKsRww3J7pM6DavkrAIQ,162.0,targeted_search,amenaza a pareja expareja Perú,36,AMENAZA_DIRECTA,consulta explícita de una categoría minoritaria,100
liRNBvAEsXA,https://www.youtube.com/watch?v=liRNBvAEsXA,"'Viuda Negra' contrató sicarios para asesinar a su pareja por dinero: ""Mi papá estaba con el diablo""",Latina Noticias,UCpSJ5fGhmAME9Kx2D3ZvN3Q,739.0,targeted_search,amenaza a pareja expareja Perú,37,AMENAZA_DIRECTA,consulta explícita de una categoría minoritaria,100
YTkKy8VAf6U,https://www.youtube.com/watch?v=YTkKy8VAf6U,Ate: detienen a sujeto acusado de extorsionar a su expareja con video íntimo,Buenos Días Perú,UCFnOwPrJ-Skrzk_GPNBV5tg,97.0,targeted_search,amenaza a pareja expareja Perú,38,AMENAZA_DIRECTA,consulta explícita de una categoría minoritaria,100
-YkT1eq53o0,https://www.youtube.com/watch?v=-YkT1eq53o0,Cieneguilla: Woman reports that her ex-partner is harassing her and wants to kill her,ATV Noticias,UCYG5uXS3xdsoaXIxum1pAEw,1290.0,targeted_search,amenaza a pareja expareja Perú,39,AMENAZA_DIRECTA,consulta explícita de una categoría minoritaria,100
jiu6-eNYFgQ,https://www.youtube.com/watch?v=jiu6-eNYFgQ,Comas: sujeto que amenazó de muerte a su expareja y sus hijos fue puesto en libertad,24 Horas,UCsakKsRww3J7pM6DavkrAIQ,130.0,targeted_search,amenaza a pareja expareja Perú,40,AMENAZA_DIRECTA,consulta explícita de una categoría minoritaria,100
7Uq48WrM3IQ,https://www.youtube.com/watch?v=7Uq48WrM3IQ,"Businessman tortured by ""Los Pulpos"" accuses his ex-partner of being the mastermind behind his ki...",Buenos Días Perú,UCFnOwPrJ-Skrzk_GPNBV5tg,832.0,targeted_search,amenaza a pareja expareja Perú,41,AMENAZA_DIRECTA,consulta explícita de una categoría minoritaria,100
_uXic8QesBc,https://www.youtube.com/watch?v=_uXic8QesBc,"Ya la venía amenazando desde antes: Sujeto mata a expareja, huye y se dispara frente a policía",Latina Noticias,UCpSJ5fGhmAME9Kx2D3ZvN3Q,739.0,targeted_search,amenaza a pareja expareja Perú,42,AMENAZA_DIRECTA,consulta explícita de una categoría minoritaria,100
OTEmcDm7vIQ,https://www.youtube.com/watch?v=OTEmcDm7vIQ,Ex-partner of ATV journalist who threatened to kill her disappears and EsSalud washes its hands o...,ATV Noticias,UCYG5uXS3xdsoaXIxum1pAEw,1660.0,targeted_search,amenaza a pareja expareja Perú,44,AMENAZA_DIRECTA,consulta explícita de una categoría minoritaria,100
g60NiaRacfA,https://www.youtube.com/watch?v=g60NiaRacfA,Mujer pide ayuda  a las autoridades ante amenazas de su ex pareja,CDN 37,UCpFfLf9o4wJr-yr7dG8gYug,78.0,targeted_search,amenaza a pareja expareja Perú,45,AMENAZA_DIRECTA,consulta explícita de una categoría minoritaria,100
P2YaPSVxF0Y,https://www.youtube.com/watch?v=P2YaPSVxF0Y,Mujer sufre terrible agresión por parte de su expareja,Latina Noticias,UCpSJ5fGhmAME9Kx2D3ZvN3Q,148.0,targeted_search,amenaza a pareja expareja Perú,46,AMENAZA_DIRECTA,consulta explícita de una categoría minoritaria,100
t0B-LePpiH0,https://www.youtube.com/watch?v=t0B-LePpiH0,Mujer fue brutalmente atacada por su expareja y lo acusa de violentarla durante 9 años,Buenos Días Perú,UCFnOwPrJ-Skrzk_GPNBV5tg,327.0,targeted_search,amenaza a pareja expareja Perú,48,AMENAZA_DIRECTA,consulta explícita de una categoría minoritaria,100
XnDqTkPR5q4,https://www.youtube.com/watch?v=XnDqTkPR5q4,"Mujer asesinó a expareja que trató de matarla: ""Ella se salvó de milagro""",Latina Noticias,UCpSJ5fGhmAME9Kx2D3ZvN3Q,284.0,targeted_search,amenaza a pareja expareja Perú,49,AMENAZA_DIRECTA,consulta explícita de una categoría minoritaria,100
1th8Ey8GtpY,https://www.youtube.com/watch?v=1th8Ey8GtpY,Comas: hombre intentó asesinar a su expareja con el pico de una botella,24 Horas,UCsakKsRww3J7pM6DavkrAIQ,155.0,targeted_search,amenaza a pareja expareja Perú,50,AMENAZA_DIRECTA,consulta explícita de una categoría minoritaria,100
LP9NHqybZXQ,https://www.youtube.com/watch?v=LP9NHqybZXQ,"Never Again: October 31, 2021 Program",Nunca MAS,UCFqwxsa2Wp6Y5FkUAcGShGA,4146.0,targeted_search,amenaza a pareja expareja Perú,51,AMENAZA_DIRECTA,consulta explícita de una categoría minoritaria,100
EJtZVMmi-hQ,https://www.youtube.com/watch?v=EJtZVMmi-hQ,Mujer fue víctima de violencia por cuenta de su expareja,EL TIEMPO,UCe5-b0fCK3eQCpwS6MT0aNw,154.0,targeted_search,amenaza a pareja expareja Perú,52,AMENAZA_DIRECTA,consulta explícita de una categoría minoritaria,100
khQkhvSWVnE,https://www.youtube.com/watch?v=khQkhvSWVnE,Mujer víctima de expareja: 'Me dice que me va a cortar la cabeza',Nunca MAS,UCFqwxsa2Wp6Y5FkUAcGShGA,922.0,targeted_search,amenaza a pareja expareja Perú,53,AMENAZA_DIRECTA,consulta explícita de una categoría minoritaria,100
K528BLkktSE,https://www.youtube.com/watch?v=K528BLkktSE,"Hombre denuncia que su ex pareja lo amenaza de muerte, mira lo que el dice",Luna TV Canal 25,UCGwWOxK_ieUU-vsKvvbl4fw,141.0,targeted_search,amenaza a pareja expareja Perú,54,AMENAZA_DIRECTA,consulta explícita de una categoría minoritaria,100
Sz57x-GHIz0,https://www.youtube.com/watch?v=Sz57x-GHIz0,Su ex pareja la golpeó y amenazó con secuestrarla,eltresTV,UCW1sJwBOGgPhSPXJ-6pjF6w,311.0,targeted_search,amenaza a pareja expareja Perú,55,AMENAZA_DIRECTA,consulta explícita de una categoría minoritaria,100
ocEUljPZEgI,https://www.youtube.com/watch?v=ocEUljPZEgI,La tensa confrontación a mujer obsesionada con expareja,Nunca MAS,UCFqwxsa2Wp6Y5FkUAcGShGA,620.0,targeted_search,amenaza a pareja expareja Perú,57,AMENAZA_DIRECTA,consulta explícita de una categoría minoritaria,100
sDhbniXwAys,https://www.youtube.com/watch?v=sDhbniXwAys,Padrastro viola a hijas de su pareja y amenaza para evitar denuncia,Latina Noticias,UCpSJ5fGhmAME9Kx2D3ZvN3Q,798.0,targeted_search,amenaza a pareja expareja Perú,58,AMENAZA_DIRECTA,consulta explícita de una categoría minoritaria,100
XlFtsIaR05I,https://www.youtube.com/watch?v=XlFtsIaR05I,Ex-partner of Maldito Cris is wanted in more than 190 countries | Domingo al Día | Peru,América Noticias,UCPhm2I2wk4vqjENwhn3px8A,711.0,targeted_search,amenaza a pareja expareja Perú,60,AMENAZA_DIRECTA,consulta explícita de una categoría minoritaria,100
WVDq_HQaJN4,https://www.youtube.com/watch?v=WVDq_HQaJN4,Se enteró que su pareja estaba embarazada y la amenazó de muerte por negarse a abortar,Buenos Días Perú,UCFnOwPrJ-Skrzk_GPNBV5tg,524.0,targeted_search,amenaza a pareja expareja Perú,61,AMENAZA_DIRECTA,consulta explícita de una categoría minoritaria,100
aD4P3G-4lDU,https://www.youtube.com/watch?v=aD4P3G-4lDU,La justicia esquiva para una familia que denunció abusos sexuales y amenazas contra una adolescente,DÍA D,UCmrzeYkbupPuvrXH8roR__w,984.0,targeted_search,amenaza a pareja expareja Perú,62,AMENAZA_DIRECTA,consulta explícita de una categoría minoritaria,100
Lyj6ABtOOIc,https://www.youtube.com/watch?v=Lyj6ABtOOIc,Suboficial dejó de acosar a mujer tras aparición en 'Nunca Más',Nunca MAS,UCFqwxsa2Wp6Y5FkUAcGShGA,1537.0,targeted_search,amenaza a pareja expareja Perú,63,AMENAZA_DIRECTA,consulta explícita de una categoría minoritaria,100
Vuage0bSObM,https://www.youtube.com/watch?v=Vuage0bSObM,The girlfriend of the leader of “Los Pulpos” speaks out,Panorama,UCBiq92lt_ufNO-ktZigVXgg,932.0,targeted_search,amenaza a pareja expareja Perú,64,AMENAZA_DIRECTA,consulta explícita de una categoría minoritaria,100
way0btql7cw,https://www.youtube.com/watch?v=way0btql7cw,Policía reduce a agresor que buscaba electrocutar a su expareja,TVPerú Noticias,UCkZCoc42IipR1ucqJmIehsA,187.0,targeted_search,amenaza a pareja expareja Perú,65,AMENAZA_DIRECTA,consulta explícita de una categoría minoritaria,100
lMfaEXUvPbY,https://www.youtube.com/watch?v=lMfaEXUvPbY,Mujer es extorsionada por su ex pareja con el uso de videos íntimos,Al Día Tu Día,UChxBpKPtcx36tnNgCxUPEYQ,667.0,targeted_search,amenaza a pareja expareja Perú,67,AMENAZA_DIRECTA,consulta explícita de una categoría minoritaria,100
TdNZBK7v6W0,https://www.youtube.com/watch?v=TdNZBK7v6W0,Hombre agrede brutalmente a expareja frente a sus hijos,Nunca MAS,UCFqwxsa2Wp6Y5FkUAcGShGA,559.0,targeted_search,amenaza a pareja expareja Perú,68,AMENAZA_DIRECTA,consulta explícita de una categoría minoritaria,100
q02s0b0bHvs,https://www.youtube.com/watch?v=q02s0b0bHvs,Joven acosada y amenazada por su ex,Panorama Play,UCg1eZDppU-NZ5zISl4xIe0w,131.0,targeted_search,amenaza a pareja expareja Perú,69,AMENAZA_DIRECTA,consulta explícita de una categoría minoritaria,100
N_ly1nD6Jx4,https://www.youtube.com/watch?v=N_ly1nD6Jx4,Expareja de Mirella Paz habría sido detenido por robo,Magaly TV La Firme,UCF6s3gpbZEQKqZ38VvQ0gLA,122.0,targeted_search,amenaza a pareja expareja Perú,70,AMENAZA_DIRECTA,consulta explícita de una categoría minoritaria,100
2lFi8IT2evY,https://www.youtube.com/watch?v=2lFi8IT2evY,Mujer acusa a su expareja de matar a su conviviente que trabajaba como mototaxista,El Dominical de Panamericana,UCMfcN0OV7d61cWPLYm5qHpw,151.0,targeted_search,amenaza a pareja expareja Perú,72,AMENAZA_DIRECTA,consulta explícita de una categoría minoritaria,100
55E4IyDVHzQ,https://www.youtube.com/watch?v=55E4IyDVHzQ,"Defamation, Slander, Libel: Crimes Against Honor. How to File a Complaint. #italcorp",Italcorp,UCy3ZPoqXrSMZVnkDE_jHy0A,342.0,targeted_search,amenaza a pareja expareja Perú,73,AMENAZA_DIRECTA,consulta explícita de una categoría minoritaria,100
cGd740iw4AM,https://www.youtube.com/watch?v=cGd740iw4AM,"Colonel Víctor Revoredo responds to Wanda's threats: ""Either you straighten up or prison awaits you""",ATV Noticias,UCYG5uXS3xdsoaXIxum1pAEw,419.0,targeted_search,amenaza a pareja expareja Perú,74,AMENAZA_DIRECTA,consulta explícita de una categoría minoritaria,100
ZbzZ2VGZCsU,https://www.youtube.com/watch?v=ZbzZ2VGZCsU,Mujer denuncia a ex pareja por difusión de videos íntimos | 24 Horas TVN Chile,24 Horas - TVN Chile,UCTXNz3gjAypWp3EhlIATEJQ,235.0,targeted_search,amenaza a pareja expareja Perú,75,AMENAZA_DIRECTA,consulta explícita de una categoría minoritaria,100
LJ129nE0PgA,https://www.youtube.com/watch?v=LJ129nE0PgA,Policía asesina a tiros a su pareja en Colombia y después toma drástica decisión,Al Rojo Vivo,UCDUxOvbwu1bnyD7AucP0ESw,41.0,targeted_search,amenaza a pareja expareja Perú,76,AMENAZA_DIRECTA,consulta explícita de una categoría minoritaria,100
EJ5J1B4EQcI,https://www.youtube.com/watch?v=EJ5J1B4EQcI,"#NIUNOMENOS (denuncias falsas, amenazas y otros casos)",PERÚ BICENTENARIO,UCTb8vpwlkXSDVCKhohPEQMA,171.0,targeted_search,amenaza a pareja expareja Perú,77,AMENAZA_DIRECTA,consulta explícita de una categoría minoritaria,100
LvmYNnvpSkE,https://www.youtube.com/watch?v=LvmYNnvpSkE,Madre de dos niños es amenazada con explosivos por su expareja en Comas,Latina Noticias,UCpSJ5fGhmAME9Kx2D3ZvN3Q,546.0,targeted_search,amenaza a pareja expareja Perú,78,AMENAZA_DIRECTA,consulta explícita de una categoría minoritaria,100
X-jmz_3FPlw,https://www.youtube.com/watch?v=X-jmz_3FPlw,5 Cosas Que Debes Hacer Si Te Han Denunciado 👮,TRAMITEX Abogados de Extranjería,UCm7rsFxGJsNV-99aNF_fFMQ,1043.0,targeted_search,amenaza a pareja expareja Perú,81,AMENAZA_DIRECTA,consulta explícita de una categoría minoritaria,100
d5XUgo-h1Eo,https://www.youtube.com/watch?v=d5XUgo-h1Eo,Man arrested for extorting his partner with intimate videos | First Edition (TODAY),América Noticias,UCPhm2I2wk4vqjENwhn3px8A,148.0,targeted_search,amenaza a pareja expareja Perú,82,AMENAZA_DIRECTA,consulta explícita de una categoría minoritaria,100
I0zlnfrw6WE,https://www.youtube.com/watch?v=I0zlnfrw6WE,Cae feminicida que huyó llevándose a su hijo de 1 año tras el crimen,Buenos Días Perú,UCFnOwPrJ-Skrzk_GPNBV5tg,99.0,targeted_search,amenaza a pareja expareja Perú,84,AMENAZA_DIRECTA,consulta explícita de una categoría minoritaria,100
dQnKskXKgGE,https://www.youtube.com/watch?v=dQnKskXKgGE,"Mujer, acosada por su expareja que había salido de la cárcel | El Tiempo",EL TIEMPO,UCe5-b0fCK3eQCpwS6MT0aNw,258.0,targeted_search,amenaza a pareja expareja Perú,85,AMENAZA_DIRECTA,consulta explícita de una categoría minoritaria,100
WIVaFFnvX5k,https://www.youtube.com/watch?v=WIVaFFnvX5k,Amenaza de muerte a su exnovia y a su familia,El Tribuno de Jujuy,UCMywWPYWcnMqkgIOdyeYgyA,31.0,targeted_search,amenaza a pareja expareja Perú,86,AMENAZA_DIRECTA,consulta explícita de una categoría minoritaria,100
KWqXgGLi300,https://www.youtube.com/watch?v=KWqXgGLi300,First Edition: Woman beaten by her ex-partner reports being threatened,América Noticias,UCPhm2I2wk4vqjENwhn3px8A,589.0,targeted_search,amenaza a pareja expareja Perú,87,AMENAZA_DIRECTA,consulta explícita de una categoría minoritaria,100
555GeEfdXWI,https://www.youtube.com/watch?v=555GeEfdXWI,ORDEN DE RESTRICCIÓN EN FAVOR DE LA VÍCTIMA DE VIOLENCIA,Divorcio Express Jalisco,UC4QHFiQmLICicxjzKEtsh2w,53.0,targeted_search,amenaza a pareja expareja Perú,88,AMENAZA_DIRECTA,consulta explícita de una categoría minoritaria,100
O7R70IBtytE,https://www.youtube.com/watch?v=O7R70IBtytE,Familia es amenazada de muerte por entregar videos de cámaras de vigilancias a la policía,Latina Noticias,UCpSJ5fGhmAME9Kx2D3ZvN3Q,110.0,targeted_search,amenaza a pareja expareja Perú,89,AMENAZA_DIRECTA,consulta explícita de una categoría minoritaria,100
oaQJnvIyAXI,https://www.youtube.com/watch?v=oaQJnvIyAXI,"🔴🔵Trujillo: Asesinan con hacha a mujer y familiares acusan a la expareja, quien la habría amenazado",Exitosa Noticias,UCxgO_rak_BKZP8VNVmYqbWg,312.0,targeted_search,amenaza a pareja expareja Perú,90,AMENAZA_DIRECTA,consulta explícita de una categoría minoritaria,100
xectUg7M55k,https://www.youtube.com/watch?v=xectUg7M55k,Sujeto dispara a la casa de su expareja porque ella le terminó la relación,ATV Noticias,UCYG5uXS3xdsoaXIxum1pAEw,746.0,targeted_search,amenaza a pareja expareja Perú,91,AMENAZA_DIRECTA,consulta explícita de una categoría minoritaria,100
QXFUu08edIc,https://www.youtube.com/watch?v=QXFUu08edIc,📹Arriba Mi Gente| Mujer amenazada por su ex pareja no quiere ir a un albergue,Latina Televisión,UC3rDtLrcgr3JS3_3JOW4BAw,783.0,targeted_search,amenaza a pareja expareja Perú,92,AMENAZA_DIRECTA,consulta explícita de una categoría minoritaria,100
KDExgpKIvUs,https://www.youtube.com/watch?v=KDExgpKIvUs,"Mujer pidió ayuda en redes sociales por amenazas de ex marido: ""No me quiero morir""",soychile.cl,UCgdR3Pu841mgmiIiS2ocTjw,34.0,targeted_search,amenaza a pareja expareja Perú,93,AMENAZA_DIRECTA,consulta explícita de una categoría minoritaria,100
D5KVvsYGbDg,https://www.youtube.com/watch?v=D5KVvsYGbDg,Pareja de 'Maldito Cris' jura venganza por muerte de delincuente y amenaza a policías,ATV Noticias,UCYG5uXS3xdsoaXIxum1pAEw,614.0,targeted_search,amenaza a pareja expareja Perú,94,AMENAZA_DIRECTA,consulta explícita de una categoría minoritaria,100
0KmaDySifU4,https://www.youtube.com/watch?v=0KmaDySifU4,Hombre denuncia que fue engañado y atacado por su ex pareja,Telenueve,UC2Q91pxDF0BPf0eK44pgYMw,529.0,targeted_search,amenaza a pareja expareja Perú,95,AMENAZA_DIRECTA,consulta explícita de una categoría minoritaria,100
1UHMsRtuQZY,https://www.youtube.com/watch?v=1UHMsRtuQZY,"Amor y Fuego - JUN 16 - THALÍA BENTÍN, DIEGO CHÁVARRI'S EX, ACCUSES HIM OF CHEATING | Willax",Willax Televisión,UCort3mldTtMErPqprSlSfng,141.0,targeted_search,amenaza a pareja expareja Perú,96,AMENAZA_DIRECTA,consulta explícita de una categoría minoritaria,100
K4HL9R_hlV4,https://www.youtube.com/watch?v=K4HL9R_hlV4,"🚨Wanda del Valle, expareja de 'Maldito Cris', admite que ordenó asesinato de coronel PNP | #LR",La República - LR+,UC-B7Xv56uNRDkj0vC3QW8Cg,118.0,targeted_search,amenaza a pareja expareja Perú,97,AMENAZA_DIRECTA,consulta explícita de una categoría minoritaria,100
Ks6D3DCRREE,https://www.youtube.com/watch?v=Ks6D3DCRREE,What happens if my partner DOES NOT WANT A DIVORCE? | Jimmy Jiménez | Family Lawyers,Jimmy Jimenez Tu Abogado | INTEGRITY LEGAL,UCI24IfTNKn3IoxoRK_l0DCg,217.0,targeted_search,amenaza a pareja expareja Perú,98,AMENAZA_DIRECTA,consulta explícita de una categoría minoritaria,100
xQPNHJzMmYc,https://www.youtube.com/watch?v=xQPNHJzMmYc,"Fiscalía inicia investigación contra ""Wanda"" por amenaza de muerte a coronel PNP",ATV Noticias,UCYG5uXS3xdsoaXIxum1pAEw,79.0,targeted_search,amenaza a pareja expareja Perú,99,AMENAZA_DIRECTA,consulta explícita de una categoría minoritaria,100
_8hswecWBGM,https://www.youtube.com/watch?v=_8hswecWBGM,América Noticias: Mujer encontrada muerta Chorrillos recibía amenazas de su prima,América Noticias,UCPhm2I2wk4vqjENwhn3px8A,314.0,targeted_search,amenaza a pareja expareja Perú,100,AMENAZA_DIRECTA,consulta explícita de una categoría minoritaria,100
yo277La4DbM,https://www.youtube.com/watch?v=yo277La4DbM,Extortionist caught while charging garage owner a fee | Primera Edición | News Peru,América Noticias,UCPhm2I2wk4vqjENwhn3px8A,168.0,targeted_search,amenaza cobrador de cupos Perú,1,AMENAZA_DIRECTA,consulta explícita de una categoría minoritaria,100
OqxpmfiQ6KQ,https://www.youtube.com/watch?v=OqxpmfiQ6KQ,Así cayeron dos sujetos dedicados al préstamo 'gota a gota': Este es el audio amenazante,Latina Noticias,UCpSJ5fGhmAME9Kx2D3ZvN3Q,200.0,targeted_search,amenaza cobrador de cupos Perú,2,AMENAZA_DIRECTA,consulta explícita de una categoría minoritaria,100
1Ac0iLAycIg,https://www.youtube.com/watch?v=1Ac0iLAycIg,"Guerra de bandas criminales por cobro de cupos en transporte público: ""Se van a morir todos""",Latina Noticias,UCpSJ5fGhmAME9Kx2D3ZvN3Q,736.0,targeted_search,amenaza cobrador de cupos Perú,5,AMENAZA_DIRECTA,consulta explícita de una categoría minoritaria,100
qy_1rv9OlkQ,https://www.youtube.com/watch?v=qy_1rv9OlkQ,VES: asesinan a cobrador de empresa avícola en presunta venganza por cobro de cupos (2/2),Buenos Días Perú,UCFnOwPrJ-Skrzk_GPNBV5tg,184.0,targeted_search,amenaza cobrador de cupos Perú,6,AMENAZA_DIRECTA,consulta explícita de una categoría minoritaria,100
5ejmlFa4eZM,https://www.youtube.com/watch?v=5ejmlFa4eZM,VES: asesinan a cobrador de empresa avícola en presunta venganza por cobro de cupos (1/2),Buenos Días Perú,UCFnOwPrJ-Skrzk_GPNBV5tg,375.0,targeted_search,amenaza cobrador de cupos Perú,7,AMENAZA_DIRECTA,consulta explícita de una categoría minoritaria,100
2b5-WFICqqo,https://www.youtube.com/watch?v=2b5-WFICqqo,¡Guerra por cupos! Transportistas de la línea 73 son amenazados por otra banda de extorsionadores,QUE HAY DE NUEVO PERU,UCRl1-oM_NM-BtCEyTFd-aRA,155.0,targeted_search,amenaza cobrador de cupos Perú,8,AMENAZA_DIRECTA,consulta explícita de una categoría minoritaria,100
3VG1lH1Ckek,https://www.youtube.com/watch?v=3VG1lH1Ckek,Caen extorsionadores que pedían cupo de S/10 a librería recién inaugurada,ATV Noticias,UCYG5uXS3xdsoaXIxum1pAEw,100.0,targeted_search,amenaza cobrador de cupos Perú,9,AMENAZA_DIRECTA,consulta explícita de una categoría minoritaria,100
4DCDop6qZgI,https://www.youtube.com/watch?v=4DCDop6qZgI,Cae extorsionador que amenazaba a anciana para cobrar cupo de S/20 diario,ATV Noticias,UCYG5uXS3xdsoaXIxum1pAEw,175.0,targeted_search,amenaza cobrador de cupos Perú,10,AMENAZA_DIRECTA,consulta explícita de una categoría minoritaria,100
tJd4ZpWipNg,https://www.youtube.com/watch?v=tJd4ZpWipNg,¡De armas tomar! Jonathan Maicelo se ve envuelto en pelea callejera al defender a su alumno,Magaly TV La Firme,UCF6s3gpbZEQKqZ38VvQ0gLA,128.0,targeted_search,amenaza cobrador de cupos Perú,11,AMENAZA_DIRECTA,consulta explícita de una categoría minoritaria,100
ufYRqVozg0c,https://www.youtube.com/watch?v=ufYRqVozg0c,BRAWL IN CHABUCA - EDWIN AURORA CONFRONTS ALLEGED TAX COLLECTOR!!,Hay Nos Vidrios,UCvPmk2Kxw-DpSTo5FoVTXLA,303.0,targeted_search,amenaza cobrador de cupos Perú,12,AMENAZA_DIRECTA,consulta explícita de una categoría minoritaria,100
tpGh9PR6QcQ,https://www.youtube.com/watch?v=tpGh9PR6QcQ,Military officer puts traffic cop in his place after he disrespects him,OkPerú,UCdkw24RWDiKsy0Y9Z1Ut2ww,228.0,targeted_search,amenaza cobrador de cupos Perú,13,AMENAZA_DIRECTA,consulta explícita de una categoría minoritaria,100
YbvgguFWAKM,https://www.youtube.com/watch?v=YbvgguFWAKM,Cayó peligrosa banda “Los vagos de SMP” por cobrar cupos a obreros,El Dominical de Panamericana,UCMfcN0OV7d61cWPLYm5qHpw,151.0,targeted_search,amenaza cobrador de cupos Perú,14,AMENAZA_DIRECTA,consulta explícita de una categoría minoritaria,100
MSHxppLJsW0,https://www.youtube.com/watch?v=MSHxppLJsW0,Policía capturó a una pareja que cobraba cupos a vendedores ambulantes en Gamarra,TVPerú Noticias,UCkZCoc42IipR1ucqJmIehsA,603.0,targeted_search,amenaza cobrador de cupos Perú,16,AMENAZA_DIRECTA,consulta explícita de una categoría minoritaria,100
13BeeMFU5Ng,https://www.youtube.com/watch?v=13BeeMFU5Ng,Pasajeros de bus encaran a extorsionador que pedía cupo a chofer,ATV Noticias,UCYG5uXS3xdsoaXIxum1pAEw,134.0,targeted_search,amenaza cobrador de cupos Perú,17,AMENAZA_DIRECTA,consulta explícita de una categoría minoritaria,100
COrCKqhy0DQ,https://www.youtube.com/watch?v=COrCKqhy0DQ,¡Pagan 300 mil soles en cupos para sobrevivir! Más de 20 choferes asesinados por extorsionadores,Latina Noticias,UCpSJ5fGhmAME9Kx2D3ZvN3Q,791.0,targeted_search,amenaza cobrador de cupos Perú,18,AMENAZA_DIRECTA,consulta explícita de una categoría minoritaria,100
I-aL_qhub10,https://www.youtube.com/watch?v=I-aL_qhub10,"""Los Rojitos"" company: demands release of driver and fare collector accused of extortion",24 Horas,UCsakKsRww3J7pM6DavkrAIQ,272.0,targeted_search,amenaza cobrador de cupos Perú,19,AMENAZA_DIRECTA,consulta explícita de una categoría minoritaria,100
6d9lQ4hnyA0,https://www.youtube.com/watch?v=6d9lQ4hnyA0,Capturan a cobrador de cupos para el terrorismo en Tingo María,enlacenacional,UC_Zpz_cv69p4oL0hDEJz4IA,108.0,targeted_search,amenaza cobrador de cupos Perú,20,AMENAZA_DIRECTA,consulta explícita de una categoría minoritaria,100
rbJECmFcZLM,https://www.youtube.com/watch?v=rbJECmFcZLM,Sicarios implicados en el asesinato de familia en San Miguel no se arrepienten,Latina Noticias,UCpSJ5fGhmAME9Kx2D3ZvN3Q,34.0,targeted_search,amenaza cobrador de cupos Perú,21,AMENAZA_DIRECTA,consulta explícita de una categoría minoritaria,100
BZ9r1QPcZkQ,https://www.youtube.com/watch?v=BZ9r1QPcZkQ,Mafias de cobro de cupos imperan en Lima Norte: denuncian aumento de extorsión a mototaxistas,El Dominical de Panamericana,UCMfcN0OV7d61cWPLYm5qHpw,202.0,targeted_search,amenaza cobrador de cupos Perú,22,AMENAZA_DIRECTA,consulta explícita de una categoría minoritaria,100
5ifqblqdcXk,https://www.youtube.com/watch?v=5ifqblqdcXk,Cercado de Lima: trabajadoras sexuales capturan a presunto cobrador de cupos,TVPerú Noticias,UCkZCoc42IipR1ucqJmIehsA,302.0,targeted_search,amenaza cobrador de cupos Perú,23,AMENAZA_DIRECTA,consulta explícita de una categoría minoritaria,100
By2PXf7Un0Y,https://www.youtube.com/watch?v=By2PXf7Un0Y,The extortionists have been caught! They were posing as a driver and fare collector in Ventanilla.,Radio Nacional,UCVW7J-lF26d3G3X8i2zmKow,192.0,targeted_search,amenaza cobrador de cupos Perú,24,AMENAZA_DIRECTA,consulta explícita de una categoría minoritaria,100
QkeYKwRsJMM,https://www.youtube.com/watch?v=QkeYKwRsJMM,Extorsionan a hombre con 30 mil soles tras pedir préstamo mediante aplicativo,Latina Noticias,UCpSJ5fGhmAME9Kx2D3ZvN3Q,188.0,targeted_search,amenaza cobrador de cupos Perú,25,AMENAZA_DIRECTA,consulta explícita de una categoría minoritaria,100
xWFNGqnWh-s,https://www.youtube.com/watch?v=xWFNGqnWh-s,Police intimidate CIVILIAN without knowing he was a POLICE COMMANDER,GRUPO CASTEC,UCiejV-6eEEmtgBmAo1I0n4A,171.0,targeted_search,amenaza cobrador de cupos Perú,26,AMENAZA_DIRECTA,consulta explícita de una categoría minoritaria,100
h8zgWAV8CJY,https://www.youtube.com/watch?v=h8zgWAV8CJY,Acompañó a su papá como cobrador y le salvó la vida: Extorsionador subió con puñal a cobrar cupo,Latina Noticias,UCpSJ5fGhmAME9Kx2D3ZvN3Q,556.0,targeted_search,amenaza cobrador de cupos Perú,27,AMENAZA_DIRECTA,consulta explícita de una categoría minoritaria,100
5AdRfOm-s7E,https://www.youtube.com/watch?v=5AdRfOm-s7E,VMT: cae extorsionador que amenazaba a sus víctimas con una granada,Buenos Días Perú,UCFnOwPrJ-Skrzk_GPNBV5tg,121.0,targeted_search,amenaza cobrador de cupos Perú,28,AMENAZA_DIRECTA,consulta explícita de una categoría minoritaria,100
1Yi-GfVQmcg,https://www.youtube.com/watch?v=1Yi-GfVQmcg,"Extorsionadores asesinan a chofer de combi por guerra de cupos en Lima: ""Mañana mato a otro""",Latina Noticias,UCpSJ5fGhmAME9Kx2D3ZvN3Q,743.0,targeted_search,amenaza cobrador de cupos Perú,29,AMENAZA_DIRECTA,consulta explícita de una categoría minoritaria,100
QxXbMCgh2rk,https://www.youtube.com/watch?v=QxXbMCgh2rk,"🛑 TERROR EN SJL: PNP atrapa al ""COBRADOR DEL MIEDO"" que Amenazaba a MOTOTAXISTAS",Reporte Perú,UCwpasOChVA2wSBJ5xij91YQ,577.0,targeted_search,amenaza cobrador de cupos Perú,30,AMENAZA_DIRECTA,consulta explícita de una categoría minoritaria,100
sPO_-FLCnpc,https://www.youtube.com/watch?v=sPO_-FLCnpc,Extortionist breaks down in tears upon arrest and Hitman is released after killing driver,Intro Snit,UCug8JhwDM-jKVjFr_In05Bw,186.0,targeted_search,amenaza cobrador de cupos Perú,31,AMENAZA_DIRECTA,consulta explícita de una categoría minoritaria,100
755FNhj_83s,https://www.youtube.com/watch?v=755FNhj_83s,"""El nuevo monarca de las extorsiones en Lima Sur"": VMT bajo la mafia de Alias 'El Mexicano'",Latina Noticias,UCpSJ5fGhmAME9Kx2D3ZvN3Q,762.0,targeted_search,amenaza cobrador de cupos Perú,32,AMENAZA_DIRECTA,consulta explícita de una categoría minoritaria,100
U0ITzawyYoY,https://www.youtube.com/watch?v=U0ITzawyYoY,Chofer de combi es acribillado mientras manejaba por presunto cobro de cupos,ATV Noticias,UCYG5uXS3xdsoaXIxum1pAEw,286.0,targeted_search,amenaza cobrador de cupos Perú,33,AMENAZA_DIRECTA,consulta explícita de una categoría minoritaria,100
Oq88NjLtXyU,https://www.youtube.com/watch?v=Oq88NjLtXyU,Los Olivos: Vecinos acusan a subgerente por presuntos cobros a meretriz para dejarla trabajar (1/2),Buenos Días Perú,UCFnOwPrJ-Skrzk_GPNBV5tg,162.0,targeted_search,amenaza cobrador de cupos Perú,34,AMENAZA_DIRECTA,consulta explícita de una categoría minoritaria,100
IPlpBroaOq8,https://www.youtube.com/watch?v=IPlpBroaOq8,“Plata o plomo”: Extorsionadores le exigen 25 mil soles a dueño de veterinaria de SJL,Buenos Días Perú,UCFnOwPrJ-Skrzk_GPNBV5tg,477.0,targeted_search,amenaza cobrador de cupos Perú,35,AMENAZA_DIRECTA,consulta explícita de una categoría minoritaria,100
VyLy12bAiTM,https://www.youtube.com/watch?v=VyLy12bAiTM,🔵🔴 Capturan a venezolano que cobraba cupos a parqueadores de autos. SMP - PERU,Avanze Milenial,UC7OG2BmFOH2c1DV2v4T0dVw,391.0,targeted_search,amenaza cobrador de cupos Perú,36,AMENAZA_DIRECTA,consulta explícita de una categoría minoritaria,100
t0T2JNTAj8o,https://www.youtube.com/watch?v=t0T2JNTAj8o,Un herido deja ataque de extorsionadores contra empresa de transportes en Independencia (1/2),Buenos Días Perú,UCFnOwPrJ-Skrzk_GPNBV5tg,264.0,targeted_search,amenaza cobrador de cupos Perú,37,AMENAZA_DIRECTA,consulta explícita de una categoría minoritaria,100
l2ZqXu6MUg8,https://www.youtube.com/watch?v=l2ZqXu6MUg8,"""Los pasajeros se echaron para atrás"": Delincuentes balean a tercer bus de empresa 'El Chino'",Latina Noticias,UCpSJ5fGhmAME9Kx2D3ZvN3Q,145.0,targeted_search,amenaza cobrador de cupos Perú,38,AMENAZA_DIRECTA,consulta explícita de una categoría minoritaria,100
N7SyypRuATg,https://www.youtube.com/watch?v=N7SyypRuATg,Peruanos y venezolanos en guerra por paradero de mototaxistas,ATV Noticias,UCYG5uXS3xdsoaXIxum1pAEw,160.0,targeted_search,amenaza cobrador de cupos Perú,39,AMENAZA_DIRECTA,consulta explícita de una categoría minoritaria,100
nXG3U7F5eF4,https://www.youtube.com/watch?v=nXG3U7F5eF4,"Sicarios acaban con la vida de venezolano y dejan nota: ""Esto solo es el principio""",ATV Noticias,UCYG5uXS3xdsoaXIxum1pAEw,218.0,targeted_search,amenaza cobrador de cupos Perú,40,AMENAZA_DIRECTA,consulta explícita de una categoría minoritaria,100
0Rcueb6Rv7s,https://www.youtube.com/watch?v=0Rcueb6Rv7s,Clan familiar extorsionaba a obreros y transportistas en Lima Sur: Así fueron ubicados por Policía,Latina Noticias,UCpSJ5fGhmAME9Kx2D3ZvN3Q,184.0,targeted_search,amenaza cobrador de cupos Perú,41,AMENAZA_DIRECTA,consulta explícita de una categoría minoritaria,100
_BLb_O9vEoE,https://www.youtube.com/watch?v=_BLb_O9vEoE,PELIGRo EN EL HUALLAGA,INCA CELL PHONE ACADEMY,UCKaPeE-i6no3W8VxL153QzA,4617.0,targeted_search,amenaza cobrador de cupos Perú,42,AMENAZA_DIRECTA,consulta explícita de una categoría minoritaria,100
mxUEbqmvbRk,https://www.youtube.com/watch?v=mxUEbqmvbRk,🚓📱¡Recuperó su celular! Serenos detienen a ladrones que amenazaron con machete en Chorrillos 🚨🔒,Buenos Días Perú,UCFnOwPrJ-Skrzk_GPNBV5tg,176.0,targeted_search,amenaza cobrador de cupos Perú,43,AMENAZA_DIRECTA,consulta explícita de una categoría minoritaria,100
iH7EW97rHi4,https://www.youtube.com/watch?v=iH7EW97rHi4,Los Olivos: Delincuentes armados intentan robar barbería pero son espantados por el dueño,Latina Noticias,UCpSJ5fGhmAME9Kx2D3ZvN3Q,290.0,targeted_search,amenaza cobrador de cupos Perú,44,AMENAZA_DIRECTA,consulta explícita de una categoría minoritaria,100
eZDhFE3r7dM,https://www.youtube.com/watch?v=eZDhFE3r7dM,‘Gota a gota’ virtual: amenazan y extorsionan mediante esta modalidad delictiva,TVPerú Noticias,UCkZCoc42IipR1ucqJmIehsA,193.0,targeted_search,amenaza cobrador de cupos Perú,45,AMENAZA_DIRECTA,consulta explícita de una categoría minoritaria,100
fshDzLCVKNQ,https://www.youtube.com/watch?v=fshDzLCVKNQ,'Los Intocables Ediles': el papel de Alex Peña en la red criminal,Latina Noticias,UCpSJ5fGhmAME9Kx2D3ZvN3Q,720.0,targeted_search,amenaza cobrador de cupos Perú,46,AMENAZA_DIRECTA,consulta explícita de una categoría minoritaria,100
7LBwx_ckLhQ,https://www.youtube.com/watch?v=7LBwx_ckLhQ,💸¿Qué es el PRÉSTAMO GOTA A GOTA? 💧 ¿Cómo evitar ser víctima?,HugoX ChugoX,UCuKlFRtMIlUKuvefJ-YwUtw,742.0,targeted_search,amenaza cobrador de cupos Perú,47,AMENAZA_DIRECTA,consulta explícita de una categoría minoritaria,100
lhoLR8cVWGg,https://www.youtube.com/watch?v=lhoLR8cVWGg,Un herido deja ataque de extorsionadores contra empresa de transportes en Independencia (2/2),Buenos Días Perú,UCFnOwPrJ-Skrzk_GPNBV5tg,477.0,targeted_search,amenaza cobrador de cupos Perú,48,AMENAZA_DIRECTA,consulta explícita de una categoría minoritaria,100
QIdJ0U8LUVE,https://www.youtube.com/watch?v=QIdJ0U8LUVE,Delincuentes asesinan a balazos a empresario de transporte en VMT (2/2),24 Horas,UCsakKsRww3J7pM6DavkrAIQ,82.0,targeted_search,amenaza cobrador de cupos Perú,49,AMENAZA_DIRECTA,consulta explícita de una categoría minoritaria,100
O-lZX5eXuqY,https://www.youtube.com/watch?v=O-lZX5eXuqY,HINCHADAS RESPONDEN A AMENAZAS DE CAMARADA VILMA 😱 #ConMiSeleccionPeruanaNoTeMetas,Kermit Mantilla,UC8Soh_i52F3Fk_lcs9LORpQ,199.0,targeted_search,amenaza cobrador de cupos Perú,50,AMENAZA_DIRECTA,consulta explícita de una categoría minoritaria,100
1OtntKq1DHg,https://www.youtube.com/watch?v=1OtntKq1DHg,🔴🔵A female bus fare collector was injured in an armed attack by a fake passenger in Callao.,Exitosa Noticias,UCxgO_rak_BKZP8VNVmYqbWg,299.0,targeted_search,amenaza cobrador de cupos Perú,51,AMENAZA_DIRECTA,consulta explícita de una categoría minoritaria,100
dwIRdqJ6zpk,https://www.youtube.com/watch?v=dwIRdqJ6zpk,"El minuto a minuto de los prestamistas del ""gota a gota"" del tren de Aragua",Latina Noticias,UCpSJ5fGhmAME9Kx2D3ZvN3Q,603.0,targeted_search,amenaza cobrador de cupos Perú,52,AMENAZA_DIRECTA,consulta explícita de una categoría minoritaria,100
_isVMEGNhDw,https://www.youtube.com/watch?v=_isVMEGNhDw,Los 'Gallegos' del Tren de Aragua: así operan los cobradores del 'Gota a Gota' en Lima Norte,Latina Televisión,UC3rDtLrcgr3JS3_3JOW4BAw,465.0,targeted_search,amenaza cobrador de cupos Perú,53,AMENAZA_DIRECTA,consulta explícita de una categoría minoritaria,100
l4yZFOPqQhI,https://www.youtube.com/watch?v=l4yZFOPqQhI,Callao: pescador lanza piedra a la cabeza de un joven rapero y lo deja grave,Buenos Días Perú,UCFnOwPrJ-Skrzk_GPNBV5tg,162.0,targeted_search,amenaza cobrador de cupos Perú,54,AMENAZA_DIRECTA,consulta explícita de una categoría minoritaria,100
MVyfYrnYZms,https://www.youtube.com/watch?v=MVyfYrnYZms,Los Gallegos: presunta banda criminal venezolana amenaza de muerte a peruanos,TVPerú Noticias,UCkZCoc42IipR1ucqJmIehsA,239.0,targeted_search,amenaza cobrador de cupos Perú,55,AMENAZA_DIRECTA,consulta explícita de una categoría minoritaria,100
9qG65TGZSCI,https://www.youtube.com/watch?v=9qG65TGZSCI,Asesinan a chofer de combi frente a su familia y dejan mensaje extorsivo,TVPerú Noticias,UCkZCoc42IipR1ucqJmIehsA,115.0,targeted_search,amenaza cobrador de cupos Perú,56,AMENAZA_DIRECTA,consulta explícita de una categoría minoritaria,100
WgOjpNHSTC4,https://www.youtube.com/watch?v=WgOjpNHSTC4,Se infiltró en empresa de mototaxis para extorsionar: Caen integrantes 'Los Injertos del Cono Norte',Latina Noticias,UCpSJ5fGhmAME9Kx2D3ZvN3Q,253.0,targeted_search,amenaza cobrador de cupos Perú,57,AMENAZA_DIRECTA,consulta explícita de una categoría minoritaria,100
I9BYWn6fliA,https://www.youtube.com/watch?v=I9BYWn6fliA,Informe 24: así fue la captura de un extorsionador en Gamarra,24 Horas,UCsakKsRww3J7pM6DavkrAIQ,379.0,targeted_search,amenaza cobrador de cupos Perú,58,AMENAZA_DIRECTA,consulta explícita de una categoría minoritaria,100
SEA4AlSh30k,https://www.youtube.com/watch?v=SEA4AlSh30k,Capturan a extorsionadores extranjeros que lanzaron tres bombas molotovs a restaurante en Piura,Latina Noticias,UCpSJ5fGhmAME9Kx2D3ZvN3Q,148.0,targeted_search,amenaza cobrador de cupos Perú,59,AMENAZA_DIRECTA,consulta explícita de una categoría minoritaria,100
r-ifuh79Eso,https://www.youtube.com/watch?v=r-ifuh79Eso,"La Libertad: 28 detenidos en operativo por minería ilegal, entre ellos coronel PNP",Cosmos Televisión,UC_ept7M1UXlCfvcUrK49Ziw,94.0,targeted_search,amenaza cobrador de cupos Perú,60,AMENAZA_DIRECTA,consulta explícita de una categoría minoritaria,100
UitPhojOCUs,https://www.youtube.com/watch?v=UitPhojOCUs,"Asesinan a cobrador con antecedentes en envío de drogas: ""Intentó huir, pero se resbaló""",Latina Noticias,UCpSJ5fGhmAME9Kx2D3ZvN3Q,146.0,targeted_search,amenaza cobrador de cupos Perú,61,AMENAZA_DIRECTA,consulta explícita de una categoría minoritaria,100
Vur-a5ZWUok,https://www.youtube.com/watch?v=Vur-a5ZWUok,PNP Captura a terrorista 'MEMO' en Huánuco,Buenos Días Perú,UCFnOwPrJ-Skrzk_GPNBV5tg,33.0,targeted_search,amenaza cobrador de cupos Perú,62,AMENAZA_DIRECTA,consulta explícita de una categoría minoritaria,100
8-yVCHAXtng,https://www.youtube.com/watch?v=8-yVCHAXtng,"Asesinan a chofer de empresa 'La Uvita' en Comas: ""Se van a morir todos los que estén contigo""",Latina Noticias,UCpSJ5fGhmAME9Kx2D3ZvN3Q,428.0,targeted_search,amenaza cobrador de cupos Perú,63,AMENAZA_DIRECTA,consulta explícita de una categoría minoritaria,100
WG5Rbc2-yJM,https://www.youtube.com/watch?v=WG5Rbc2-yJM,Asesinan a dos hermanos en descampado de Huaycán (1/2),Buenos Días Perú,UCFnOwPrJ-Skrzk_GPNBV5tg,133.0,targeted_search,amenaza cobrador de cupos Perú,64,AMENAZA_DIRECTA,consulta explícita de una categoría minoritaria,100
pERvTbiKKI4,https://www.youtube.com/watch?v=pERvTbiKKI4,"Caen extorsionadores colombianos cuando amenazaban por cobro ""gota a gota"".",Latina Noticias,UCpSJ5fGhmAME9Kx2D3ZvN3Q,172.0,targeted_search,amenaza cobrador de cupos Perú,65,AMENAZA_DIRECTA,consulta explícita de una categoría minoritaria,100
U28V3fixpZI,https://www.youtube.com/watch?v=U28V3fixpZI,De la cancha a la comisaría: futbolista Patricio Arce acusado de integrar banda criminal,Panorama,UCBiq92lt_ufNO-ktZigVXgg,887.0,targeted_search,amenaza cobrador de cupos Perú,66,AMENAZA_DIRECTA,consulta explícita de una categoría minoritaria,100
OL5-zjId0GA,https://www.youtube.com/watch?v=OL5-zjId0GA,🔴🔵Arequipa: Policía captura a banda delincuencial dedicada al robo de celulares,Exitosa Noticias,UCxgO_rak_BKZP8VNVmYqbWg,73.0,targeted_search,amenaza cobrador de cupos Perú,67,AMENAZA_DIRECTA,consulta explícita de una categoría minoritaria,100
n6D58AvH01c,https://www.youtube.com/watch?v=n6D58AvH01c,Capturan alto mando senderista,Inforegión Perú,UCOB3Gey8SydgGqnBYe_FJwA,167.0,targeted_search,amenaza cobrador de cupos Perú,68,AMENAZA_DIRECTA,consulta explícita de una categoría minoritaria,100
xrqp6EpQjKk,https://www.youtube.com/watch?v=xrqp6EpQjKk,"""Jonás"", a Shining Path commander from the Upper Huallaga region, is captured in Tingo María",enlacenacional,UC_Zpz_cv69p4oL0hDEJz4IA,118.0,targeted_search,amenaza cobrador de cupos Perú,69,AMENAZA_DIRECTA,consulta explícita de una categoría minoritaria,100
Bq1xgJ_K8og,https://www.youtube.com/watch?v=Bq1xgJ_K8og,CAE EXTORSIONADOR,Cosmos Televisión,UC_ept7M1UXlCfvcUrK49Ziw,72.0,targeted_search,amenaza cobrador de cupos Perú,70,AMENAZA_DIRECTA,consulta explícita de una categoría minoritaria,100
FWvKszDviYk,https://www.youtube.com/watch?v=FWvKszDviYk,Alert about motorcycle theft gang in Tingo María,enlacenacional,UC_Zpz_cv69p4oL0hDEJz4IA,97.0,targeted_search,amenaza cobrador de cupos Perú,71,AMENAZA_DIRECTA,consulta explícita de una categoría minoritaria,100
7pKNKV9Rp0s,https://www.youtube.com/watch?v=7pKNKV9Rp0s,SMP: Extorsionadores asesinan a balazos a chofer de bus,ATV Noticias,UCYG5uXS3xdsoaXIxum1pAEw,248.0,targeted_search,amenaza cobrador de cupos Perú,72,AMENAZA_DIRECTA,consulta explícita de una categoría minoritaria,100
4VcGoD0kUkA,https://www.youtube.com/watch?v=4VcGoD0kUkA,Extorsionadores van a cobrar cupos a mototaxistas y terminan siendo golpeados,ATV Noticias,UCYG5uXS3xdsoaXIxum1pAEw,213.0,targeted_search,amenaza cobrador de cupos Perú,73,AMENAZA_DIRECTA,consulta explícita de una categoría minoritaria,100
EoK2ULz3xjU,https://www.youtube.com/watch?v=EoK2ULz3xjU,El Agustino: enfrentamientos entre mototaxistas y presuntos extorsionadores,TVPerú Noticias,UCkZCoc42IipR1ucqJmIehsA,265.0,targeted_search,amenaza cobrador de cupos Perú,74,AMENAZA_DIRECTA,consulta explícita de una categoría minoritaria,100
X2OYqEpOClA,https://www.youtube.com/watch?v=X2OYqEpOClA,CAPTURAN A CUATRO POLICÍAS QUE HABÍAN ROBADO EN POLLERÍA DE TRUJILLO,UCV Noticias Chimbote,UCpIUeoq2yc-6MTK34kXE__Q,180.0,targeted_search,amenaza cobrador de cupos Perú,75,AMENAZA_DIRECTA,consulta explícita de una categoría minoritaria,100
_qBYSNnIYao,https://www.youtube.com/watch?v=_qBYSNnIYao,Callao: detienen a acusado de asesinato bailando en plena “fiesta covid”,Buenos Días Perú,UCFnOwPrJ-Skrzk_GPNBV5tg,252.0,targeted_search,amenaza cobrador de cupos Perú,76,AMENAZA_DIRECTA,consulta explícita de una categoría minoritaria,100
IqlF-82WStU,https://www.youtube.com/watch?v=IqlF-82WStU,"🔴🔵 Security camera captured attack on ""Los Rojitos"" van",Exitosa Noticias,UCxgO_rak_BKZP8VNVmYqbWg,340.0,targeted_search,amenaza cobrador de cupos Perú,77,AMENAZA_DIRECTA,consulta explícita de una categoría minoritaria,100
H4HuxcSc1k8,https://www.youtube.com/watch?v=H4HuxcSc1k8,"This is how the gang of Venezuelans who kidnapped a poultry businesswoman for $300,000 was caught.",Reporta Perú,UC0iTq1d61dmwWElW-UBv-Bw,531.0,targeted_search,amenaza cobrador de cupos Perú,78,AMENAZA_DIRECTA,consulta explícita de una categoría minoritaria,100
Qw1ryN226u4,https://www.youtube.com/watch?v=Qw1ryN226u4,Alias ​​“Satan”: Colombian man linked to extortion in Cercado de Lima captured,24 Horas,UCsakKsRww3J7pM6DavkrAIQ,122.0,targeted_search,amenaza cobrador de cupos Perú,79,AMENAZA_DIRECTA,consulta explícita de una categoría minoritaria,100
W1iaSxcz65Y,https://www.youtube.com/watch?v=W1iaSxcz65Y,"EN VIVO: ""Noticias Mañana"" de hoy jueves 2 de noviembre del 2023",TVPerú Noticias,UCkZCoc42IipR1ucqJmIehsA,2930.0,targeted_search,amenaza cobrador de cupos Perú,80,AMENAZA_DIRECTA,consulta explícita de una categoría minoritaria,100
Aos2QGaTWf8,https://www.youtube.com/watch?v=Aos2QGaTWf8,Tingo María: Drug traffickers attack CORAH eradicators,enlacenacional,UC_Zpz_cv69p4oL0hDEJz4IA,89.0,targeted_search,amenaza cobrador de cupos Perú,81,AMENAZA_DIRECTA,consulta explícita de una categoría minoritaria,100
Hxhsds3lT7s,https://www.youtube.com/watch?v=Hxhsds3lT7s,umbral  de  la memoria  acciones  del terrorismo  en el perú,PRENSA NOTICIAS SKY NET,UC0EHqQl9ATlc4a9SO-Sw4pQ,588.0,targeted_search,amenaza cobrador de cupos Perú,82,AMENAZA_DIRECTA,consulta explícita de una categoría minoritaria,100
abpy-BbRDnQ,https://www.youtube.com/watch?v=abpy-BbRDnQ,"En Tingo María, la Policía Nacional del Perú halla armamento terrorista",Centro de Documentación e Investigación LUM,UCwo0O4Ge_s-hcIxtB2gfAXw,404.0,targeted_search,amenaza cobrador de cupos Perú,83,AMENAZA_DIRECTA,consulta explícita de una categoría minoritaria,100
0VuBJt4_dBs,https://www.youtube.com/watch?v=0VuBJt4_dBs,Terrorista Artemio ya se encuentra recluído en la Base Naval del Callao,larepublicaweb1,UCarAZydglObXRy2XNMJMYLQ,213.0,targeted_search,amenaza cobrador de cupos Perú,84,AMENAZA_DIRECTA,consulta explícita de una categoría minoritaria,100
0ueNzxvDRGc,https://www.youtube.com/watch?v=0ueNzxvDRGc,Cae el sucesor de 'Artemio' en el Alto Huallaga,El Cártel del Humor,UCASTfXBrRl2CtrY4OcFdMsQ,217.0,targeted_search,amenaza cobrador de cupos Perú,85,AMENAZA_DIRECTA,consulta explícita de una categoría minoritaria,100
ZqcNFGGDPe8,https://www.youtube.com/watch?v=ZqcNFGGDPe8,Disparan contra chofer de combi en Comas: Segundo asesinato en la misma zona por guerra de mafias,Latina Noticias,UCpSJ5fGhmAME9Kx2D3ZvN3Q,320.0,targeted_search,amenaza cobrador de cupos Perú,86,AMENAZA_DIRECTA,consulta explícita de una categoría minoritaria,100
Zpr19Q3LQT8,https://www.youtube.com/watch?v=Zpr19Q3LQT8,Huaycán: desconocidos dispararon contra la vivienda de un dirigente vecinal,Buenos Días Perú,UCFnOwPrJ-Skrzk_GPNBV5tg,183.0,targeted_search,amenaza cobrador de cupos Perú,87,AMENAZA_DIRECTA,consulta explícita de una categoría minoritaria,100
glgbwBNqEgs,https://www.youtube.com/watch?v=glgbwBNqEgs,En Tingo María familiares rindieron homenaje a las víctimas de Sendero Luminoso,Centro de Documentación e Investigación LUM,UCwo0O4Ge_s-hcIxtB2gfAXw,129.0,targeted_search,amenaza cobrador de cupos Perú,88,AMENAZA_DIRECTA,consulta explícita de una categoría minoritaria,100
BOYjqpuq4h8,https://www.youtube.com/watch?v=BOYjqpuq4h8,Suspenden erradicación de coca ilegal en el Alto Huallaga,enlacenacional,UC_Zpz_cv69p4oL0hDEJz4IA,95.0,targeted_search,amenaza cobrador de cupos Perú,89,AMENAZA_DIRECTA,consulta explícita de una categoría minoritaria,100
-X5wWpkUon8,https://www.youtube.com/watch?v=-X5wWpkUon8,Policía presenta detenidos tras enfrentamiento con terroristas en Aucayacu,periodismope,UCzsAhe4DFpuC7DAAoNLq8BQ,32.0,targeted_search,amenaza cobrador de cupos Perú,90,AMENAZA_DIRECTA,consulta explícita de una categoría minoritaria,100
QkyOFdvTk5s,https://www.youtube.com/watch?v=QkyOFdvTk5s,Queman a chofer y vehículo en El Porvenir,Cosmos Televisión,UC_ept7M1UXlCfvcUrK49Ziw,150.0,targeted_search,amenaza cobrador de cupos Perú,91,AMENAZA_DIRECTA,consulta explícita de una categoría minoritaria,100
6isQtCUXm9Y,https://www.youtube.com/watch?v=6isQtCUXm9Y,CAPTURAN INFRAGANTI A PRESUNTO SICARIO CUANDO IBA A COMETER UN CRIMEN ‼️ | PRENSA CHALACA,PRENSA CHALACA TV,UCaB-n271JqSbgYrfdelDMOA,44.0,targeted_search,amenaza cobrador de cupos Perú,92,AMENAZA_DIRECTA,consulta explícita de una categoría minoritaria,100
tXyu0c39x40,https://www.youtube.com/watch?v=tXyu0c39x40,'Artemio' abandonó la Dircote y fue recluído en la Base Naval del Callao,Cronica Viva,UC1xs7hQmOj5B-E8CZqFP7lA,116.0,targeted_search,amenaza cobrador de cupos Perú,93,AMENAZA_DIRECTA,consulta explícita de una categoría minoritaria,100
tK2Yx3PVSjc,https://www.youtube.com/watch?v=tK2Yx3PVSjc,Terrorist attack against Z Buss: 'The Federation' sows panic in Independencia,Noticias LAT | Última Hora,UCMmKU1g6g5JWdLtzLxs5NKg,175.0,targeted_search,amenaza cobrador de cupos Perú,94,AMENAZA_DIRECTA,consulta explícita de una categoría minoritaria,100
Zrxlqm62qpM,https://www.youtube.com/watch?v=Zrxlqm62qpM,"Rafico: perfil del ""financista"" de Sendero Luminoso en el Huallaga",enlacenacional,UC_Zpz_cv69p4oL0hDEJz4IA,111.0,targeted_search,amenaza cobrador de cupos Perú,95,AMENAZA_DIRECTA,consulta explícita de una categoría minoritaria,100
l6G9__emfOc,https://www.youtube.com/watch?v=l6G9__emfOc,Frente Policial del Huallaga garantiza seguridad en elecciones en Tingo María,enlacenacional,UC_Zpz_cv69p4oL0hDEJz4IA,98.0,targeted_search,amenaza cobrador de cupos Perú,96,AMENAZA_DIRECTA,consulta explícita de una categoría minoritaria,100
O570P9cAqHw,https://www.youtube.com/watch?v=O570P9cAqHw,Camarada Rubén habría dirigido ataque a convoy policial en Pumahuasi,enlacenacional,UC_Zpz_cv69p4oL0hDEJz4IA,112.0,targeted_search,amenaza cobrador de cupos Perú,97,AMENAZA_DIRECTA,consulta explícita de una categoría minoritaria,100
7arQa51rnoQ,https://www.youtube.com/watch?v=7arQa51rnoQ,Vecinos atemorizados: no declaran tras asesinato de joven en Los Olivos,Buenos Días Perú,UCFnOwPrJ-Skrzk_GPNBV5tg,411.0,targeted_search,amenaza cobrador de cupos Perú,98,AMENAZA_DIRECTA,consulta explícita de una categoría minoritaria,100
6tL8-kGlex8,https://www.youtube.com/watch?v=6tL8-kGlex8,Lo que callan los cobradores,Irvin Irus Juárez,UCWj7PGy__Uzu1nJfbHv6Q-A,171.0,targeted_search,amenaza cobrador de cupos Perú,99,AMENAZA_DIRECTA,consulta explícita de una categoría minoritaria,100
Ytcrf3qJb6k,https://www.youtube.com/watch?v=Ytcrf3qJb6k,"CAEN LOS VENEZOLANOS (LOS CHAMOS), DE GOTA A GOTA QUE EXTORSIONAN Y AMENAZAS...!",Mi Canal Peruano ,UCn4jPCUgssPQL_T175jXtGA,305.0,targeted_search,amenaza cobrador de cupos Perú,100,AMENAZA_DIRECTA,consulta explícita de una categoría minoritaria,100
cYcCvYFkGzY,https://www.youtube.com/watch?v=cYcCvYFkGzY,Defendant threatens judge with killing him during virtual hearing,LP - Pasión por el Derecho,UCDscRlCxFfuHhsJBlVvPBmA,183.0,targeted_search,amenaza con arma denuncia Perú,1,AMENAZA_DIRECTA,consulta explícita de una categoría minoritaria,100
mg9y8E718Bg,https://www.youtube.com/watch?v=mg9y8E718Bg,Empresario Manuel Liendo amenaza con arma de fuego a conductor,Panorama,UCBiq92lt_ufNO-ktZigVXgg,877.0,targeted_search,amenaza con arma denuncia Perú,2,AMENAZA_DIRECTA,consulta explícita de una categoría minoritaria,100
VVTo-oZHxG4,https://www.youtube.com/watch?v=VVTo-oZHxG4,VMT: Drunk police officer threatens woman with gun,TVPerú Noticias,UCkZCoc42IipR1ucqJmIehsA,191.0,targeted_search,amenaza con arma denuncia Perú,3,AMENAZA_DIRECTA,consulta explícita de una categoría minoritaria,100
-X9uwKpHgbo,https://www.youtube.com/watch?v=-X9uwKpHgbo,Detienen a sujeto que asaltó con arma a trabajadora de negocio y dos transeúntes en Huancayo,Buenos Días Perú,UCFnOwPrJ-Skrzk_GPNBV5tg,104.0,targeted_search,amenaza con arma denuncia Perú,4,AMENAZA_DIRECTA,consulta explícita de una categoría minoritaria,100
bZqDztMbnq4,https://www.youtube.com/watch?v=bZqDztMbnq4,Usan armas de fuego para amenazar a obreros protestantes de la agroexportacion,LA LUPA,UCzr9CZL0yfOSRwM-kLluEQA,63.0,targeted_search,amenaza con arma denuncia Perú,5,AMENAZA_DIRECTA,consulta explícita de una categoría minoritaria,100
3nJ4ttSsgRc,https://www.youtube.com/watch?v=3nJ4ttSsgRc,Armas y amenazas de muerte: el caso de Jorge Egocheaga,Panorama,UCBiq92lt_ufNO-ktZigVXgg,500.0,targeted_search,amenaza con arma denuncia Perú,7,AMENAZA_DIRECTA,consulta explícita de una categoría minoritaria,100
AK-somgAv1E,https://www.youtube.com/watch?v=AK-somgAv1E,"Breña: Merchants threatened with firearms over S/ 8,000 extortion demand",ATV Noticias,UCYG5uXS3xdsoaXIxum1pAEw,126.0,targeted_search,amenaza con arma denuncia Perú,8,AMENAZA_DIRECTA,consulta explícita de una categoría minoritaria,100
Pq-RzG0h2wk,https://www.youtube.com/watch?v=Pq-RzG0h2wk,San Isidro: sujeto que amenazó con arma a repartidor fue denunciado por tentativa de homicidio,Buenos Días Perú,UCFnOwPrJ-Skrzk_GPNBV5tg,421.0,targeted_search,amenaza con arma denuncia Perú,9,AMENAZA_DIRECTA,consulta explícita de una categoría minoritaria,100
5s6kDUaAHBU,https://www.youtube.com/watch?v=5s6kDUaAHBU,¡Exclusivo! Policía es denunciado de agredir y amenazar de muerte con su arma a su expareja,QUE HAY DE NUEVO PERU,UCRl1-oM_NM-BtCEyTFd-aRA,392.0,targeted_search,amenaza con arma denuncia Perú,10,AMENAZA_DIRECTA,consulta explícita de una categoría minoritaria,100
NhT3YHjxHBw,https://www.youtube.com/watch?v=NhT3YHjxHBw,'Nos tuvieron de rodillas amenazados con armas': Mineros ilegales quieren desalojar comunidad,Latina Noticias,UCpSJ5fGhmAME9Kx2D3ZvN3Q,154.0,targeted_search,amenaza con arma denuncia Perú,11,AMENAZA_DIRECTA,consulta explícita de una categoría minoritaria,100
9UrkamPmVcE,https://www.youtube.com/watch?v=9UrkamPmVcE,Dueño de pollería donde abatieron a delincuente denuncia amenazas de muerte (1/2),24 Horas,UCsakKsRww3J7pM6DavkrAIQ,178.0,targeted_search,amenaza con arma denuncia Perú,12,AMENAZA_DIRECTA,consulta explícita de una categoría minoritaria,100
s2m6MSuaXn4,https://www.youtube.com/watch?v=s2m6MSuaXn4,DETECTIVE AMENAZA CON ARMA A CONDUCTOR,Portavoz Noticias,UCjk_ODB5iiuLwk_K5wGgVmg,119.0,targeted_search,amenaza con arma denuncia Perú,14,AMENAZA_DIRECTA,consulta explícita de una categoría minoritaria,100
VpdExh3iTk8,https://www.youtube.com/watch?v=VpdExh3iTk8,Chorrillos: ladrón en mototaxi amenaza con arma a hombre para robarle celular,Buenos Días Perú,UCFnOwPrJ-Skrzk_GPNBV5tg,48.0,targeted_search,amenaza con arma denuncia Perú,15,AMENAZA_DIRECTA,consulta explícita de una categoría minoritaria,100
zyO5xflxUBY,https://www.youtube.com/watch?v=zyO5xflxUBY,National: Criminals threaten their victims with weapons and demand their cell phone passwords.,SOL TV Perú,UCT3jhkKbEV4ZslnzhZ26hPw,105.0,targeted_search,amenaza con arma denuncia Perú,16,AMENAZA_DIRECTA,consulta explícita de una categoría minoritaria,100
CA354z_oxfw,https://www.youtube.com/watch?v=CA354z_oxfw,Comas: Vecinos denuncian que son amedrentados por un sujeto con armas,Panamericana Televisión,UCngb4rxO4iUE6BrIs29WXwA,787.0,targeted_search,amenaza con arma denuncia Perú,18,AMENAZA_DIRECTA,consulta explícita de una categoría minoritaria,100
48XfkBxSu_U,https://www.youtube.com/watch?v=48XfkBxSu_U,Ica: Acusan a sujeto de amenazar con escopeta a un grupo de trabajadores,Buenos Días Perú,UCFnOwPrJ-Skrzk_GPNBV5tg,348.0,targeted_search,amenaza con arma denuncia Perú,19,AMENAZA_DIRECTA,consulta explícita de una categoría minoritaria,100
0Xg8-d7zJz8,https://www.youtube.com/watch?v=0Xg8-d7zJz8,La amenazan con video de armas: Periodista es amenazada por informar irregularidades en obras,Latina Noticias,UCpSJ5fGhmAME9Kx2D3ZvN3Q,551.0,targeted_search,amenaza con arma denuncia Perú,20,AMENAZA_DIRECTA,consulta explícita de una categoría minoritaria,100
HhdnnybXabY,https://www.youtube.com/watch?v=HhdnnybXabY,VMT: delincuente amenaza con un arma de fuego a menor para llevarse su celular,Buenos Días Perú,UCFnOwPrJ-Skrzk_GPNBV5tg,150.0,targeted_search,amenaza con arma denuncia Perú,21,AMENAZA_DIRECTA,consulta explícita de una categoría minoritaria,100
fUxJzRXhjy0,https://www.youtube.com/watch?v=fUxJzRXhjy0,"""Vecino del terror"" amenaza a todo el barrio con un arma de fuego para que no hagan bulla",ATV Noticias,UCYG5uXS3xdsoaXIxum1pAEw,570.0,targeted_search,amenaza con arma denuncia Perú,22,AMENAZA_DIRECTA,consulta explícita de una categoría minoritaria,100
nsnZzJXry7s,https://www.youtube.com/watch?v=nsnZzJXry7s,Extorsionadores exigen S/30 mil a comerciante de Gamarra y la amenazan con armas y explosivos,El Dominical de Panamericana,UCMfcN0OV7d61cWPLYm5qHpw,162.0,targeted_search,amenaza con arma denuncia Perú,23,AMENAZA_DIRECTA,consulta explícita de una categoría minoritaria,100
HuEilh65bv0,https://www.youtube.com/watch?v=HuEilh65bv0,🔴🔵Tarapoto: Médico sostiene sobre acusación de amenaza a un trabajador con un arma de fuego,Exitosa Noticias,UCxgO_rak_BKZP8VNVmYqbWg,644.0,targeted_search,amenaza con arma denuncia Perú,25,AMENAZA_DIRECTA,consulta explícita de una categoría minoritaria,100
XdXM0pKrIZI,https://www.youtube.com/watch?v=XdXM0pKrIZI,AI denuncia que la policía peruana hizo uso ilegal de armas letales,DW Español,UCT4Jg8h03dD0iN3Pb5L0PMA,228.0,targeted_search,amenaza con arma denuncia Perú,26,AMENAZA_DIRECTA,consulta explícita de una categoría minoritaria,100
hvdbNxOerMQ,https://www.youtube.com/watch?v=hvdbNxOerMQ,BETO SE ALOCA Y AMENAZA CON ARMA A MINISTRO,Red mundial,UCGq6lH8RFwXgAAAk1UQLl6A,243.0,targeted_search,amenaza con arma denuncia Perú,27,AMENAZA_DIRECTA,consulta explícita de una categoría minoritaria,100
uBLs_UIpqcU,https://www.youtube.com/watch?v=uBLs_UIpqcU,Alcalde Reggiardo denuncia intento de extorsión contra ingenieros de obra de la MML,Buenos Días Perú,UCFnOwPrJ-Skrzk_GPNBV5tg,154.0,targeted_search,amenaza con arma denuncia Perú,28,AMENAZA_DIRECTA,consulta explícita de una categoría minoritaria,100
XHnq6vIOApg,https://www.youtube.com/watch?v=XHnq6vIOApg,Detienen a sujeto que amenazaba con arma a una mujer en SJM,El Dominical de Panamericana,UCMfcN0OV7d61cWPLYm5qHpw,167.0,targeted_search,amenaza con arma denuncia Perú,29,AMENAZA_DIRECTA,consulta explícita de una categoría minoritaria,100
hHlDZ13a6SQ,https://www.youtube.com/watch?v=hHlDZ13a6SQ,Residents of Chorrillos report a wave of assaults: woman was attacked in front of her children,Buenos Días Perú,UCFnOwPrJ-Skrzk_GPNBV5tg,152.0,targeted_search,amenaza con arma denuncia Perú,30,AMENAZA_DIRECTA,consulta explícita de una categoría minoritaria,100
TLcasZoaUfY,https://www.youtube.com/watch?v=TLcasZoaUfY,Exfuncionaria de Pachacamac sospecha de gestión municipal por amenazas en su contra,Buenos Días Perú,UCFnOwPrJ-Skrzk_GPNBV5tg,248.0,targeted_search,amenaza con arma denuncia Perú,31,AMENAZA_DIRECTA,consulta explícita de una categoría minoritaria,100
CYNLwY27FaA,https://www.youtube.com/watch?v=CYNLwY27FaA,Tumbes: alcalde de Zarumilla denuncia amenazas de muerte,TVPerú Noticias,UCkZCoc42IipR1ucqJmIehsA,46.0,targeted_search,amenaza con arma denuncia Perú,32,AMENAZA_DIRECTA,consulta explícita de una categoría minoritaria,100
jz2C1vGWvk4,https://www.youtube.com/watch?v=jz2C1vGWvk4,🔴Vecinos denuncian a comandante PNP por disparos y amenazas l #EnVivoLR,Diario El Popular 🇵🇪,UCC25ArAc6QI7yj1UQG8lqxA,201.0,targeted_search,amenaza con arma denuncia Perú,33,AMENAZA_DIRECTA,consulta explícita de una categoría minoritaria,100
BWe_MRCDWV0,https://www.youtube.com/watch?v=BWe_MRCDWV0,Amenazan a jueces para que liberen a delincuentes en Ventanilla,QUE HAY DE NUEVO PERU,UCRl1-oM_NM-BtCEyTFd-aRA,151.0,targeted_search,amenaza con arma denuncia Perú,34,AMENAZA_DIRECTA,consulta explícita de una categoría minoritaria,100
3aNLTPYGGEA,https://www.youtube.com/watch?v=3aNLTPYGGEA,"🔴🔵 SJM: Subjects steal a truck, threatening the owner with firearms.",Exitosa Noticias,UCxgO_rak_BKZP8VNVmYqbWg,184.0,targeted_search,amenaza con arma denuncia Perú,35,AMENAZA_DIRECTA,consulta explícita de una categoría minoritaria,100
drR3GQKOfgc,https://www.youtube.com/watch?v=drR3GQKOfgc,"Cae banda que aterrorizaba Comas: incautan dinamita, armas y mensaje firmado como “El Monstruo”",Buenos Días Perú,UCFnOwPrJ-Skrzk_GPNBV5tg,171.0,targeted_search,amenaza con arma denuncia Perú,36,AMENAZA_DIRECTA,consulta explícita de una categoría minoritaria,100
-S91QG7ZgOc,https://www.youtube.com/watch?v=-S91QG7ZgOc,San Luis: amenazan a alcalde para que deje el cargo,Buenos Días Perú,UCFnOwPrJ-Skrzk_GPNBV5tg,178.0,targeted_search,amenaza con arma denuncia Perú,37,AMENAZA_DIRECTA,consulta explícita de una categoría minoritaria,100
7utLrRx_2IY,https://www.youtube.com/watch?v=7utLrRx_2IY,Breña: repartidor pide que le paguen y lo amenazan con cuchillo,Buenos Días Perú,UCFnOwPrJ-Skrzk_GPNBV5tg,574.0,targeted_search,amenaza con arma denuncia Perú,38,AMENAZA_DIRECTA,consulta explícita de una categoría minoritaria,100
toL9L6IGv2Q,https://www.youtube.com/watch?v=toL9L6IGv2Q,Manuel Liendo Razuri amenaza con arma de fuego a otro conductor.,JOHAO Informa,UCZRKGfo3j_n4sP6tlVb56PA,106.0,targeted_search,amenaza con arma denuncia Perú,39,AMENAZA_DIRECTA,consulta explícita de una categoría minoritaria,100
8OUuuKoGBMA,https://www.youtube.com/watch?v=8OUuuKoGBMA,VES: inician investigaciones contra empresario que abatió a ladrón en chifa por homicidio,Buenos Días Perú,UCFnOwPrJ-Skrzk_GPNBV5tg,164.0,targeted_search,amenaza con arma denuncia Perú,40,AMENAZA_DIRECTA,consulta explícita de una categoría minoritaria,100
MNC7eFxugPQ,https://www.youtube.com/watch?v=MNC7eFxugPQ,Trujillo: Mujer enfrenta a extorsinadores publicando sus amenazas,Cosmos Televisión,UC_ept7M1UXlCfvcUrK49Ziw,113.0,targeted_search,amenaza con arma denuncia Perú,41,AMENAZA_DIRECTA,consulta explícita de una categoría minoritaria,100
bj7ciK_3uQY,https://www.youtube.com/watch?v=bj7ciK_3uQY,"Capturados luego de detonación: 25 denuncias de extorsión, armas y menores en 'La Jauría'",Latina Noticias,UCpSJ5fGhmAME9Kx2D3ZvN3Q,354.0,targeted_search,amenaza con arma denuncia Perú,42,AMENAZA_DIRECTA,consulta explícita de una categoría minoritaria,100
X8UigOkn2j4,https://www.youtube.com/watch?v=X8UigOkn2j4,Alcalde de Zarumilla denuncia amenazas de muerte por extorsionadores (1/2),Buenos Días Perú,UCFnOwPrJ-Skrzk_GPNBV5tg,228.0,targeted_search,amenaza con arma denuncia Perú,43,AMENAZA_DIRECTA,consulta explícita de una categoría minoritaria,100
jUnuBSpFLOo,https://www.youtube.com/watch?v=jUnuBSpFLOo,Delincuente amenaza a sus victimas con un desarmador en Perú,RTS La Noticia,UCbJlOuKPXNgdSk4CjEgqvjA,119.0,targeted_search,amenaza con arma denuncia Perú,44,AMENAZA_DIRECTA,consulta explícita de una categoría minoritaria,100
J7h07DQY6v4,https://www.youtube.com/watch?v=J7h07DQY6v4,Independencia: vecinos denuncian amenazas tras crimen entre hermanos,Buenos Días Perú,UCFnOwPrJ-Skrzk_GPNBV5tg,592.0,targeted_search,amenaza con arma denuncia Perú,45,AMENAZA_DIRECTA,consulta explícita de una categoría minoritaria,100
Khrebt0t8KA,https://www.youtube.com/watch?v=Khrebt0t8KA,Ica: Dirigenta social es amenazada de muerte con videos de armas de fuego,ATV Noticias,UCYG5uXS3xdsoaXIxum1pAEw,136.0,targeted_search,amenaza con arma denuncia Perú,46,AMENAZA_DIRECTA,consulta explícita de una categoría minoritaria,100
g2BSVEHNnh8,https://www.youtube.com/watch?v=g2BSVEHNnh8,Sujeto amenaza a fiscalizadores con un cuchillo en calle de La Molina,Buenos Días Perú,UCFnOwPrJ-Skrzk_GPNBV5tg,452.0,targeted_search,amenaza con arma denuncia Perú,47,AMENAZA_DIRECTA,consulta explícita de una categoría minoritaria,100
wGyQLglCff4,https://www.youtube.com/watch?v=wGyQLglCff4,🔴🔵Piura: Profesora de la I.E. San José denuncia que fue amenazada con un arma de fuego por un alumno,Exitosa Noticias,UCxgO_rak_BKZP8VNVmYqbWg,118.0,targeted_search,amenaza con arma denuncia Perú,48,AMENAZA_DIRECTA,consulta explícita de una categoría minoritaria,100
FZa_XIvmF6k,https://www.youtube.com/watch?v=FZa_XIvmF6k,Los Olivos: serenos frustran asalto y detienen a delincuente armado que robó celular,Buenos Días Perú,UCFnOwPrJ-Skrzk_GPNBV5tg,131.0,targeted_search,amenaza con arma denuncia Perú,49,AMENAZA_DIRECTA,consulta explícita de una categoría minoritaria,100
OT2_Lfctj3g,https://www.youtube.com/watch?v=OT2_Lfctj3g,SJM: delincuente con arma en mano asaltaba establecimientos de una cadena de tiendas,TVPerú Noticias,UCkZCoc42IipR1ucqJmIehsA,112.0,targeted_search,amenaza con arma denuncia Perú,50,AMENAZA_DIRECTA,consulta explícita de una categoría minoritaria,100
71e7JNCTYYE,https://www.youtube.com/watch?v=71e7JNCTYYE,"💥 Crime of THREATS vs COERCION [Discover the DIFFERENCES in 3 steps, in Criminal Law]",Derecho Virtual ,UCBKBDf4G9Ha4nrutKb02fJA,914.0,targeted_search,amenaza con arma denuncia Perú,51,AMENAZA_DIRECTA,consulta explícita de una categoría minoritaria,100
4qsxtw_YTmg,https://www.youtube.com/watch?v=4qsxtw_YTmg,NO EXISTE DENUNCIA FORMAL ANTE LA POLICIA SOBRE AMENAZA A GOBERNADOR REGIONAL DE JUNÍN,Yessica Procil Montalvo,UCbIXizhdgYjwMNoFJIs3OHw,131.0,targeted_search,amenaza con arma denuncia Perú,52,AMENAZA_DIRECTA,consulta explícita de una categoría minoritaria,100
hulafFWP05Y,https://www.youtube.com/watch?v=hulafFWP05Y,Amenazan a escolares con armas en exteriores de colegio en Breña,QUE HAY DE NUEVO PERU,UCRl1-oM_NM-BtCEyTFd-aRA,99.0,targeted_search,amenaza con arma denuncia Perú,53,AMENAZA_DIRECTA,consulta explícita de una categoría minoritaria,100
hnVkpuY1KNg,https://www.youtube.com/watch?v=hnVkpuY1KNg,Hombre amenazó a médicos con arma de fuego para ser atendido en hospital de Pitrufquén | UFROVISIÓN,UfroMedios,UC5H9zdp-3M24xWWJunhLJmQ,131.0,targeted_search,amenaza con arma denuncia Perú,54,AMENAZA_DIRECTA,consulta explícita de una categoría minoritaria,100
DP7aUS0G4Tg,https://www.youtube.com/watch?v=DP7aUS0G4Tg,"""Hasta tenían un tarifario"": Delincuentes que extorsionaban a carros caen con armas y explosivos",Latina Noticias,UCpSJ5fGhmAME9Kx2D3ZvN3Q,334.0,targeted_search,amenaza con arma denuncia Perú,55,AMENAZA_DIRECTA,consulta explícita de una categoría minoritaria,100
kzjCRagmo_Y,https://www.youtube.com/watch?v=kzjCRagmo_Y,Cae menor vinculado a “La Nueva Gerencia”: lo acusan de dos asesinatos y extorsión en Lima Sur,Buenos Días Perú,UCFnOwPrJ-Skrzk_GPNBV5tg,176.0,targeted_search,amenaza con arma denuncia Perú,56,AMENAZA_DIRECTA,consulta explícita de una categoría minoritaria,100
T-uRt3-f8fg,https://www.youtube.com/watch?v=T-uRt3-f8fg,Le enviaban fotos de sus hijos con amenazas: Extorsionaban empresario por S/50 mil,Latina Noticias,UCpSJ5fGhmAME9Kx2D3ZvN3Q,135.0,targeted_search,amenaza con arma denuncia Perú,57,AMENAZA_DIRECTA,consulta explícita de una categoría minoritaria,100
3fk9DGZNdow,https://www.youtube.com/watch?v=3fk9DGZNdow,Extorsionadores en Trujillo: amenazan a empresas de transporte por no pagar 20 soles diarios,Buenos Días Perú,UCFnOwPrJ-Skrzk_GPNBV5tg,211.0,targeted_search,amenaza con arma denuncia Perú,58,AMENAZA_DIRECTA,consulta explícita de una categoría minoritaria,100
eJH9IMmUAAw,https://www.youtube.com/watch?v=eJH9IMmUAAw,Pucallpa: denuncian que escolares son amenazados de muerte por otro compañero de colegio,Buenos Días Perú,UCFnOwPrJ-Skrzk_GPNBV5tg,82.0,targeted_search,amenaza con arma denuncia Perú,59,AMENAZA_DIRECTA,consulta explícita de una categoría minoritaria,100
7yra_GHIELU,https://www.youtube.com/watch?v=7yra_GHIELU,La Resistencia: Grupo violentista ha sido denunciado por amenaza y difamación,La República - LR+,UC-B7Xv56uNRDkj0vC3QW8Cg,178.0,targeted_search,amenaza con arma denuncia Perú,60,AMENAZA_DIRECTA,consulta explícita de una categoría minoritaria,100
ElDDfyzupoQ,https://www.youtube.com/watch?v=ElDDfyzupoQ,El delito de AMENAZAS 💼en 1 minuto,Abogado Penalista Martin,UCFDlfA-DpGRFVqXihNz8E9g,96.0,targeted_search,amenaza con arma denuncia Perú,61,AMENAZA_DIRECTA,consulta explícita de una categoría minoritaria,100
VdOhwqjt0ds,https://www.youtube.com/watch?v=VdOhwqjt0ds,Sereno que abatió a delincuente denuncia que vehículos sospechosos rondan su casa,Buenos Días Perú,UCFnOwPrJ-Skrzk_GPNBV5tg,427.0,targeted_search,amenaza con arma denuncia Perú,63,AMENAZA_DIRECTA,consulta explícita de una categoría minoritaria,100
D8Pm92WrxMk,https://www.youtube.com/watch?v=D8Pm92WrxMk,Vecinos de El Agustino denuncian que viven bajo amenaza de muerte,Buenos Días Perú,UCFnOwPrJ-Skrzk_GPNBV5tg,680.0,targeted_search,amenaza con arma denuncia Perú,64,AMENAZA_DIRECTA,consulta explícita de una categoría minoritaria,100
yehJ-xtU_Ec,https://www.youtube.com/watch?v=yehJ-xtU_Ec,Policía investiga amenazas contra abogado en Carabayllo,24 Horas,UCsakKsRww3J7pM6DavkrAIQ,144.0,targeted_search,amenaza con arma denuncia Perú,65,AMENAZA_DIRECTA,consulta explícita de una categoría minoritaria,100
1LgRIF-Sxug,https://www.youtube.com/watch?v=1LgRIF-Sxug,16-11-15 - DETENIDO POR AMENAZA,FM RUFINO LA VOZ DE LA CIUDAD,UCvdWIYkHfpiWJREFAgbwkjg,338.0,targeted_search,amenaza con arma denuncia Perú,66,AMENAZA_DIRECTA,consulta explícita de una categoría minoritaria,100
i_E9L9R0XXQ,https://www.youtube.com/watch?v=i_E9L9R0XXQ,"Flores Solís: ""Víctima de extorisón primero debe denunciar en la PNP, antes de ir a la prensa""",Buenos Días Perú,UCFnOwPrJ-Skrzk_GPNBV5tg,484.0,targeted_search,amenaza con arma denuncia Perú,68,AMENAZA_DIRECTA,consulta explícita de una categoría minoritaria,100
vDWLfRIgZr0,https://www.youtube.com/watch?v=vDWLfRIgZr0,“El Monstruo” amenaza a Los Cantaritos de Oro: grupo suspende shows por temor a atentado,Buenos Días Perú,UCFnOwPrJ-Skrzk_GPNBV5tg,509.0,targeted_search,amenaza con arma denuncia Perú,69,AMENAZA_DIRECTA,consulta explícita de una categoría minoritaria,100
1IlfEXCKUD0,https://www.youtube.com/watch?v=1IlfEXCKUD0,Sucamec retira licencia de portar armas a persona que amenazó a dos repartidores,TVPerú Noticias,UCkZCoc42IipR1ucqJmIehsA,413.0,targeted_search,amenaza con arma denuncia Perú,70,AMENAZA_DIRECTA,consulta explícita de una categoría minoritaria,100
2i5SqYQXkmc,https://www.youtube.com/watch?v=2i5SqYQXkmc,PERIODISTA NANY FIESTAS DENUNCIA SER VÍCTIMA  DE AMENAZAS DE MUERTE,CTV HUACHO,UCSZduKPAUWa0msAMgS9Ywrw,244.0,targeted_search,amenaza con arma denuncia Perú,71,AMENAZA_DIRECTA,consulta explícita de una categoría minoritaria,100
nB_l2KrMWD8,https://www.youtube.com/watch?v=nB_l2KrMWD8,SJL: hombre denuncia que su hijo lo amenazó de muerte tras una discusión,Buenos Días Perú,UCFnOwPrJ-Skrzk_GPNBV5tg,161.0,targeted_search,amenaza con arma denuncia Perú,72,AMENAZA_DIRECTA,consulta explícita de una categoría minoritaria,100
ERDApEwJn6g,https://www.youtube.com/watch?v=ERDApEwJn6g,Tren de Aragua en Arica: Fiscalía llama denunciar amenazas,Teletrece,UCsRnhjcUCR78Q3Ud6OXCTNg,190.0,targeted_search,amenaza con arma denuncia Perú,73,AMENAZA_DIRECTA,consulta explícita de una categoría minoritaria,100
8aZq6-QpFfs,https://www.youtube.com/watch?v=8aZq6-QpFfs,Le exigen pago de 50 mil soles: extorsionadores amenazan de muerte al alcalde de Zarumilla,El Dominical de Panamericana,UCMfcN0OV7d61cWPLYm5qHpw,318.0,targeted_search,amenaza con arma denuncia Perú,74,AMENAZA_DIRECTA,consulta explícita de una categoría minoritaria,100
vaS1Q3ue6qc,https://www.youtube.com/watch?v=vaS1Q3ue6qc,'Caracol': negocios y amenazas coordinadas desde el penal Sarita Colonia,Panorama,UCBiq92lt_ufNO-ktZigVXgg,1017.0,targeted_search,amenaza con arma denuncia Perú,75,AMENAZA_DIRECTA,consulta explícita de una categoría minoritaria,100
CsCbYOXypQA,https://www.youtube.com/watch?v=CsCbYOXypQA,"Denuncian violentos ataques y amenazas a jueces, fiscales y ahora gendarmes",Teletrece,UCsRnhjcUCR78Q3Ud6OXCTNg,195.0,targeted_search,amenaza con arma denuncia Perú,76,AMENAZA_DIRECTA,consulta explícita de una categoría minoritaria,100
Ql6f1rCEX44,https://www.youtube.com/watch?v=Ql6f1rCEX44,Mujer denuncia a su amiga de atacarla con arma blanca,Cosmos Televisión,UC_ept7M1UXlCfvcUrK49Ziw,166.0,targeted_search,amenaza con arma denuncia Perú,77,AMENAZA_DIRECTA,consulta explícita de una categoría minoritaria,100
JrZ8jWtCfvw,https://www.youtube.com/watch?v=JrZ8jWtCfvw,prensahuaraz - amenazan por teléfono a director del Hospital de Huuaraz,prensahuaraz nilton rodriguez,UC_zHldFgcHMRh6qhwLv_L0Q,169.0,targeted_search,amenaza con arma denuncia Perú,78,AMENAZA_DIRECTA,consulta explícita de una categoría minoritaria,100
9N3Mijq8nks,https://www.youtube.com/watch?v=9N3Mijq8nks,San Miguel: sujeto habría amenazado con arma a vecinos en parque,Buenos Días Perú,UCFnOwPrJ-Skrzk_GPNBV5tg,424.0,targeted_search,amenaza con arma denuncia Perú,79,AMENAZA_DIRECTA,consulta explícita de una categoría minoritaria,100
p7YWSCGF_ys,https://www.youtube.com/watch?v=p7YWSCGF_ys,ONG denuncia que funcionarios venezolanos venden municiones y armas de guerra a la guerrilla colombi,NTN24 Venezuela,UCFK38lePM6zqQ2CYfQyqdHA,470.0,targeted_search,amenaza con arma denuncia Perú,80,AMENAZA_DIRECTA,consulta explícita de una categoría minoritaria,100
7Dd2gNDpU_c,https://www.youtube.com/watch?v=7Dd2gNDpU_c,Trujillo: Amenazan de muerte a fiscal por desarticular banda que integra policía,Cosmos Televisión,UC_ept7M1UXlCfvcUrK49Ziw,110.0,targeted_search,amenaza con arma denuncia Perú,82,AMENAZA_DIRECTA,consulta explícita de una categoría minoritaria,100
YF1OBrVoPW0,https://www.youtube.com/watch?v=YF1OBrVoPW0,Man charged with attempted femicide after threatening his sister-in-law with a gun,Unitel Bolivia,UCBTuUY99I5plMaC_ZcmXIYw,162.0,targeted_search,amenaza con arma denuncia Perú,83,AMENAZA_DIRECTA,consulta explícita de una categoría minoritaria,100
aIUr9EdceP4,https://www.youtube.com/watch?v=aIUr9EdceP4,"Fiscalía inicia investigación contra ""Wanda"" por amenaza de muerte a coronel PNP",ATV Noticias,UCYG5uXS3xdsoaXIxum1pAEw,177.0,targeted_search,amenaza con arma denuncia Perú,85,AMENAZA_DIRECTA,consulta explícita de una categoría minoritaria,100
__0i1RLr3_E,https://www.youtube.com/watch?v=__0i1RLr3_E,Piden cifras imposibles y amenazan de muerte a comerciantes: Así opera banda 'La Federación',Latina Noticias,UCpSJ5fGhmAME9Kx2D3ZvN3Q,151.0,targeted_search,amenaza con arma denuncia Perú,86,AMENAZA_DIRECTA,consulta explícita de una categoría minoritaria,100
s4mieanUc4g,https://www.youtube.com/watch?v=s4mieanUc4g,Nuevo testimonio contra menor intervenido con arma: Lo atrapan y otro vecino lo acusa de atentado,Latina Noticias,UCpSJ5fGhmAME9Kx2D3ZvN3Q,191.0,targeted_search,amenaza con arma denuncia Perú,87,AMENAZA_DIRECTA,consulta explícita de una categoría minoritaria,100
oQ5wDYmlooY,https://www.youtube.com/watch?v=oQ5wDYmlooY,Extorsionadores amenazan a transportistas en Independencia,Diario El Popular 🇵🇪,UCC25ArAc6QI7yj1UQG8lqxA,918.0,targeted_search,amenaza con arma denuncia Perú,88,AMENAZA_DIRECTA,consulta explícita de una categoría minoritaria,100
IUsifZq4Mno,https://www.youtube.com/watch?v=IUsifZq4Mno,El Agustino: delincuentes amenazan con armas para robar en casa de apuestas,Buenos Días Perú,UCFnOwPrJ-Skrzk_GPNBV5tg,269.0,targeted_search,amenaza con arma denuncia Perú,89,AMENAZA_DIRECTA,consulta explícita de una categoría minoritaria,100
bcwQ_o8wEKA,https://www.youtube.com/watch?v=bcwQ_o8wEKA,México denuncia a cinco empresas vendedoras de armas del estado fronterizo de Arizona.,DW Español,UCT4Jg8h03dD0iN3Pb5L0PMA,140.0,targeted_search,amenaza con arma denuncia Perú,90,AMENAZA_DIRECTA,consulta explícita de una categoría minoritaria,100
qCjHvOyMwlg,https://www.youtube.com/watch?v=qCjHvOyMwlg,🚨 CAÑETE: Transportistas viven bajo amenaza de extorsión con armas de fuego,JUAN VLADIMIR ROJAS HINOSTROZA,UCwS4dmNWoAVNU4cVKRgwnyg,135.0,targeted_search,amenaza con arma denuncia Perú,91,AMENAZA_DIRECTA,consulta explícita de una categoría minoritaria,100
yj2N1DD6I9M,https://www.youtube.com/watch?v=yj2N1DD6I9M,Gobierno denuncia campaña para involucrar a Bolivia en tráfico de armas - Ene 2010,ComunicaBolivia,UC8geA_g0btSLAAFoRsiT0Cg,95.0,targeted_search,amenaza con arma denuncia Perú,92,AMENAZA_DIRECTA,consulta explícita de una categoría minoritaria,100
NcyrVjSH9FM,https://www.youtube.com/watch?v=NcyrVjSH9FM,"Cayeron extorsionadores en hostal con armas y granadas: ""Se hacían llamar los Antitren""",Latina Noticias,UCpSJ5fGhmAME9Kx2D3ZvN3Q,192.0,targeted_search,amenaza con arma denuncia Perú,93,AMENAZA_DIRECTA,consulta explícita de una categoría minoritaria,100
XbQEln-XtwU,https://www.youtube.com/watch?v=XbQEln-XtwU,Denuncia por el delito de lesiones,Fiscalía SLP,UCuZ-MSymjHvADajckQrt1fw,104.0,targeted_search,amenaza con arma denuncia Perú,94,AMENAZA_DIRECTA,consulta explícita de una categoría minoritaria,100
dWi87iDvW64,https://www.youtube.com/watch?v=dWi87iDvW64,Cae banda de extorsionadores extranjeros que atemorizaban a pequeños negocios en Ate,Buenos Días Perú,UCFnOwPrJ-Skrzk_GPNBV5tg,182.0,targeted_search,amenaza con arma denuncia Perú,95,AMENAZA_DIRECTA,consulta explícita de una categoría minoritaria,100
JrjOgNVzVC0,https://www.youtube.com/watch?v=JrjOgNVzVC0,Atacan con dinamita el restaurante de una mujer en Trujillo para amenazar a su hijo en Chile,Buenos Días Perú,UCFnOwPrJ-Skrzk_GPNBV5tg,143.0,targeted_search,amenaza con arma denuncia Perú,96,AMENAZA_DIRECTA,consulta explícita de una categoría minoritaria,100
WxllZp3hlrk,https://www.youtube.com/watch?v=WxllZp3hlrk,"Más detalles de la denuncia contra L-Gante: ""Lo apuntó con un arma y estaba con su mujer e hija""",Telenueve,UC2Q91pxDF0BPf0eK44pgYMw,963.0,targeted_search,amenaza con arma denuncia Perú,97,AMENAZA_DIRECTA,consulta explícita de una categoría minoritaria,100
oaeFSYggkSc,https://www.youtube.com/watch?v=oaeFSYggkSc,Nuevo Chimbote: Policía dispara a sujeto que amenazaba con cuchillo en intervencióN,Latina Noticias,UCpSJ5fGhmAME9Kx2D3ZvN3Q,134.0,targeted_search,amenaza con arma denuncia Perú,98,AMENAZA_DIRECTA,consulta explícita de una categoría minoritaria,100
PNtsSgLOQkg,https://www.youtube.com/watch?v=PNtsSgLOQkg,Occidente y CHINA llaman a la PAZ MUNDIAL tras amenaza nuclear de RUSIA,Gestión Mundo,UC1FZF46zaC26_CynNc786_g,179.0,targeted_search,amenaza con arma denuncia Perú,99,AMENAZA_DIRECTA,consulta explícita de una categoría minoritaria,100
B-7VDRWFtQs,https://www.youtube.com/watch?v=B-7VDRWFtQs,Policía reduce a menor que amenazaba con arma en la calle: Intentó responder con disparos a agente,Latina Noticias,UCpSJ5fGhmAME9Kx2D3ZvN3Q,164.0,targeted_search,amenaza con arma denuncia Perú,100,AMENAZA_DIRECTA,consulta explícita de una categoría minoritaria,100
TImIdExQRAI,https://www.youtube.com/watch?v=TImIdExQRAI,AMENAZADO DE MUERTE | Jorge Montoya denuncia que recibe amenazas tras ningunear a dirigentes,El Búho pe,UC6xAnp5ygm8oNoBDCgu70UQ,525.0,targeted_search,amenaza de muerte denuncia Perú,1,AMENAZA_DIRECTA,consulta explícita de una categoría minoritaria,100
coRUW1DUydU,https://www.youtube.com/watch?v=coRUW1DUydU,Promotor de eventos folclóricos denuncia ser víctima de extorsión,Buenos Días Perú,UCFnOwPrJ-Skrzk_GPNBV5tg,159.0,targeted_search,amenaza de muerte denuncia Perú,4,AMENAZA_DIRECTA,consulta explícita de una categoría minoritaria,100
MQF6Z7rjuUs,https://www.youtube.com/watch?v=MQF6Z7rjuUs,Lima: Jueza denuncia que es víctima de amenazas de muerte,Central de Noticias ATV,UCztaqSKeJd4T83XAUDYTBHg,153.0,targeted_search,amenaza de muerte denuncia Perú,5,AMENAZA_DIRECTA,consulta explícita de una categoría minoritaria,100
d0JZPeo8ALU,https://www.youtube.com/watch?v=d0JZPeo8ALU,"El capo más poderoso del Perú amenaza al periodista que lo descubrió: ""No me siento protegido""",Latina Noticias,UCpSJ5fGhmAME9Kx2D3ZvN3Q,571.0,targeted_search,amenaza de muerte denuncia Perú,8,AMENAZA_DIRECTA,consulta explícita de una categoría minoritaria,100
PAMKTUjhzzU,https://www.youtube.com/watch?v=PAMKTUjhzzU,General Víctor Revoredo reports death threats from the leader of Los Pulpos,TVPerú Noticias,UCkZCoc42IipR1ucqJmIehsA,142.0,targeted_search,amenaza de muerte denuncia Perú,10,AMENAZA_DIRECTA,consulta explícita de una categoría minoritaria,100
wK2pN18wOj8,https://www.youtube.com/watch?v=wK2pN18wOj8,"ABOGADO LUIS PACHECO DENUNCIA AMENAZAS DE MUERTE POR PARTE DEL ""TREN DE ARAGUA""",CTV Perú Oficial,UCy4UKhdd5U0cUru_sBn-DGA,164.0,targeted_search,amenaza de muerte denuncia Perú,11,AMENAZA_DIRECTA,consulta explícita de una categoría minoritaria,100
bMbqaV66HHw,https://www.youtube.com/watch?v=bMbqaV66HHw,"Alcalde de Pataz denuncia que recibe amenazas de muerte: ""Me piden que renuncia a la alcaldía""",Latina Noticias,UCpSJ5fGhmAME9Kx2D3ZvN3Q,458.0,targeted_search,amenaza de muerte denuncia Perú,12,AMENAZA_DIRECTA,consulta explícita de una categoría minoritaria,100
eK8flEHNo9k,https://www.youtube.com/watch?v=eK8flEHNo9k,Jefe del INPE denuncia amenazas de muerte contra su vida y la de su familia por requisas en penales,Buenos Días Perú,UCFnOwPrJ-Skrzk_GPNBV5tg,128.0,targeted_search,amenaza de muerte denuncia Perú,14,AMENAZA_DIRECTA,consulta explícita de una categoría minoritaria,100
fzhMPg9cQMg,https://www.youtube.com/watch?v=fzhMPg9cQMg,Alcalde de SJL denuncia que ha recibido amenazas de muerte,TVPerú Noticias,UCkZCoc42IipR1ucqJmIehsA,583.0,targeted_search,amenaza de muerte denuncia Perú,15,AMENAZA_DIRECTA,consulta explícita de una categoría minoritaria,100
DrboceIZ1OE,https://www.youtube.com/watch?v=DrboceIZ1OE,Ex jefe policial de Perú que investigó la administración de Boluarte denuncia amenazas de muerte,AGENCIA EFE,UCvJS-YNyaWyOucx8bGrHVvw,112.0,targeted_search,amenaza de muerte denuncia Perú,16,AMENAZA_DIRECTA,consulta explícita de una categoría minoritaria,100
IGZJUyUGxTA,https://www.youtube.com/watch?v=IGZJUyUGxTA,Amenazan de muerte a periodista en Iquitos: ¿Represalia por investigar municipalidades?,Latina Noticias,UCpSJ5fGhmAME9Kx2D3ZvN3Q,120.0,targeted_search,amenaza de muerte denuncia Perú,17,AMENAZA_DIRECTA,consulta explícita de una categoría minoritaria,100
Zqzs_5F_wDo,https://www.youtube.com/watch?v=Zqzs_5F_wDo,Perú denuncia amenazas de muerte contra sus funcionarios diplomáticos en México,El Universal,UC2SEk1w7DgoHs_G3w1biz-w,61.0,targeted_search,amenaza de muerte denuncia Perú,18,AMENAZA_DIRECTA,consulta explícita de una categoría minoritaria,100
WOUTtbVxQUM,https://www.youtube.com/watch?v=WOUTtbVxQUM,Callao: párroco denuncia amenazas de muerte tras revelar casos de corrupción,24 Horas,UCsakKsRww3J7pM6DavkrAIQ,202.0,targeted_search,amenaza de muerte denuncia Perú,19,AMENAZA_DIRECTA,consulta explícita de una categoría minoritaria,100
mTLmFx4SyH8,https://www.youtube.com/watch?v=mTLmFx4SyH8,Alias “El Wichi”: extorsionaba a sus víctimas bajo amenaza de muerte,Panorama,UCBiq92lt_ufNO-ktZigVXgg,811.0,targeted_search,amenaza de muerte denuncia Perú,20,AMENAZA_DIRECTA,consulta explícita de una categoría minoritaria,100
repaTbdJweI,https://www.youtube.com/watch?v=repaTbdJweI,Amenazan de muerte a peruanos que denunciaron estafa laboral en Rusia | #LR,La República - LR+,UC-B7Xv56uNRDkj0vC3QW8Cg,89.0,targeted_search,amenaza de muerte denuncia Perú,21,AMENAZA_DIRECTA,consulta explícita de una categoría minoritaria,100
DpI-yCM5mfU,https://www.youtube.com/watch?v=DpI-yCM5mfU,Alcalde de SJL denuncia que continúa recibiendo amenazas de muerte,TVPerú Noticias,UCkZCoc42IipR1ucqJmIehsA,73.0,targeted_search,amenaza de muerte denuncia Perú,23,AMENAZA_DIRECTA,consulta explícita de una categoría minoritaria,100
5lFoyMI52WU,https://www.youtube.com/watch?v=5lFoyMI52WU,¡Mucho cuidado! Mujer pidió préstamo por aplicativo y hoy la amenazan de muerte,ATV Noticias,UCYG5uXS3xdsoaXIxum1pAEw,522.0,targeted_search,amenaza de muerte denuncia Perú,24,AMENAZA_DIRECTA,consulta explícita de una categoría minoritaria,100
E74co0a_hJI,https://www.youtube.com/watch?v=E74co0a_hJI,Cocktails Case: Protected witness reports receiving death threats,TVPerú Noticias,UCkZCoc42IipR1ucqJmIehsA,42.0,targeted_search,amenaza de muerte denuncia Perú,25,AMENAZA_DIRECTA,consulta explícita de una categoría minoritaria,100
ZgsCVZX07Ys,https://www.youtube.com/watch?v=ZgsCVZX07Ys,Raquel Ataucusi denuncia amenazas de muerte en su contra 17 de febero 2020,Peru 21 El Bicentenario,UCZR3PQrOAzaYymsde6Uu9nA,592.0,targeted_search,amenaza de muerte denuncia Perú,26,AMENAZA_DIRECTA,consulta explícita de una categoría minoritaria,100
nyGb80bPrrM,https://www.youtube.com/watch?v=nyGb80bPrrM,Alcalde de Pachacámac denuncia que recibe amenazas de muerte,TVPerú Noticias,UCkZCoc42IipR1ucqJmIehsA,78.0,targeted_search,amenaza de muerte denuncia Perú,28,AMENAZA_DIRECTA,consulta explícita de una categoría minoritaria,100
rW4-oonQrbk,https://www.youtube.com/watch?v=rW4-oonQrbk,🔴🔵 Teacher from Jaén reports threats against him,Exitosa Noticias,UCxgO_rak_BKZP8VNVmYqbWg,187.0,targeted_search,amenaza de muerte denuncia Perú,30,AMENAZA_DIRECTA,consulta explícita de una categoría minoritaria,100
8MGu1kXq2bM,https://www.youtube.com/watch?v=8MGu1kXq2bM,Funcionaria de Bellavista denuncia amenazas de muerte tras ataque a su vehículo,Buenos Días Perú,UCFnOwPrJ-Skrzk_GPNBV5tg,204.0,targeted_search,amenaza de muerte denuncia Perú,31,AMENAZA_DIRECTA,consulta explícita de una categoría minoritaria,100
iszbXMTa1IY,https://www.youtube.com/watch?v=iszbXMTa1IY,"Presidente del Poder Judicial, Duberlí Rodríguez, denuncia amenazas de muerte",TVPerú Noticias,UCkZCoc42IipR1ucqJmIehsA,150.0,targeted_search,amenaza de muerte denuncia Perú,32,AMENAZA_DIRECTA,consulta explícita de una categoría minoritaria,100
WzqR4Q3vxDI,https://www.youtube.com/watch?v=WzqR4Q3vxDI,Cecilia Tait denuncia amenazas de muerte,RPP Noticias,UC5j8-2FT0ZMMBkmK72R4aeA,51.0,targeted_search,amenaza de muerte denuncia Perú,33,AMENAZA_DIRECTA,consulta explícita de una categoría minoritaria,100
rgQIiVm3au0,https://www.youtube.com/watch?v=rgQIiVm3au0,Chota: Director de penal denuncia amenazas de muerte,enlacenacional,UC_Zpz_cv69p4oL0hDEJz4IA,123.0,targeted_search,amenaza de muerte denuncia Perú,34,AMENAZA_DIRECTA,consulta explícita de una categoría minoritaria,100
NmLlANEfKRY,https://www.youtube.com/watch?v=NmLlANEfKRY,Abogado de Pedro Valdivia denuncia haber recibido amenazas de muerte #ADNRPP | ENTREVISTA,RPP Noticias,UC5j8-2FT0ZMMBkmK72R4aeA,441.0,targeted_search,amenaza de muerte denuncia Perú,35,AMENAZA_DIRECTA,consulta explícita de una categoría minoritaria,100
QJTBQMOXmI8,https://www.youtube.com/watch?v=QJTBQMOXmI8,FUNCIONARIO DENUNCIA AMENAZAS DE MUERTE EN CHILCA,Noticias Región Junín,UChXI7Nzj8oQMdEg4EgBr6eg,95.0,targeted_search,amenaza de muerte denuncia Perú,36,AMENAZA_DIRECTA,consulta explícita de una categoría minoritaria,100
6cdLwVUGWoY,https://www.youtube.com/watch?v=6cdLwVUGWoY,Piura Mayor reports receiving death threats,ATV Noticias,UCYG5uXS3xdsoaXIxum1pAEw,153.0,targeted_search,amenaza de muerte denuncia Perú,37,AMENAZA_DIRECTA,consulta explícita de una categoría minoritaria,100
iszFKLJFxTM,https://www.youtube.com/watch?v=iszFKLJFxTM,Head of INPE reports death threats following massive raids in prisons across the country,TVPerú Noticias,UCkZCoc42IipR1ucqJmIehsA,426.0,targeted_search,amenaza de muerte denuncia Perú,38,AMENAZA_DIRECTA,consulta explícita de una categoría minoritaria,100
JntBLJ0uxpQ,https://www.youtube.com/watch?v=JntBLJ0uxpQ,Áncash: amenazan de muerte al alcalde de Nuevo Chimbote,TVPerú Noticias,UCkZCoc42IipR1ucqJmIehsA,81.0,targeted_search,amenaza de muerte denuncia Perú,39,AMENAZA_DIRECTA,consulta explícita de una categoría minoritaria,100
DO8Z_nqEKPk,https://www.youtube.com/watch?v=DO8Z_nqEKPk,Hombre denuncia que es amenazado por familiares del abusador sexual de su hija,Buenos Días Perú,UCFnOwPrJ-Skrzk_GPNBV5tg,476.0,targeted_search,amenaza de muerte denuncia Perú,40,AMENAZA_DIRECTA,consulta explícita de una categoría minoritaria,100
7AQ2CezcZDM,https://www.youtube.com/watch?v=7AQ2CezcZDM,La Libertad: alcalde denuncia amenazas de muerte en su contra,SOL TV Perú,UCT3jhkKbEV4ZslnzhZ26hPw,160.0,targeted_search,amenaza de muerte denuncia Perú,41,AMENAZA_DIRECTA,consulta explícita de una categoría minoritaria,100
OOFIp1R75gc,https://www.youtube.com/watch?v=OOFIp1R75gc,🔴🔵Alcalde de El Porvenir denuncia recibir amenazas de muerte contra su familia,Exitosa Noticias,UCxgO_rak_BKZP8VNVmYqbWg,617.0,targeted_search,amenaza de muerte denuncia Perú,42,AMENAZA_DIRECTA,consulta explícita de una categoría minoritaria,100
rvck2hlEzi8,https://www.youtube.com/watch?v=rvck2hlEzi8,PNP no recibe denuncia de periodista amenazada de muerte: Reveló irregularidades en obras públicas,Latina Noticias,UCpSJ5fGhmAME9Kx2D3ZvN3Q,143.0,targeted_search,amenaza de muerte denuncia Perú,43,AMENAZA_DIRECTA,consulta explícita de una categoría minoritaria,100
DRLtX_RZ7Wg,https://www.youtube.com/watch?v=DRLtX_RZ7Wg,Cuarto Poder: alcalde de La Victoria denuncia amenazas de muerte,América Noticias,UCPhm2I2wk4vqjENwhn3px8A,739.0,targeted_search,amenaza de muerte denuncia Perú,44,AMENAZA_DIRECTA,consulta explícita de una categoría minoritaria,100
BLKFqehIpbg,https://www.youtube.com/watch?v=BLKFqehIpbg,Lurigancho-Chosica: alcalde Oswaldo Vargas denuncia que es víctima de amenazas de muerte,TVPerú Noticias,UCkZCoc42IipR1ucqJmIehsA,125.0,targeted_search,amenaza de muerte denuncia Perú,45,AMENAZA_DIRECTA,consulta explícita de una categoría minoritaria,100
qNRKqwPGNL4,https://www.youtube.com/watch?v=qNRKqwPGNL4,DELINCUENTE AMENAZA DE MUERTE A JUEZ EN AUDIENCIA,Perú Actual,UC2QhJFzvnB2SDBfnOd2zJBA,90.0,targeted_search,amenaza de muerte denuncia Perú,47,AMENAZA_DIRECTA,consulta explícita de una categoría minoritaria,100
D_ko5djyVQ4,https://www.youtube.com/watch?v=D_ko5djyVQ4,Alcalde de La Molina denuncia que es víctima de amenazas #ENFOQUERPP | ENTREVISTA,RPP Noticias,UC5j8-2FT0ZMMBkmK72R4aeA,658.0,targeted_search,amenaza de muerte denuncia Perú,48,AMENAZA_DIRECTA,consulta explícita de una categoría minoritaria,100
I2ucABDrdtg,https://www.youtube.com/watch?v=I2ucABDrdtg,"Pamela López recibe amenazas de muerte tras denunciar a Cueva: ""Tiene juntas que a ella no le gusta""",Latina Noticias,UCpSJ5fGhmAME9Kx2D3ZvN3Q,838.0,targeted_search,amenaza de muerte denuncia Perú,50,AMENAZA_DIRECTA,consulta explícita de una categoría minoritaria,100
w9mkHjzhTAM,https://www.youtube.com/watch?v=w9mkHjzhTAM,SJL: trabajador invidente denuncia amenazas de muerte (3/3),24 Horas,UCsakKsRww3J7pM6DavkrAIQ,108.0,targeted_search,amenaza de muerte denuncia Perú,51,AMENAZA_DIRECTA,consulta explícita de una categoría minoritaria,100
zC60pO4jhKY,https://www.youtube.com/watch?v=zC60pO4jhKY,Dueño de pollería donde abatieron a delincuente denuncia amenazas de muerte (2/2),24 Horas,UCsakKsRww3J7pM6DavkrAIQ,128.0,targeted_search,amenaza de muerte denuncia Perú,52,AMENAZA_DIRECTA,consulta explícita de una categoría minoritaria,100
M3nlnD-Cp1M,https://www.youtube.com/watch?v=M3nlnD-Cp1M,Lambayeque: empresario denuncia amenazas de muerte,SOL TV Perú,UCT3jhkKbEV4ZslnzhZ26hPw,100.0,targeted_search,amenaza de muerte denuncia Perú,53,AMENAZA_DIRECTA,consulta explícita de una categoría minoritaria,100
AUj_e7TRZoc,https://www.youtube.com/watch?v=AUj_e7TRZoc,Fiscal de Lima Norte recibe amenazas de muerte pero sigue firme en su labor 👩‍⚖️,Buenos Días Perú,UCFnOwPrJ-Skrzk_GPNBV5tg,162.0,targeted_search,amenaza de muerte denuncia Perú,54,AMENAZA_DIRECTA,consulta explícita de una categoría minoritaria,100
xaYf3ij66vA,https://www.youtube.com/watch?v=xaYf3ij66vA,Trujillo: alcalde denuncia amenazas de muerte por liberar servicio de taxis,TVPerú Noticias,UCkZCoc42IipR1ucqJmIehsA,106.0,targeted_search,amenaza de muerte denuncia Perú,55,AMENAZA_DIRECTA,consulta explícita de una categoría minoritaria,100
mcizybMla_c,https://www.youtube.com/watch?v=mcizybMla_c,🚨 Detenido amenaza de muerte a juez durante su audiencia si no lo libera,Latina Noticias,UCpSJ5fGhmAME9Kx2D3ZvN3Q,86.0,targeted_search,amenaza de muerte denuncia Perú,57,AMENAZA_DIRECTA,consulta explícita de una categoría minoritaria,100
YOqMOY2lIiI,https://www.youtube.com/watch?v=YOqMOY2lIiI,Rafael Muente reports death threats: The cost of banning the sale of SIM cards on the streets,Arde Troya con Juliana Oxenford,UCgEabnv1xth8-qeWqMsTmDw,818.0,targeted_search,amenaza de muerte denuncia Perú,59,AMENAZA_DIRECTA,consulta explícita de una categoría minoritaria,100
F8w3PIkEpjI,https://www.youtube.com/watch?v=F8w3PIkEpjI,Irene Montero denuncia ante la Policía amenazas de muerte y pide protección a Interior | EL PAÍS,EL PAÍS,UCnsvJeZO4RigQ898WdDNoBw,79.0,targeted_search,amenaza de muerte denuncia Perú,60,AMENAZA_DIRECTA,consulta explícita de una categoría minoritaria,100
fXeutHtF-2M,https://www.youtube.com/watch?v=fXeutHtF-2M,Arequipa: familia de adolescente desaparecido en el Colca denuncia amenazas de muerte,RPP Noticias,UC5j8-2FT0ZMMBkmK72R4aeA,650.0,targeted_search,amenaza de muerte denuncia Perú,62,AMENAZA_DIRECTA,consulta explícita de una categoría minoritaria,100
eb05sYm5N6s,https://www.youtube.com/watch?v=eb05sYm5N6s,🔴🔵 Pronunciamiento del JNE sobre amenazas de muerte al titular y ataques a la institución,Exitosa Noticias,UCxgO_rak_BKZP8VNVmYqbWg,18.0,targeted_search,amenaza de muerte denuncia Perú,63,AMENAZA_DIRECTA,consulta explícita de una categoría minoritaria,100
OczDKRohJZk,https://www.youtube.com/watch?v=OczDKRohJZk,El ministro García Sayán denuncia amenazas de muerte,Centro de Documentación e Investigación LUM,UCwo0O4Ge_s-hcIxtB2gfAXw,131.0,targeted_search,amenaza de muerte denuncia Perú,64,AMENAZA_DIRECTA,consulta explícita de una categoría minoritaria,100
mmHETe_8uAA,https://www.youtube.com/watch?v=mmHETe_8uAA,"SERIOUS! Mayor of Sullana Reports Death Threats for Extortion: “If I don’t pay, they’ll kill me”",TALARA_ NOTICIAS,UCFTjkqGWyn0RJupyUP7m4cw,86.0,targeted_search,amenaza de muerte denuncia Perú,65,AMENAZA_DIRECTA,consulta explícita de una categoría minoritaria,100
rSEDAPmWmpw,https://www.youtube.com/watch?v=rSEDAPmWmpw,El gobierno de Perú denuncia amenazas a sus diplomáticos en México,Canal 26,UCrpMfcQNog595v5gAS-oUsQ,147.0,targeted_search,amenaza de muerte denuncia Perú,66,AMENAZA_DIRECTA,consulta explícita de una categoría minoritaria,100
et2Pk0Xa6VU,https://www.youtube.com/watch?v=et2Pk0Xa6VU,"Delany López denuncia que recibe amenazas: “Te mueres tú y tu hijo, te voy a volar la cabeza”",Panamericana Televisión,UCngb4rxO4iUE6BrIs29WXwA,890.0,targeted_search,amenaza de muerte denuncia Perú,67,AMENAZA_DIRECTA,consulta explícita de una categoría minoritaria,100
HxatfCgFFbk,https://www.youtube.com/watch?v=HxatfCgFFbk,Periodista amenazado por denunciar a policías corruptos en Arequipa. 16-26 ,Marcial de la Cruz Esparza,UCs3F86hDDs8D4R65p8FzRIA,136.0,targeted_search,amenaza de muerte denuncia Perú,68,AMENAZA_DIRECTA,consulta explícita de una categoría minoritaria,100
PUYWKRAlbKk,https://www.youtube.com/watch?v=PUYWKRAlbKk,Trujillo: alcalde de Pataz denuncia amenazas de muerte,SOL TV Perú,UCT3jhkKbEV4ZslnzhZ26hPw,179.0,targeted_search,amenaza de muerte denuncia Perú,69,AMENAZA_DIRECTA,consulta explícita de una categoría minoritaria,100
BHmrBsUCvlA,https://www.youtube.com/watch?v=BHmrBsUCvlA,LUIS PACHECO AFIRMA HABER SIDO AMENAZADO DE MUERTE TRAS DENUNCIAR AL 'EQUIPO ESPECIAL LAVA JATO,CTV Perú Oficial,UCy4UKhdd5U0cUru_sBn-DGA,121.0,targeted_search,amenaza de muerte denuncia Perú,70,AMENAZA_DIRECTA,consulta explícita de una categoría minoritaria,100
lKvqbj2ucn8,https://www.youtube.com/watch?v=lKvqbj2ucn8,San Borja: amenazan de muerte a hombre que detuvo a sospechosos de robar a su madre,Buenos Días Perú,UCFnOwPrJ-Skrzk_GPNBV5tg,180.0,targeted_search,amenaza de muerte denuncia Perú,71,AMENAZA_DIRECTA,consulta explícita de una categoría minoritaria,100
qtdmwJTMOks,https://www.youtube.com/watch?v=qtdmwJTMOks,🔴🔵Perú Libre | Militante denuncia que es amenazado de muerte por parte de grupo que apoya a Keiko,Exitosa Noticias,UCxgO_rak_BKZP8VNVmYqbWg,761.0,targeted_search,amenaza de muerte denuncia Perú,72,AMENAZA_DIRECTA,consulta explícita de una categoría minoritaria,100
NCTz2XGC-mE,https://www.youtube.com/watch?v=NCTz2XGC-mE,¿Cómo reportar una amenaza de extorsión y proceder con la denuncia?,RPP Noticias,UC5j8-2FT0ZMMBkmK72R4aeA,950.0,targeted_search,amenaza de muerte denuncia Perú,73,AMENAZA_DIRECTA,consulta explícita de una categoría minoritaria,100
QZYOha36IJ0,https://www.youtube.com/watch?v=QZYOha36IJ0,Alejandro Salas denuncia que él y otros ministros reciben amenazas de muerte,RPP Noticias,UC5j8-2FT0ZMMBkmK72R4aeA,196.0,targeted_search,amenaza de muerte denuncia Perú,74,AMENAZA_DIRECTA,consulta explícita de una categoría minoritaria,100
kDCVPYDZPHQ,https://www.youtube.com/watch?v=kDCVPYDZPHQ,Procuradora denuncia amenazas de muerte en su contra Parte 01,Inforegión Perú,UCOB3Gey8SydgGqnBYe_FJwA,701.0,targeted_search,amenaza de muerte denuncia Perú,75,AMENAZA_DIRECTA,consulta explícita de una categoría minoritaria,100
YwE4eTqWX9U,https://www.youtube.com/watch?v=YwE4eTqWX9U,Key witness reports threats in case against Víctor Zanabria | Cuarto Poder | Peru,América Noticias,UCPhm2I2wk4vqjENwhn3px8A,902.0,targeted_search,amenaza de muerte denuncia Perú,76,AMENAZA_DIRECTA,consulta explícita de una categoría minoritaria,100
a2cBGxbYXLQ,https://www.youtube.com/watch?v=a2cBGxbYXLQ,JNE bajo amenaza de muerte y fiscales bajo ataque | Sin Guion con Rosa María Palacios,La República - LR+,UC-B7Xv56uNRDkj0vC3QW8Cg,1611.0,targeted_search,amenaza de muerte denuncia Perú,77,AMENAZA_DIRECTA,consulta explícita de una categoría minoritaria,100
fWSuD00zoUg,https://www.youtube.com/watch?v=fWSuD00zoUg,Jefe del INPE denuncia amenazas de muerte por requisas en penales,Radio Nacional,UCVW7J-lF26d3G3X8i2zmKow,54.0,targeted_search,amenaza de muerte denuncia Perú,78,AMENAZA_DIRECTA,consulta explícita de una categoría minoritaria,100
gtRkZhbz4e8,https://www.youtube.com/watch?v=gtRkZhbz4e8,Bellavista: amenazan de muerte a trabajadora municipal y atacan su auto,Buenos Días Perú,UCFnOwPrJ-Skrzk_GPNBV5tg,481.0,targeted_search,amenaza de muerte denuncia Perú,79,AMENAZA_DIRECTA,consulta explícita de una categoría minoritaria,100
oF_k2D0H6Mg,https://www.youtube.com/watch?v=oF_k2D0H6Mg,Perú denuncia amenazas contra sus diplomáticos en México | PROGRAMA COMPLETO | 02/06/23,Grupo Fórmula,UCzmd9Aj2wmPggWZJpLdBB8Q,7034.0,targeted_search,amenaza de muerte denuncia Perú,80,AMENAZA_DIRECTA,consulta explícita de una categoría minoritaria,100
FooCwyH03pQ,https://www.youtube.com/watch?v=FooCwyH03pQ,Iquitos: periodista denuncia amenaza de muerte tras tocar tema relacionado con Linda Caba,ATV Noticias,UCYG5uXS3xdsoaXIxum1pAEw,234.0,targeted_search,amenaza de muerte denuncia Perú,81,AMENAZA_DIRECTA,consulta explícita de una categoría minoritaria,100
3zUkK2VDSJs,https://www.youtube.com/watch?v=3zUkK2VDSJs,Familiares de dirigente vecinal asesinada en Pachacámac denuncian amenazas de muerte (1/2),Buenos Días Perú,UCFnOwPrJ-Skrzk_GPNBV5tg,280.0,targeted_search,amenaza de muerte denuncia Perú,82,AMENAZA_DIRECTA,consulta explícita de una categoría minoritaria,100
pdf8OjIt_RQ,https://www.youtube.com/watch?v=pdf8OjIt_RQ,Jorge Luis Salas Arenas denuncia amenazas directas de 'Los combatientes',RPP Noticias,UC5j8-2FT0ZMMBkmK72R4aeA,467.0,targeted_search,amenaza de muerte denuncia Perú,83,AMENAZA_DIRECTA,consulta explícita de una categoría minoritaria,100
v1V0N-rJyHc,https://www.youtube.com/watch?v=v1V0N-rJyHc,🗣️🚨JEFE del INPE DENUNCIA ser VÍCTlMA de AMENAZAS #ROTATIVARPP | ENTREVISTA,RPP Noticias,UC5j8-2FT0ZMMBkmK72R4aeA,631.0,targeted_search,amenaza de muerte denuncia Perú,84,AMENAZA_DIRECTA,consulta explícita de una categoría minoritaria,100
CvMha1RH4b8,https://www.youtube.com/watch?v=CvMha1RH4b8,🔴🔵La Molina: Alcalde Diego Uceda denuncia amenazas de muerte por parte de traficantes de terrenos,Exitosa Noticias,UCxgO_rak_BKZP8VNVmYqbWg,265.0,targeted_search,amenaza de muerte denuncia Perú,85,AMENAZA_DIRECTA,consulta explícita de una categoría minoritaria,100
cd0GIbsD3CI,https://www.youtube.com/watch?v=cd0GIbsD3CI,Suboficial PNP William Pingo denuncia que recibe amenazas de muerte (1/12/13),lamula externos (la mula),UCY6bK9tiSKBgZsxB6fBYXbA,450.0,targeted_search,amenaza de muerte denuncia Perú,86,AMENAZA_DIRECTA,consulta explícita de una categoría minoritaria,100
0Zn0UAexD6A,https://www.youtube.com/watch?v=0Zn0UAexD6A,🔴🔵Periodista denuncia amenazas tras informe contra venta ilegal de pirotécnicos,Exitosa Noticias,UCxgO_rak_BKZP8VNVmYqbWg,117.0,targeted_search,amenaza de muerte denuncia Perú,87,AMENAZA_DIRECTA,consulta explícita de una categoría minoritaria,100
I9nYjKfeAlA,https://www.youtube.com/watch?v=I9nYjKfeAlA,Decano del Colegio de Ingenieros de Piura denuncia amenazas de muerte,enlacenacional,UC_Zpz_cv69p4oL0hDEJz4IA,96.0,targeted_search,amenaza de muerte denuncia Perú,88,AMENAZA_DIRECTA,consulta explícita de una categoría minoritaria,100
AVAVBysKzG4,https://www.youtube.com/watch?v=AVAVBysKzG4,Trujillo: transportistas denuncian asaltos y amenazas de muerte,SOL TV Perú,UCT3jhkKbEV4ZslnzhZ26hPw,134.0,targeted_search,amenaza de muerte denuncia Perú,89,AMENAZA_DIRECTA,consulta explícita de una categoría minoritaria,100
gMGviZYyxlk,https://www.youtube.com/watch?v=gMGviZYyxlk,La Libertad: amenazan de muerte a nuevo director del penal “El Milagro”,SOL TV Perú,UCT3jhkKbEV4ZslnzhZ26hPw,122.0,targeted_search,amenaza de muerte denuncia Perú,90,AMENAZA_DIRECTA,consulta explícita de una categoría minoritaria,100
xsqatME6y6E,https://www.youtube.com/watch?v=xsqatME6y6E,Extorsionan y amenazan de muerte a directora de ONG y le piden  15 mil soles (1/2),Buenos Días Perú,UCFnOwPrJ-Skrzk_GPNBV5tg,373.0,targeted_search,amenaza de muerte denuncia Perú,91,AMENAZA_DIRECTA,consulta explícita de una categoría minoritaria,100
FVk6aFYIHjU,https://www.youtube.com/watch?v=FVk6aFYIHjU,Los Olivos: víctima de extorsión recibe amenazas de muerte y un arreglo fúnebre en su negocio,Buenos Días Perú,UCFnOwPrJ-Skrzk_GPNBV5tg,589.0,targeted_search,amenaza de muerte denuncia Perú,92,AMENAZA_DIRECTA,consulta explícita de una categoría minoritaria,100
6539EddfBKc,https://www.youtube.com/watch?v=6539EddfBKc,Huaraz: 'Tren de Aragua' amenaza a empresaria tras denunciar el robo de sus camionetas,Buenos Días Perú,UCFnOwPrJ-Skrzk_GPNBV5tg,116.0,targeted_search,amenaza de muerte denuncia Perú,93,AMENAZA_DIRECTA,consulta explícita de una categoría minoritaria,100
prTs9nIlr_w,https://www.youtube.com/watch?v=prTs9nIlr_w,🔴 Presidente del JNE señala temer por la democracia y denuncia amenazas contra su vida,Nativa,UCdl1ygFwPa6lUdNYPLjoAGg,920.0,targeted_search,amenaza de muerte denuncia Perú,94,AMENAZA_DIRECTA,consulta explícita de una categoría minoritaria,100
2e93QCFCcWM,https://www.youtube.com/watch?v=2e93QCFCcWM,🔴🔵Beder Camacho denuncia recibir amenazas de muerte y responsabiliza al presidente y su entorno,Exitosa Noticias,UCxgO_rak_BKZP8VNVmYqbWg,766.0,targeted_search,amenaza de muerte denuncia Perú,95,AMENAZA_DIRECTA,consulta explícita de una categoría minoritaria,100
RgtUib8gk2o,https://www.youtube.com/watch?v=RgtUib8gk2o,Presidente de JEE de Ayacucho denunció amenazas de muerte tras tacha a Oscorima   Peru   Canal N,Ayacucho360,UCmxycEzWptrVQIF7MJuxeKw,183.0,targeted_search,amenaza de muerte denuncia Perú,96,AMENAZA_DIRECTA,consulta explícita de una categoría minoritaria,100
cjHoBeIJB1k,https://www.youtube.com/watch?v=cjHoBeIJB1k,Alcaldes bajo amenaza de muerte: sicarios acorralan autoridades en la selva,Panorama,UCBiq92lt_ufNO-ktZigVXgg,924.0,targeted_search,amenaza de muerte denuncia Perú,97,AMENAZA_DIRECTA,consulta explícita de una categoría minoritaria,100
U6AEPQqNbcI,https://www.youtube.com/watch?v=U6AEPQqNbcI,Áncash: alcalde de Coishco denuncia amenazas de muerte,24 Horas,UCsakKsRww3J7pM6DavkrAIQ,75.0,targeted_search,amenaza de muerte denuncia Perú,99,AMENAZA_DIRECTA,consulta explícita de una categoría minoritaria,100
AzJ3g2rNwcg,https://www.youtube.com/watch?v=AzJ3g2rNwcg,Vidas bajo extorsión: terror y violencia en todo el Perú,Panorama,UCBiq92lt_ufNO-ktZigVXgg,918.0,targeted_search,amenaza de secuestro denuncia Perú,1,AMENAZA_DIRECTA,consulta explícita de una categoría minoritaria,100
NVLDz9tAdqk,https://www.youtube.com/watch?v=NVLDz9tAdqk,John Kelvin denunció estar amenazado de secuestro,tvoperutv,UCwga7GiEFCCSstOEtQaRAgw,127.0,targeted_search,amenaza de secuestro denuncia Perú,2,AMENAZA_DIRECTA,consulta explícita de una categoría minoritaria,100
RhZovhPG_FE,https://www.youtube.com/watch?v=RhZovhPG_FE,'Podría ocurrir algo': Tripulantes siguen secuestrados y empresa sigue recibiendo amenazas,Latina Noticias,UCpSJ5fGhmAME9Kx2D3ZvN3Q,354.0,targeted_search,amenaza de secuestro denuncia Perú,4,AMENAZA_DIRECTA,consulta explícita de una categoría minoritaria,100
vgmmZ3cZLRE,https://www.youtube.com/watch?v=vgmmZ3cZLRE,"Amenazan a comerciantes con secuestrar a sus hijos si no pagan cupo: ""Nos piden S/5 mil""",Latina Noticias,UCpSJ5fGhmAME9Kx2D3ZvN3Q,173.0,targeted_search,amenaza de secuestro denuncia Perú,6,AMENAZA_DIRECTA,consulta explícita de una categoría minoritaria,100
WYoeWmzCb5U,https://www.youtube.com/watch?v=WYoeWmzCb5U,Secuestro y coacción | Consultorio Alegra,Ministerio de Justicia y Derechos Humanos,UCUplbK1nnI1dnjfU2BiAVRw,384.0,targeted_search,amenaza de secuestro denuncia Perú,8,AMENAZA_DIRECTA,consulta explícita de una categoría minoritaria,100
XtiMVXc6ZO0,https://www.youtube.com/watch?v=XtiMVXc6ZO0,ALERTA! Cuarto poder revela amenazas del monstruo con la pnp y vinculos con la policia,Peru Noticias Snit,UCiFwXD02rVki7-xXEpoE64A,250.0,targeted_search,amenaza de secuestro denuncia Perú,9,AMENAZA_DIRECTA,consulta explícita de una categoría minoritaria,100
M0bixA-eM68,https://www.youtube.com/watch?v=M0bixA-eM68,Empresario es secuestrado por exempleado que lo torturó exigiendo rescate y ahora es amenazado,QUE HAY DE NUEVO PERU,UCRl1-oM_NM-BtCEyTFd-aRA,222.0,targeted_search,amenaza de secuestro denuncia Perú,10,AMENAZA_DIRECTA,consulta explícita de una categoría minoritaria,100
fNxaNvTRfhk,https://www.youtube.com/watch?v=fNxaNvTRfhk,"$500,000 kidnapping ends in tragedy | Domingo al Día | Peru",América Noticias,UCPhm2I2wk4vqjENwhn3px8A,807.0,targeted_search,amenaza de secuestro denuncia Perú,11,AMENAZA_DIRECTA,consulta explícita de una categoría minoritaria,100
1hybRUihTPM,https://www.youtube.com/watch?v=1hybRUihTPM,"Critican reacción de comisaría tras denunciar graves amenazas: ""Nos dijo que no tenemos corona""",Latina Noticias,UCpSJ5fGhmAME9Kx2D3ZvN3Q,316.0,targeted_search,amenaza de secuestro denuncia Perú,12,AMENAZA_DIRECTA,consulta explícita de una categoría minoritaria,100
h6qvbFtyit4,https://www.youtube.com/watch?v=h6qvbFtyit4,El Agustino: denuncian secuestro a dueño de billar,24 Horas,UCsakKsRww3J7pM6DavkrAIQ,189.0,targeted_search,amenaza de secuestro denuncia Perú,13,AMENAZA_DIRECTA,consulta explícita de una categoría minoritaria,100
HL6n7oZHIfs,https://www.youtube.com/watch?v=HL6n7oZHIfs,Arequipa: alcalde de Caravelí denuncia amenazas de muerte a personal de fiscalización,TVPerú Noticias,UCkZCoc42IipR1ucqJmIehsA,104.0,targeted_search,amenaza de secuestro denuncia Perú,14,AMENAZA_DIRECTA,consulta explícita de una categoría minoritaria,100
tM4wUpnabRs,https://www.youtube.com/watch?v=tM4wUpnabRs,KIDNAPPER Who Tried to THROW GRENADE at POLICE Killed during BUSINESSMAN RESCUE | #LR,La República - LR+,UC-B7Xv56uNRDkj0vC3QW8Cg,119.0,targeted_search,amenaza de secuestro denuncia Perú,15,AMENAZA_DIRECTA,consulta explícita de una categoría minoritaria,100
cotHykvHGz0,https://www.youtube.com/watch?v=cotHykvHGz0,Taxi secuestro: La delincuencia contraataca antes de las fiestas,Panorama,UCBiq92lt_ufNO-ktZigVXgg,836.0,targeted_search,amenaza de secuestro denuncia Perú,16,AMENAZA_DIRECTA,consulta explícita de una categoría minoritaria,100
C4BCrV3oib8,https://www.youtube.com/watch?v=C4BCrV3oib8,"$500,000 kidnapping ends in tragedy | Domingo al Día | Peru",América Televisión,UCGGry4kGWZUqIfG6LLNhOmg,807.0,targeted_search,amenaza de secuestro denuncia Perú,17,AMENAZA_DIRECTA,consulta explícita de una categoría minoritaria,100
XAsfq8Jr78k,https://www.youtube.com/watch?v=XAsfq8Jr78k,🔴🔵Huancayo: ¡De no creer! Secuestran a escolar por ser hincha de equipo rival y lo amenazan con arma,Exitosa Noticias,UCxgO_rak_BKZP8VNVmYqbWg,114.0,targeted_search,amenaza de secuestro denuncia Perú,18,AMENAZA_DIRECTA,consulta explícita de una categoría minoritaria,100
KSxbxnNPhp0,https://www.youtube.com/watch?v=KSxbxnNPhp0,"Secuestro en Perú: ""Las personas tienen que denunciar inmediatamente a la policía""",RPP Noticias,UC5j8-2FT0ZMMBkmK72R4aeA,1098.0,targeted_search,amenaza de secuestro denuncia Perú,19,AMENAZA_DIRECTA,consulta explícita de una categoría minoritaria,100
-Jt08NnztQE,https://www.youtube.com/watch?v=-Jt08NnztQE,Inseguridad ciudadana: secuestrados y amenazados por falsos colectiveros,Panorama,UCBiq92lt_ufNO-ktZigVXgg,932.0,targeted_search,amenaza de secuestro denuncia Perú,20,AMENAZA_DIRECTA,consulta explícita de una categoría minoritaria,100
bqzkOubV6gA,https://www.youtube.com/watch?v=bqzkOubV6gA,"Mauricio Aguirre habla del SECUESTRO DE PERIODISTAS: ""Había una situación de amenaza"" #p21tv",Peru21TV,UCNd09h2GugrdeT_80LxOFMw,514.0,targeted_search,amenaza de secuestro denuncia Perú,21,AMENAZA_DIRECTA,consulta explícita de una categoría minoritaria,100
nkNqLF6t65o,https://www.youtube.com/watch?v=nkNqLF6t65o,Abuelito lleva secuestrado tres meses: familia pagó rescate pero aún no lo liberan,Buenos Días Perú,UCFnOwPrJ-Skrzk_GPNBV5tg,600.0,targeted_search,amenaza de secuestro denuncia Perú,22,AMENAZA_DIRECTA,consulta explícita de una categoría minoritaria,100
9GyAYScUyBU,https://www.youtube.com/watch?v=9GyAYScUyBU,AUMENTAN las denuncias de EXTORSIÓN y SECUESTRO a nivel nacional,TVPerú Noticias,UCkZCoc42IipR1ucqJmIehsA,778.0,targeted_search,amenaza de secuestro denuncia Perú,23,AMENAZA_DIRECTA,consulta explícita de una categoría minoritaria,100
-nAcUpsxqPc,https://www.youtube.com/watch?v=-nAcUpsxqPc,Grave denuncia de joven en Comas: fue secuestrada y asaltada en taxi por aplicativo,El Dominical de Panamericana,UCMfcN0OV7d61cWPLYm5qHpw,177.0,targeted_search,amenaza de secuestro denuncia Perú,24,AMENAZA_DIRECTA,consulta explícita de una categoría minoritaria,100
dtyxW-T9W4I,https://www.youtube.com/watch?v=dtyxW-T9W4I,Fiscal Marita Barreto denuncia amenaza a testigo protegido Ivan Siucho #ECONOMIAXTODOS | DESPACHO,RPP Noticias,UC5j8-2FT0ZMMBkmK72R4aeA,296.0,targeted_search,amenaza de secuestro denuncia Perú,25,AMENAZA_DIRECTA,consulta explícita de una categoría minoritaria,100
Dn0kVNAelqI,https://www.youtube.com/watch?v=Dn0kVNAelqI,CRIMINALS DISGUISED AS POLICE UNLEASH TERROR BY KIDNAPPING 30 WORKERS IN A MINE!,CTV Perú Oficial,UCy4UKhdd5U0cUru_sBn-DGA,865.0,targeted_search,amenaza de secuestro denuncia Perú,26,AMENAZA_DIRECTA,consulta explícita de una categoría minoritaria,100
PqAwTbc_dsI,https://www.youtube.com/watch?v=PqAwTbc_dsI,"Madre de empresario secuestrado rechaza autosecuestro: ""Él ya recibía amenazas""",Buenos Días Perú,UCFnOwPrJ-Skrzk_GPNBV5tg,722.0,targeted_search,amenaza de secuestro denuncia Perú,28,AMENAZA_DIRECTA,consulta explícita de una categoría minoritaria,100
R6rzjgSMC5s,https://www.youtube.com/watch?v=R6rzjgSMC5s,Madres peruanas que denuncien secuestros de sus hijos son amenazadas por la policía,Noticias Perú,UC93-uMxa9LHhUgNO5Oqn9xQ,172.0,targeted_search,amenaza de secuestro denuncia Perú,29,AMENAZA_DIRECTA,consulta explícita de una categoría minoritaria,100
BvHvbeOrCLA,https://www.youtube.com/watch?v=BvHvbeOrCLA,Secuestrada Del TREN DE ARAGUA Cuenta Como Escapó,NOTICIAS PERÚ TV,UCCDMKJWQveui7WIjTLS68WQ,895.0,targeted_search,amenaza de secuestro denuncia Perú,30,AMENAZA_DIRECTA,consulta explícita de una categoría minoritaria,100
AoNoJiJV4xg,https://www.youtube.com/watch?v=AoNoJiJV4xg,"""El Rescate"": cuando la ayuda se convierte en amenaza",Gobierno Regional La Libertad,UC0IcCo7kPbktO-rply0HtJQ,46.0,targeted_search,amenaza de secuestro denuncia Perú,31,AMENAZA_DIRECTA,consulta explícita de una categoría minoritaria,100
AFXZxd3y1lw,https://www.youtube.com/watch?v=AFXZxd3y1lw,"Fingían ser colectiveros, pero encañonaban a sus pasajeros: ""Iban a ir contra nuestros familiares""",Latina Noticias,UCpSJ5fGhmAME9Kx2D3ZvN3Q,172.0,targeted_search,amenaza de secuestro denuncia Perú,32,AMENAZA_DIRECTA,consulta explícita de una categoría minoritaria,100
smzBfkVQKU0,https://www.youtube.com/watch?v=smzBfkVQKU0,“Pedí un taxi por app… y desperté secuestrado”: así me robaron 22 mil soles,Latina Noticias,UCpSJ5fGhmAME9Kx2D3ZvN3Q,1505.0,targeted_search,amenaza de secuestro denuncia Perú,34,AMENAZA_DIRECTA,consulta explícita de una categoría minoritaria,100
nzPrRlN3mFU,https://www.youtube.com/watch?v=nzPrRlN3mFU,"Ciudadana asegura recibir amenazas de secuestro por parte de banda criminal “El Tren de Aragua""",Televisión Tarapoto,UCkS4Pt8DVdqtZ5-o2Be1zuA,407.0,targeted_search,amenaza de secuestro denuncia Perú,35,AMENAZA_DIRECTA,consulta explícita de una categoría minoritaria,100
893q_oMLM2I,https://www.youtube.com/watch?v=893q_oMLM2I,Junín: joven ordena secuestro y asesinato de su propio hijo,Latina Noticias,UCpSJ5fGhmAME9Kx2D3ZvN3Q,628.0,targeted_search,amenaza de secuestro denuncia Perú,36,AMENAZA_DIRECTA,consulta explícita de una categoría minoritaria,100
c013dS9GgqY,https://www.youtube.com/watch?v=c013dS9GgqY,Sale a la luz video de empresario que fue secuestrado por 'Los Pulpos': “sálvame la vida”,Buenos Días Perú,UCFnOwPrJ-Skrzk_GPNBV5tg,118.0,targeted_search,amenaza de secuestro denuncia Perú,37,AMENAZA_DIRECTA,consulta explícita de una categoría minoritaria,100
gdSahf23Csg,https://www.youtube.com/watch?v=gdSahf23Csg,Hablan víctimas del secuestro más salvaje de los últimos días: bandas imponen el “secuestro express”,Panorama,UCBiq92lt_ufNO-ktZigVXgg,878.0,targeted_search,amenaza de secuestro denuncia Perú,38,AMENAZA_DIRECTA,consulta explícita de una categoría minoritaria,100
mHZJkoUEce4,https://www.youtube.com/watch?v=mHZJkoUEce4,Rescatan a joven universitaria secuestrada por quien pedían 50 mil soles,Buenos Días Perú,UCFnOwPrJ-Skrzk_GPNBV5tg,586.0,targeted_search,amenaza de secuestro denuncia Perú,39,AMENAZA_DIRECTA,consulta explícita de una categoría minoritaria,100
J3EOvpxvhWo,https://www.youtube.com/watch?v=J3EOvpxvhWo,Carabayllo: liberan a empresario que fue secuestrado en Los Olivos tras 9 días de rapto (1/2),Buenos Días Perú,UCFnOwPrJ-Skrzk_GPNBV5tg,295.0,targeted_search,amenaza de secuestro denuncia Perú,40,AMENAZA_DIRECTA,consulta explícita de una categoría minoritaria,100
cojfbUDnyPc,https://www.youtube.com/watch?v=cojfbUDnyPc,"Periodista torturado en Majaz, denuncia amenazas de muerte en su contra",Idealterna Peru,UCgAZpDzKMjscPxn0JSdk7oQ,169.0,targeted_search,amenaza de secuestro denuncia Perú,41,AMENAZA_DIRECTA,consulta explícita de una categoría minoritaria,100
pVZABud4wxI,https://www.youtube.com/watch?v=pVZABud4wxI,🔴🔵 'The Monster': Criminals threaten to kidnap Erick Moreno Hernández's mother.,Exitosa Noticias,UCxgO_rak_BKZP8VNVmYqbWg,151.0,targeted_search,amenaza de secuestro denuncia Perú,42,AMENAZA_DIRECTA,consulta explícita de una categoría minoritaria,100
L40qef6Mx2M,https://www.youtube.com/watch?v=L40qef6Mx2M,"Secuestro, extorsión, sicariato: Chile en alerta por organización derivada de banda criminal peruana",Latina Noticias,UCpSJ5fGhmAME9Kx2D3ZvN3Q,247.0,targeted_search,amenaza de secuestro denuncia Perú,44,AMENAZA_DIRECTA,consulta explícita de una categoría minoritaria,100
U31PT8n2vP8,https://www.youtube.com/watch?v=U31PT8n2vP8,Independencia: abogado fue secuestrado y asaltado por falso colectivo (1/2),Buenos Días Perú,UCFnOwPrJ-Skrzk_GPNBV5tg,756.0,targeted_search,amenaza de secuestro denuncia Perú,45,AMENAZA_DIRECTA,consulta explícita de una categoría minoritaria,100
i2KtkfQAYrY,https://www.youtube.com/watch?v=i2KtkfQAYrY,Gral. Óscar Arriola opina sobre operativo contra secuestro en Los Olivos,RPP Noticias,UC5j8-2FT0ZMMBkmK72R4aeA,194.0,targeted_search,amenaza de secuestro denuncia Perú,46,AMENAZA_DIRECTA,consulta explícita de una categoría minoritaria,100
-20FirDFq6c,https://www.youtube.com/watch?v=-20FirDFq6c,"SECUESTRO DE PERIODISTAS: AMENAZAS, ROBO DE EQUIPOS TODO AZUZADO POR CASTILLO",BOOOOOKONTZ ,UCAGcmID5fMLv_6p2X7JANkw,184.0,targeted_search,amenaza de secuestro denuncia Perú,47,AMENAZA_DIRECTA,consulta explícita de una categoría minoritaria,100
7Sc7GXAwiEg,https://www.youtube.com/watch?v=7Sc7GXAwiEg,"Organización criminal ""LOS PULPOS"" estaría detrás del FRUSTRADO SECUESTRO de empresario | #LR",La República - LR+,UC-B7Xv56uNRDkj0vC3QW8Cg,214.0,targeted_search,amenaza de secuestro denuncia Perú,48,AMENAZA_DIRECTA,consulta explícita de una categoría minoritaria,100
HkQw0RDa2Js,https://www.youtube.com/watch?v=HkQw0RDa2Js,El desgarrador testimonio de víctima de falsos colectiveros que secuestraban y robaban a pasajeros,TVPerú Noticias,UCkZCoc42IipR1ucqJmIehsA,685.0,targeted_search,amenaza de secuestro denuncia Perú,49,AMENAZA_DIRECTA,consulta explícita de una categoría minoritaria,100
jGMNrs7qRnQ,https://www.youtube.com/watch?v=jGMNrs7qRnQ,Periodista denuncia secuestro de su madre por investigación a funcionarios #ADNRPP | ENTREVISTA,RPP Noticias,UC5j8-2FT0ZMMBkmK72R4aeA,601.0,targeted_search,amenaza de secuestro denuncia Perú,50,AMENAZA_DIRECTA,consulta explícita de una categoría minoritaria,100
Hmqg3RpP8VY,https://www.youtube.com/watch?v=Hmqg3RpP8VY,"Tras atender una denuncia por secuestro, la historia dio un giro y ahora él podría ser detenido.",A Quien Corresponda,UCNeGGyajvwEMNVFDTjbxAsg,238.0,targeted_search,amenaza de secuestro denuncia Perú,51,AMENAZA_DIRECTA,consulta explícita de una categoría minoritaria,100
np7J2lXfkA4,https://www.youtube.com/watch?v=np7J2lXfkA4,"Fraudes por WhatsApp | Rastrea, ubica y denuncia a los criminales con este tutorial",El Heraldo de México,UC7E9Dj_lmrJdDrH2Bg7rNqQ,176.0,targeted_search,amenaza de secuestro denuncia Perú,52,AMENAZA_DIRECTA,consulta explícita de una categoría minoritaria,100
-KF9X1Uv6Iw,https://www.youtube.com/watch?v=-KF9X1Uv6Iw,WAYS TO FILE A COMPLAINT,JurídicaMente,UCE_ZHUVha19wtfzsNgBrCYg,233.0,targeted_search,amenaza de secuestro denuncia Perú,53,AMENAZA_DIRECTA,consulta explícita de una categoría minoritaria,100
XrBd9-dRFT0,https://www.youtube.com/watch?v=XrBd9-dRFT0,Sale a la luz video de empresario que fue secuestrado por 'Los Pulpos': “sálvame la vida”,Buenos Días Perú,UCFnOwPrJ-Skrzk_GPNBV5tg,330.0,targeted_search,amenaza de secuestro denuncia Perú,54,AMENAZA_DIRECTA,consulta explícita de una categoría minoritaria,100
xAJhM_F49hg,https://www.youtube.com/watch?v=xAJhM_F49hg,"Emprendedores sufren asalto, agresiones e intento de secuestro: ""Veía a mi esposa ensangrentada""",Latina Noticias,UCpSJ5fGhmAME9Kx2D3ZvN3Q,914.0,targeted_search,amenaza de secuestro denuncia Perú,55,AMENAZA_DIRECTA,consulta explícita de una categoría minoritaria,100
GOFIxtXlxQ0,https://www.youtube.com/watch?v=GOFIxtXlxQ0,Vecinos registraron momento en que chilena es rescatada del denunciado secuestro,Meganoticias,UCkccyEbqhhM3uKOI6Shm-4Q,454.0,targeted_search,amenaza de secuestro denuncia Perú,56,AMENAZA_DIRECTA,consulta explícita de una categoría minoritaria,100
exgWP699twM,https://www.youtube.com/watch?v=exgWP699twM,Police arrested taxi driver who faked his kidnapping to pay off his debts,RPP Noticias,UC5j8-2FT0ZMMBkmK72R4aeA,246.0,targeted_search,amenaza de secuestro denuncia Perú,57,AMENAZA_DIRECTA,consulta explícita de una categoría minoritaria,100
wH0w6sTEP7E,https://www.youtube.com/watch?v=wH0w6sTEP7E,"Según cifras de la PNP, el delito de secuestro sigue creciendo en el país",Buenos Días Perú,UCFnOwPrJ-Skrzk_GPNBV5tg,1146.0,targeted_search,amenaza de secuestro denuncia Perú,58,AMENAZA_DIRECTA,consulta explícita de una categoría minoritaria,100
sK0C77NpjrQ,https://www.youtube.com/watch?v=sK0C77NpjrQ,¿Puedo hacer una denuncia por secuestro en el ańo 1992?,La Experiencia del Abogado Criminalista Alex Cross,UC4FyvtPMnefH2VGrS2EsvjA,198.0,targeted_search,amenaza de secuestro denuncia Perú,59,AMENAZA_DIRECTA,consulta explícita de una categoría minoritaria,100
dPFfaTaM-is,https://www.youtube.com/watch?v=dPFfaTaM-is,Amenazan de muerte a testigo de secuestro,Visto En Peru,UC0GcWzqZaLW8eH7MGElFxBw,140.0,targeted_search,amenaza de secuestro denuncia Perú,60,AMENAZA_DIRECTA,consulta explícita de una categoría minoritaria,100
6y02aYQqIJY,https://www.youtube.com/watch?v=6y02aYQqIJY,Rescatan a hijo empresario que fue secuestrado en SJL,Buenos Días Perú,UCFnOwPrJ-Skrzk_GPNBV5tg,173.0,targeted_search,amenaza de secuestro denuncia Perú,61,AMENAZA_DIRECTA,consulta explícita de una categoría minoritaria,100
f-xcjmNdIR8,https://www.youtube.com/watch?v=f-xcjmNdIR8,"""Me acusa de ser extorsionadora y secuestradora"": Periodista amenazada por acosador levanta la voz",Latina Noticias,UCpSJ5fGhmAME9Kx2D3ZvN3Q,838.0,targeted_search,amenaza de secuestro denuncia Perú,62,AMENAZA_DIRECTA,consulta explícita de una categoría minoritaria,100
VYwWUYjiuQQ,https://www.youtube.com/watch?v=VYwWUYjiuQQ,🔴🔵When Susana Higuchi denounced the Fujimori family for misappropriating donations from Japan,Exitosa Noticias,UCxgO_rak_BKZP8VNVmYqbWg,203.0,targeted_search,amenaza de secuestro denuncia Perú,63,AMENAZA_DIRECTA,consulta explícita de una categoría minoritaria,100
Ku_HwCgpE5c,https://www.youtube.com/watch?v=Ku_HwCgpE5c,Una regidora de Independencia denunció haber recibido una amenaza de muerte,RPP Noticias,UC5j8-2FT0ZMMBkmK72R4aeA,287.0,targeted_search,amenaza de secuestro denuncia Perú,64,AMENAZA_DIRECTA,consulta explícita de una categoría minoritaria,100
DHcOY4BeOLU,https://www.youtube.com/watch?v=DHcOY4BeOLU,Capturan a madre e hija acusadas de planificar secuestro de una joven en SJL,El Dominical de Panamericana,UCMfcN0OV7d61cWPLYm5qHpw,178.0,targeted_search,amenaza de secuestro denuncia Perú,65,AMENAZA_DIRECTA,consulta explícita de una categoría minoritaria,100
wf_eJKAiKaQ,https://www.youtube.com/watch?v=wf_eJKAiKaQ,SJL: 16-year-old arrested for kidnapping and extortion,ATV Noticias,UCYG5uXS3xdsoaXIxum1pAEw,145.0,targeted_search,amenaza de secuestro denuncia Perú,66,AMENAZA_DIRECTA,consulta explícita de una categoría minoritaria,100
N1XSygghrs4,https://www.youtube.com/watch?v=N1XSygghrs4,FUNCIONRIOS DE CÉSAR ACUÑA DENUNCIAN SECUESTR0: MAFIAS TOTALMENTE IMPUNES EN LA LIBERTAD,Mi Canal Peru,UCPdMo4auXNg5mVtkJ_LbP8g,153.0,targeted_search,amenaza de secuestro denuncia Perú,67,AMENAZA_DIRECTA,consulta explícita de una categoría minoritaria,100
eJxMLEC-fYM,https://www.youtube.com/watch?v=eJxMLEC-fYM,Secuestros express: banda criminal operaba en los distritos más exclusivos de Lima,Panorama,UCBiq92lt_ufNO-ktZigVXgg,948.0,targeted_search,amenaza de secuestro denuncia Perú,68,AMENAZA_DIRECTA,consulta explícita de una categoría minoritaria,100
oBPolQDHZC4,https://www.youtube.com/watch?v=oBPolQDHZC4,Juez no soporta que Pedro Castillo insista en que está secuestrado,El Búho pe,UC6xAnp5ygm8oNoBDCgu70UQ,230.0,targeted_search,amenaza de secuestro denuncia Perú,69,AMENAZA_DIRECTA,consulta explícita de una categoría minoritaria,100
-XzTaD7b3gI,https://www.youtube.com/watch?v=-XzTaD7b3gI,Dueño de cevichería fue secuestrado en San Juan de Lurigancho,RPP Noticias,UC5j8-2FT0ZMMBkmK72R4aeA,228.0,targeted_search,amenaza de secuestro denuncia Perú,71,AMENAZA_DIRECTA,consulta explícita de una categoría minoritaria,100
3T09QyEyWZM,https://www.youtube.com/watch?v=3T09QyEyWZM,Secuestro exprés: la nueva modalidad de inseguridad que sufren los venezolanos,NTN24,UCEJs1fTF3KszRJGxJY14VrA,162.0,targeted_search,amenaza de secuestro denuncia Perú,72,AMENAZA_DIRECTA,consulta explícita de una categoría minoritaria,100
CkC6Vp-h_jE,https://www.youtube.com/watch?v=CkC6Vp-h_jE,Delincuentes venezolanos siguen secuestrando niños peruanos y amenazan a madres que denuncien,Noticias Perú,UC93-uMxa9LHhUgNO5Oqn9xQ,142.0,targeted_search,amenaza de secuestro denuncia Perú,73,AMENAZA_DIRECTA,consulta explícita de una categoría minoritaria,100
2wjOuRoNwlE,https://www.youtube.com/watch?v=2wjOuRoNwlE,"Can the victim ""withdraw"" the complaint and end the criminal process?",abg_geralmorillo,UCnWnaJhDupL_daAlbjOMlyg,76.0,targeted_search,amenaza de secuestro denuncia Perú,74,AMENAZA_DIRECTA,consulta explícita de una categoría minoritaria,100
2CgNYYU53zQ,https://www.youtube.com/watch?v=2CgNYYU53zQ,3 Keys to Fighting a False Rape Accusation,SANCHEZ ABOGADOS,UCHa1x2Id46chNZ1ADLWog4g,441.0,targeted_search,amenaza de secuestro denuncia Perú,75,AMENAZA_DIRECTA,consulta explícita de una categoría minoritaria,100
Zu9jX_1f4JA,https://www.youtube.com/watch?v=Zu9jX_1f4JA,"🚨 Si lo están extorsionando, esto es lo que puede enfrentar quien comete el delito",Abogado Federico Barrios Aldana,UCYrq4lUCRwiJOSTO4UQA4jg,223.0,targeted_search,amenaza de secuestro denuncia Perú,76,AMENAZA_DIRECTA,consulta explícita de una categoría minoritaria,100
ax7CqZhkNj4,https://www.youtube.com/watch?v=ax7CqZhkNj4,¡Exclusivo! Amenaza desde Challapalca: extorsión en video contra alcalde de distrito en emergencia,Panorama,UCBiq92lt_ufNO-ktZigVXgg,515.0,targeted_search,amenaza de secuestro denuncia Perú,77,AMENAZA_DIRECTA,consulta explícita de una categoría minoritaria,100
r0ZsEvsZeVw,https://www.youtube.com/watch?v=r0ZsEvsZeVw,Médico de Sporting Cristal denuncia a policías por extorsión y secuestro,24 Horas,UCsakKsRww3J7pM6DavkrAIQ,144.0,targeted_search,amenaza de secuestro denuncia Perú,78,AMENAZA_DIRECTA,consulta explícita de una categoría minoritaria,100
q1Y14oFXAnM,https://www.youtube.com/watch?v=q1Y14oFXAnM,Inseguridad ciudadana en Perú: aumentan denuncias por secuestros,RPP Noticias,UC5j8-2FT0ZMMBkmK72R4aeA,586.0,targeted_search,amenaza de secuestro denuncia Perú,79,AMENAZA_DIRECTA,consulta explícita de una categoría minoritaria,100
jjHkQKY9snc,https://www.youtube.com/watch?v=jjHkQKY9snc,Fiscalía logró 9 meses de prisión preventiva para 2 sujetos implicados en secuestro y violación,Ministerio Público | República del Perú,UC91qATrOkn7FLB4AfCboKhg,99.0,targeted_search,amenaza de secuestro denuncia Perú,80,AMENAZA_DIRECTA,consulta explícita de una categoría minoritaria,100
1Q23_B1ah6w,https://www.youtube.com/watch?v=1Q23_B1ah6w,"La Policía rescató a empresario secuestrado por el que pedían US$ 250,000 en San Martín de Porres",RPP Noticias,UC5j8-2FT0ZMMBkmK72R4aeA,317.0,targeted_search,amenaza de secuestro denuncia Perú,81,AMENAZA_DIRECTA,consulta explícita de una categoría minoritaria,100
pq9uzcSl2ik,https://www.youtube.com/watch?v=pq9uzcSl2ik,El negocio de los secuestros: Raptos y extorsiones aumentan en Santiago,Meganoticias,UCkccyEbqhhM3uKOI6Shm-4Q,638.0,targeted_search,amenaza de secuestro denuncia Perú,82,AMENAZA_DIRECTA,consulta explícita de una categoría minoritaria,100
i0ngzVI2Dwc,https://www.youtube.com/watch?v=i0ngzVI2Dwc,PNP rescues young man who was kidnapped in Callao,TVPerú Noticias,UCkZCoc42IipR1ucqJmIehsA,301.0,targeted_search,amenaza de secuestro denuncia Perú,83,AMENAZA_DIRECTA,consulta explícita de una categoría minoritaria,100
6wc8UwXWLP4,https://www.youtube.com/watch?v=6wc8UwXWLP4,Chimbote: Fiscal en delitos de corrupción recibe amenazas de muerte,enlacenacional,UC_Zpz_cv69p4oL0hDEJz4IA,137.0,targeted_search,amenaza de secuestro denuncia Perú,84,AMENAZA_DIRECTA,consulta explícita de una categoría minoritaria,100
42Iqlg03NMU,https://www.youtube.com/watch?v=42Iqlg03NMU,CAPTURAN a 3 POLICÍAS que habrían SECUESTRADO y EXTORSIONADO a pareja en Barranca | #LR,La República - LR+,UC-B7Xv56uNRDkj0vC3QW8Cg,178.0,targeted_search,amenaza de secuestro denuncia Perú,85,AMENAZA_DIRECTA,consulta explícita de una categoría minoritaria,100
0bliBRtLD_s,https://www.youtube.com/watch?v=0bliBRtLD_s,"¡Exclusivo! Habla esposa de vigilante secuestrado en SMP: ""Está muy mal, luchó por su vida""",Buenos Días Perú,UCFnOwPrJ-Skrzk_GPNBV5tg,297.0,targeted_search,amenaza de secuestro denuncia Perú,86,AMENAZA_DIRECTA,consulta explícita de una categoría minoritaria,100
V5rtHnZ5IVk,https://www.youtube.com/watch?v=V5rtHnZ5IVk,"🛑 TERROR EN SJL: PNP Atrapa a ""EL COMBO DEL MENOR"" que SECUESTRABA Y GRABABAa Chóferes",Reporte Perú,UCwpasOChVA2wSBJ5xij91YQ,540.0,targeted_search,amenaza de secuestro denuncia Perú,87,AMENAZA_DIRECTA,consulta explícita de una categoría minoritaria,100
_Rvqavuz9I0,https://www.youtube.com/watch?v=_Rvqavuz9I0,"Testimonios de víctimas de falsos taxistas: asaltan, secuestran y amenazan con violar",Panorama,UCBiq92lt_ufNO-ktZigVXgg,743.0,targeted_search,amenaza de secuestro denuncia Perú,88,AMENAZA_DIRECTA,consulta explícita de una categoría minoritaria,100
j5bQ71f2Row,https://www.youtube.com/watch?v=j5bQ71f2Row,Mujer es estafada con diez mil soles con el cuento del secuestro,24 Horas,UCsakKsRww3J7pM6DavkrAIQ,192.0,targeted_search,amenaza de secuestro denuncia Perú,89,AMENAZA_DIRECTA,consulta explícita de una categoría minoritaria,100
We_StPXR2cs,https://www.youtube.com/watch?v=We_StPXR2cs,Ciro Castillo: Responsabilizan al gobernador de amenazas que ha recibido un exconsejero regional,Buenos Días Perú,UCFnOwPrJ-Skrzk_GPNBV5tg,424.0,targeted_search,amenaza de secuestro denuncia Perú,90,AMENAZA_DIRECTA,consulta explícita de una categoría minoritaria,100
Mv2CiYJ8PFk,https://www.youtube.com/watch?v=Mv2CiYJ8PFk,PEDRO CASTILLO se pronuncia sobre secuestro a PERIODISTAS DE Cuarto Poder POR RONDEROS #p21tv,Peru21TV,UCNd09h2GugrdeT_80LxOFMw,3438.0,targeted_search,amenaza de secuestro denuncia Perú,91,AMENAZA_DIRECTA,consulta explícita de una categoría minoritaria,100
80lQGf2ktto,https://www.youtube.com/watch?v=80lQGf2ktto,Aumentan falsos secuestros en Chile: Principales víctimas son comerciantes y empresarios,CHV Noticias,UCRsUoZYC1ULUspipMRnMhwg,320.0,targeted_search,amenaza de secuestro denuncia Perú,92,AMENAZA_DIRECTA,consulta explícita de una categoría minoritaria,100
eX5hFNzyfoI,https://www.youtube.com/watch?v=eX5hFNzyfoI,Tren de Aragua estaría detrás de crimen de obrero descuartizado en SJM: familia denuncia amenazas,Buenos Días Perú,UCFnOwPrJ-Skrzk_GPNBV5tg,217.0,targeted_search,amenaza de secuestro denuncia Perú,93,AMENAZA_DIRECTA,consulta explícita de una categoría minoritaria,100
4unPSPSU7j0,https://www.youtube.com/watch?v=4unPSPSU7j0,🚨 Chincha: asesinan a padre de familia tras secuestro extorsivo | Brutal crimen conmociona la región,EdinTV Noticias,UC7SKtCc47Pd1kkIe3tWPKBw,720.0,targeted_search,amenaza de secuestro denuncia Perú,94,AMENAZA_DIRECTA,consulta explícita de una categoría minoritaria,100
JTqzz_DS8qY,https://www.youtube.com/watch?v=JTqzz_DS8qY,Policía peruana informó sobre casos falsos de secuestros de mujeres en Bolivia,Unitel Bolivia,UCBTuUY99I5plMaC_ZcmXIYw,80.0,targeted_search,amenaza de secuestro denuncia Perú,95,AMENAZA_DIRECTA,consulta explícita de una categoría minoritaria,100
_N8IXWbfTcE,https://www.youtube.com/watch?v=_N8IXWbfTcE,Cómo actuar frente a una llamada de extorsión o amenaza,Primicias,UCe6Gi8_PZp9gcEZb5hTCPdQ,254.0,targeted_search,amenaza de secuestro denuncia Perú,96,AMENAZA_DIRECTA,consulta explícita de una categoría minoritaria,100
eSuDOZN1JWs,https://www.youtube.com/watch?v=eSuDOZN1JWs,Chorrillos: ASESINAN a joven SECUESTRADO porque familia NO PAGÓ RESCATE de S/25.000 | #LR,La República - LR+,UC-B7Xv56uNRDkj0vC3QW8Cg,139.0,targeted_search,amenaza de secuestro denuncia Perú,97,AMENAZA_DIRECTA,consulta explícita de una categoría minoritaria,100
eGljJ78TJpU,https://www.youtube.com/watch?v=eGljJ78TJpU,¡Indignante! Momento en el que dueño de cevichería fue secuestrado en San Juan de Lurigancho,Latina Noticias,UCpSJ5fGhmAME9Kx2D3ZvN3Q,798.0,targeted_search,amenaza de secuestro denuncia Perú,98,AMENAZA_DIRECTA,consulta explícita de una categoría minoritaria,100
6CWb9PJgscE,https://www.youtube.com/watch?v=6CWb9PJgscE,"🔴 JOURNALISTS KIDNAPPED: Mayor did not help victims of alleged ronderos in Cajamarca, Peru",RPP Noticias,UC5j8-2FT0ZMMBkmK72R4aeA,384.0,targeted_search,amenaza de secuestro denuncia Perú,99,AMENAZA_DIRECTA,consulta explícita de una categoría minoritaria,100
LLk9ACKq6No,https://www.youtube.com/watch?v=LLk9ACKq6No,Man kidnapped by members of 'Los Gallegos' kidnapping group is rescued | Primera Edición | News Peru,América Noticias,UCPhm2I2wk4vqjENwhn3px8A,189.0,targeted_search,amenaza de secuestro denuncia Perú,100,AMENAZA_DIRECTA,consulta explícita de una categoría minoritaria,100
ERWK8uN8ZR0,https://www.youtube.com/watch?v=ERWK8uN8ZR0,El drama de los artistas bajo la extorsión: Amenazas y muertes en los conciertos de cumbia,Latina Noticias,UCpSJ5fGhmAME9Kx2D3ZvN3Q,858.0,targeted_search,amenaza en vivo televisión peruana,1,AMENAZA_DIRECTA,consulta explícita de una categoría minoritaria,100
B14vN9cniCE,https://www.youtube.com/watch?v=B14vN9cniCE,"Los amenazan por mensaje, detonan explosivo y son identificados en cámara, pero no reciben ayuda",Latina Noticias,UCpSJ5fGhmAME9Kx2D3ZvN3Q,487.0,targeted_search,amenaza en vivo televisión peruana,2,AMENAZA_DIRECTA,consulta explícita de una categoría minoritaria,100
wiBtD5Elz84,https://www.youtube.com/watch?v=wiBtD5Elz84,"""¿Crees que estamos jugando?"": Los ""Chuckys NG"" extorsionan amenazan con matar conductores",Latina Noticias,UCpSJ5fGhmAME9Kx2D3ZvN3Q,45.0,targeted_search,amenaza en vivo televisión peruana,4,AMENAZA_DIRECTA,consulta explícita de una categoría minoritaria,100
1N35AwwowOY,https://www.youtube.com/watch?v=1N35AwwowOY,"“The Monster”, the threat of Lima Norte | Domingo al Día | Peru",América Noticias,UCPhm2I2wk4vqjENwhn3px8A,675.0,targeted_search,amenaza en vivo televisión peruana,5,AMENAZA_DIRECTA,consulta explícita de una categoría minoritaria,100
zim7jtsUJ3M,https://www.youtube.com/watch?v=zim7jtsUJ3M,Se grababan amenazando choferes: Capturan extorsionadores de 5 empresas de transporte,Latina Noticias,UCpSJ5fGhmAME9Kx2D3ZvN3Q,121.0,targeted_search,amenaza en vivo televisión peruana,8,AMENAZA_DIRECTA,consulta explícita de una categoría minoritaria,100
iviwaxCzso8,https://www.youtube.com/watch?v=iviwaxCzso8,Family under threat | Domingo al Día | Peru,América Televisión,UCGGry4kGWZUqIfG6LLNhOmg,868.0,targeted_search,amenaza en vivo televisión peruana,9,AMENAZA_DIRECTA,consulta explícita de una categoría minoritaria,100
YLrLehuEgxs,https://www.youtube.com/watch?v=YLrLehuEgxs,Three stories about extortion through telephone calls | Cuarto Poder | Peru,América Noticias,UCPhm2I2wk4vqjENwhn3px8A,791.0,targeted_search,amenaza en vivo televisión peruana,10,AMENAZA_DIRECTA,consulta explícita de una categoría minoritaria,100
wKmHy37yGwQ,https://www.youtube.com/watch?v=wKmHy37yGwQ,"“The Monster”, the threat of Lima Norte | Domingo al Día | Peru",América Televisión,UCGGry4kGWZUqIfG6LLNhOmg,675.0,targeted_search,amenaza en vivo televisión peruana,11,AMENAZA_DIRECTA,consulta explícita de una categoría minoritaria,100
PK-8PR_fE7Q,https://www.youtube.com/watch?v=PK-8PR_fE7Q,San Luis: sujetos colocan afiches con amenazas de muerte contra árbitros,TVPerú Noticias,UCkZCoc42IipR1ucqJmIehsA,51.0,targeted_search,amenaza en vivo televisión peruana,12,AMENAZA_DIRECTA,consulta explícita de una categoría minoritaria,100
6UMSpPadM5o,https://www.youtube.com/watch?v=6UMSpPadM5o,Mototaxistas in conflict with foreigners due to extortions | Cuarto Poder | Peru,América Televisión,UCGGry4kGWZUqIfG6LLNhOmg,908.0,targeted_search,amenaza en vivo televisión peruana,13,AMENAZA_DIRECTA,consulta explícita de una categoría minoritaria,100
-kvokunYoCs,https://www.youtube.com/watch?v=-kvokunYoCs,"La amenaza que 'El Monstruo' lanzó a Agua Marina semanas atrás: ""Se quiere trabajar pacíficamente""",Latina Noticias,UCpSJ5fGhmAME9Kx2D3ZvN3Q,194.0,targeted_search,amenaza en vivo televisión peruana,14,AMENAZA_DIRECTA,consulta explícita de una categoría minoritaria,100
yEgGOJ37VsY,https://www.youtube.com/watch?v=yEgGOJ37VsY,Family under threat | Domingo al Día | Peru,América Noticias,UCPhm2I2wk4vqjENwhn3px8A,868.0,targeted_search,amenaza en vivo televisión peruana,15,AMENAZA_DIRECTA,consulta explícita de una categoría minoritaria,100
cA1tnNp5_zM,https://www.youtube.com/watch?v=cA1tnNp5_zM,Extortionists threaten traders through audios | Domingo al Día | Peru,América Televisión,UCGGry4kGWZUqIfG6LLNhOmg,726.0,targeted_search,amenaza en vivo televisión peruana,16,AMENAZA_DIRECTA,consulta explícita de una categoría minoritaria,100
OtVrZTm01c8,https://www.youtube.com/watch?v=OtVrZTm01c8,"Denuncian amenaza, pero los atacan igual por falta de apoyo: La insólita respuesta en comisaría",Latina Noticias,UCpSJ5fGhmAME9Kx2D3ZvN3Q,978.0,targeted_search,amenaza en vivo televisión peruana,18,AMENAZA_DIRECTA,consulta explícita de una categoría minoritaria,100
gyGmq8nX_qM,https://www.youtube.com/watch?v=gyGmq8nX_qM,Mototaxistas in conflict with foreigners due to extortions | Cuarto Poder | Peru,América Noticias,UCPhm2I2wk4vqjENwhn3px8A,908.0,targeted_search,amenaza en vivo televisión peruana,19,AMENAZA_DIRECTA,consulta explícita de una categoría minoritaria,100
nuyb6gblbIk,https://www.youtube.com/watch?v=nuyb6gblbIk,Cercado de Lima: vecino recibe amenazas tras quejas por ruido de conciertos en estadio San Marcos,TVPerú Noticias,UCkZCoc42IipR1ucqJmIehsA,409.0,targeted_search,amenaza en vivo televisión peruana,20,AMENAZA_DIRECTA,consulta explícita de una categoría minoritaria,100
OmvWMLKLMIc,https://www.youtube.com/watch?v=OmvWMLKLMIc,Extortionists threaten traders through audios | Domingo al Día | Peru,América Noticias,UCPhm2I2wk4vqjENwhn3px8A,726.0,targeted_search,amenaza en vivo televisión peruana,21,AMENAZA_DIRECTA,consulta explícita de una categoría minoritaria,100
66DiM5eHSxk,https://www.youtube.com/watch?v=66DiM5eHSxk,"Dejan explosivo y nota contra criminal afuera de penal Castro Castro: ""Habría disputa entre bandas""",Latina Noticias,UCpSJ5fGhmAME9Kx2D3ZvN3Q,389.0,targeted_search,amenaza en vivo televisión peruana,22,AMENAZA_DIRECTA,consulta explícita de una categoría minoritaria,100
AzwWXmXpoDE,https://www.youtube.com/watch?v=AzwWXmXpoDE,Huachipa: regidora denuncia que viene recibiendo amenazas contra su vida,TVPerú Noticias,UCkZCoc42IipR1ucqJmIehsA,91.0,targeted_search,amenaza en vivo televisión peruana,23,AMENAZA_DIRECTA,consulta explícita de una categoría minoritaria,100
b5sFGyfbuHQ,https://www.youtube.com/watch?v=b5sFGyfbuHQ,Killed after extortion threats | Domingo al Día | Peru,América Televisión,UCGGry4kGWZUqIfG6LLNhOmg,732.0,targeted_search,amenaza en vivo televisión peruana,25,AMENAZA_DIRECTA,consulta explícita de una categoría minoritaria,100
BKzzHlIF7OE,https://www.youtube.com/watch?v=BKzzHlIF7OE,Grenade and threatening letter left at Castro Castro prison in San Juan de Lurigancho,TVPerú Noticias,UCkZCoc42IipR1ucqJmIehsA,55.0,targeted_search,amenaza en vivo televisión peruana,27,AMENAZA_DIRECTA,consulta explícita de una categoría minoritaria,100
XpPR1-T2D8I,https://www.youtube.com/watch?v=XpPR1-T2D8I,"Transportistas hartos de extorsiones: ""Empresas amenazan con suspenderlos si no salen a trabajar""",Latina Noticias,UCpSJ5fGhmAME9Kx2D3ZvN3Q,311.0,targeted_search,amenaza en vivo televisión peruana,28,AMENAZA_DIRECTA,consulta explícita de una categoría minoritaria,100
NC7TRuSjzLs,https://www.youtube.com/watch?v=NC7TRuSjzLs,"Balean casa y mandan amenaza a criminal, pero propietarios responden: ""Él no vive aquí""",Latina Noticias,UCpSJ5fGhmAME9Kx2D3ZvN3Q,521.0,targeted_search,amenaza en vivo televisión peruana,29,AMENAZA_DIRECTA,consulta explícita de una categoría minoritaria,100
lYLY_Wfso1c,https://www.youtube.com/watch?v=lYLY_Wfso1c,Pedrito saves Esperanza from being kidnapped! | Mi Esperanza | América Televisión,América Televisión,UCGGry4kGWZUqIfG6LLNhOmg,161.0,targeted_search,amenaza en vivo televisión peruana,30,AMENAZA_DIRECTA,consulta explícita de una categoría minoritaria,100
u64KN3HO2e4,https://www.youtube.com/watch?v=u64KN3HO2e4,Schoolchildren and teachers are alarmed after receiving threat | Primera Edición | News Peru,América Noticias,UCPhm2I2wk4vqjENwhn3px8A,240.0,targeted_search,amenaza en vivo televisión peruana,31,AMENAZA_DIRECTA,consulta explícita de una categoría minoritaria,100
7cV199y4LMg,https://www.youtube.com/watch?v=7cV199y4LMg,Hombre amenaza y ataca a trabajadora de casa de apuestas para robarse el dinero,Latina Noticias,UCpSJ5fGhmAME9Kx2D3ZvN3Q,91.0,targeted_search,amenaza en vivo televisión peruana,32,AMENAZA_DIRECTA,consulta explícita de una categoría minoritaria,100
1DwyKTWI_hI,https://www.youtube.com/watch?v=1DwyKTWI_hI,Trujillo: director de colegio denuncia amenazas,TVPerú Noticias,UCkZCoc42IipR1ucqJmIehsA,96.0,targeted_search,amenaza en vivo televisión peruana,33,AMENAZA_DIRECTA,consulta explícita de una categoría minoritaria,100
HCPobY6sKgI,https://www.youtube.com/watch?v=HCPobY6sKgI,Extorsionadores detonan granada en bodega de Piura: Amenazan con seguir atacando si no pagan,Latina Noticias,UCpSJ5fGhmAME9Kx2D3ZvN3Q,187.0,targeted_search,amenaza en vivo televisión peruana,34,AMENAZA_DIRECTA,consulta explícita de una categoría minoritaria,100
7DJgRGo3dBo,https://www.youtube.com/watch?v=7DJgRGo3dBo,Judge threatens Trump with jail if he disobeys his orders,TVPerú Noticias,UCkZCoc42IipR1ucqJmIehsA,94.0,targeted_search,amenaza en vivo televisión peruana,35,AMENAZA_DIRECTA,consulta explícita de una categoría minoritaria,100
T-hRx52G4UU,https://www.youtube.com/watch?v=T-hRx52G4UU,Lo amenazan e incendian su auto: Empresario sufrió ataque de extorsionadores y no es la primera vez,Latina Noticias,UCpSJ5fGhmAME9Kx2D3ZvN3Q,133.0,targeted_search,amenaza en vivo televisión peruana,36,AMENAZA_DIRECTA,consulta explícita de una categoría minoritaria,100
7SYXMlWBO9A,https://www.youtube.com/watch?v=7SYXMlWBO9A,Empresario y streamer 'Tío Fritz' sufre ataque extorsivo: Balean su tienda en Los Olivos,Latina Noticias,UCpSJ5fGhmAME9Kx2D3ZvN3Q,116.0,targeted_search,amenaza en vivo televisión peruana,37,AMENAZA_DIRECTA,consulta explícita de una categoría minoritaria,100
I-wH-E4-vG0,https://www.youtube.com/watch?v=I-wH-E4-vG0,Santa Anita: empresario cuyo almacén fue asaltado denuncia que sigue recibiendo amenazas,TVPerú Noticias,UCkZCoc42IipR1ucqJmIehsA,103.0,targeted_search,amenaza en vivo televisión peruana,38,AMENAZA_DIRECTA,consulta explícita de una categoría minoritaria,100
548ghSfEm9Q,https://www.youtube.com/watch?v=548ghSfEm9Q,Sporting Cristal: amenazan al presidente del club con pancartas colgadas en Trujillo,TVPerú Noticias,UCkZCoc42IipR1ucqJmIehsA,86.0,targeted_search,amenaza en vivo televisión peruana,39,AMENAZA_DIRECTA,consulta explícita de una categoría minoritaria,100
9LYhYfsfQgY,https://www.youtube.com/watch?v=9LYhYfsfQgY,Amenazas en Municipalidad de Comas: Denuncian que los fuerzan a apoyar campaña de Podemos Perú,Latina Noticias,UCpSJ5fGhmAME9Kx2D3ZvN3Q,704.0,targeted_search,amenaza en vivo televisión peruana,40,AMENAZA_DIRECTA,consulta explícita de una categoría minoritaria,100
xBvyRxrFUy0,https://www.youtube.com/watch?v=xBvyRxrFUy0,Comerciante informal amenaza con cuchillo al personal municipal en playas de Chorrillos,TVPerú Noticias,UCkZCoc42IipR1ucqJmIehsA,125.0,targeted_search,amenaza en vivo televisión peruana,42,AMENAZA_DIRECTA,consulta explícita de una categoría minoritaria,100
-U0qVAs6Mzg,https://www.youtube.com/watch?v=-U0qVAs6Mzg,Iquitos: cantante de cumbia suspende presentaciones tras recibir amenazas extorsivas,TVPerú Noticias,UCkZCoc42IipR1ucqJmIehsA,72.0,targeted_search,amenaza en vivo televisión peruana,43,AMENAZA_DIRECTA,consulta explícita de una categoría minoritaria,100
YEljP8KvyD8,https://www.youtube.com/watch?v=YEljP8KvyD8,'Estás identificado': Amenazan a presunto extorsionador en su casa,Latina Noticias,UCpSJ5fGhmAME9Kx2D3ZvN3Q,112.0,targeted_search,amenaza en vivo televisión peruana,45,AMENAZA_DIRECTA,consulta explícita de una categoría minoritaria,100
lWpu8wAEoK8,https://www.youtube.com/watch?v=lWpu8wAEoK8,Videos y audios delatan las amenazas y reuniones clandestinas de 'El Monstruo' desde su escondite,Latina Noticias,UCpSJ5fGhmAME9Kx2D3ZvN3Q,672.0,targeted_search,amenaza en vivo televisión peruana,46,AMENAZA_DIRECTA,consulta explícita de una categoría minoritaria,100
3fN7h4jQgg0,https://www.youtube.com/watch?v=3fN7h4jQgg0,Prosecutor threatened | Domingo al Día | Peru,América Noticias,UCPhm2I2wk4vqjENwhn3px8A,990.0,targeted_search,amenaza en vivo televisión peruana,47,AMENAZA_DIRECTA,consulta explícita de una categoría minoritaria,100
H2K-RlaK6M0,https://www.youtube.com/watch?v=H2K-RlaK6M0,"Explotan carro de regidor y él niega que haya recibido amenazas: ""Nunca le falté el respeto a nadie""",Latina Noticias,UCpSJ5fGhmAME9Kx2D3ZvN3Q,268.0,targeted_search,amenaza en vivo televisión peruana,48,AMENAZA_DIRECTA,consulta explícita de una categoría minoritaria,100
O1J98pib9ow,https://www.youtube.com/watch?v=O1J98pib9ow,San Juan de Lurigancho: Policía investiga amenazas a alcalde Jesús Maldonado,TVPerú Noticias,UCkZCoc42IipR1ucqJmIehsA,90.0,targeted_search,amenaza en vivo televisión peruana,49,AMENAZA_DIRECTA,consulta explícita de una categoría minoritaria,100
jY5DhQpeKyU,https://www.youtube.com/watch?v=jY5DhQpeKyU,Bank stalkers hunting their victims | Cuarto Poder | Peru,América Noticias,UCPhm2I2wk4vqjENwhn3px8A,762.0,targeted_search,amenaza en vivo televisión peruana,51,AMENAZA_DIRECTA,consulta explícita de una categoría minoritaria,100
ud6GbakU2Pk,https://www.youtube.com/watch?v=ud6GbakU2Pk,César Vallejo denuncia que sus jugadores están siendo víctimas de amenazas de extorsión,TVPerú Noticias,UCkZCoc42IipR1ucqJmIehsA,97.0,targeted_search,amenaza en vivo televisión peruana,52,AMENAZA_DIRECTA,consulta explícita de una categoría minoritaria,100
ZaWGIbHU2lM,https://www.youtube.com/watch?v=ZaWGIbHU2lM,Prosecutor threatened | Domingo al Día | Peru,América Televisión,UCGGry4kGWZUqIfG6LLNhOmg,990.0,targeted_search,amenaza en vivo televisión peruana,53,AMENAZA_DIRECTA,consulta explícita de una categoría minoritaria,100
NcUke8C8N10,https://www.youtube.com/watch?v=NcUke8C8N10,"¿Qué tan frecuentes son los ciberataques en el Perú? ""Las amenazas van evolucionando""",Latina Noticias,UCpSJ5fGhmAME9Kx2D3ZvN3Q,486.0,targeted_search,amenaza en vivo televisión peruana,54,AMENAZA_DIRECTA,consulta explícita de una categoría minoritaria,100
goDBKz2oDa4,https://www.youtube.com/watch?v=goDBKz2oDa4,Señora del Destino: Belén makes a chilling threat against Isabel (Episode n° 74),América Televisión,UCGGry4kGWZUqIfG6LLNhOmg,500.0,targeted_search,amenaza en vivo televisión peruana,55,AMENAZA_DIRECTA,consulta explícita de una categoría minoritaria,100
8ljUCKZ62LQ,https://www.youtube.com/watch?v=8ljUCKZ62LQ,Policía amenaza con capturar al líder de 'Los Pulpos' y le manda fuerte mensaje,Latina Noticias,UCpSJ5fGhmAME9Kx2D3ZvN3Q,148.0,targeted_search,amenaza en vivo televisión peruana,56,AMENAZA_DIRECTA,consulta explícita de una categoría minoritaria,100
pZrPh7SyS2A,https://www.youtube.com/watch?v=pZrPh7SyS2A,Marcas de bancos a la caza de sus víctimas | Cuarto Poder | Perú,América Televisión,UCGGry4kGWZUqIfG6LLNhOmg,762.0,targeted_search,amenaza en vivo televisión peruana,57,AMENAZA_DIRECTA,consulta explícita de una categoría minoritaria,100
FVnGaBjB-0k,https://www.youtube.com/watch?v=FVnGaBjB-0k,"'Los Empresarios' amenazan de muerte a fiscal: ""Es por su labor contra el crimen ambiental""",Latina Noticias,UCpSJ5fGhmAME9Kx2D3ZvN3Q,131.0,targeted_search,amenaza en vivo televisión peruana,58,AMENAZA_DIRECTA,consulta explícita de una categoría minoritaria,100
KLrx4p8oPf4,https://www.youtube.com/watch?v=KLrx4p8oPf4,Congress: From satellite dream to the threat of account seizure | Fourth Estate | Peru,América Televisión,UCGGry4kGWZUqIfG6LLNhOmg,910.0,targeted_search,amenaza en vivo televisión peruana,59,AMENAZA_DIRECTA,consulta explícita de una categoría minoritaria,100
k54Plb8VQ2Q,https://www.youtube.com/watch?v=k54Plb8VQ2Q,Caen extorsionadores con armas y granadas tras ataque a pollerías en Comas,TVPerú Noticias,UCkZCoc42IipR1ucqJmIehsA,155.0,targeted_search,amenaza en vivo televisión peruana,60,AMENAZA_DIRECTA,consulta explícita de una categoría minoritaria,100
rJraBuQ50pk,https://www.youtube.com/watch?v=rJraBuQ50pk,Elecciones en Perú: Jorge Nieto votó y se pronunció sobre las amenazas denunciadas por Domingo Pérez,Latina Noticias,UCpSJ5fGhmAME9Kx2D3ZvN3Q,170.0,targeted_search,amenaza en vivo televisión peruana,61,AMENAZA_DIRECTA,consulta explícita de una categoría minoritaria,100
U2Ul6XOG4Dg,https://www.youtube.com/watch?v=U2Ul6XOG4Dg,“El Gobierno vio a los equipos de inteligencia como una amenaza”: Pedro Yaranga,SOL TV Perú,UCT3jhkKbEV4ZslnzhZ26hPw,1119.0,targeted_search,amenaza en vivo televisión peruana,62,AMENAZA_DIRECTA,consulta explícita de una categoría minoritaria,100
nN4_ftPeLq0,https://www.youtube.com/watch?v=nN4_ftPeLq0,Extorsionadores amenazan a familia de gobernador de Tumbes,Latina Noticias,UCpSJ5fGhmAME9Kx2D3ZvN3Q,298.0,targeted_search,amenaza en vivo televisión peruana,63,AMENAZA_DIRECTA,consulta explícita de una categoría minoritaria,100
CDRkvG0CA_U,https://www.youtube.com/watch?v=CDRkvG0CA_U,Congress: From satellite dream to the threat of account seizure | Fourth Estate | Peru,América Noticias,UCPhm2I2wk4vqjENwhn3px8A,910.0,targeted_search,amenaza en vivo televisión peruana,64,AMENAZA_DIRECTA,consulta explícita de una categoría minoritaria,100
ohxUo-R_y2Q,https://www.youtube.com/watch?v=ohxUo-R_y2Q,"Ministro de Interior responde sobre ola criminal y amenazas a periodistas: ""Debemos poner mano dura""",Latina Noticias,UCpSJ5fGhmAME9Kx2D3ZvN3Q,1217.0,targeted_search,amenaza en vivo televisión peruana,65,AMENAZA_DIRECTA,consulta explícita de una categoría minoritaria,100
E679ODCXi0U,https://www.youtube.com/watch?v=E679ODCXi0U,"Testigo acusa a 'Negro Víctor' de ataque a joven 'tarjetero': ""Nos amenazó que mataría a alguien""",Latina Noticias,UCpSJ5fGhmAME9Kx2D3ZvN3Q,236.0,targeted_search,amenaza en vivo televisión peruana,66,AMENAZA_DIRECTA,consulta explícita de una categoría minoritaria,100
nFNnFYSqaLw,https://www.youtube.com/watch?v=nFNnFYSqaLw,Candidate killed after receiving threats | Domingo al Día | Peru,América Televisión,UCGGry4kGWZUqIfG6LLNhOmg,893.0,targeted_search,amenaza en vivo televisión peruana,67,AMENAZA_DIRECTA,consulta explícita de una categoría minoritaria,100
iFbSl3qyVqw,https://www.youtube.com/watch?v=iFbSl3qyVqw,Trujillo: Octopuses threaten General Revoredo and other officers with death,SOL TV Perú,UCT3jhkKbEV4ZslnzhZ26hPw,711.0,targeted_search,amenaza en vivo televisión peruana,68,AMENAZA_DIRECTA,consulta explícita de una categoría minoritaria,100
3-qhDpkV4Uk,https://www.youtube.com/watch?v=3-qhDpkV4Uk,Sicarios siguen atacando a empresas de transporte en Lima: Tres ataques reportados en 24 horas,Latina Noticias,UCpSJ5fGhmAME9Kx2D3ZvN3Q,145.0,targeted_search,amenaza en vivo televisión peruana,69,AMENAZA_DIRECTA,consulta explícita de una categoría minoritaria,100
xDJZbEZLnfc,https://www.youtube.com/watch?v=xDJZbEZLnfc,Donald Trump amenaza a España con cortar todo el comercio por no apoyarlo contra Irán,Latina Noticias,UCpSJ5fGhmAME9Kx2D3ZvN3Q,436.0,targeted_search,amenaza en vivo televisión peruana,70,AMENAZA_DIRECTA,consulta explícita de una categoría minoritaria,100
aekwjstHxZE,https://www.youtube.com/watch?v=aekwjstHxZE,"Persecución en Centro de Lima: Criminal balea a cambista, encara a sereno y policía lo captura",Latina Noticias,UCpSJ5fGhmAME9Kx2D3ZvN3Q,212.0,targeted_search,amenaza en vivo televisión peruana,71,AMENAZA_DIRECTA,consulta explícita de una categoría minoritaria,100
3iYiMUCzxb8,https://www.youtube.com/watch?v=3iYiMUCzxb8,"Extorsionador ataca pollería en Comas: ""Vino como si nada y dejó el explosivo""",Latina Noticias,UCpSJ5fGhmAME9Kx2D3ZvN3Q,319.0,targeted_search,amenaza en vivo televisión peruana,72,AMENAZA_DIRECTA,consulta explícita de una categoría minoritaria,100
vcjez5HMeb4,https://www.youtube.com/watch?v=vcjez5HMeb4,Candidate killed after receiving threats | Domingo al Día | Peru,América Noticias,UCPhm2I2wk4vqjENwhn3px8A,893.0,targeted_search,amenaza en vivo televisión peruana,73,AMENAZA_DIRECTA,consulta explícita de una categoría minoritaria,100
HaLHJUOgPBM,https://www.youtube.com/watch?v=HaLHJUOgPBM,Choferes de combis denuncian que 'banda Al Qaeda' amenaza con matarlos,Latina Noticias,UCpSJ5fGhmAME9Kx2D3ZvN3Q,164.0,targeted_search,amenaza en vivo televisión peruana,74,AMENAZA_DIRECTA,consulta explícita de una categoría minoritaria,100
JOYRtnE0tvA,https://www.youtube.com/watch?v=JOYRtnE0tvA,El cumpleaños del 'Monstruo': Los audios que delatan a Erick Moreno en plena celebración clandestina,Latina Noticias,UCpSJ5fGhmAME9Kx2D3ZvN3Q,470.0,targeted_search,amenaza en vivo televisión peruana,75,AMENAZA_DIRECTA,consulta explícita de una categoría minoritaria,100
eudv9pU4Vvo,https://www.youtube.com/watch?v=eudv9pU4Vvo,⚠️ Exclusive Interview: “Uncle Fritz” speaks out after his security guard was gunned down,Panorama,UCBiq92lt_ufNO-ktZigVXgg,780.0,targeted_search,amenaza en vivo televisión peruana,76,AMENAZA_DIRECTA,consulta explícita de una categoría minoritaria,100
seIHNMMEr0E,https://www.youtube.com/watch?v=seIHNMMEr0E,Mother receives threats because she did not pay loan | Primera Edición (TODAY),América Noticias,UCPhm2I2wk4vqjENwhn3px8A,148.0,targeted_search,amenaza en vivo televisión peruana,77,AMENAZA_DIRECTA,consulta explícita de una categoría minoritaria,100
KwOwi_3NmRA,https://www.youtube.com/watch?v=KwOwi_3NmRA,Tercera banda criminal amenaza a 'Los Rojitos' y choferes ya no salen a trabajar,Latina Noticias,UCpSJ5fGhmAME9Kx2D3ZvN3Q,281.0,targeted_search,amenaza en vivo televisión peruana,78,AMENAZA_DIRECTA,consulta explícita de una categoría minoritaria,100
-0olZT6Lkqo,https://www.youtube.com/watch?v=-0olZT6Lkqo,New threat to Colonel Revoredo | Domingo al Día | Peru,América Televisión,UCGGry4kGWZUqIfG6LLNhOmg,766.0,targeted_search,amenaza en vivo televisión peruana,79,AMENAZA_DIRECTA,consulta explícita de una categoría minoritaria,100
yZnCHUsz4IM,https://www.youtube.com/watch?v=yZnCHUsz4IM,Atentado contra familia emprendedora al lado de niños: Días antes denunciaron amenazas a la Policía,Latina Noticias,UCpSJ5fGhmAME9Kx2D3ZvN3Q,316.0,targeted_search,amenaza en vivo televisión peruana,80,AMENAZA_DIRECTA,consulta explícita de una categoría minoritaria,100
ImkWIVT7nCU,https://www.youtube.com/watch?v=ImkWIVT7nCU,🚨💰 This is the number of extortion threats in each district | Arriba Mi Gente 💚,Latina Televisión,UC3rDtLrcgr3JS3_3JOW4BAw,598.0,targeted_search,amenaza en vivo televisión peruana,81,AMENAZA_DIRECTA,consulta explícita de una categoría minoritaria,100
9Kn4lDEOwWE,https://www.youtube.com/watch?v=9Kn4lDEOwWE,"""Las amenazas van contra su hijo"": Dinamita interrumpe concierto de Toño Centella en Carabayllo",Latina Noticias,UCpSJ5fGhmAME9Kx2D3ZvN3Q,413.0,targeted_search,amenaza en vivo televisión peruana,82,AMENAZA_DIRECTA,consulta explícita de una categoría minoritaria,100
PHyUJ6bt01o,https://www.youtube.com/watch?v=PHyUJ6bt01o,Amenazan y piden cupo de 10 mil soles a exfutbolista Roberto Valenzuela,Latina Noticias,UCpSJ5fGhmAME9Kx2D3ZvN3Q,86.0,targeted_search,amenaza en vivo televisión peruana,83,AMENAZA_DIRECTA,consulta explícita de una categoría minoritaria,100
jLltwOZU9IM,https://www.youtube.com/watch?v=jLltwOZU9IM,Evacúan avión por falsa alarma de bomba: UDEX descartó explosivos,TVPerú Noticias,UCkZCoc42IipR1ucqJmIehsA,126.0,targeted_search,amenaza en vivo televisión peruana,84,AMENAZA_DIRECTA,consulta explícita de una categoría minoritaria,100
Pc2-qxaPoqY,https://www.youtube.com/watch?v=Pc2-qxaPoqY,New threat to Colonel Revoredo | Domingo al Día | Peru,América Noticias,UCPhm2I2wk4vqjENwhn3px8A,766.0,targeted_search,amenaza en vivo televisión peruana,85,AMENAZA_DIRECTA,consulta explícita de una categoría minoritaria,100
1bUDh2xKfsA,https://www.youtube.com/watch?v=1bUDh2xKfsA,Trujillo: Segat amenaza con paralización de 24 horas,SOL TV Perú,UCT3jhkKbEV4ZslnzhZ26hPw,134.0,targeted_search,amenaza en vivo televisión peruana,86,AMENAZA_DIRECTA,consulta explícita de una categoría minoritaria,100
EId_9soT1CM,https://www.youtube.com/watch?v=EId_9soT1CM,'Siguiente ataque va contra la familia': Extorsionadores disparan a chofer tras amenazas,Latina Noticias,UCpSJ5fGhmAME9Kx2D3ZvN3Q,93.0,targeted_search,amenaza en vivo televisión peruana,87,AMENAZA_DIRECTA,consulta explícita de una categoría minoritaria,100
cslXJaQb-Dg,https://www.youtube.com/watch?v=cslXJaQb-Dg,Men were selling shoe eyelets under threat | Primera Edición | News Perú,América Noticias,UCPhm2I2wk4vqjENwhn3px8A,191.0,targeted_search,amenaza en vivo televisión peruana,88,AMENAZA_DIRECTA,consulta explícita de una categoría minoritaria,100
GfbJRi6jw3s,https://www.youtube.com/watch?v=GfbJRi6jw3s,Extorsionadores amenazan con nueva modalidad: Se acercan a trabajadores y le hacen escuchar audios,ATV Noticias,UCYG5uXS3xdsoaXIxum1pAEw,352.0,targeted_search,amenaza en vivo televisión peruana,89,AMENAZA_DIRECTA,consulta explícita de una categoría minoritaria,100
Soc8qda6gNQ,https://www.youtube.com/watch?v=Soc8qda6gNQ,"Sujeto amenaza 2 veces a la misma bodega: ""De repente nos está vigilando""",Latina Noticias,UCpSJ5fGhmAME9Kx2D3ZvN3Q,481.0,targeted_search,amenaza en vivo televisión peruana,90,AMENAZA_DIRECTA,consulta explícita de una categoría minoritaria,100
LLkCgYB1xIY,https://www.youtube.com/watch?v=LLkCgYB1xIY,Congresista Jorge Montoya denuncia amenazas contra su vida por mensajes de WhatsApp,TVPerú Noticias,UCkZCoc42IipR1ucqJmIehsA,240.0,targeted_search,amenaza en vivo televisión peruana,91,AMENAZA_DIRECTA,consulta explícita de una categoría minoritaria,100
jIG669ZnTqs,https://www.youtube.com/watch?v=jIG669ZnTqs,'A mi hijo me lo pueden entregar en cajón': Extorsionadores amenazan a colegio tras cobrar cupo,Latina Noticias,UCpSJ5fGhmAME9Kx2D3ZvN3Q,127.0,targeted_search,amenaza en vivo televisión peruana,92,AMENAZA_DIRECTA,consulta explícita de una categoría minoritaria,100
DiILXSJpvyQ,https://www.youtube.com/watch?v=DiILXSJpvyQ,'Es un acto terrorista': Evo Morales amenaza a gobierno de Bolivia,Latina Noticias,UCpSJ5fGhmAME9Kx2D3ZvN3Q,312.0,targeted_search,amenaza en vivo televisión peruana,93,AMENAZA_DIRECTA,consulta explícita de una categoría minoritaria,100
xLHq1FCDh7M,https://www.youtube.com/watch?v=xLHq1FCDh7M,'Plata o plomo': Así cayó banda extorsiva que amenazaban de muerte y cobraban cupo a transportistas,Latina Noticias,UCpSJ5fGhmAME9Kx2D3ZvN3Q,167.0,targeted_search,amenaza en vivo televisión peruana,94,AMENAZA_DIRECTA,consulta explícita de una categoría minoritaria,100
hB6ofVgF4y4,https://www.youtube.com/watch?v=hB6ofVgF4y4,Yerson threatens Silvia not to talk to Chicho! | Mi Esperanza | América Televisión,América Televisión,UCGGry4kGWZUqIfG6LLNhOmg,164.0,targeted_search,amenaza en vivo televisión peruana,95,AMENAZA_DIRECTA,consulta explícita de una categoría minoritaria,100
2D3CMNIKQow,https://www.youtube.com/watch?v=2D3CMNIKQow,"Amenazan de muerte a alcalde de Comas y evalúa renunciar: ""Primero está la vida de mi familia""",Latina Noticias,UCpSJ5fGhmAME9Kx2D3ZvN3Q,186.0,targeted_search,amenaza en vivo televisión peruana,97,AMENAZA_DIRECTA,consulta explícita de una categoría minoritaria,100
idi-_CM9JKI,https://www.youtube.com/watch?v=idi-_CM9JKI,Amenazan a bodegueros y 2 días después balean su carro: Denunciaron a la Policía antes del ataque,Latina Noticias,UCpSJ5fGhmAME9Kx2D3ZvN3Q,354.0,targeted_search,amenaza en vivo televisión peruana,99,AMENAZA_DIRECTA,consulta explícita de una categoría minoritaria,100
viWfUz3tDhw,https://www.youtube.com/watch?v=viWfUz3tDhw,Nicolás Maduro amenaza con una etapa de lucha armada planificada si su país es agredido,Latina Noticias,UCpSJ5fGhmAME9Kx2D3ZvN3Q,67.0,targeted_search,amenaza en vivo televisión peruana,100,AMENAZA_DIRECTA,consulta explícita de una categoría minoritaria,100
UAqRmN3Q3Yk,https://www.youtube.com/watch?v=UAqRmN3Q3Yk,"""Again with your threats"": Judge and prosecutor argue in virtual hearing, and it all ends with a ...",LP - Pasión por el Derecho,UCDscRlCxFfuHhsJBlVvPBmA,408.0,targeted_search,amenaza fiscal juez audiencia Perú,3,AMENAZA_DIRECTA,consulta explícita de una categoría minoritaria,100
uk9wJ99vrcQ,https://www.youtube.com/watch?v=uk9wJ99vrcQ,"Judge wanted to give the prosecutor the floor at the pretrial detention hearing, but the lawyer o...",LP - Pasión por el Derecho,UCDscRlCxFfuHhsJBlVvPBmA,485.0,targeted_search,amenaza fiscal juez audiencia Perú,4,AMENAZA_DIRECTA,consulta explícita de una categoría minoritaria,100
lIo6yArI7QA,https://www.youtube.com/watch?v=lIo6yArI7QA,Joven abogado discute con fiscal sobre imputación concreta,LP - Pasión por el Derecho,UCDscRlCxFfuHhsJBlVvPBmA,13078.0,targeted_search,amenaza fiscal juez audiencia Perú,5,AMENAZA_DIRECTA,consulta explícita de una categoría minoritaria,100
gtyTfMDp-wc,https://www.youtube.com/watch?v=gtyTfMDp-wc,Oxapampa: Acusado insulta y amenaza de muerte a juez durante audiencia virtual,CC Digital Perú,UCO4dAHBdRQ5NU4i5rQ-HLsA,154.0,targeted_search,amenaza fiscal juez audiencia Perú,6,AMENAZA_DIRECTA,consulta explícita de una categoría minoritaria,100
I48H0HPwZL4,https://www.youtube.com/watch?v=I48H0HPwZL4,CASO EXJUEZ CÉSAR HINOSTROZA: AUDIENCIA DE REQUERIMIENTO DE PRISIÓN PREVENTIVA,Poder Judicial del Perú,UCvCLoltBg5y32b0oBG8j0EQ,12736.0,targeted_search,amenaza fiscal juez audiencia Perú,7,AMENAZA_DIRECTA,consulta explícita de una categoría minoritaria,100
jbCv2Znu3GY,https://www.youtube.com/watch?v=jbCv2Znu3GY,Juez maltrata verbalmente a su colega durante audiencia pública,TVPerú Noticias,UCkZCoc42IipR1ucqJmIehsA,113.0,targeted_search,amenaza fiscal juez audiencia Perú,8,AMENAZA_DIRECTA,consulta explícita de una categoría minoritaria,100
rQ_c3naspj4,https://www.youtube.com/watch?v=rQ_c3naspj4,"Video | Juez Concepción Carhuancho hizo un llamado a la ""cordura"" a abogada de Keiko Fujimori",RPP Noticias,UC5j8-2FT0ZMMBkmK72R4aeA,90.0,targeted_search,amenaza fiscal juez audiencia Perú,9,AMENAZA_DIRECTA,consulta explícita de una categoría minoritaria,100
x4nvV15iq5M,https://www.youtube.com/watch?v=x4nvV15iq5M,HE DESTROYED HIM! TC JUDGE PULSATES PROSECUTOR DOMINGO PEREZ IN COCKTAIL CASE HEARING,Informativo Perú,UC872F7q02kUQgZa-jm30zJw,1331.0,targeted_search,amenaza fiscal juez audiencia Perú,10,AMENAZA_DIRECTA,consulta explícita de una categoría minoritaria,100
XPwqyxMTtN0,https://www.youtube.com/watch?v=XPwqyxMTtN0,Prisión preventiva contra el fiscal Moises Albañil Timana y el abogado Wilmer Mendoza Cueva,JusticiaTV - Audiencias,UCCaMc7HFSNrTvAecmLubKQw,12090.0,targeted_search,amenaza fiscal juez audiencia Perú,11,AMENAZA_DIRECTA,consulta explícita de una categoría minoritaria,100
RvSjuYKFzAk,https://www.youtube.com/watch?v=RvSjuYKFzAk,Chimbote: Fiscal acude a audiencia en aparente estado de ebriedad,Latina Noticias,UCpSJ5fGhmAME9Kx2D3ZvN3Q,111.0,targeted_search,amenaza fiscal juez audiencia Perú,13,AMENAZA_DIRECTA,consulta explícita de una categoría minoritaria,100
jM9BJVs7Mvg,https://www.youtube.com/watch?v=jM9BJVs7Mvg,Juez amenaza con multa a abogado Ciro Cancho. ¿Hubo falta de respeto?,LP - Pasión por el Derecho,UCDscRlCxFfuHhsJBlVvPBmA,333.0,targeted_search,amenaza fiscal juez audiencia Perú,14,AMENAZA_DIRECTA,consulta explícita de una categoría minoritaria,100
yfVjMutJcOw,https://www.youtube.com/watch?v=yfVjMutJcOw,Jueza del caso “Baguazo” es maltratada verbalmente por su colega durante audiencia,Wayka,UCQmo59tWId4OHTdl4W320DQ,85.0,targeted_search,amenaza fiscal juez audiencia Perú,15,AMENAZA_DIRECTA,consulta explícita de una categoría minoritaria,100
Jz49bghB-K4,https://www.youtube.com/watch?v=Jz49bghB-K4,"¡Insólito! Fiscal transmite video ""subido de tono"" en plena audiencia virtual (Ucayali - Perú)",Discent Legem - Perú,UC4HaP99ArZDbC0VXHr96NsA,40.0,targeted_search,amenaza fiscal juez audiencia Perú,16,AMENAZA_DIRECTA,consulta explícita de una categoría minoritaria,100
iLkuMDjVLH0,https://www.youtube.com/watch?v=iLkuMDjVLH0,Juez suspende audiencia porque fiscal se presentó en audiencia sin tener documentales a la mano,LP - Pasión por el Derecho,UCDscRlCxFfuHhsJBlVvPBmA,523.0,targeted_search,amenaza fiscal juez audiencia Perú,17,AMENAZA_DIRECTA,consulta explícita de una categoría minoritaria,100
yYvGBCCis6E,https://www.youtube.com/watch?v=yYvGBCCis6E,JUEZ DEL CALLAO DELZO LIVIAS DA CÁTEDRA JURIDICA Y DEJA MAL A FISCAL DE CORRUPCIÓN FERNANDO ALARCÓN,Walter Adan Chinchay,UCT9dwqIe2tZGR-QfavNoWzA,3258.0,targeted_search,amenaza fiscal juez audiencia Perú,18,AMENAZA_DIRECTA,consulta explícita de una categoría minoritaria,100
ctdTa6-fmIk,https://www.youtube.com/watch?v=ctdTa6-fmIk,Judge outraged and lashes out at prosecutor for his performance in court,LP - Pasión por el Derecho,UCDscRlCxFfuHhsJBlVvPBmA,520.0,targeted_search,amenaza fiscal juez audiencia Perú,19,AMENAZA_DIRECTA,consulta explícita de una categoría minoritaria,100
HE4Ge20OIWI,https://www.youtube.com/watch?v=HE4Ge20OIWI,Imputado amenaza al juez y al fiscal de su caso,Upsocl,UCgltr7AvpfGf-sEnIdBKZXQ,345.0,targeted_search,amenaza fiscal juez audiencia Perú,20,AMENAZA_DIRECTA,consulta explícita de una categoría minoritaria,100
rbn0XNrbII8,https://www.youtube.com/watch?v=rbn0XNrbII8,UN REO AMENAZA A UN JUEZ EN PLENA AUDIENCIA VIRTUAL,Ley Justa,UCtccjYpWHoBnQt_s0WR4_Bw,430.0,targeted_search,amenaza fiscal juez audiencia Perú,22,AMENAZA_DIRECTA,consulta explícita de una categoría minoritaria,100
nSdTmOFVYNk,https://www.youtube.com/watch?v=nSdTmOFVYNk,Jueza ordena reemplazar al fiscal porque no sabía interrogar,LP - Pasión por el Derecho,UCDscRlCxFfuHhsJBlVvPBmA,447.0,targeted_search,amenaza fiscal juez audiencia Perú,23,AMENAZA_DIRECTA,consulta explícita de una categoría minoritaria,100
MzHaBP1YQg0,https://www.youtube.com/watch?v=MzHaBP1YQg0,Caso Policía- Juez llama la atención a Fiscal parte 1,HONESTIDAD PERÚ ,UC0V2T-TbjC2sh_kq2AeQqVg,170.0,targeted_search,amenaza fiscal juez audiencia Perú,24,AMENAZA_DIRECTA,consulta explícita de una categoría minoritaria,100
Zxhr2cRCJI0,https://www.youtube.com/watch?v=Zxhr2cRCJI0,Fiscal DOMINGO PÉREZ sobre uso de CHALECO: “Recibo AMENAZAS de MUERTE” | #LR,La República - LR+,UC-B7Xv56uNRDkj0vC3QW8Cg,170.0,targeted_search,amenaza fiscal juez audiencia Perú,26,AMENAZA_DIRECTA,consulta explícita de una categoría minoritaria,100
8jqYj3iKJyU,https://www.youtube.com/watch?v=8jqYj3iKJyU,😱Procesado amenaza de muerte a juez de audiencia - Oxapampa👮‍♂️,Qwada,UC08DCSsLDBIVLvebHUpqsXg,144.0,targeted_search,amenaza fiscal juez audiencia Perú,27,AMENAZA_DIRECTA,consulta explícita de una categoría minoritaria,100
-aJ6yC0e1zk,https://www.youtube.com/watch?v=-aJ6yC0e1zk,JUEZA DESTRUY3 EN VIVO A JOSÉ DOMINGO PÉREZ Y LO MANDA A CALLAR X REPETIR Y NO SER CONCRETO,Mi Canal Peru,UCPdMo4auXNg5mVtkJ_LbP8g,98.0,targeted_search,amenaza fiscal juez audiencia Perú,28,AMENAZA_DIRECTA,consulta explícita de una categoría minoritaria,100
ooP9_gqyblY,https://www.youtube.com/watch?v=ooP9_gqyblY,"José Domingo Pérez sobre su llegada con chaleco antibalas al juicio: ""Si he recibido amenazas""",Latina Noticias,UCpSJ5fGhmAME9Kx2D3ZvN3Q,148.0,targeted_search,amenaza fiscal juez audiencia Perú,29,AMENAZA_DIRECTA,consulta explícita de una categoría minoritaria,100
h70X67Mz4fY,https://www.youtube.com/watch?v=h70X67Mz4fY,ALEJANDRO TOLEDO: Así fue su primera audiencia de control de identidad ante el Poder Judicial,EL COMERCIO,UCLtGUPjKLqa3zgdmhKCZONg,209.0,targeted_search,amenaza fiscal juez audiencia Perú,30,AMENAZA_DIRECTA,consulta explícita de una categoría minoritaria,100
aEc8Kwn1SYQ,https://www.youtube.com/watch?v=aEc8Kwn1SYQ,"Fiscal de la Nación y Comandante de la Policía discuten en Congreso: ""¡Déjeme hablar!""",Latina Noticias,UCpSJ5fGhmAME9Kx2D3ZvN3Q,137.0,targeted_search,amenaza fiscal juez audiencia Perú,31,AMENAZA_DIRECTA,consulta explícita de una categoría minoritaria,100
yxpkdXjB4IM,https://www.youtube.com/watch?v=yxpkdXjB4IM,Judge calls out lawyer for being distracted during hearing,LP - Pasión por el Derecho,UCDscRlCxFfuHhsJBlVvPBmA,132.0,targeted_search,amenaza fiscal juez audiencia Perú,33,AMENAZA_DIRECTA,consulta explícita de una categoría minoritaria,100
WVSjU07_ZWw,https://www.youtube.com/watch?v=WVSjU07_ZWw,AMENAZA DE MUERTE A JUEZ EN PLENA AUDIENCIA,Canal1Peru,UClTcIB85_6kMi7xGyVaCR6Q,194.0,targeted_search,amenaza fiscal juez audiencia Perú,34,AMENAZA_DIRECTA,consulta explícita de una categoría minoritaria,100
elsOWMjuAs8,https://www.youtube.com/watch?v=elsOWMjuAs8,"Judge questions lawyer's attire: ""The hearing requires certain formalities even though it's held ...",LP - Pasión por el Derecho,UCDscRlCxFfuHhsJBlVvPBmA,148.0,targeted_search,amenaza fiscal juez audiencia Perú,35,AMENAZA_DIRECTA,consulta explícita de una categoría minoritaria,100
31906Na9VmQ,https://www.youtube.com/watch?v=31906Na9VmQ,Jueces superiores reprochan a fiscal superior por imputación genérica,LP - Pasión por el Derecho,UCDscRlCxFfuHhsJBlVvPBmA,771.0,targeted_search,amenaza fiscal juez audiencia Perú,36,AMENAZA_DIRECTA,consulta explícita de una categoría minoritaria,100
mKbH-Re8EK0,https://www.youtube.com/watch?v=mKbH-Re8EK0,"Tips for litigating in pretrial detention hearings, by Frank Almanza",LP - Pasión por el Derecho,UCDscRlCxFfuHhsJBlVvPBmA,438.0,targeted_search,amenaza fiscal juez audiencia Perú,37,AMENAZA_DIRECTA,consulta explícita de una categoría minoritaria,100
6-EZ4fbdqoo,https://www.youtube.com/watch?v=6-EZ4fbdqoo,🚨 JUEZ DEL CASO CIRO CASTILLO DENUNCIA QUE RECIBE LLAMADAS AMENAZANTES #HLR,La República - LR+,UC-B7Xv56uNRDkj0vC3QW8Cg,86.0,targeted_search,amenaza fiscal juez audiencia Perú,38,AMENAZA_DIRECTA,consulta explícita de una categoría minoritaria,100
WPWzN6FTFiA,https://www.youtube.com/watch?v=WPWzN6FTFiA,Fiscal de la Nación demanda a la Junta Nacional de Justicia por investigarla | Al Vuelo,El Búho pe,UC6xAnp5ygm8oNoBDCgu70UQ,269.0,targeted_search,amenaza fiscal juez audiencia Perú,39,AMENAZA_DIRECTA,consulta explícita de una categoría minoritaria,100
TfKNB201Y3Q,https://www.youtube.com/watch?v=TfKNB201Y3Q,América Noticias: Iquitos: fiscal anticorrupción intentó sobornar a un juez,América Noticias,UCPhm2I2wk4vqjENwhn3px8A,64.0,targeted_search,amenaza fiscal juez audiencia Perú,40,AMENAZA_DIRECTA,consulta explícita de una categoría minoritaria,100
WwMXkUFiJuo,https://www.youtube.com/watch?v=WwMXkUFiJuo,Lawyer tries to plead with polo shirt in virtual hearing and judge prevents him from doing so,LP - Pasión por el Derecho,UCDscRlCxFfuHhsJBlVvPBmA,116.0,targeted_search,amenaza fiscal juez audiencia Perú,41,AMENAZA_DIRECTA,consulta explícita de una categoría minoritaria,100
Y2HYbL4cFpU,https://www.youtube.com/watch?v=Y2HYbL4cFpU,Abogado advierte en audiencia que juez se encuentra inhabilitado para el ejercicio profesional,LP - Pasión por el Derecho,UCDscRlCxFfuHhsJBlVvPBmA,1135.0,targeted_search,amenaza fiscal juez audiencia Perú,42,AMENAZA_DIRECTA,consulta explícita de una categoría minoritaria,100
3TyztmbnTi8,https://www.youtube.com/watch?v=3TyztmbnTi8,Judge demands lawyer put on a suit and the lawyer replies that there is no legal basis for it.,LP - Pasión por el Derecho,UCDscRlCxFfuHhsJBlVvPBmA,237.0,targeted_search,amenaza fiscal juez audiencia Perú,43,AMENAZA_DIRECTA,consulta explícita de una categoría minoritaria,100
u7k28HoN4I8,https://www.youtube.com/watch?v=u7k28HoN4I8,INITIAL HEARING FOR THE CRIME OF THREATS AGAINST MINORS: PUBLIC PROSECUTOR VS. PRIVATE DEFENSE AT...,Felipe Coronel,UCkuHIvanN4FDiky3uJR7YpA,1261.0,targeted_search,amenaza fiscal juez audiencia Perú,44,AMENAZA_DIRECTA,consulta explícita de una categoría minoritaria,100
Geo7ipS25IM,https://www.youtube.com/watch?v=Geo7ipS25IM,Juez mandó dos días a la cárcel a un fiscal luego de pelearse en plena audiencia,Noticias Caracol,UC2Xq2PK-got3Rtz9ZJ32hLQ,180.0,targeted_search,amenaza fiscal juez audiencia Perú,45,AMENAZA_DIRECTA,consulta explícita de una categoría minoritaria,100
nKTfXRl3eW8,https://www.youtube.com/watch?v=nKTfXRl3eW8,Fuerte discusión | Juez quiso que el testigo dé explicaciones ante una pregunta cerrada,LP - Pasión por el Derecho,UCDscRlCxFfuHhsJBlVvPBmA,243.0,targeted_search,amenaza fiscal juez audiencia Perú,46,AMENAZA_DIRECTA,consulta explícita de una categoría minoritaria,100
W8BBL_JBUNc,https://www.youtube.com/watch?v=W8BBL_JBUNc,FISCAL NO SE PREPARÓ EN AUDIENCIA DE PRISIÓN CONTRA LILIA PAREDES Y HACE PERDER TIEMPO AL JUEZ,JF DIGITAL,UCvDBDpI2MSvibOCRacHYOUw,835.0,targeted_search,amenaza fiscal juez audiencia Perú,47,AMENAZA_DIRECTA,consulta explícita de una categoría minoritaria,100
j8FducKzJ-A,https://www.youtube.com/watch?v=j8FducKzJ-A,La tremenda audiencia: Fiscalía pide 36 meses de prisión preventiva para Keiko,Panorama,UCBiq92lt_ufNO-ktZigVXgg,723.0,targeted_search,amenaza fiscal juez audiencia Perú,48,AMENAZA_DIRECTA,consulta explícita de una categoría minoritaria,100
z9V91O6Fs4k,https://www.youtube.com/watch?v=z9V91O6Fs4k,JUEZ DEL SACO ESTABA INHABILITADO POR EL CAL,Adolfo LAVIANA GONZALEZ,UCHLDezLqlaqtArnyQoWwWyQ,1487.0,targeted_search,amenaza fiscal juez audiencia Perú,49,AMENAZA_DIRECTA,consulta explícita de una categoría minoritaria,100
yQcM6Zbo4YA,https://www.youtube.com/watch?v=yQcM6Zbo4YA,'Los cuellos blancos del puerto': Fiscal denuncia que testigo clave de audios es amenazado,TVPerú Noticias,UCkZCoc42IipR1ucqJmIehsA,86.0,targeted_search,amenaza fiscal juez audiencia Perú,50,AMENAZA_DIRECTA,consulta explícita de una categoría minoritaria,100
kKFvSBOP7io,https://www.youtube.com/watch?v=kKFvSBOP7io,Pasco: imputado amenaza a juez con matarlo en audiencia virtual,ETCRADIO TV,UCpF79FBh6RxwYDN487KoltQ,126.0,targeted_search,amenaza fiscal juez audiencia Perú,51,AMENAZA_DIRECTA,consulta explícita de una categoría minoritaria,100
lMaCCsrJti4,https://www.youtube.com/watch?v=lMaCCsrJti4,Juez CHECKLEY a CASTILLO en audiencia: “Usted no está SECUESTRADO” | #LR,La República - LR+,UC-B7Xv56uNRDkj0vC3QW8Cg,146.0,targeted_search,amenaza fiscal juez audiencia Perú,52,AMENAZA_DIRECTA,consulta explícita de una categoría minoritaria,100
FoAOEeoI8F8,https://www.youtube.com/watch?v=FoAOEeoI8F8,Pastilla judicial: AUDIENCIA DE CONTROL DE ACUSACIÓN,Corte del Callao,UCajhz53L-wF2YN_MtOsRdqA,92.0,targeted_search,amenaza fiscal juez audiencia Perú,53,AMENAZA_DIRECTA,consulta explícita de una categoría minoritaria,100
ZqfiiQiDJZA,https://www.youtube.com/watch?v=ZqfiiQiDJZA,27-02-19 JUEZ DEL CALLAO: DICTAN IMPEDIMENTO DE SALIDA DEL PAÍS POR 36 MESES,Poder Judicial del Perú,UCvCLoltBg5y32b0oBG8j0EQ,16528.0,targeted_search,amenaza fiscal juez audiencia Perú,54,AMENAZA_DIRECTA,consulta explícita de una categoría minoritaria,100
9lz3dtZeoAE,https://www.youtube.com/watch?v=9lz3dtZeoAE,🔵#TransmisiónEnDiferido | Audiencia  de cesación de  prisión preventiva de Julio Cesar Mollo Navarro,JusticiaTV - Audiencias,UCCaMc7HFSNrTvAecmLubKQw,1438.0,targeted_search,amenaza fiscal juez audiencia Perú,55,AMENAZA_DIRECTA,consulta explícita de una categoría minoritaria,100
olZTGX9fDRU,https://www.youtube.com/watch?v=olZTGX9fDRU,Audiencia Solsiret Rodríguez: juez reclama a abogada de la familia por declaraciones a la prensa,RPP Noticias,UC5j8-2FT0ZMMBkmK72R4aeA,269.0,targeted_search,amenaza fiscal juez audiencia Perú,56,AMENAZA_DIRECTA,consulta explícita de una categoría minoritaria,100
oITA6yHIRzs,https://www.youtube.com/watch?v=oITA6yHIRzs,08/05/2015 - (Parte 5 de 5) Audiencia de prisión preventiva contra jueces de Ucayali,Poder Judicial del Perú,UCvCLoltBg5y32b0oBG8j0EQ,2376.0,targeted_search,amenaza fiscal juez audiencia Perú,57,AMENAZA_DIRECTA,consulta explícita de una categoría minoritaria,100
TeYgCkDrdTg,https://www.youtube.com/watch?v=TeYgCkDrdTg,JUEZ SUPREMO CESAR SAN MARTIN TILDO DE FISCALES JALADOS Y TRAS QUEJA PIDIO DISCULPAS,JF DIGITAL,UCvDBDpI2MSvibOCRacHYOUw,204.0,targeted_search,amenaza fiscal juez audiencia Perú,58,AMENAZA_DIRECTA,consulta explícita de una categoría minoritaria,100
nWaF5wROn5c,https://www.youtube.com/watch?v=nWaF5wROn5c,Jueza reprende a fiscalía por pedir prisión preventiva indebidamente,LP - Pasión por el Derecho,UCDscRlCxFfuHhsJBlVvPBmA,309.0,targeted_search,amenaza fiscal juez audiencia Perú,59,AMENAZA_DIRECTA,consulta explícita de una categoría minoritaria,100
Mvht2ENYOdc,https://www.youtube.com/watch?v=Mvht2ENYOdc,Fiscal Gonzales responsabiliza a juez de liberación de presuntos delincuentes│RPP,RPP Noticias,UC5j8-2FT0ZMMBkmK72R4aeA,175.0,targeted_search,amenaza fiscal juez audiencia Perú,60,AMENAZA_DIRECTA,consulta explícita de una categoría minoritaria,100
RM7MKykejPQ,https://www.youtube.com/watch?v=RM7MKykejPQ,Alegato de clausura del abogado Joseph Trujillo en el juicio oral contra Walter Aduviri,LP - Pasión por el Derecho,UCDscRlCxFfuHhsJBlVvPBmA,9076.0,targeted_search,amenaza fiscal juez audiencia Perú,61,AMENAZA_DIRECTA,consulta explícita de una categoría minoritaria,100
Qv4Lj02OxH8,https://www.youtube.com/watch?v=Qv4Lj02OxH8,Fiscal Rafael Vela ingresó a la audiencia de fianza de Alejandro Toledo,RPP Noticias,UC5j8-2FT0ZMMBkmK72R4aeA,45.0,targeted_search,amenaza fiscal juez audiencia Perú,62,AMENAZA_DIRECTA,consulta explícita de una categoría minoritaria,100
TAhjJzCJOt4,https://www.youtube.com/watch?v=TAhjJzCJOt4,"JUEZ INCREPA A ABOGADO JUICIO CONTRA LILIA PAREDES:"" VA CITAR LA BIBLIA Y DON QUIJOTE, NO LE PERMITO",JF DIGITAL,UCvDBDpI2MSvibOCRacHYOUw,137.0,targeted_search,amenaza fiscal juez audiencia Perú,63,AMENAZA_DIRECTA,consulta explícita de una categoría minoritaria,100
VDii2j1ocn4,https://www.youtube.com/watch?v=VDii2j1ocn4,Judge becomes annoyed upon noticing that lawyer is unfamiliar with the legal process,LP - Pasión por el Derecho,UCDscRlCxFfuHhsJBlVvPBmA,653.0,targeted_search,amenaza fiscal juez audiencia Perú,64,AMENAZA_DIRECTA,consulta explícita de una categoría minoritaria,100
vrmkS68I-E8,https://www.youtube.com/watch?v=vrmkS68I-E8,A VERY HARSH DEBATE IN THE INTERMEDIATE HEARING - THE PROSECUTOR REQUESTS THE EXCLUSION OF ALL TH...,ERIK RAUDA,UCAuhfbhXaAIQmEVssuTA2ng,1157.0,targeted_search,amenaza fiscal juez audiencia Perú,65,AMENAZA_DIRECTA,consulta explícita de una categoría minoritaria,100
ksJStv0RJA4,https://www.youtube.com/watch?v=ksJStv0RJA4,TDJ afirma desconocer amenazas contra un juez que admitió acción de cumplimiento,Unitel Bolivia,UCBTuUY99I5plMaC_ZcmXIYw,70.0,targeted_search,amenaza fiscal juez audiencia Perú,66,AMENAZA_DIRECTA,consulta explícita de una categoría minoritaria,100
Q3XDI6lE8oc,https://www.youtube.com/watch?v=Q3XDI6lE8oc,AUDIENCIA DE COMPARECENCIA CON RESTRICCIONES   CASO ABOGADOS FUERZA POPULAR,César Nakazaki,UCTz8u90bcQYxTAPjPbsZ0AQ,12327.0,targeted_search,amenaza fiscal juez audiencia Perú,67,AMENAZA_DIRECTA,consulta explícita de una categoría minoritaria,100
7ndVGzY6UtM,https://www.youtube.com/watch?v=7ndVGzY6UtM,FISCAL SUPERIOR INTERVIENE A JUEZ ANTICORRUPCION,Huaraz Noticias,UCibiRYPr_NaznLRwN47e4tA,265.0,targeted_search,amenaza fiscal juez audiencia Perú,68,AMENAZA_DIRECTA,consulta explícita de una categoría minoritaria,100
bHsiUfLdMwI,https://www.youtube.com/watch?v=bHsiUfLdMwI,🚨BRONCA EN EL JUICIO CONTRA EL PDTE. PEDRO CASTILLO,24 NOTICIAS EN VIVO,UCBakLHkgO4W0ER6KMA-KNiw,6415.0,targeted_search,amenaza fiscal juez audiencia Perú,69,AMENAZA_DIRECTA,consulta explícita de una categoría minoritaria,100
9BHbLRimL-c,https://www.youtube.com/watch?v=9BHbLRimL-c,Suspenden juicio a 'Caracol' por vínculos familiares con jueza,TVPerú Noticias,UCkZCoc42IipR1ucqJmIehsA,150.0,targeted_search,amenaza fiscal juez audiencia Perú,70,AMENAZA_DIRECTA,consulta explícita de una categoría minoritaria,100
HOPpbJeAYpQ,https://www.youtube.com/watch?v=HOPpbJeAYpQ,Alejandro Toledo: fiscal estadounidense representará al Estado peruano en audiencia del viernes,TVPerú Noticias,UCkZCoc42IipR1ucqJmIehsA,97.0,targeted_search,amenaza fiscal juez audiencia Perú,71,AMENAZA_DIRECTA,consulta explícita de una categoría minoritaria,100
7nevvpxzwZ0,https://www.youtube.com/watch?v=7nevvpxzwZ0,Acusado enloquece y amenaza a una jueza en plena audiencia,Al Rojo Vivo,UCDUxOvbwu1bnyD7AucP0ESw,88.0,targeted_search,amenaza fiscal juez audiencia Perú,72,AMENAZA_DIRECTA,consulta explícita de una categoría minoritaria,100
xrcLThLVr2M,https://www.youtube.com/watch?v=xrcLThLVr2M,Juez peruano envía a prisión a exalcadesa de Lima por caso Odebrecht,EjeCentralTV,UCNsL6w7q2ghO8KO-3x8yuOA,82.0,targeted_search,amenaza fiscal juez audiencia Perú,73,AMENAZA_DIRECTA,consulta explícita de una categoría minoritaria,100
v_6yjA6CHB0,https://www.youtube.com/watch?v=v_6yjA6CHB0,🔴EN VIVO: AUDIENCIA CONTRA CESAR HINOSTROZA POR TRAFICO DE INFLUENCIAS PODER JUDICIAL | HOY 12/3/24,JF DIGITAL,UCvDBDpI2MSvibOCRacHYOUw,3454.0,targeted_search,amenaza fiscal juez audiencia Perú,74,AMENAZA_DIRECTA,consulta explícita de una categoría minoritaria,100
Tmx49eL6MlU,https://www.youtube.com/watch?v=Tmx49eL6MlU,Juez advierte que imputado aceptó terminación anticipada solo porque «quería acabar con el proceso»,LP - Pasión por el Derecho,UCDscRlCxFfuHhsJBlVvPBmA,477.0,targeted_search,amenaza fiscal juez audiencia Perú,75,AMENAZA_DIRECTA,consulta explícita de una categoría minoritaria,100
2EEQm2nIhrw,https://www.youtube.com/watch?v=2EEQm2nIhrw,Juez llama la atención a abogado por no vestir adecuadamente en audiencia virtual,Discent Legem - Perú,UC4HaP99ArZDbC0VXHr96NsA,116.0,targeted_search,amenaza fiscal juez audiencia Perú,76,AMENAZA_DIRECTA,consulta explícita de una categoría minoritaria,100
qppudCEBBP8,https://www.youtube.com/watch?v=qppudCEBBP8,Amenaza de bomba provocó suspensión de audiencia de acusados en el caso 'Emperador',RTS La Noticia,UCbJlOuKPXNgdSk4CjEgqvjA,117.0,targeted_search,amenaza fiscal juez audiencia Perú,77,AMENAZA_DIRECTA,consulta explícita de una categoría minoritaria,100
WsJyormjKxE,https://www.youtube.com/watch?v=WsJyormjKxE,DEFENSE ATTORNEY STRONGLY CRITICIZES PROSECUTOR FOR POOR WORK - DEBATE AT INITIAL HEARING,ERIK RAUDA,UCAuhfbhXaAIQmEVssuTA2ng,482.0,targeted_search,amenaza fiscal juez audiencia Perú,78,AMENAZA_DIRECTA,consulta explícita de una categoría minoritaria,100
vrxQrsCqqPM,https://www.youtube.com/watch?v=vrxQrsCqqPM,Asociación de Magistrados Fiscales respaldó a jueces amenazados,SubrayadoHD,UCA-_7rvJyEjwCrdUMqWHZEw,58.0,targeted_search,amenaza fiscal juez audiencia Perú,79,AMENAZA_DIRECTA,consulta explícita de una categoría minoritaria,100
1IaaJ0b0CEk,https://www.youtube.com/watch?v=1IaaJ0b0CEk,La amenaza de los jueces y fiscales que paralizará el sistema judicial,LibertadDigital,UCUS73_bjTYwBFAfXbvIjM8Q,102.0,targeted_search,amenaza fiscal juez audiencia Perú,80,AMENAZA_DIRECTA,consulta explícita de una categoría minoritaria,100
V037MtqCaaQ,https://www.youtube.com/watch?v=V037MtqCaaQ,🔴 YENIFER PAREDES | Juez Jhonny Gómez reprogramó audiencia de prisión para el 28 de agosto a las 4pm,RPP Noticias,UC5j8-2FT0ZMMBkmK72R4aeA,451.0,targeted_search,amenaza fiscal juez audiencia Perú,81,AMENAZA_DIRECTA,consulta explícita de una categoría minoritaria,100
oLSRwck_iFI,https://www.youtube.com/watch?v=oLSRwck_iFI,🔴 YENIFER PAREDES: Poder Judicial retomará mañana audiencia de pedido de prisión preventiva,RPP Noticias,UC5j8-2FT0ZMMBkmK72R4aeA,18590.0,targeted_search,amenaza fiscal juez audiencia Perú,82,AMENAZA_DIRECTA,consulta explícita de una categoría minoritaria,100
_qXpEDJuejs,https://www.youtube.com/watch?v=_qXpEDJuejs,"SUSPENDEN AUDIENCIA DE PRISIÓN PREVENTIVA: “Afecta legitimidad de resolución, juez cometió un error”",RPP Noticias,UC5j8-2FT0ZMMBkmK72R4aeA,285.0,targeted_search,amenaza fiscal juez audiencia Perú,84,AMENAZA_DIRECTA,consulta explícita de una categoría minoritaria,100
TJu1_baEJvU,https://www.youtube.com/watch?v=TJu1_baEJvU,César Hinostroza: audiencia de extradición será el 10 de abril,TVPerú Noticias,UCkZCoc42IipR1ucqJmIehsA,46.0,targeted_search,amenaza fiscal juez audiencia Perú,85,AMENAZA_DIRECTA,consulta explícita de una categoría minoritaria,100
7ZZI15IykDY,https://www.youtube.com/watch?v=7ZZI15IykDY,"Abogado de Chávarry sobre mensaje a Vizcarra: ""No fue una amenaza, sino con una garantía""",RPP Noticias,UC5j8-2FT0ZMMBkmK72R4aeA,511.0,targeted_search,amenaza fiscal juez audiencia Perú,86,AMENAZA_DIRECTA,consulta explícita de una categoría minoritaria,100
lvkblU0lClE,https://www.youtube.com/watch?v=lvkblU0lClE,Audiencia de lectura de sentencia:  contra el patrimonio-robo agravado_24.1.22,Corte del Callao,UCajhz53L-wF2YN_MtOsRdqA,2661.0,targeted_search,amenaza fiscal juez audiencia Perú,87,AMENAZA_DIRECTA,consulta explícita de una categoría minoritaria,100
0o23v_Ei4mY,https://www.youtube.com/watch?v=0o23v_Ei4mY,Suspenden por seis meses a magistrado que maltrato verbalmente a juezas,Radio Marañón,UCxpDwciN2Qbs24i7OsH0-yA,512.0,targeted_search,amenaza fiscal juez audiencia Perú,88,AMENAZA_DIRECTA,consulta explícita de una categoría minoritaria,100
6DwbZ53Xz8k,https://www.youtube.com/watch?v=6DwbZ53Xz8k,🔴 #ENVIVO | AUDIENCIA YENIFER PAREDES: PJ decidirá si dicta 36 meses de prisión preventiva,EL COMERCIO,UCLtGUPjKLqa3zgdmhKCZONg,3455.0,targeted_search,amenaza fiscal juez audiencia Perú,89,AMENAZA_DIRECTA,consulta explícita de una categoría minoritaria,100
--mF24iM4p4,https://www.youtube.com/watch?v=--mF24iM4p4,intermedia con el juez Campos Malagon,Enrique Mayen Zavala,UCtNfeKNFrQHd9WGUx8qXdMA,1706.0,targeted_search,amenaza fiscal juez audiencia Perú,90,AMENAZA_DIRECTA,consulta explícita de una categoría minoritaria,100
SpXDWbiNNUw,https://www.youtube.com/watch?v=SpXDWbiNNUw,Amenazas: Defensor oficial desiste apelación impuesta en Código Procesal anterior,El Delitometro,UC4rgF5NthjAo_QPY2NxVJFw,727.0,targeted_search,amenaza fiscal juez audiencia Perú,91,AMENAZA_DIRECTA,consulta explícita de una categoría minoritaria,100
4biBOzy_OOo,https://www.youtube.com/watch?v=4biBOzy_OOo,Supreme Court judge calls out lawyer for not wearing a medal,LP - Pasión por el Derecho,UCDscRlCxFfuHhsJBlVvPBmA,51.0,targeted_search,amenaza fiscal juez audiencia Perú,92,AMENAZA_DIRECTA,consulta explícita de una categoría minoritaria,100
hF1s_IHYcMk,https://www.youtube.com/watch?v=hF1s_IHYcMk,Audiencia de procedimiento disciplinario contra el juez Luis Alberto Vásquez Dioses,LP - Pasión por el Derecho,UCDscRlCxFfuHhsJBlVvPBmA,3450.0,targeted_search,amenaza fiscal juez audiencia Perú,93,AMENAZA_DIRECTA,consulta explícita de una categoría minoritaria,100
zLio1ws7HgM,https://www.youtube.com/watch?v=zLio1ws7HgM,Caso Humala: desestiman recusación contra juez Concepción Carhuancho,24 Horas,UCsakKsRww3J7pM6DavkrAIQ,39.0,targeted_search,amenaza fiscal juez audiencia Perú,94,AMENAZA_DIRECTA,consulta explícita de una categoría minoritaria,100
Je20OgTF8sc,https://www.youtube.com/watch?v=Je20OgTF8sc,Audiencia Simulada virtual: Control de Acusación || Derecho Procesal Penal II || Perú 2021,Maria Grazia Dueñas Jacobs,UC8DSGmrJto3246goQjIMvKw,2382.0,targeted_search,amenaza fiscal juez audiencia Perú,95,AMENAZA_DIRECTA,consulta explícita de una categoría minoritaria,100
nv4U3ykKF_0,https://www.youtube.com/watch?v=nv4U3ykKF_0,#CriminalLawyers | 7th Edition: Do you know the roles of the participants in the Criminal Procedu...,UETI-CPP PJ,UCk_QA09rcIe9JeHjN1IbDQQ,990.0,targeted_search,amenaza fiscal juez audiencia Perú,96,AMENAZA_DIRECTA,consulta explícita de una categoría minoritaria,100
u1XoVp94Az8,https://www.youtube.com/watch?v=u1XoVp94Az8,Audiencia de prisión preventiva contra YENIFER PAREDES #p21tv,Peru21TV,UCNd09h2GugrdeT_80LxOFMw,784.0,targeted_search,amenaza fiscal juez audiencia Perú,97,AMENAZA_DIRECTA,consulta explícita de una categoría minoritaria,100
2Uf_O-0lVvY,https://www.youtube.com/watch?v=2Uf_O-0lVvY,THEY COMPLY WITH PEDRO CASTILLO'S WARNING: THEY FILE A COMPLAINT AGAINST THE JUDGES IN CHARGE OF ...,-elgooG Tech-,UChZ1c_iVyh824xIH_DlVHWA,140.0,targeted_search,amenaza fiscal juez audiencia Perú,98,AMENAZA_DIRECTA,consulta explícita de una categoría minoritaria,100
VEwEzrsq3xM,https://www.youtube.com/watch?v=VEwEzrsq3xM,Juicio oral contra Jimmy García Ruiz y Melva Aguilar Farfán,JusticiaTV - Audiencias,UCCaMc7HFSNrTvAecmLubKQw,6110.0,targeted_search,amenaza fiscal juez audiencia Perú,100,AMENAZA_DIRECTA,consulta explícita de una categoría minoritaria,100
sisC_I_cqcg,https://www.youtube.com/watch?v=sisC_I_cqcg,Consejera Regional recibe amenazas y vive momentos de angustia,Cosmos Televisión,UC_ept7M1UXlCfvcUrK49Ziw,180.0,targeted_search,amenaza redes sociales denuncia Perú,1,AMENAZA_DIRECTA,consulta explícita de una categoría minoritaria,100
QGmAj2U7rxA,https://www.youtube.com/watch?v=QGmAj2U7rxA,Iquitos: acusado por el Mininter de asaltar embarcación denuncia amenazas y presión policial,Buenos Días Perú,UCFnOwPrJ-Skrzk_GPNBV5tg,104.0,targeted_search,amenaza redes sociales denuncia Perú,3,AMENAZA_DIRECTA,consulta explícita de una categoría minoritaria,100
Hk3lsPQKnIE,https://www.youtube.com/watch?v=Hk3lsPQKnIE,Joven denuncia que la estafaron con casa de playa: habrían más víctimas que son amenazadas,Multimedia PTV 2,UC64JaKmY2OmRupSYcGgA9Lw,422.0,targeted_search,amenaza redes sociales denuncia Perú,4,AMENAZA_DIRECTA,consulta explícita de una categoría minoritaria,100
8D0fKSsYFTM,https://www.youtube.com/watch?v=8D0fKSsYFTM,Las amenazas por redes sociales serán judicializadas [Noticias] - TeleMedellin,Noticias Telemedellín,UCi9thgLbI6E127Vu6Hxp8ug,123.0,targeted_search,amenaza redes sociales denuncia Perú,5,AMENAZA_DIRECTA,consulta explícita de una categoría minoritaria,100
Pxpd50iPpZw,https://www.youtube.com/watch?v=Pxpd50iPpZw,Estafas por Tiktok y venta de datos por Telegram: Alerta por delitos informáticos en Perú,Latina Noticias,UCpSJ5fGhmAME9Kx2D3ZvN3Q,187.0,targeted_search,amenaza redes sociales denuncia Perú,6,AMENAZA_DIRECTA,consulta explícita de una categoría minoritaria,100
MALn7hxL7hI,https://www.youtube.com/watch?v=MALn7hxL7hI,"""Gota a gota"": Mujer recibe amenazas de extorsionadores tras ingresar a link",24 Horas,UCsakKsRww3J7pM6DavkrAIQ,191.0,targeted_search,amenaza redes sociales denuncia Perú,7,AMENAZA_DIRECTA,consulta explícita de una categoría minoritaria,100
c8KrkZkU3cs,https://www.youtube.com/watch?v=c8KrkZkU3cs,'Se amenazan por redes sociales': Barristas estarían detrás de ataque a distribuidora de gas,Latina Noticias,UCpSJ5fGhmAME9Kx2D3ZvN3Q,145.0,targeted_search,amenaza redes sociales denuncia Perú,9,AMENAZA_DIRECTA,consulta explícita de una categoría minoritaria,100
zaxxSxCw8IE,https://www.youtube.com/watch?v=zaxxSxCw8IE,Businesswoman reports threats and brutal attack on a young woman in Chicama,Cosmos Televisión,UC_ept7M1UXlCfvcUrK49Ziw,270.0,targeted_search,amenaza redes sociales denuncia Perú,10,AMENAZA_DIRECTA,consulta explícita de una categoría minoritaria,100
qdFu29V89t0,https://www.youtube.com/watch?v=qdFu29V89t0,DIFAMAR POR GRUPOS DE REDES SOCIALES ES DELITO,Gian Carlo BellMac,UCK_CFUcx1BDP5tuNgjpfBxA,123.0,targeted_search,amenaza redes sociales denuncia Perú,12,AMENAZA_DIRECTA,consulta explícita de una categoría minoritaria,100
p5D697a7d60,https://www.youtube.com/watch?v=p5D697a7d60,"Tras reportaje de Punto Final, joven universitaria sigue siendo amenazada por su acosador",Latina Noticias,UCpSJ5fGhmAME9Kx2D3ZvN3Q,386.0,targeted_search,amenaza redes sociales denuncia Perú,14,AMENAZA_DIRECTA,consulta explícita de una categoría minoritaria,100
ImxE56JcLHc,https://www.youtube.com/watch?v=ImxE56JcLHc,Difamación en Redes Sociales ¿Qué hacer? Estudio Jurídico en Perú,Brian Nuñez | Abogado Laboral Empresarial,UCJcfkDGdaduapecwkuAa2LA,365.0,targeted_search,amenaza redes sociales denuncia Perú,16,AMENAZA_DIRECTA,consulta explícita de una categoría minoritaria,100
6P4cQRe3M5Y,https://www.youtube.com/watch?v=6P4cQRe3M5Y,Los extorsionadores y las redes sociales,Ministerio Público | República del Perú,UC91qATrOkn7FLB4AfCboKhg,216.0,targeted_search,amenaza redes sociales denuncia Perú,17,AMENAZA_DIRECTA,consulta explícita de una categoría minoritaria,100
JUCkC1wasvQ,https://www.youtube.com/watch?v=JUCkC1wasvQ,Regidor de la MPT denuncia que recibe amenazas,Cosmos Televisión,UC_ept7M1UXlCfvcUrK49Ziw,208.0,targeted_search,amenaza redes sociales denuncia Perú,18,AMENAZA_DIRECTA,consulta explícita de una categoría minoritaria,100
O9NB8GVb7XY,https://www.youtube.com/watch?v=O9NB8GVb7XY,Willax News - JUN 22 - WE ARE FREED FROM A TERRIBLE THREAT TO DEMOCRACY | Willax,Willax Televisión,UCort3mldTtMErPqprSlSfng,62.0,targeted_search,amenaza redes sociales denuncia Perú,19,AMENAZA_DIRECTA,consulta explícita de una categoría minoritaria,100
X0R9xFS7bHo,https://www.youtube.com/watch?v=X0R9xFS7bHo,La Libertad: investigan ataque a colectivo y amenazas a empresa de transporte #ROTATIVARPP |DESPACHO,RPP Noticias,UC5j8-2FT0ZMMBkmK72R4aeA,107.0,targeted_search,amenaza redes sociales denuncia Perú,20,AMENAZA_DIRECTA,consulta explícita de una categoría minoritaria,100
X41nVaiyNRk,https://www.youtube.com/watch?v=X41nVaiyNRk,Grooming: Así engañan a tus hijos en redes sociales,Latina Noticias,UCpSJ5fGhmAME9Kx2D3ZvN3Q,1388.0,targeted_search,amenaza redes sociales denuncia Perú,21,AMENAZA_DIRECTA,consulta explícita de una categoría minoritaria,100
EgKTydo2I9w,https://www.youtube.com/watch?v=EgKTydo2I9w,Loreto: Citizen demands accountability for over S/100 million and reports threats in Puinahua,El Búho pe,UC6xAnp5ygm8oNoBDCgu70UQ,400.0,targeted_search,amenaza redes sociales denuncia Perú,22,AMENAZA_DIRECTA,consulta explícita de una categoría minoritaria,100
UfjJa-f1iZc,https://www.youtube.com/watch?v=UfjJa-f1iZc,Amenazan a periodista con sus datos personales por rechazar portabilidad a otra empresa telefónica,Buenos Días Perú,UCFnOwPrJ-Skrzk_GPNBV5tg,545.0,targeted_search,amenaza redes sociales denuncia Perú,26,AMENAZA_DIRECTA,consulta explícita de una categoría minoritaria,100
tvAcTPLsqFw,https://www.youtube.com/watch?v=tvAcTPLsqFw,Alcalde denuncia amenazas tras negarse a pagar S/ 300 mil | SEGMENTO #PurosFactos,RPP Noticias,UC5j8-2FT0ZMMBkmK72R4aeA,375.0,targeted_search,amenaza redes sociales denuncia Perú,27,AMENAZA_DIRECTA,consulta explícita de una categoría minoritaria,100
MFrJxbkU54Y,https://www.youtube.com/watch?v=MFrJxbkU54Y,EL ZEEIN AMENAZA CON DENUNCIAR A UN PROGRAMA DE TELEVISIÓN PERUANO,Eva,UC-W7-VrElSbgQYbKwtujHVQ,770.0,targeted_search,amenaza redes sociales denuncia Perú,28,AMENAZA_DIRECTA,consulta explícita de una categoría minoritaria,100
Y-VXD3Z1K5g,https://www.youtube.com/watch?v=Y-VXD3Z1K5g,Ricardo Medina denuncia amenazas de colectivos LGTB,El Búho pe,UC6xAnp5ygm8oNoBDCgu70UQ,434.0,targeted_search,amenaza redes sociales denuncia Perú,29,AMENAZA_DIRECTA,consulta explícita de una categoría minoritaria,100
RqPT8OfplHc,https://www.youtube.com/watch?v=RqPT8OfplHc,Clonan placa de su moto y ahora lo amenazan: acusan a joven por asaltos virales,Buenos Días Perú,UCFnOwPrJ-Skrzk_GPNBV5tg,458.0,targeted_search,amenaza redes sociales denuncia Perú,30,AMENAZA_DIRECTA,consulta explícita de una categoría minoritaria,100
e8qfocBDFSM,https://www.youtube.com/watch?v=e8qfocBDFSM,Abogado de Marisel Linares denuncia amenazas contra la periodista #ENCENDIDOSRPP | DESPACHO,RPP Noticias,UC5j8-2FT0ZMMBkmK72R4aeA,396.0,targeted_search,amenaza redes sociales denuncia Perú,32,AMENAZA_DIRECTA,consulta explícita de una categoría minoritaria,100
UWMsyollqkw,https://www.youtube.com/watch?v=UWMsyollqkw,🚨 Presidente del JNE denuncia amenazas tras “tachas maliciosas” #RPPDESPACHO | DESPACHO,RPP Noticias,UC5j8-2FT0ZMMBkmK72R4aeA,390.0,targeted_search,amenaza redes sociales denuncia Perú,33,AMENAZA_DIRECTA,consulta explícita de una categoría minoritaria,100
3fcuzsKH9IQ,https://www.youtube.com/watch?v=3fcuzsKH9IQ,AMENAZAN a REPORTERA tras denunciar VENTA ILEGAL DE PIROTÉCNICOS | #EnVivoLR,La República - LR+,UC-B7Xv56uNRDkj0vC3QW8Cg,186.0,targeted_search,amenaza redes sociales denuncia Perú,35,AMENAZA_DIRECTA,consulta explícita de una categoría minoritaria,100
FH7wLB5cs2Q,https://www.youtube.com/watch?v=FH7wLB5cs2Q,Joven amenaza con cuchillo a fiscalizador para evitar remolque de su auto en La Molina,TVPerú Noticias,UCkZCoc42IipR1ucqJmIehsA,61.0,targeted_search,amenaza redes sociales denuncia Perú,36,AMENAZA_DIRECTA,consulta explícita de una categoría minoritaria,100
1hMELmi7qgY,https://www.youtube.com/watch?v=1hMELmi7qgY,"Ciberacoso en Perú: ¿Qué hay detrás de este problema que amenaza a las niñas, niños y adolescentes?",Aldeas Infantiles SOS Perú,UCJn5KHkqiL98sk_3djGgaqw,956.0,targeted_search,amenaza redes sociales denuncia Perú,37,AMENAZA_DIRECTA,consulta explícita de una categoría minoritaria,100
I-a4_5UkAm4,https://www.youtube.com/watch?v=I-a4_5UkAm4,Alcalde denuncia amenazas tras prohibir fiestas en espacios públicos,Cosmos Televisión,UC_ept7M1UXlCfvcUrK49Ziw,209.0,targeted_search,amenaza redes sociales denuncia Perú,38,AMENAZA_DIRECTA,consulta explícita de una categoría minoritaria,100
G8mPlAHoXVo,https://www.youtube.com/watch?v=G8mPlAHoXVo,Fiscalía alerta sobre casos de ciberbullying en la región,Cosmos Televisión,UC_ept7M1UXlCfvcUrK49Ziw,153.0,targeted_search,amenaza redes sociales denuncia Perú,39,AMENAZA_DIRECTA,consulta explícita de una categoría minoritaria,100
sbiOx_VyuFQ,https://www.youtube.com/watch?v=sbiOx_VyuFQ,Aplicaciones de préstamos: estafas y amenazas de muerte #ReportajesT13,Teletrece,UCsRnhjcUCR78Q3Ud6OXCTNg,548.0,targeted_search,amenaza redes sociales denuncia Perú,42,AMENAZA_DIRECTA,consulta explícita de una categoría minoritaria,100
iGI9arewzsE,https://www.youtube.com/watch?v=iGI9arewzsE,¿Cómo actuar ante una extorsión y evitar ser una víctima más?,Latina Noticias,UCpSJ5fGhmAME9Kx2D3ZvN3Q,2268.0,targeted_search,amenaza redes sociales denuncia Perú,44,AMENAZA_DIRECTA,consulta explícita de una categoría minoritaria,100
AHrTQZkSnEQ,https://www.youtube.com/watch?v=AHrTQZkSnEQ,Amenazan a reportera de Panamericana tras enlace en vivo: Los Lagartos del Terror le piden S/10 mil,Buenos Días Perú,UCFnOwPrJ-Skrzk_GPNBV5tg,783.0,targeted_search,amenaza redes sociales denuncia Perú,45,AMENAZA_DIRECTA,consulta explícita de una categoría minoritaria,100
iEkytWlziXk,https://www.youtube.com/watch?v=iEkytWlziXk,"Tras amenazas: Fiscal de SJL responsabiliza a ""Los Pepes SJL"" de cualquier atentado en su contra",Buenos Días Perú,UCFnOwPrJ-Skrzk_GPNBV5tg,381.0,targeted_search,amenaza redes sociales denuncia Perú,52,AMENAZA_DIRECTA,consulta explícita de una categoría minoritaria,100
2EBpNTfAHQ4,https://www.youtube.com/watch?v=2EBpNTfAHQ4,😱¡Fuerte denuncia! Magaly Medina EXPONE amenazas y apunta al entorno de Jefferson Farfán,Digital Noticias,UCjA4izG-HmxOsWsTFec2CpQ,401.0,targeted_search,amenaza redes sociales denuncia Perú,56,AMENAZA_DIRECTA,consulta explícita de una categoría minoritaria,100
tZv4r4Qq3Uo,https://www.youtube.com/watch?v=tZv4r4Qq3Uo,El GROOMING  una amenaza que crece a través de las redes sociales,Radio Zona Free,UC0mm-Pqm1U3mhfjbVbOBfpg,182.0,targeted_search,amenaza redes sociales denuncia Perú,57,AMENAZA_DIRECTA,consulta explícita de una categoría minoritaria,100
1Qe_8hr4N5s,https://www.youtube.com/watch?v=1Qe_8hr4N5s,INTIMIDACIÓN Y AMENAZAS POR REDES SOCIALES,La Experiencia del Abogado Criminalista Alex Cross,UC4FyvtPMnefH2VGrS2EsvjA,261.0,targeted_search,amenaza redes sociales denuncia Perú,58,AMENAZA_DIRECTA,consulta explícita de una categoría minoritaria,100
jBbhsQNRv3E,https://www.youtube.com/watch?v=jBbhsQNRv3E,AUTORIZAN A POLICIAS USAR SU 4RM4 DE REGLAMENTE EN CASOS DE FLAGRANCIA: ABOGADO ANALIZA CASO,PDN - Peru Digital Noticias ,UCI3B73rHDRdWyFTLXL0uziw,713.0,targeted_search,amenaza redes sociales denuncia Perú,60,AMENAZA_DIRECTA,consulta explícita de una categoría minoritaria,100
DX26y1rXOOI,https://www.youtube.com/watch?v=DX26y1rXOOI,¿Cómo Denunciar Insultos y Amenazas en Facebook? Toma Medidas al Instante,Mira Como Hacerlo,UCTpSkvoohdezDerDHM5qtbg,201.0,targeted_search,amenaza redes sociales denuncia Perú,61,AMENAZA_DIRECTA,consulta explícita de una categoría minoritaria,100
N3jZ7O_N1mU,https://www.youtube.com/watch?v=N3jZ7O_N1mU,"Rosemary Pioc, presidenta del Consejo de Mujeres de Awajún, denuncia que recibe amenazas de muerte",Diario Expreso,UCTTXPfz9eONBspLvdEaCg2g,300.0,targeted_search,amenaza redes sociales denuncia Perú,62,AMENAZA_DIRECTA,consulta explícita de una categoría minoritaria,100
Ty9l3ZwHdYk,https://www.youtube.com/watch?v=Ty9l3ZwHdYk,On video: A law student receives threats for reporting drug dealing at his university.,Primer Impacto,UC9SUMV0oYm0XK9H-c3GmKaQ,115.0,targeted_search,amenaza redes sociales denuncia Perú,63,AMENAZA_DIRECTA,consulta explícita de una categoría minoritaria,100
WQQXKZDV0yU,https://www.youtube.com/watch?v=WQQXKZDV0yU,Aumentan las denuncias por la ola de extorsiones que se ha incrementado en Perú,NTN24,UCEJs1fTF3KszRJGxJY14VrA,535.0,targeted_search,amenaza redes sociales denuncia Perú,64,AMENAZA_DIRECTA,consulta explícita de una categoría minoritaria,100
0yO6v3gVHeE,https://www.youtube.com/watch?v=0yO6v3gVHeE,Contra Corriente - OCT 06 - AMENAZAS DESDE LA FISCALÍA DE LA NACIÓN | Willax,Willax Televisión,UCort3mldTtMErPqprSlSfng,863.0,targeted_search,amenaza redes sociales denuncia Perú,65,AMENAZA_DIRECTA,consulta explícita de una categoría minoritaria,100
cAWcedZkP3A,https://www.youtube.com/watch?v=cAWcedZkP3A,¿Qué hacer cuando denuncias una extorsión?,Latina Noticias,UCpSJ5fGhmAME9Kx2D3ZvN3Q,449.0,targeted_search,amenaza redes sociales denuncia Perú,66,AMENAZA_DIRECTA,consulta explícita de una categoría minoritaria,100
hdDXfaYKgUU,https://www.youtube.com/watch?v=hdDXfaYKgUU,Sastre denunció amenazas por redes sociales,El Diario Web,UC7j1SSYHBF7_qIG2X6jG-Cg,565.0,targeted_search,amenaza redes sociales denuncia Perú,68,AMENAZA_DIRECTA,consulta explícita de una categoría minoritaria,100
m2kLtMbMY_w,https://www.youtube.com/watch?v=m2kLtMbMY_w,🚨 Graves amenazas contra periodista en La Pampa por denunciar minería ilegal #RESUMENADN,RPP Noticias,UC5j8-2FT0ZMMBkmK72R4aeA,118.0,targeted_search,amenaza redes sociales denuncia Perú,70,AMENAZA_DIRECTA,consulta explícita de una categoría minoritaria,100
7IPfBPyL9vY,https://www.youtube.com/watch?v=7IPfBPyL9vY,Transport workers report extortion by four gangs and demand security in Lima | RPP NOTICIAS,RPP Noticias,UC5j8-2FT0ZMMBkmK72R4aeA,169.0,targeted_search,amenaza redes sociales denuncia Perú,71,AMENAZA_DIRECTA,consulta explícita de una categoría minoritaria,100
TABxUzFeybs,https://www.youtube.com/watch?v=TABxUzFeybs,"Menor acosada y ofrecida en redes sociales como ""chica prepago""",Unsion TV,UCOw8ehobkl3mW8PE1GqkIrQ,132.0,targeted_search,amenaza redes sociales denuncia Perú,72,AMENAZA_DIRECTA,consulta explícita de una categoría minoritaria,100
IuodClzMfA8,https://www.youtube.com/watch?v=IuodClzMfA8,Al Día con Willax - AGO 29 - RECIBE AMENAZAS DE MUERTE POR DEFENDER A NMENORES | Willax,Willax Televisión,UCort3mldTtMErPqprSlSfng,146.0,targeted_search,amenaza redes sociales denuncia Perú,73,AMENAZA_DIRECTA,consulta explícita de una categoría minoritaria,100
5jf3RFmF-gY,https://www.youtube.com/watch?v=5jf3RFmF-gY,‘Montadeudas’: Así pasan de los préstamos con requisitos mínimos a las amenazas - En Punto,NMás,UCUsm-fannqOY02PNN67C0KA,177.0,targeted_search,amenaza redes sociales denuncia Perú,74,AMENAZA_DIRECTA,consulta explícita de una categoría minoritaria,100
cgjy0QQ5qKc,https://www.youtube.com/watch?v=cgjy0QQ5qKc,Inspector municipal denuncia amenazas del Tren de Aragua,Teletrece,UCsRnhjcUCR78Q3Ud6OXCTNg,241.0,targeted_search,amenaza redes sociales denuncia Perú,77,AMENAZA_DIRECTA,consulta explícita de una categoría minoritaria,100
s4g-93s3G-U,https://www.youtube.com/watch?v=s4g-93s3G-U,"Reporte Semanal: redes sociales, menores en peligro",Latina Noticias,UCpSJ5fGhmAME9Kx2D3ZvN3Q,790.0,targeted_search,amenaza redes sociales denuncia Perú,78,AMENAZA_DIRECTA,consulta explícita de una categoría minoritaria,100
2bLUo55w0j0,https://www.youtube.com/watch?v=2bLUo55w0j0,Tumbes: alcalde de Papayal denuncia que es víctima de extorsión,TVPerú Noticias,UCkZCoc42IipR1ucqJmIehsA,90.0,targeted_search,amenaza redes sociales denuncia Perú,79,AMENAZA_DIRECTA,consulta explícita de una categoría minoritaria,100
I21TNzeDYkc,https://www.youtube.com/watch?v=I21TNzeDYkc,La Libertad: docentes siguen denunciando ser víctimas de extorsión en Lucma,Cosmos Televisión,UC_ept7M1UXlCfvcUrK49Ziw,198.0,targeted_search,amenaza redes sociales denuncia Perú,80,AMENAZA_DIRECTA,consulta explícita de una categoría minoritaria,100
8ZCXgGNxq58,https://www.youtube.com/watch?v=8ZCXgGNxq58,Empresa de transporte Etcapsa suspende sus servicios tras amenazas de extorsión en Ate #ROTATIVARPP,RPP Noticias,UC5j8-2FT0ZMMBkmK72R4aeA,159.0,targeted_search,amenaza redes sociales denuncia Perú,81,AMENAZA_DIRECTA,consulta explícita de una categoría minoritaria,100
iUSTxpUT2N4,https://www.youtube.com/watch?v=iUSTxpUT2N4,Empresario asesinado tras denunciar extorsión en su negocio,TVPerú Noticias,UCkZCoc42IipR1ucqJmIehsA,116.0,targeted_search,amenaza redes sociales denuncia Perú,82,AMENAZA_DIRECTA,consulta explícita de una categoría minoritaria,100
P7YW968KE4s,https://www.youtube.com/watch?v=P7YW968KE4s,Love and Fire - FEB 11 - PAUL MICHAEL REPORTS THREATS ON SOCIAL MEDIA! | Willax,Willax Televisión,UCort3mldTtMErPqprSlSfng,358.0,targeted_search,amenaza redes sociales denuncia Perú,83,AMENAZA_DIRECTA,consulta explícita de una categoría minoritaria,100
T4laVaabHpE,https://www.youtube.com/watch?v=T4laVaabHpE,Amenazan y extorsionan a regidora Tatiana Román,Cosmos Televisión,UC_ept7M1UXlCfvcUrK49Ziw,98.0,targeted_search,amenaza redes sociales denuncia Perú,84,AMENAZA_DIRECTA,consulta explícita de una categoría minoritaria,100
B6rxfZDWUc4,https://www.youtube.com/watch?v=B6rxfZDWUc4,CityNoticias 30 marzo: Una joven de 19 años denuncia amenazas de su exjefe | El Tiempo,EL TIEMPO,UCe5-b0fCK3eQCpwS6MT0aNw,3783.0,targeted_search,amenaza redes sociales denuncia Perú,85,AMENAZA_DIRECTA,consulta explícita de una categoría minoritaria,100
mYm2xG7aK6o,https://www.youtube.com/watch?v=mYm2xG7aK6o,Rafael Correa denunció amenazas de muerte en redes sociales,MariscalVoroshilov99,UC4uNcct-chTLm1RAvbkpY6Q,35.0,targeted_search,amenaza redes sociales denuncia Perú,88,AMENAZA_DIRECTA,consulta explícita de una categoría minoritaria,100
OigaByFEMII,https://www.youtube.com/watch?v=OigaByFEMII,"""No hay delito todavía"": comisaría no recibió denuncia de hombre que es amenazado por mafia (1/2)",Buenos Días Perú,UCFnOwPrJ-Skrzk_GPNBV5tg,845.0,targeted_search,amenaza redes sociales denuncia Perú,90,AMENAZA_DIRECTA,consulta explícita de una categoría minoritaria,100
3PtU-A7IE0Y,https://www.youtube.com/watch?v=3PtU-A7IE0Y,'Se están identificando con organizaciones delictivas': Menores son asesinados por bandas criminales,Latina Noticias,UCpSJ5fGhmAME9Kx2D3ZvN3Q,129.0,targeted_search,amenaza redes sociales denuncia Perú,91,AMENAZA_DIRECTA,consulta explícita de una categoría minoritaria,100
ID1EyEKAAxI,https://www.youtube.com/watch?v=ID1EyEKAAxI,Periodista autor del libro El perfil del Lagarto denuncia que continúan las amenazas,Panorama,UCBiq92lt_ufNO-ktZigVXgg,472.0,targeted_search,amenaza redes sociales denuncia Perú,92,AMENAZA_DIRECTA,consulta explícita de una categoría minoritaria,100
JBeE3hjOudM,https://www.youtube.com/watch?v=JBeE3hjOudM,Hechos en Willax - OCT 17 - 2/3 - DEJAN NUEVA AMENAZA CON GRANADA EN PENAL CASTRO CASTRO | Willax,Willax Televisión,UCort3mldTtMErPqprSlSfng,556.0,targeted_search,amenaza redes sociales denuncia Perú,93,AMENAZA_DIRECTA,consulta explícita de una categoría minoritaria,100
KSjvYk4fzxQ,https://www.youtube.com/watch?v=KSjvYk4fzxQ,Gerente regional de educación denuncia ser amenazado,Cosmos Televisión,UC_ept7M1UXlCfvcUrK49Ziw,158.0,targeted_search,amenaza redes sociales denuncia Perú,94,AMENAZA_DIRECTA,consulta explícita de una categoría minoritaria,100
CwM2uPG1EzQ,https://www.youtube.com/watch?v=CwM2uPG1EzQ,Presidente Jerí supervisa penal Ancón I tras denuncia por extorsiones,TVPerú Noticias,UCkZCoc42IipR1ucqJmIehsA,206.0,targeted_search,amenaza redes sociales denuncia Perú,95,AMENAZA_DIRECTA,consulta explícita de una categoría minoritaria,100
76l85i-TAqg,https://www.youtube.com/watch?v=76l85i-TAqg,"Tras una injuria en Facebook, mujer está aterrorizada y no puede salir de su casa 7 de Agosto 2015",Noticias Caracol,UC2Xq2PK-got3Rtz9ZJ32hLQ,168.0,targeted_search,amenaza redes sociales denuncia Perú,96,AMENAZA_DIRECTA,consulta explícita de una categoría minoritaria,100
p7dtBdBwsKE,https://www.youtube.com/watch?v=p7dtBdBwsKE,Willax News - JAN 02 - RAFAEL LÓPEZ ALIAGA REPORTS THREATS AGAINST HIM | Willax,Willax Televisión,UCort3mldTtMErPqprSlSfng,111.0,targeted_search,amenaza redes sociales denuncia Perú,97,AMENAZA_DIRECTA,consulta explícita de una categoría minoritaria,100
-GMpdIgfL5Y,https://www.youtube.com/watch?v=-GMpdIgfL5Y,Delincuentes amenazan de muerte a comunicador social,Cosmos Televisión,UC_ept7M1UXlCfvcUrK49Ziw,90.0,targeted_search,amenaza redes sociales denuncia Perú,99,AMENAZA_DIRECTA,consulta explícita de una categoría minoritaria,100
DgmiwfB_Tw0,https://www.youtube.com/watch?v=DgmiwfB_Tw0,Joven denuncia que hackearon su Facebook para vender entradas falsas a conciertos,Buenos Días Perú,UCFnOwPrJ-Skrzk_GPNBV5tg,568.0,targeted_search,amenaza redes sociales denuncia Perú,100,AMENAZA_DIRECTA,consulta explícita de una categoría minoritaria,100
UggzZoZi55Q,https://www.youtube.com/watch?v=UggzZoZi55Q,Amenazan a candidatos presidenciales en Perú,tejemedios,UCOSCC1ngjlTfZOPvjXd6PeQ,164.0,targeted_search,amenazan candidato político Perú,1,AMENAZA_DIRECTA,consulta explícita de una categoría minoritaria,100
azkNr8IIZKc,https://www.youtube.com/watch?v=azkNr8IIZKc,El candidato de la Izquierda Pedro Castillo pide protección por las Amenazas de Muerte en Perú.,El Archivista Kerandi.,UC80-IuY0gCVm6kjI1OlSbdA,126.0,targeted_search,amenazan candidato político Perú,2,AMENAZA_DIRECTA,consulta explícita de una categoría minoritaria,100
EsjI6wmT6j4,https://www.youtube.com/watch?v=EsjI6wmT6j4,Destruyen propaganda y amenazan a rivales de candidato por SJL Carlos Burgos,periodismope,UCzsAhe4DFpuC7DAAoNLq8BQ,528.0,targeted_search,amenazan candidato político Perú,4,AMENAZA_DIRECTA,consulta explícita de una categoría minoritaria,100
wSRa8smkCYI,https://www.youtube.com/watch?v=wSRa8smkCYI,"Hurto agravado, falsificación de documentos y armas: Candidatos al Congreso en el ojo de la tormenta",Latina Noticias,UCpSJ5fGhmAME9Kx2D3ZvN3Q,526.0,targeted_search,amenazan candidato político Perú,5,AMENAZA_DIRECTA,consulta explícita de una categoría minoritaria,100
OrGklUYCfzs,https://www.youtube.com/watch?v=OrGklUYCfzs,"Gilbert Infante, candidate for Congress for the Fe party in Peru, is assassinated.",TVPerú Noticias,UCkZCoc42IipR1ucqJmIehsA,320.0,targeted_search,amenazan candidato político Perú,6,AMENAZA_DIRECTA,consulta explícita de una categoría minoritaria,100
wkNC0eEva6Q,https://www.youtube.com/watch?v=wkNC0eEva6Q,Candidatos bajo amenaza: Brenda Lizano y Ulises Villegas son presionados para  renunciar,El Dominical de Panamericana,UCMfcN0OV7d61cWPLYm5qHpw,163.0,targeted_search,amenazan candidato político Perú,7,AMENAZA_DIRECTA,consulta explícita de una categoría minoritaria,100
W9x8NnSTREA,https://www.youtube.com/watch?v=W9x8NnSTREA,Estos candidatos amenazan la cultura en el Perú | Santiago Alfaro,EL FOCO+ ,UCJGCDSjgIwOYFyytvuV_HZw,2756.0,targeted_search,amenazan candidato político Perú,8,AMENAZA_DIRECTA,consulta explícita de una categoría minoritaria,100
Eo7gO3nAvRE,https://www.youtube.com/watch?v=Eo7gO3nAvRE,DEATH THREATS RECEIVED BY CANDIDATE FOR REGIONAL GOVERNOR OF TUMBES,Bethel Noticias,UCG0lLqXlvd3QsemIzmMOSiw,155.0,targeted_search,amenazan candidato político Perú,10,AMENAZA_DIRECTA,consulta explícita de una categoría minoritaria,100
UtBCgbmV7Yg,https://www.youtube.com/watch?v=UtBCgbmV7Yg,CANDIDATO A LA ALCALDÍA DE CONTAMANA AMENAZA DE MUERTE A SU SOCIO,UTV Noticias - Pucallpa,UC_L1ba516-ZBPmywPq8P55g,172.0,targeted_search,amenazan candidato político Perú,11,AMENAZA_DIRECTA,consulta explícita de una categoría minoritaria,100
n16xHHI9AQw,https://www.youtube.com/watch?v=n16xHHI9AQw,"Phillip Butters,  militante de Avanza País en Perú amenaza al Alcalde de Lima",Pulpo Negro,UC_40x4qc0ffdAeKEPaMdWMQ,369.0,targeted_search,amenazan candidato político Perú,12,AMENAZA_DIRECTA,consulta explícita de una categoría minoritaria,100
1AJ8UzFMICw,https://www.youtube.com/watch?v=1AJ8UzFMICw,🇵🇪 PRESIDENTIAL DEBATE IN PERU | Presidential candidate assures he will expel illegal immigrants,Canal 26,UCrpMfcQNog595v5gAS-oUsQ,97.0,targeted_search,amenazan candidato político Perú,13,AMENAZA_DIRECTA,consulta explícita de una categoría minoritaria,100
jzC0VDYQfnU,https://www.youtube.com/watch?v=jzC0VDYQfnU,DOMINGO PÉREZ AMENAZA CON SEGUIR EN POLÍTICA Y ACUSA A NIETO DE LIDERAR  CAMPAÑA DE TERRUQU3O A JP,Informativo Perú,UC872F7q02kUQgZa-jm30zJw,818.0,targeted_search,amenazan candidato político Perú,14,AMENAZA_DIRECTA,consulta explícita de una categoría minoritaria,100
vsijAfGwcQw,https://www.youtube.com/watch?v=vsijAfGwcQw,"Las amenazas y la simpatía hacia candidatos autoritarios, evidencia de Perú - Arturo Maldonado",Wapor Latinoamérica,UClc7TT-TIwTUduENg9CnVEQ,64.0,targeted_search,amenazan candidato político Perú,15,AMENAZA_DIRECTA,consulta explícita de una categoría minoritaria,100
Oxhs36TjlDo,https://www.youtube.com/watch?v=Oxhs36TjlDo,💥🇵🇪CANDIDATO PERUANO AMENAZA con DECLARARLE la GUERRA a CHILE🇨🇱 “O DEVUELVEN ARICA O LA TOMAREMOS”🔥,El Tío Gabi 🎤,UCiXm7w8Pu2Ldzr1o3JiOClg,1004.0,targeted_search,amenazan candidato político Perú,16,AMENAZA_DIRECTA,consulta explícita de una categoría minoritaria,100
SxGp35IpRC0,https://www.youtube.com/watch?v=SxGp35IpRC0,Ranking of candidates in incidents according to PNP,Panorama,UCBiq92lt_ufNO-ktZigVXgg,1115.0,targeted_search,amenazan candidato político Perú,17,AMENAZA_DIRECTA,consulta explícita de una categoría minoritaria,100
Ikie4LoLQgE,https://www.youtube.com/watch?v=Ikie4LoLQgE,"Candidato ultraderechista López Aliaga cree que ""empezó fraude"" electoral en Perú",AGENCIA EFE,UCvJS-YNyaWyOucx8bGrHVvw,88.0,targeted_search,amenazan candidato político Perú,18,AMENAZA_DIRECTA,consulta explícita de una categoría minoritaria,100
hBrLlvoBGWI,https://www.youtube.com/watch?v=hBrLlvoBGWI,"""Por vía diplomática o armada"": Político peruano amenaza con recuperar Arica y Tarapacá",Meganoticias,UCkccyEbqhhM3uKOI6Shm-4Q,95.0,targeted_search,amenazan candidato político Perú,19,AMENAZA_DIRECTA,consulta explícita de una categoría minoritaria,100
7reemmYZqCo,https://www.youtube.com/watch?v=7reemmYZqCo,Candidatos encaran y le dicen sus verdades a Keiko Fujimori,Wayka,UCQmo59tWId4OHTdl4W320DQ,222.0,targeted_search,amenazan candidato político Perú,20,AMENAZA_DIRECTA,consulta explícita de una categoría minoritaria,100
MEcusWHGjhw,https://www.youtube.com/watch?v=MEcusWHGjhw,Campaña de miedo: más amenazas contra los candidatos municipales (2/2),Panorama,UCBiq92lt_ufNO-ktZigVXgg,49.0,targeted_search,amenazan candidato político Perú,22,AMENAZA_DIRECTA,consulta explícita de una categoría minoritaria,100
3HT4dJE99J0,https://www.youtube.com/watch?v=3HT4dJE99J0,Candidato Cáceres Velásquez amenaza con pateadura a presidente del JNE en Arequipa,enlacenacional,UC_Zpz_cv69p4oL0hDEJz4IA,105.0,targeted_search,amenazan candidato político Perú,23,AMENAZA_DIRECTA,consulta explícita de una categoría minoritaria,100
W_Fa1AhS-n8,https://www.youtube.com/watch?v=W_Fa1AhS-n8,"2010-12-06 García amenaza las elecciones del 2011 con Golpe de Estado, Prensa Libre",JuvNacionalista,UCiU0qQdgb3GDsj8nY_jVLYQ,602.0,targeted_search,amenazan candidato político Perú,24,AMENAZA_DIRECTA,consulta explícita de una categoría minoritaria,100
c1YSg-RI2YA,https://www.youtube.com/watch?v=c1YSg-RI2YA,Candidato Roberto Sánchez: Exigimos respeto por el voto de los peruanos',Latina Noticias,UCpSJ5fGhmAME9Kx2D3ZvN3Q,53.0,targeted_search,amenazan candidato político Perú,25,AMENAZA_DIRECTA,consulta explícita de una categoría minoritaria,100
SSAFpBwMnvY,https://www.youtube.com/watch?v=SSAFpBwMnvY,AMPAY ALAN GARCIA AMENAZA A CANDIDATOS ANTI-SISTEMA NEOLIBERAL CORRUPTO DERECHISTA,DANIEL VEGA,UC1jgmxpGVeggT0GeL-FQClg,376.0,targeted_search,amenazan candidato político Perú,26,AMENAZA_DIRECTA,consulta explícita de una categoría minoritaria,100
1-U7B7-bXwk,https://www.youtube.com/watch?v=1-U7B7-bXwk,López Aliaga's candidate threatens to get rid of Wayka for publishing his complaints.,Wayka,UCQmo59tWId4OHTdl4W320DQ,181.0,targeted_search,amenazan candidato político Perú,27,AMENAZA_DIRECTA,consulta explícita de una categoría minoritaria,100
24llifLHPvo,https://www.youtube.com/watch?v=24llifLHPvo,Elecciones 2021: La amenaza de un golpe contra Pedro Castillo,La República - LR+,UC-B7Xv56uNRDkj0vC3QW8Cg,361.0,targeted_search,amenazan candidato político Perú,28,AMENAZA_DIRECTA,consulta explícita de una categoría minoritaria,100
ep0l5AKyl-Q,https://www.youtube.com/watch?v=ep0l5AKyl-Q,"RAFAEL LÓPEZ ALIAGA RESPONDS TO THE THREATS FROM ""BULLY"" PHILLIP BUTTERS",CTV Perú Oficial,UCy4UKhdd5U0cUru_sBn-DGA,237.0,targeted_search,amenazan candidato político Perú,29,AMENAZA_DIRECTA,consulta explícita de una categoría minoritaria,100
N4dFYidG_kM,https://www.youtube.com/watch?v=N4dFYidG_kM,SCANDAL! PHILIP BUTTERS THREATENS TO SINK LÓPEZ ALIAGA,Farandula Politica,UCEPKBntK_q0AXblXJtDUNhg,506.0,targeted_search,amenazan candidato político Perú,30,AMENAZA_DIRECTA,consulta explícita de una categoría minoritaria,100
PbUymf8V7uc,https://www.youtube.com/watch?v=PbUymf8V7uc,"DEBATE PRESIDENCIAL en PERÚ se llena de insultos: ""Mitómano miserable"" | EL PAÍS",EL PAÍS,UCnsvJeZO4RigQ898WdDNoBw,116.0,targeted_search,amenazan candidato político Perú,31,AMENAZA_DIRECTA,consulta explícita de una categoría minoritaria,100
1oRkxdb-_54,https://www.youtube.com/watch?v=1oRkxdb-_54,CANDIDATOS BAJO AMENAZA : violencia política y EL DESAFÍO DE SEGURIDAD PARA JOSÉ JERÍ #AchoraTuCausa,Amanecer Libertario,UCWUPHzAzAggcBzcu8jGnYsg,3514.0,targeted_search,amenazan candidato político Perú,32,AMENAZA_DIRECTA,consulta explícita de una categoría minoritaria,100
97N5NG6O3cc,https://www.youtube.com/watch?v=97N5NG6O3cc,"¡Al estilo de AMLO! candidato presidencial de Perú lanza discurso de “abrazos, no balazos”",El Universal,UC2SEk1w7DgoHs_G3w1biz-w,175.0,targeted_search,amenazan candidato político Perú,33,AMENAZA_DIRECTA,consulta explícita de una categoría minoritaria,100
z0jA6jCs5MM,https://www.youtube.com/watch?v=z0jA6jCs5MM,🚨¡DECISIÓN FINAL! | Elecciones 2026: CARLOS ÁLVAREZ RATIFICA su candidatura presidencial #HLR,La República - LR+,UC-B7Xv56uNRDkj0vC3QW8Cg,200.0,targeted_search,amenazan candidato político Perú,34,AMENAZA_DIRECTA,consulta explícita de una categoría minoritaria,100
z3ZvAr87Skw,https://www.youtube.com/watch?v=z3ZvAr87Skw,COMO DELINCUENTE | Candidato de ACUÑA busca a POPY OLIVERA para AGREDIRLO por lo que dijo en debate,El Búho pe,UC6xAnp5ygm8oNoBDCgu70UQ,509.0,targeted_search,amenazan candidato político Perú,35,AMENAZA_DIRECTA,consulta explícita de una categoría minoritaria,100
A9R0fAnpkdc,https://www.youtube.com/watch?v=A9R0fAnpkdc,Chilean candidate threatens Peru over Venezuelan immigrants who will be expelled from Chile,RD Futbolista Inca ,UCRhJH1qrVTMvDmJgVWMizNw,291.0,targeted_search,amenazan candidato político Perú,36,AMENAZA_DIRECTA,consulta explícita de una categoría minoritaria,100
6bKX-Z4jEKI,https://www.youtube.com/watch?v=6bKX-Z4jEKI,Otra amenaza contra candidato,NoticiasSolTv,UC-_Orw1T-pogN3HZexD08xw,108.0,targeted_search,amenazan candidato político Perú,37,AMENAZA_DIRECTA,consulta explícita de una categoría minoritaria,100
A28QhOxr35g,https://www.youtube.com/watch?v=A28QhOxr35g,¿Exclusión de movimientos regionales en elecciones amenaza la libertad? #ADNRPP | ENTREVISTA,RPP Noticias,UC5j8-2FT0ZMMBkmK72R4aeA,615.0,targeted_search,amenazan candidato político Perú,38,AMENAZA_DIRECTA,consulta explícita de una categoría minoritaria,100
AwP1r0Ssx-I,https://www.youtube.com/watch?v=AwP1r0Ssx-I,Atentado contra Belaúnde: ¿qué protección tienen candidatos ante amenazas en campaña? | El Comercio,EL COMERCIO,UCLtGUPjKLqa3zgdmhKCZONg,723.0,targeted_search,amenazan candidato político Perú,39,AMENAZA_DIRECTA,consulta explícita de una categoría minoritaria,100
r3dm8NG-yIY,https://www.youtube.com/watch?v=r3dm8NG-yIY,Conozca al candidato Walter Chirinos que denuncia que lo amenazan por sus propuestas anti crimen,Juan Cruz Castiñeiras,UCadEGzJh9hCt6CUX150MSsg,1922.0,targeted_search,amenazan candidato político Perú,40,AMENAZA_DIRECTA,consulta explícita de una categoría minoritaria,100
hKmHLTq3wkU,https://www.youtube.com/watch?v=hKmHLTq3wkU,Rafael López Aliaga y José Vega se enfrentan y amenazan con demandarse mutuamente,El Búho pe,UC6xAnp5ygm8oNoBDCgu70UQ,193.0,targeted_search,amenazan candidato político Perú,41,AMENAZA_DIRECTA,consulta explícita de una categoría minoritaria,100
2ry2k8Lfh24,https://www.youtube.com/watch?v=2ry2k8Lfh24,"DIRECT THREAT! LÓPEZ ALIAGA AGAINST THE ONPE: ""I'M GOING TO THEIR OFFICES AND I DON'T KNOW IF I'L...",Diario de Andrés,UCRidec95QIH9SqhrRo-Jofw,203.0,targeted_search,amenazan candidato político Perú,42,AMENAZA_DIRECTA,consulta explícita de una categoría minoritaria,100
E2zA53pvZhQ,https://www.youtube.com/watch?v=E2zA53pvZhQ,LA MAYOR AMENAZA DE LA IZQUIERDA EN ESTAS ELECCIONES | Cuestión de Confianza,Somos Libres Perú,UC4sgCMX5IG11jy8YKTEea_A,6477.0,targeted_search,amenazan candidato político Perú,43,AMENAZA_DIRECTA,consulta explícita de una categoría minoritaria,100
NANnhl91QDw,https://www.youtube.com/watch?v=NANnhl91QDw,LÓPEZ ALIAGA AMENAZA A AUTORIDADES ELECTORALES,La Verdad a Fondo con Pedro Salinas,UCvC5LSklTxa9QGF_3aiKWrA,421.0,targeted_search,amenazan candidato político Perú,44,AMENAZA_DIRECTA,consulta explícita de una categoría minoritaria,100
zxImcBB6EFk,https://www.youtube.com/watch?v=zxImcBB6EFk,WAR ERUPTS! PPC THREATENS TO SUE LOPEZ ALIAGA FOR DEFAMATION,Farandula Politica,UCEPKBntK_q0AXblXJtDUNhg,585.0,targeted_search,amenazan candidato político Perú,45,AMENAZA_DIRECTA,consulta explícita de una categoría minoritaria,100
lNGNYTszYZ8,https://www.youtube.com/watch?v=lNGNYTszYZ8,Candidato Fernando Olivera denunció agresiones a su llegada al debate presidencial,Latina Noticias,UCpSJ5fGhmAME9Kx2D3ZvN3Q,296.0,targeted_search,amenazan candidato político Perú,46,AMENAZA_DIRECTA,consulta explícita de una categoría minoritaria,100
EQ_f6PyLxNU,https://www.youtube.com/watch?v=EQ_f6PyLxNU,Carlos Álvarez reafirma su candidatura y responde a sus 'haters' tras volver a su partido,Latina Noticias,UCpSJ5fGhmAME9Kx2D3ZvN3Q,1694.0,targeted_search,amenazan candidato político Perú,47,AMENAZA_DIRECTA,consulta explícita de una categoría minoritaria,100
Pu2u3KLzMlM,https://www.youtube.com/watch?v=Pu2u3KLzMlM,🔴 CONGRESO AMENAZA CON ELIMINAR LAS ELECCIONES PRIMARIAS,Nativa,UCdl1ygFwPa6lUdNYPLjoAGg,264.0,targeted_search,amenazan candidato político Perú,48,AMENAZA_DIRECTA,consulta explícita de una categoría minoritaria,100
mxTv6QJOUus,https://www.youtube.com/watch?v=mxTv6QJOUus,George Forsyth: “no he hecho ninguna amenaza al JEE”,RPP Noticias,UC5j8-2FT0ZMMBkmK72R4aeA,1447.0,targeted_search,amenazan candidato político Perú,49,AMENAZA_DIRECTA,consulta explícita de una categoría minoritaria,100
l-pKQwFGB34,https://www.youtube.com/watch?v=l-pKQwFGB34,Plan para enfrentar amenazas contra candidatos en época de elecciones,Noticias Caracol,UC2Xq2PK-got3Rtz9ZJ32hLQ,106.0,targeted_search,amenazan candidato político Perú,50,AMENAZA_DIRECTA,consulta explícita de una categoría minoritaria,100
R2xH5SR3BLk,https://www.youtube.com/watch?v=R2xH5SR3BLk,Candidato a la alcaldía de Puno amenaza en retirar su lista,Diario Sin Fronteras,UCQgH078G5XvyB8gyZEb0Ygw,116.0,targeted_search,amenazan candidato político Perú,51,AMENAZA_DIRECTA,consulta explícita de una categoría minoritaria,100
91oFH6VzMhc,https://www.youtube.com/watch?v=91oFH6VzMhc,🚨 ¡DIRECTO! | López Aliaga AMENAZA con eliminar la FRANJA ELECTORAL | #HLR,La República - LR+,UC-B7Xv56uNRDkj0vC3QW8Cg,190.0,targeted_search,amenazan candidato político Perú,52,AMENAZA_DIRECTA,consulta explícita de una categoría minoritaria,100
wfBGHnEnNvo,https://www.youtube.com/watch?v=wfBGHnEnNvo,Castillo vs. Keiko: un balotaje que amenaza con polarizar a Perú | AFP,AFP Español,UCY8d83kIW6sK4au73qeZZTw,162.0,targeted_search,amenazan candidato político Perú,53,AMENAZA_DIRECTA,consulta explícita de una categoría minoritaria,100
tiM6na2DfLM,https://www.youtube.com/watch?v=tiM6na2DfLM,Gobierno anunció nuevos recursos para seguridad de candidatos ante aumento de amenazas,Noticias Caracol,UC2Xq2PK-got3Rtz9ZJ32hLQ,73.0,targeted_search,amenazan candidato político Perú,54,AMENAZA_DIRECTA,consulta explícita de una categoría minoritaria,100
9GLpRMkXhMY,https://www.youtube.com/watch?v=9GLpRMkXhMY,"Pedro Castillo AMENAZA a los Conductores de tv en revelar ""cuanto ganan y quienes le pagan""",Digital Noticias,UCjA4izG-HmxOsWsTFec2CpQ,143.0,targeted_search,amenazan candidato político Perú,55,AMENAZA_DIRECTA,consulta explícita de una categoría minoritaria,100
hL_YJjHLzfI,https://www.youtube.com/watch?v=hL_YJjHLzfI,Bolivia: Gobierno de facto amenaza a candidato presidencial del MAS,JP+,UC9eaNdd1t64xLogaRVmGrow,125.0,targeted_search,amenazan candidato político Perú,56,AMENAZA_DIRECTA,consulta explícita de una categoría minoritaria,100
i67E3aH8uF0,https://www.youtube.com/watch?v=i67E3aH8uF0,Keiko Fujimori: “No soy una amenaza a la democracia”,Panorama,UCBiq92lt_ufNO-ktZigVXgg,556.0,targeted_search,amenazan candidato político Perú,57,AMENAZA_DIRECTA,consulta explícita de una categoría minoritaria,100
PdjX2zdif9Q,https://www.youtube.com/watch?v=PdjX2zdif9Q,🚨 ¡NO LO QUIERE! | KEIKO Fujimori AMENAZA al Gobierno de José María BALCÁZAR #HLR,La República - LR+,UC-B7Xv56uNRDkj0vC3QW8Cg,202.0,targeted_search,amenazan candidato político Perú,58,AMENAZA_DIRECTA,consulta explícita de una categoría minoritaria,100
KmQ9UZ9NjOE,https://www.youtube.com/watch?v=KmQ9UZ9NjOE,"Mendoza: ""El retorno de la mafia fujimorista es la peor amenaza que tiene el Perú""",24 Horas,UCsakKsRww3J7pM6DavkrAIQ,129.0,targeted_search,amenazan candidato político Perú,59,AMENAZA_DIRECTA,consulta explícita de una categoría minoritaria,100
15X41E01QuE,https://www.youtube.com/watch?v=15X41E01QuE,Elecciones 2022: La amenaza de las encuestas falsas,RPP Noticias,UC5j8-2FT0ZMMBkmK72R4aeA,359.0,targeted_search,amenazan candidato político Perú,60,AMENAZA_DIRECTA,consulta explícita de una categoría minoritaria,100
FqmKGNsJ6yk,https://www.youtube.com/watch?v=FqmKGNsJ6yk,"Carlos Álvarez threatens to resign from the ""Country for All"" political party.",Bethel Noticias,UCG0lLqXlvd3QsemIzmMOSiw,307.0,targeted_search,amenazan candidato político Perú,61,AMENAZA_DIRECTA,consulta explícita de una categoría minoritaria,100
UYvtldLQN7A,https://www.youtube.com/watch?v=UYvtldLQN7A,Chilean congressman slams Peruvian for threatening Chile,MaacUru13,UC_Ts0A46u2lTQE6QZ_NPNdQ,890.0,targeted_search,amenazan candidato político Perú,62,AMENAZA_DIRECTA,consulta explícita de una categoría minoritaria,100
q9B2uCZyOas,https://www.youtube.com/watch?v=q9B2uCZyOas,Resultados electorales en mayo. Embajador EEUU amenaza al Perú. Realizan conversatorio sobre sikuris,Cesar Suana,UCPu82yiyMWXUOrmbYy9kOTg,3289.0,targeted_search,amenazan candidato político Perú,63,AMENAZA_DIRECTA,consulta explícita de una categoría minoritaria,100
lqa-7Ue2DQA,https://www.youtube.com/watch?v=lqa-7Ue2DQA,¡Crisis electoral y amenaza bolivariana en la región!,El Montonero,UCksV2nYo_YnmGTlm9od5gMg,1675.0,targeted_search,amenazan candidato político Perú,64,AMENAZA_DIRECTA,consulta explícita de una categoría minoritaria,100
NKyCJvoI8eM,https://www.youtube.com/watch?v=NKyCJvoI8eM,CANDIDATES UNDER THREAT: political violence and THE SECURITY CHALLENGE FOR JOSÉ JERÍ #NowYourCause,Somos Libres Perú,UC4sgCMX5IG11jy8YKTEea_A,3514.0,targeted_search,amenazan candidato político Perú,65,AMENAZA_DIRECTA,consulta explícita de una categoría minoritaria,100
IST67br-6kg,https://www.youtube.com/watch?v=IST67br-6kg,"¡EXPLOTA LA GUERRA POLÍTICA: ATAQUES, AMENAZAS Y UN PERÚ AL LÍMITE!",DETRÁS DEL PODER,UC1ef41KbzKDZeX2DXBnJ7oQ,525.0,targeted_search,amenazan candidato político Perú,66,AMENAZA_DIRECTA,consulta explícita de una categoría minoritaria,100
UtoBYj04Yk0,https://www.youtube.com/watch?v=UtoBYj04Yk0,“Prefiero tomar una decisión partidaria”: Lescano sobre respaldo a algún candidato presidencial,RPP Noticias,UC5j8-2FT0ZMMBkmK72R4aeA,980.0,targeted_search,amenazan candidato político Perú,67,AMENAZA_DIRECTA,consulta explícita de una categoría minoritaria,100
TKUcI4wR8yc,https://www.youtube.com/watch?v=TKUcI4wR8yc,Porky amenaza a peruanos del sur - FAKTALITY,Chichalandia,UCWtFrFF2ts_TgTzHTiaGoJQ,225.0,targeted_search,amenazan candidato político Perú,68,AMENAZA_DIRECTA,consulta explícita de una categoría minoritaria,100
zXr9X4shNnE,https://www.youtube.com/watch?v=zXr9X4shNnE,AMENAZAS DE MUERTE EN LA PCM Y DESVÍO MILLONARIO EN LA FRANJA ELECTORAL | ARDE TROYA CON OXENFORD,La República - LR+,UC-B7Xv56uNRDkj0vC3QW8Cg,7074.0,targeted_search,amenazan candidato político Perú,69,AMENAZA_DIRECTA,consulta explícita de una categoría minoritaria,100
5WOcd4_EM_Q,https://www.youtube.com/watch?v=5WOcd4_EM_Q,🚨 #ENVIVO | CANDIDATOS AMENAZAN CON RENUNCIAR ¿QUÉ PASA CON LA FRANJA ELECTORAL? #PUROSFACTOS,RPP Noticias,UC5j8-2FT0ZMMBkmK72R4aeA,3633.0,targeted_search,amenazan candidato político Perú,71,AMENAZA_DIRECTA,consulta explícita de una categoría minoritaria,100
52s2fUKXa8g,https://www.youtube.com/watch?v=52s2fUKXa8g,López Aliaga threatens to reject the elections in Peru due to alleged fraud,Noticias LAT | HOY,UCOW3IHGU3XK9oS-o8HnPtpw,178.0,targeted_search,amenazan candidato político Perú,72,AMENAZA_DIRECTA,consulta explícita de una categoría minoritaria,100
pOXw_IPJ2wQ,https://www.youtube.com/watch?v=pOXw_IPJ2wQ,La gran amenaza para el Perú - Video Campaña Electoral Digital,Hola Fernando Rospigliosi,UCzp0JxLnpn4Rtf1CTE4ry2Q,45.0,targeted_search,amenazan candidato político Perú,73,AMENAZA_DIRECTA,consulta explícita de una categoría minoritaria,100
qxqmgk-lp-A,https://www.youtube.com/watch?v=qxqmgk-lp-A,Candidato chileno José Antonio Kast propone cerco entre Perú y Chile | #LR,La República - LR+,UC-B7Xv56uNRDkj0vC3QW8Cg,111.0,targeted_search,amenazan candidato político Perú,74,AMENAZA_DIRECTA,consulta explícita de una categoría minoritaria,100
w8OVHDkX8xk,https://www.youtube.com/watch?v=w8OVHDkX8xk,ASCOPE Candidatos no han solicitado garantías por amenazas,Cultural Televisión Perú,UCvCwW_Z0Ta16EgZ31k5OWkw,188.0,targeted_search,amenazan candidato político Perú,75,AMENAZA_DIRECTA,consulta explícita de una categoría minoritaria,100
Fc-fjxMZMRM,https://www.youtube.com/watch?v=Fc-fjxMZMRM,"VOCACIÓN ESTATISTA, La Verdadera Amenaza",OSCAR DIAZ PERU,UCVl3khWulbBsIa6zYNfuB2g,287.0,targeted_search,amenazan candidato político Perú,76,AMENAZA_DIRECTA,consulta explícita de una categoría minoritaria,100
po6sAtK70EE,https://www.youtube.com/watch?v=po6sAtK70EE,Amenaza a los organismos electorales | La Red de Medios Regionales del Perú,El Búho pe,UC6xAnp5ygm8oNoBDCgu70UQ,4092.0,targeted_search,amenazan candidato político Perú,77,AMENAZA_DIRECTA,consulta explícita de una categoría minoritaria,100
4qbmDyEtiAY,https://www.youtube.com/watch?v=4qbmDyEtiAY,"Candidato Roberto Sánchez: 'Acataremos resultado de la ONPE, sea el que sea'",Latina Noticias,UCpSJ5fGhmAME9Kx2D3ZvN3Q,94.0,targeted_search,amenazan candidato político Perú,78,AMENAZA_DIRECTA,consulta explícita de una categoría minoritaria,100
ozPNxCDeiQQ,https://www.youtube.com/watch?v=ozPNxCDeiQQ,Un arreglo de flores y una bala: amenazan a candidato del uribismo en Mahates - Noticias Caracol,Noticias Caracol,UC2Xq2PK-got3Rtz9ZJ32hLQ,148.0,targeted_search,amenazan candidato político Perú,79,AMENAZA_DIRECTA,consulta explícita de una categoría minoritaria,100
Ox8wsxR_tBE,https://www.youtube.com/watch?v=Ox8wsxR_tBE,🔴🔵Richard Cisneros: Rafael López Aliaga manda gente a amenazarme,Exitosa Noticias,UCxgO_rak_BKZP8VNVmYqbWg,214.0,targeted_search,amenazan candidato político Perú,80,AMENAZA_DIRECTA,consulta explícita de una categoría minoritaria,100
c4oaYC5BGgs,https://www.youtube.com/watch?v=c4oaYC5BGgs,ELECCIONES 2026: DENUNCIAN penalmente a Rafael López ALIAGA por incitación a la insurgencia #LR,La República - LR+,UC-B7Xv56uNRDkj0vC3QW8Cg,102.0,targeted_search,amenazan candidato político Perú,81,AMENAZA_DIRECTA,consulta explícita de una categoría minoritaria,100
4h69k-Vhl_Q,https://www.youtube.com/watch?v=4h69k-Vhl_Q,Se han atendido puntualmente casos de amenazas a candidatos: INE,Quadratín Michoacán,UCxJNvVZc0AASoNJ9EQOEsNw,130.0,targeted_search,amenazan candidato político Perú,82,AMENAZA_DIRECTA,consulta explícita de una categoría minoritaria,100
PNQRXn4Ut2E,https://www.youtube.com/watch?v=PNQRXn4Ut2E,Los enemigos de Fernando Villavicencio: Estas fueron las amenazas recibidas por candidato asesinado,Latina Noticias,UCpSJ5fGhmAME9Kx2D3ZvN3Q,263.0,targeted_search,amenazan candidato político Perú,83,AMENAZA_DIRECTA,consulta explícita de una categoría minoritaria,100
Hyw3VFcIQpw,https://www.youtube.com/watch?v=Hyw3VFcIQpw,Vladimir Cerrón threatens Congress: What's the plan B?,La República - LR+,UC-B7Xv56uNRDkj0vC3QW8Cg,204.0,targeted_search,amenazan candidato político Perú,84,AMENAZA_DIRECTA,consulta explícita de una categoría minoritaria,100
cZkAFnspjJI,https://www.youtube.com/watch?v=cZkAFnspjJI,Mauricio Mulder maldice y amenaza al Jurado Nacional de Elecciones,Anticorrupcion Tv,UCLy-q_uuN2GoY43buw5rycQ,139.0,targeted_search,amenazan candidato político Perú,85,AMENAZA_DIRECTA,consulta explícita de una categoría minoritaria,100
ZeCwv1Yuh-k,https://www.youtube.com/watch?v=ZeCwv1Yuh-k,EL NEGOCIO DE LA FRANJA: ¿Por qué Carlos Álvarez AMENAZA con IRSE? 😱,Eso y mas pe,UCiNLh9AmP3jbBGs_JR8TASg,272.0,targeted_search,amenazan candidato político Perú,86,AMENAZA_DIRECTA,consulta explícita de una categoría minoritaria,100
y3rEfp7_aPU,https://www.youtube.com/watch?v=y3rEfp7_aPU,Juliaca: The phenomenon of electoral coattails threatens the quality of the Peruvian Congress in ...,Pachamama Radio,UCbFVDEdwQfUwmnwKDOs1NDw,230.0,targeted_search,amenazan candidato político Perú,87,AMENAZA_DIRECTA,consulta explícita de una categoría minoritaria,100
AE6w7lN-F2c,https://www.youtube.com/watch?v=AE6w7lN-F2c,"🔴🔵 Roberto Sánchez and Antauro Humala represent a greater threat, according to Belaunde Llosa",Exitosa Noticias,UCxgO_rak_BKZP8VNVmYqbWg,976.0,targeted_search,amenazan candidato político Perú,88,AMENAZA_DIRECTA,consulta explícita de una categoría minoritaria,100
KTyrGJtCPYE,https://www.youtube.com/watch?v=KTyrGJtCPYE,Tomás Alva: “Two threats to the electoral process”,SOL TV Perú,UCT3jhkKbEV4ZslnzhZ26hPw,1931.0,targeted_search,amenazan candidato político Perú,89,AMENAZA_DIRECTA,consulta explícita de una categoría minoritaria,100
XJQo_OnqI9Y,https://www.youtube.com/watch?v=XJQo_OnqI9Y,Fernando Olivera ATTACKS César Acuña | Presidential Debate for the 2026 Elections #EPETM,RPP Noticias,UC5j8-2FT0ZMMBkmK72R4aeA,199.0,targeted_search,amenazan candidato político Perú,90,AMENAZA_DIRECTA,consulta explícita de una categoría minoritaria,100
sJn5h3Gz3KI,https://www.youtube.com/watch?v=sJn5h3Gz3KI,🔴 🚨 Norma YARROW amenaza con VACAR a SÁNCHEZ sin que haya sido elegido  |  #TLR,La República - LR+,UC-B7Xv56uNRDkj0vC3QW8Cg,2601.0,targeted_search,amenazan candidato político Perú,91,AMENAZA_DIRECTA,consulta explícita de una categoría minoritaria,100
VQfF2aja524,https://www.youtube.com/watch?v=VQfF2aja524,Pico a Pico: Las tres amenazas de las que se libró el país este viernes,El Búho pe,UC6xAnp5ygm8oNoBDCgu70UQ,2750.0,targeted_search,amenazan candidato político Perú,92,AMENAZA_DIRECTA,consulta explícita de una categoría minoritaria,100
Bssffbt2txc,https://www.youtube.com/watch?v=Bssffbt2txc,“I’m going to empty them”: Candidate Luis Miguel Llanos threatens prisoners in Peru | MYP,GV PLAY,UCE4mkBmGOECLpgAe7fleEWg,776.0,targeted_search,amenazan candidato político Perú,93,AMENAZA_DIRECTA,consulta explícita de una categoría minoritaria,100
YTYuxYle1J8,https://www.youtube.com/watch?v=YTYuxYle1J8,ESTUDIANTES SE AMENAZAN EN I.E DE MANANTAY | TU MAÑANERO,PC - Producciones,UCpYotoHTioqFutRJ767t7aw,7173.0,targeted_search,amenazan candidato político Perú,94,AMENAZA_DIRECTA,consulta explícita de una categoría minoritaria,100
QrWYsp-QLik,https://www.youtube.com/watch?v=QrWYsp-QLik,Julio Guzmán: así fue su protesta contra tacha del JNE,Latina Noticias,UCpSJ5fGhmAME9Kx2D3ZvN3Q,289.0,targeted_search,amenazan candidato político Perú,95,AMENAZA_DIRECTA,consulta explícita de una categoría minoritaria,100
_vXg-2GkpJY,https://www.youtube.com/watch?v=_vXg-2GkpJY,Carlos Álvarez does not rule out withdrawing his candidacy after the electoral campaign scandal:,Mi Canal Peru,UCPdMo4auXNg5mVtkJ_LbP8g,206.0,targeted_search,amenazan candidato político Perú,96,AMENAZA_DIRECTA,consulta explícita de una categoría minoritaria,100
J47ecuLuv7g,https://www.youtube.com/watch?v=J47ecuLuv7g,POPY OLIVERA: “THEY WANT TO SILENCE ME”: denunciation and direct threat,TRIVU ,UCEgNxyXXpArM8F368uJjF-Q,2015.0,targeted_search,amenazan candidato político Perú,97,AMENAZA_DIRECTA,consulta explícita de una categoría minoritaria,100
el9PQtqAvRY,https://www.youtube.com/watch?v=el9PQtqAvRY,Esta es la peor amenaza de los republicanos de cara a las elecciones del 2026.,MANCEBO,UCL5pJYlJ1v_8W5vYLrYX1GQ,331.0,targeted_search,amenazan candidato político Perú,98,AMENAZA_DIRECTA,consulta explícita de una categoría minoritaria,100
2wfGM8wWksI,https://www.youtube.com/watch?v=2wfGM8wWksI,Inteligencia artificial en elecciones 2026: ¿aliada democrática o amenaza latente? - Díalogos CIES,CIES Perú Investigaciones,UCWq6W4J8dqnXg79_XDAi2Xw,4375.0,targeted_search,amenazan candidato político Perú,99,AMENAZA_DIRECTA,consulta explícita de una categoría minoritaria,100
85OIKnuDql4,https://www.youtube.com/watch?v=85OIKnuDql4,Jacinto pide garantías por amenazas,Tribunal Supremo Electoral de Bolivia,UCc-ki39I3dQHt6rOsLB5lng,83.0,targeted_search,amenazan candidato político Perú,100,AMENAZA_DIRECTA,consulta explícita de una categoría minoritaria,100
YsFuYBSyKGI,https://www.youtube.com/watch?v=YsFuYBSyKGI,"Rafael Lopez Aliaga, amenazó de muerte al periodista Gustavo Gorriti",ElObjetivo.p,UCcq42SRWicxaXcqqaFGlOjQ,64.0,targeted_search,amenazan periodista alcalde Perú,1,AMENAZA_DIRECTA,consulta explícita de una categoría minoritaria,100
I8pjVrwlf1U,https://www.youtube.com/watch?v=I8pjVrwlf1U,🔴🔵 ANP pide investigar amenazas contra periodistas de Exitosa que investigan al alcalde de Huaral,Exitosa Noticias,UCxgO_rak_BKZP8VNVmYqbWg,525.0,targeted_search,amenazan periodista alcalde Perú,2,AMENAZA_DIRECTA,consulta explícita de una categoría minoritaria,100
fvAKMm7rLOY,https://www.youtube.com/watch?v=fvAKMm7rLOY,"Alcalde de Ate expone a su trabajador que cobraba por licencias: ""¡Es un delincuente!""",ATV Noticias,UCYG5uXS3xdsoaXIxum1pAEw,475.0,targeted_search,amenazan periodista alcalde Perú,3,AMENAZA_DIRECTA,consulta explícita de una categoría minoritaria,100
kfb79NqACZc,https://www.youtube.com/watch?v=kfb79NqACZc,TRUJILLO: ARTURO FERNÁNDEZ AMENAZA CON NO PARCHAR PISTAS,N60 Noticias,UCa5H2yRYfOlUH4c22uY5JsQ,58.0,targeted_search,amenazan periodista alcalde Perú,4,AMENAZA_DIRECTA,consulta explícita de una categoría minoritaria,100
4_tqECkJElU,https://www.youtube.com/watch?v=4_tqECkJElU,René Gastelumendi recibe amenazas por parte de los 'dibujitos' tras entrevista al alcalde de Ate,ATV Noticias,UCYG5uXS3xdsoaXIxum1pAEw,250.0,targeted_search,amenazan periodista alcalde Perú,5,AMENAZA_DIRECTA,consulta explícita de una categoría minoritaria,100
JdKhuWR8G0Y,https://www.youtube.com/watch?v=JdKhuWR8G0Y,EL 11 INFORMA |  Francis Allison Amenaza A Periodista,RBC PERÚ,UChOz7o4nxtmYoNGwH1JAmhw,123.0,targeted_search,amenazan periodista alcalde Perú,6,AMENAZA_DIRECTA,consulta explícita de una categoría minoritaria,100
C4uIaQgpXR4,https://www.youtube.com/watch?v=C4uIaQgpXR4,Alcalde de Huaraz Vladimir Meza amenaza de muerte a periodista Huaracino ANGEL DURAN,Angel Duran Leon,UCo_wU2hOlUsTsltqvtkfv-w,65.0,targeted_search,amenazan periodista alcalde Perú,7,AMENAZA_DIRECTA,consulta explícita de una categoría minoritaria,100
3UqCA918u-s,https://www.youtube.com/watch?v=3UqCA918u-s,"René Gastelumendi por amenazas de muerte: ""Cuestionamos (a Franco Vidal) y aparece esto""",ATV Noticias,UCYG5uXS3xdsoaXIxum1pAEw,160.0,targeted_search,amenazan periodista alcalde Perú,8,AMENAZA_DIRECTA,consulta explícita de una categoría minoritaria,100
IObZDKLSfNo,https://www.youtube.com/watch?v=IObZDKLSfNo,América Noticias: Chicayo: amenazan a alcalde de Bagua desde penal Piedras Gordas,América Noticias,UCPhm2I2wk4vqjENwhn3px8A,60.0,targeted_search,amenazan periodista alcalde Perú,9,AMENAZA_DIRECTA,consulta explícita de una categoría minoritaria,100
KA1RDUj__Hs,https://www.youtube.com/watch?v=KA1RDUj__Hs,Periodista es amenazado en Tingo María tras declarar en caso de alcalde asesinado,enlacenacional,UC_Zpz_cv69p4oL0hDEJz4IA,108.0,targeted_search,amenazan periodista alcalde Perú,10,AMENAZA_DIRECTA,consulta explícita de una categoría minoritaria,100
K0uVL5tL6Qc,https://www.youtube.com/watch?v=K0uVL5tL6Qc,Alcalde de Ate responde por Tiktoks y transmisiones en Kick,ATV Noticias,UCYG5uXS3xdsoaXIxum1pAEw,581.0,targeted_search,amenazan periodista alcalde Perú,11,AMENAZA_DIRECTA,consulta explícita de una categoría minoritaria,100
kk4MxJ_Z_OM,https://www.youtube.com/watch?v=kk4MxJ_Z_OM,Yurimaguas: Alcalde del distrito de Balsapuerto agrede a periodista,enlacenacional,UC_Zpz_cv69p4oL0hDEJz4IA,93.0,targeted_search,amenazan periodista alcalde Perú,12,AMENAZA_DIRECTA,consulta explícita de una categoría minoritaria,100
EapX-IQ891Y,https://www.youtube.com/watch?v=EapX-IQ891Y,"Alcalde FURIOSO! REVUELCA A MERMELERA y DENUNCIA a Piero Corvetto y la ONPE! Eddie Fleischmann, PERU",Eduardo Enrique,UCtIrbumL-O8o2KhhhtWponw,941.0,targeted_search,amenazan periodista alcalde Perú,13,AMENAZA_DIRECTA,consulta explícita de una categoría minoritaria,100
utWtuP55kXQ,https://www.youtube.com/watch?v=utWtuP55kXQ,"Alexandra Hörler responde al alcalde de Ate: ""Yo no le he dicho que usted es un vago""",Panamericana Televisión,UCngb4rxO4iUE6BrIs29WXwA,290.0,targeted_search,amenazan periodista alcalde Perú,14,AMENAZA_DIRECTA,consulta explícita de una categoría minoritaria,100
lxNY7_rAcn8,https://www.youtube.com/watch?v=lxNY7_rAcn8,🔴🔵Amenazan a periodista tras denunciar presuntas irregularidades en la Municipalidad de Cañete,Exitosa Noticias,UCxgO_rak_BKZP8VNVmYqbWg,1086.0,targeted_search,amenazan periodista alcalde Perú,15,AMENAZA_DIRECTA,consulta explícita de una categoría minoritaria,100
EtN7wDzrw1I,https://www.youtube.com/watch?v=EtN7wDzrw1I,Mayor of Villa El Salvador responds after Cuarto Poder report on alleged money laundering.,PDN - Peru Digital Noticias ,UCI3B73rHDRdWyFTLXL0uziw,788.0,targeted_search,amenazan periodista alcalde Perú,16,AMENAZA_DIRECTA,consulta explícita de una categoría minoritaria,100
2UmoCwewELw,https://www.youtube.com/watch?v=2UmoCwewELw,Mayor of SJL receives threats | Cuarto Poder | Peru,América Televisión,UCGGry4kGWZUqIfG6LLNhOmg,925.0,targeted_search,amenazan periodista alcalde Perú,17,AMENAZA_DIRECTA,consulta explícita de una categoría minoritaria,100
G0ifY6r-Sak,https://www.youtube.com/watch?v=G0ifY6r-Sak,"AGREDEN A PERIODISTA DE PISCO CANDIDATO A LA ALCALDÍA JUAN MENDOZA,POSIBLE AUTOR INTELE",Noticias Pisco,UCbIYs4RVU9RNshXM8mtKRhA,155.0,targeted_search,amenazan periodista alcalde Perú,18,AMENAZA_DIRECTA,consulta explícita de una categoría minoritaria,100
jzmGF6vvv0Q,https://www.youtube.com/watch?v=jzmGF6vvv0Q,Funcionario amenaza y agrede a periodista,Carlos Morante,UClPACJWOH8GnjGPRFHvKUww,417.0,targeted_search,amenazan periodista alcalde Perú,19,AMENAZA_DIRECTA,consulta explícita de una categoría minoritaria,100
plmp6K0pNLI,https://www.youtube.com/watch?v=plmp6K0pNLI,TRUJILLO: AMBULANTES DE EX MAYORISTA AMENAZAN A PERIODISTA DE N60,N60 Noticias,UCa5H2yRYfOlUH4c22uY5JsQ,61.0,targeted_search,amenazan periodista alcalde Perú,20,AMENAZA_DIRECTA,consulta explícita de una categoría minoritaria,100
GmbdbzyOY1k,https://www.youtube.com/watch?v=GmbdbzyOY1k,🔴🔵Threats against communicators and journalists from Exitosa,Exitosa Noticias,UCxgO_rak_BKZP8VNVmYqbWg,386.0,targeted_search,amenazan periodista alcalde Perú,21,AMENAZA_DIRECTA,consulta explícita de una categoría minoritaria,100
w-occQm_DbA,https://www.youtube.com/watch?v=w-occQm_DbA,Mayor of SJL receives threats | Cuarto Poder | Peru,América Noticias,UCPhm2I2wk4vqjENwhn3px8A,925.0,targeted_search,amenazan periodista alcalde Perú,22,AMENAZA_DIRECTA,consulta explícita de una categoría minoritaria,100
8w7HByrBDlY,https://www.youtube.com/watch?v=8w7HByrBDlY,Periodista acusa al alcalde de Parcoy por amenaza,Cosmos Televisión,UC_ept7M1UXlCfvcUrK49Ziw,139.0,targeted_search,amenazan periodista alcalde Perú,23,AMENAZA_DIRECTA,consulta explícita de una categoría minoritaria,100
cwkHgZJAlfM,https://www.youtube.com/watch?v=cwkHgZJAlfM,PERIODISTA ES AGREDIDO POR CHÓFER DEL ALCALDE DE HUAURA,Producciones TeD Televisión en Digital,UCQRfou8CZWIJzLOpKfhmqcg,160.0,targeted_search,amenazan periodista alcalde Perú,24,AMENAZA_DIRECTA,consulta explícita de una categoría minoritaria,100
1Inc-4b45nQ,https://www.youtube.com/watch?v=1Inc-4b45nQ,AMENAZAN A PERIODISTA POR DECLARAR ACTOS DE CORRUNCION EN LA MUNICIPALIDAD DE LOS AQUIJES.,Dile a Los Aquijes,UCltIlBetd0qq15VkqOnX4bA,461.0,targeted_search,amenazan periodista alcalde Perú,25,AMENAZA_DIRECTA,consulta explícita de una categoría minoritaria,100
-TrvMIWJTYc,https://www.youtube.com/watch?v=-TrvMIWJTYc,Franco Vidal: Maju Mantilla speaks out after criticism from the mayor of Ate l Arriba Mi Gente,Latina Televisión,UC3rDtLrcgr3JS3_3JOW4BAw,650.0,targeted_search,amenazan periodista alcalde Perú,26,AMENAZA_DIRECTA,consulta explícita de una categoría minoritaria,100
I_g77i1E-s8,https://www.youtube.com/watch?v=I_g77i1E-s8,LEO VILCHEZ (ACCIÓN POPULAR) VS FRANCO VIDAL (AVANZA PAÍS) DEBATE MUNICIPAL 2022,AWDU Studios,UCWNE8gqZ0XUuufiJtPYivkg,227.0,targeted_search,amenazan periodista alcalde Perú,27,AMENAZA_DIRECTA,consulta explícita de una categoría minoritaria,100
rNRew59LBLs,https://www.youtube.com/watch?v=rNRew59LBLs,🔴🔵Amenazan a periodistas de Exitosa por investigación en Huaral y Chancay,Exitosa Noticias,UCxgO_rak_BKZP8VNVmYqbWg,543.0,targeted_search,amenazan periodista alcalde Perú,28,AMENAZA_DIRECTA,consulta explícita de una categoría minoritaria,100
ZH9OJkuToe4,https://www.youtube.com/watch?v=ZH9OJkuToe4,ALCALDE DE TRUJILLO DR. CÉSAR ARTURO FERNÁNDEZ BAZÁN DENUNCIA Y LLAMA LA ATENCIÓN A TRABAJADOR,RADIO TV MELGAR ¡Periodistas al servicio de Ud!,UCWArMmgyHslCwntLfnFYJzQ,316.0,targeted_search,amenazan periodista alcalde Perú,29,AMENAZA_DIRECTA,consulta explícita de una categoría minoritaria,100
C9hvI66k_WQ,https://www.youtube.com/watch?v=C9hvI66k_WQ,"Vecinos de Ate acusan a Franco Vidal, el alcalde 'streamer', por desabastecimiento en Vaso de Leche",Latina Noticias,UCpSJ5fGhmAME9Kx2D3ZvN3Q,854.0,targeted_search,amenazan periodista alcalde Perú,30,AMENAZA_DIRECTA,consulta explícita de una categoría minoritaria,100
Cn3yiQnLc5A,https://www.youtube.com/watch?v=Cn3yiQnLc5A,MÁVILA HUERTAS APOLOGIZES TO FRANCO VIDAL FOR DEFAMATION ON ATV | 2025 ATE VITARTE,Francovidalclips,UCpjTfkKPFTZbvyID6GoZ4PA,1828.0,targeted_search,amenazan periodista alcalde Perú,31,AMENAZA_DIRECTA,consulta explícita de una categoría minoritaria,100
EXTaQDFa0Dc,https://www.youtube.com/watch?v=EXTaQDFa0Dc,Tierras sin alma: Alcalde amenazado de muerte,DÍA D,UCmrzeYkbupPuvrXH8roR__w,1090.0,targeted_search,amenazan periodista alcalde Perú,32,AMENAZA_DIRECTA,consulta explícita de una categoría minoritaria,100
RidNwzKjZrw,https://www.youtube.com/watch?v=RidNwzKjZrw,Against the Current - FEB 12 - THE MAYOR OF PATAZ UNDER EXTORTION | Willax,Willax Televisión,UCort3mldTtMErPqprSlSfng,718.0,targeted_search,amenazan periodista alcalde Perú,33,AMENAZA_DIRECTA,consulta explícita de una categoría minoritaria,100
RfFPted1ioU,https://www.youtube.com/watch?v=RfFPted1ioU,"Fernando Llanos corners Rafael López Aliaga in a tense interview: ""You came to insult me.""",El Búho pe,UC6xAnp5ygm8oNoBDCgu70UQ,1656.0,targeted_search,amenazan periodista alcalde Perú,35,AMENAZA_DIRECTA,consulta explícita de una categoría minoritaria,100
4SPmQRjtU7s,https://www.youtube.com/watch?v=4SPmQRjtU7s,ARRESTAN A PERIODISTA POR CHANTAJEAR FUNCIONARIOS,Manifiesto Perú,UCt9K-ByGSlcOFwybs6K2Ufg,105.0,targeted_search,amenazan periodista alcalde Perú,37,AMENAZA_DIRECTA,consulta explícita de una categoría minoritaria,100
Tp7ZS3cU8tA,https://www.youtube.com/watch?v=Tp7ZS3cU8tA,Alcalde Richard Ale Cruz le falta respeto a mujer periodista en Mollendo,mollendinos,UCGvxlI1VbQqrhz_Vx8yDs6A,47.0,targeted_search,amenazan periodista alcalde Perú,38,AMENAZA_DIRECTA,consulta explícita de una categoría minoritaria,100
X6cWXz3daw0,https://www.youtube.com/watch?v=X6cWXz3daw0,¡COBARDES¡ COLOCAN 2 BALAS EN PUERTA DE SU VIVIENDA DEL PERIODISTA ALDO TORRES,LIMA NORTE TV,UCRMjoEMR1CM5Lic9IFubtZg,50.0,targeted_search,amenazan periodista alcalde Perú,39,AMENAZA_DIRECTA,consulta explícita de una categoría minoritaria,100
7_RMOCKU5Js,https://www.youtube.com/watch?v=7_RMOCKU5Js,Comisario de Sayán amenaza periodista,Jorge Galindo,UCv-TqVlD3okqoQLwmcjAs4A,289.0,targeted_search,amenazan periodista alcalde Perú,40,AMENAZA_DIRECTA,consulta explícita de una categoría minoritaria,100
evf-E4yJ_ao,https://www.youtube.com/watch?v=evf-E4yJ_ao,Amenaza en campaña: el crimen llega a las elecciones municipales,Panorama,UCBiq92lt_ufNO-ktZigVXgg,1002.0,targeted_search,amenazan periodista alcalde Perú,41,AMENAZA_DIRECTA,consulta explícita de una categoría minoritaria,100
YNZyD3lhECo,https://www.youtube.com/watch?v=YNZyD3lhECo,Arequipa: alcalde de Caravelí denuncia aumento de criminalidad,TVPerú Noticias,UCkZCoc42IipR1ucqJmIehsA,913.0,targeted_search,amenazan periodista alcalde Perú,42,AMENAZA_DIRECTA,consulta explícita de una categoría minoritaria,100
2BrpcQEyZIU,https://www.youtube.com/watch?v=2BrpcQEyZIU,EL FIN DE FRANCO VIDAL ☠️🚨 - EL ALCALDE QUE MANDÓ A ENFRIAR A UNA SEÑORA EN LA RENIEC ☠️,Goblinciano,UCO0cdOFdG-3hxa_VPG8imnw,1656.0,targeted_search,amenazan periodista alcalde Perú,43,AMENAZA_DIRECTA,consulta explícita de una categoría minoritaria,100
iETSWlFI7xA,https://www.youtube.com/watch?v=iETSWlFI7xA,Campaña violenta: el crimen amenaza la democracia en el país,Panorama,UCBiq92lt_ufNO-ktZigVXgg,881.0,targeted_search,amenazan periodista alcalde Perú,44,AMENAZA_DIRECTA,consulta explícita de una categoría minoritaria,100
dBKyu3N4KyQ,https://www.youtube.com/watch?v=dBKyu3N4KyQ,PERIODISTA DE LA REPÚBLICA QUE DESMINTIÓ A LAS FF.AA SOBRE MU3RT3S EN ILAVE DENUNCIA AMENAZAS,Peruano Informado,UC5MWE3GU-BA1kDOeZvtG9Gw,680.0,targeted_search,amenazan periodista alcalde Perú,45,AMENAZA_DIRECTA,consulta explícita de una categoría minoritaria,100
tMhUoQaNP2c,https://www.youtube.com/watch?v=tMhUoQaNP2c,Presidente Bukele Explota por Periodista Chilena que Preguntó por Derechos de los Pandilleros,MBN Digital,UCTGv4AxABlshM8411Y1WIZQ,516.0,targeted_search,amenazan periodista alcalde Perú,46,AMENAZA_DIRECTA,consulta explícita de una categoría minoritaria,100
G96DBLxLrtY,https://www.youtube.com/watch?v=G96DBLxLrtY,"Testigo mas4cre Pataz, alcalde de Arequipa amenazado y habla el Obispo de Trujillo",Epicentro TV,UCJOdW-8tYGjzJj2t77rBmXA,5581.0,targeted_search,amenazan periodista alcalde Perú,47,AMENAZA_DIRECTA,consulta explícita de una categoría minoritaria,100
WpgNw1E5kDE,https://www.youtube.com/watch?v=WpgNw1E5kDE,Contra Corriente - FEB 12 - 1/3 - EXTORSIONAN A ALCALDE DE PATAZ | Willax,Willax Televisión,UCort3mldTtMErPqprSlSfng,2272.0,targeted_search,amenazan periodista alcalde Perú,48,AMENAZA_DIRECTA,consulta explícita de una categoría minoritaria,100
7APE3tqg5mw,https://www.youtube.com/watch?v=7APE3tqg5mw,"“Ahora me la compras a huevo”, ambulante amenaza con golpear a conductor por no comprar su producto",El Universal,UC2SEk1w7DgoHs_G3w1biz-w,138.0,targeted_search,amenazan periodista alcalde Perú,49,AMENAZA_DIRECTA,consulta explícita de una categoría minoritaria,100
6yCLETaNhJo,https://www.youtube.com/watch?v=6yCLETaNhJo,𝗘𝗹 𝗰𝗮𝗻𝗱𝗶𝗱𝗮𝘁𝗼 𝗢𝗹𝗹𝗮𝗻𝘁𝗮 𝗛𝘂𝗺𝗮𝗹𝗮 𝗳𝘂𝗲 𝗵𝘂𝗺𝗶𝗹𝗹𝗮𝗱𝗼 𝗽𝗼𝗿 𝗽𝗲𝗿𝗶𝗼𝗱𝗶𝘀𝘁𝗮 𝘆𝗼𝘂𝘁 𝗵𝘂𝘆𝗲 𝗱𝗲 𝗲𝗮𝘃𝗲 𝗵𝘂𝘆𝗲 𝗱𝗲 𝗵𝘂𝘆𝗲 𝗱𝗲 𝗲𝗮𝘃𝗲 𝗵...,El Vlog de Moya,UCoOrjY0gPRYoJZr3vdr0bow,2420.0,targeted_search,amenazan periodista alcalde Perú,50,AMENAZA_DIRECTA,consulta explícita de una categoría minoritaria,100
sJgMAf3MX34,https://www.youtube.com/watch?v=sJgMAf3MX34,Presidente del Congreso se hace la víctima y denuncia a periodista que descubrió su mentira,El Búho pe,UC6xAnp5ygm8oNoBDCgu70UQ,402.0,targeted_search,amenazan periodista alcalde Perú,51,AMENAZA_DIRECTA,consulta explícita de una categoría minoritaria,100
mA7xAVUFLFc,https://www.youtube.com/watch?v=mA7xAVUFLFc,SIN MIEDO A LAS AMENAZAS DE LA ANEPISTA YVO MORELLO/PRES. CASTILLO RETO A CONGRESO/COX Y MALPARTIDA,5TO PODER CON LUZ BAZALAR ,UCQC7gQSvyw_Rtq0bC-zGAbA,7203.0,targeted_search,amenazan periodista alcalde Perú,52,AMENAZA_DIRECTA,consulta explícita de una categoría minoritaria,100
Pbcri5VJiKo,https://www.youtube.com/watch?v=Pbcri5VJiKo,Golpearon y amenazaron a periodista,Noticias Caracol,UC2Xq2PK-got3Rtz9ZJ32hLQ,149.0,targeted_search,amenazan periodista alcalde Perú,53,AMENAZA_DIRECTA,consulta explícita de una categoría minoritaria,100
vMsZG6Qkazo,https://www.youtube.com/watch?v=vMsZG6Qkazo,Incendian auto de periodista que denunció caso de corrupción que involucra a Guillermo Bermejo,RPP Noticias,UC5j8-2FT0ZMMBkmK72R4aeA,567.0,targeted_search,amenazan periodista alcalde Perú,54,AMENAZA_DIRECTA,consulta explícita de una categoría minoritaria,100
yCj4kbRUxVw,https://www.youtube.com/watch?v=yCj4kbRUxVw,Yurimaguas: Periodista denuncia robo y amenazas,enlacenacional,UC_Zpz_cv69p4oL0hDEJz4IA,58.0,targeted_search,amenazan periodista alcalde Perú,55,AMENAZA_DIRECTA,consulta explícita de una categoría minoritaria,100
a4uKYBwvNFU,https://www.youtube.com/watch?v=a4uKYBwvNFU,¿Qué son los DIBUJITOS en Perú?  ¿Porqué amenazaron a RENE GASTELUMENDI en defensa de FRANCO VIDAL?,PERÚ ES CLAVE,UCjYYQXfNU0I6ra5PNc1HHSw,538.0,targeted_search,amenazan periodista alcalde Perú,56,AMENAZA_DIRECTA,consulta explícita de una categoría minoritaria,100
8vGzX7PvNqA,https://www.youtube.com/watch?v=8vGzX7PvNqA,Alcalde de Trujillo pide ayuda al Estado para afrontar las dificultades por el ciclón Yaku,ATV Noticias,UCYG5uXS3xdsoaXIxum1pAEw,364.0,targeted_search,amenazan periodista alcalde Perú,57,AMENAZA_DIRECTA,consulta explícita de una categoría minoritaria,100
eVhEfkssP-8,https://www.youtube.com/watch?v=eVhEfkssP-8,AMENAZA A PERIODISTA ASESOR DE LA DIRECCION REGIONAL DE CULTURA,El Tiempo de la Verdad,UCZlOC_ANUkcrImBiyaYydwA,910.0,targeted_search,amenazan periodista alcalde Perú,58,AMENAZA_DIRECTA,consulta explícita de una categoría minoritaria,100
Xi4PzdlULr8,https://www.youtube.com/watch?v=Xi4PzdlULr8,"Al Día con Willax - JUN 17 - 4/5 - AMENAZAN CON NUEVA ""TOMA DE LIMA"" | Willax",Willax Televisión,UCort3mldTtMErPqprSlSfng,2032.0,targeted_search,amenazan periodista alcalde Perú,59,AMENAZA_DIRECTA,consulta explícita de una categoría minoritaria,100
uqjTHKvShRs,https://www.youtube.com/watch?v=uqjTHKvShRs,RMP on López Aliaga's threats to La República #HardNews,La República - LR+,UC-B7Xv56uNRDkj0vC3QW8Cg,125.0,targeted_search,amenazan periodista alcalde Perú,60,AMENAZA_DIRECTA,consulta explícita de una categoría minoritaria,100
Zml_-SdDE-k,https://www.youtube.com/watch?v=Zml_-SdDE-k,LÓPEZ ALIAGA amenaza de muerte y JNJ apaña a sentenciado | Sin Guion con Rosa María Palacios,La República - LR+,UC-B7Xv56uNRDkj0vC3QW8Cg,3638.0,targeted_search,amenazan periodista alcalde Perú,61,AMENAZA_DIRECTA,consulta explícita de una categoría minoritaria,100
JxlwJUa6f2A,https://www.youtube.com/watch?v=JxlwJUa6f2A,PERIODISTA LUZ BAZALAR SE PRONUNCIA SOBRE LA SENTECIA DE JOAQUIN RAMIREZ YA NO PODRIA SER ALCALDE..,KAMINA SUR TV,UCE3SMkJPacXK9fORlVw03yA,655.0,targeted_search,amenazan periodista alcalde Perú,62,AMENAZA_DIRECTA,consulta explícita de una categoría minoritaria,100
_656oaunR_I,https://www.youtube.com/watch?v=_656oaunR_I,Hay amenazas a alcaldes por el robo de combustible,MILENIO,UCFxHplbcoJK9m70c4VyTIxg,191.0,targeted_search,amenazan periodista alcalde Perú,63,AMENAZA_DIRECTA,consulta explícita de una categoría minoritaria,100
utYOusQqS3A,https://www.youtube.com/watch?v=utYOusQqS3A,"Suspects Arrested in Murder of VÍCTOR HUGO FEBRE, Mayor of 26 de Octubre in Piura",NOTICIAS PERÚ TV,UCCDMKJWQveui7WIjTLS68WQ,790.0,targeted_search,amenazan periodista alcalde Perú,64,AMENAZA_DIRECTA,consulta explícita de una categoría minoritaria,100
6-CxSjGE5w0,https://www.youtube.com/watch?v=6-CxSjGE5w0,PERSONAJE LIGADO A ALEXIS HUMALA AGREDE A PERIODISTA HUARACINO,HUARAZ INFORMA,UCRh64eVQg5bF5X3RDsBwZZA,397.0,targeted_search,amenazan periodista alcalde Perú,65,AMENAZA_DIRECTA,consulta explícita de una categoría minoritaria,100
MItE29NUfIQ,https://www.youtube.com/watch?v=MItE29NUfIQ,Trujillo: alcalde utiliza el mismo estilo de Pedro Castillo,SOL TV Perú,UCT3jhkKbEV4ZslnzhZ26hPw,359.0,targeted_search,amenazan periodista alcalde Perú,66,AMENAZA_DIRECTA,consulta explícita de una categoría minoritaria,100
JIyYIehd9j4,https://www.youtube.com/watch?v=JIyYIehd9j4,"AMENAZAN DE VIOLACION Y MUERTE A PERIODISTA DE RADIO LIDER EN LA PAZ, BOLIVIA",Noticias Bolivia 365,UChY0WyvoO437fxW14Ovaxxw,940.0,targeted_search,amenazan periodista alcalde Perú,67,AMENAZA_DIRECTA,consulta explícita de una categoría minoritaria,100
QHfIg0zcfbw,https://www.youtube.com/watch?v=QHfIg0zcfbw,Chiclayo: periodista denunció haber recibido presiones de hermana de Roberto Torres,TVPerú Noticias,UCkZCoc42IipR1ucqJmIehsA,104.0,targeted_search,amenazan periodista alcalde Perú,68,AMENAZA_DIRECTA,consulta explícita de una categoría minoritaria,100
LaHj3c5FZFM,https://www.youtube.com/watch?v=LaHj3c5FZFM,PERSECUCIÓN Y VENGANZA CONTRA PERIODISTA DEL PUEBLO,IPNews Televisión ,UC4419MbXcI_GLFubqjs3BVw,115.0,targeted_search,amenazan periodista alcalde Perú,69,AMENAZA_DIRECTA,consulta explícita de una categoría minoritaria,100
Qu4i-3W9NZs,https://www.youtube.com/watch?v=Qu4i-3W9NZs,"PERIODISTA CARRASCO ROMPIÓ SU SILENCIO: ""ME BOTARON DE TV PERÚ POR HACER PREGUNTAS INCOMODAS A DINA""",Peruano Informado,UC5MWE3GU-BA1kDOeZvtG9Gw,1398.0,targeted_search,amenazan periodista alcalde Perú,70,AMENAZA_DIRECTA,consulta explícita de una categoría minoritaria,100
Iqr3bQ1KBl8,https://www.youtube.com/watch?v=Iqr3bQ1KBl8,periodista venezolano amenazado de muerte,CAJON ARAUCANO,UCpg-nAnMeFbyL9d6Zz0IO2g,393.0,targeted_search,amenazan periodista alcalde Perú,71,AMENAZA_DIRECTA,consulta explícita de una categoría minoritaria,100
8SzBXVT4vx8,https://www.youtube.com/watch?v=8SzBXVT4vx8,San Martín: Mayor of Tocache arrested for terrorism collaboration crimes,TVPerú Noticias,UCkZCoc42IipR1ucqJmIehsA,101.0,targeted_search,amenazan periodista alcalde Perú,72,AMENAZA_DIRECTA,consulta explícita de una categoría minoritaria,100
3gsGAMJ-woo,https://www.youtube.com/watch?v=3gsGAMJ-woo,Complaint filed against the mayor of San Isidro and officials | RPP,RPP Noticias,UC5j8-2FT0ZMMBkmK72R4aeA,291.0,targeted_search,amenazan periodista alcalde Perú,73,AMENAZA_DIRECTA,consulta explícita de una categoría minoritaria,100
M32BYdvDk1k,https://www.youtube.com/watch?v=M32BYdvDk1k,"Consejo de la Prensa Peruana: “el periodismo se convierte en una actividad, cada vez, de más riesgo”",RPP Noticias,UC5j8-2FT0ZMMBkmK72R4aeA,647.0,targeted_search,amenazan periodista alcalde Perú,74,AMENAZA_DIRECTA,consulta explícita de una categoría minoritaria,100
JWbLpcCuyms,https://www.youtube.com/watch?v=JWbLpcCuyms,Periodista de LPG denuncia en FGR amenazas en su contra por publicaciones @wendyher TCS,El Noticiero,UCEe7CEkgrgvWrJBBu0X387A,161.0,targeted_search,amenazan periodista alcalde Perú,75,AMENAZA_DIRECTA,consulta explícita de una categoría minoritaria,100
8oMonXDFxNY,https://www.youtube.com/watch?v=8oMonXDFxNY,Alcaldes con protección especial: Autoridades han sido amenazadas por delincuentes,Meganoticias,UCkccyEbqhhM3uKOI6Shm-4Q,884.0,targeted_search,amenazan periodista alcalde Perú,76,AMENAZA_DIRECTA,consulta explícita de una categoría minoritaria,100
eswchKfJqw4,https://www.youtube.com/watch?v=eswchKfJqw4,Periodista denuncia amenaza por parte de concejal de Villarrica,ABCDigitalPy,UCnzvk8wp_gVmaPhuczfqluw,39.0,targeted_search,amenazan periodista alcalde Perú,77,AMENAZA_DIRECTA,consulta explícita de una categoría minoritaria,100
p_pWzslG_Iw,https://www.youtube.com/watch?v=p_pWzslG_Iw,Mayor Paz de la Barra denounces threats for confronting Sagasti over oxygen plant,PBO,UCgR0st4ZLABi-LQcWNu3wnQ,1252.0,targeted_search,amenazan periodista alcalde Perú,78,AMENAZA_DIRECTA,consulta explícita de una categoría minoritaria,100
kuJHDfmHD1c,https://www.youtube.com/watch?v=kuJHDfmHD1c,"Alberto Beingolea: ""Lima necesita un alcalde que no sea mudo, sino muy hablador""",RPP Noticias,UC5j8-2FT0ZMMBkmK72R4aeA,325.0,targeted_search,amenazan periodista alcalde Perú,79,AMENAZA_DIRECTA,consulta explícita de una categoría minoritaria,100
RQhAK-YMDMo,https://www.youtube.com/watch?v=RQhAK-YMDMo,TRUJILLO: ARTURO FERNÁNDEZ AGRADECE QUE PERIODISTA HAYA ACLARADO SUPUESTA FALTA DE RESPETO,N60 Noticias,UCa5H2yRYfOlUH4c22uY5JsQ,118.0,targeted_search,amenazan periodista alcalde Perú,80,AMENAZA_DIRECTA,consulta explícita de una categoría minoritaria,100
iANrR08VztI,https://www.youtube.com/watch?v=iANrR08VztI,Trujillo: Periodista fue captado extorsionando a empresario,Aquí y Ahora,UC0yq8aaaRKRhTSJVwhi3wvQ,76.0,targeted_search,amenazan periodista alcalde Perú,81,AMENAZA_DIRECTA,consulta explícita de una categoría minoritaria,100
ohTZso5s66Y,https://www.youtube.com/watch?v=ohTZso5s66Y,"🔴🔵Yenifer Paredes y alcalde de Anguía, José Medina: Panorama en exteriores de la Prefectura",Exitosa Noticias,UCxgO_rak_BKZP8VNVmYqbWg,62.0,targeted_search,amenazan periodista alcalde Perú,82,AMENAZA_DIRECTA,consulta explícita de una categoría minoritaria,100
ECG52ObRLZ8,https://www.youtube.com/watch?v=ECG52ObRLZ8,López Aliaga ataca a Epicentro TV y amenaza a jefe de la ONPE,Epicentro TV,UCJOdW-8tYGjzJj2t77rBmXA,3967.0,targeted_search,amenazan periodista alcalde Perú,83,AMENAZA_DIRECTA,consulta explícita de una categoría minoritaria,100
l4zyqMlCBGA,https://www.youtube.com/watch?v=l4zyqMlCBGA,Enrique Castillo: “Tuvimos un mensaje de 28 de julio y una amenaza pública”,RPP Noticias,UC5j8-2FT0ZMMBkmK72R4aeA,1048.0,targeted_search,amenazan periodista alcalde Perú,84,AMENAZA_DIRECTA,consulta explícita de una categoría minoritaria,100
Cfdh8Nqos6A,https://www.youtube.com/watch?v=Cfdh8Nqos6A,¡LA DESMINTIÓ! PERIODISTA DESENMASCARÓ A DINA BOLUARTE TRAS HACERSE FOTO COMO ALBERTO FUJIMORI,Peruano Informado,UC5MWE3GU-BA1kDOeZvtG9Gw,220.0,targeted_search,amenazan periodista alcalde Perú,85,AMENAZA_DIRECTA,consulta explícita de una categoría minoritaria,100
1yk74y0VYL8,https://www.youtube.com/watch?v=1yk74y0VYL8,"Sanctions sought for journalist who ""incited an attack against Peruvian President Pedro Castillo""...",PBO,UCgR0st4ZLABi-LQcWNu3wnQ,253.0,targeted_search,amenazan periodista alcalde Perú,86,AMENAZA_DIRECTA,consulta explícita de una categoría minoritaria,100
5F6mqMCy-GQ,https://www.youtube.com/watch?v=5F6mqMCy-GQ,Lanzan bomba molotov y queman casa de periodista en Huacho: inician investigación por atentado,Buenos Días Perú,UCFnOwPrJ-Skrzk_GPNBV5tg,143.0,targeted_search,amenazan periodista alcalde Perú,87,AMENAZA_DIRECTA,consulta explícita de una categoría minoritaria,100
SDHXahC8taY,https://www.youtube.com/watch?v=SDHXahC8taY,ELECCIONES LIMA 2022 | Tu candidato responde: Omar Chehade #ElPoderEnTusManos,RPP Noticias,UC5j8-2FT0ZMMBkmK72R4aeA,204.0,targeted_search,amenazan periodista alcalde Perú,88,AMENAZA_DIRECTA,consulta explícita de una categoría minoritaria,100
ROFUIPBFLQ4,https://www.youtube.com/watch?v=ROFUIPBFLQ4,"Alcalde de Constitución denuncian tomas Vip en la zona. Tu Día, 2022.",El 13,UCd4D3LfXC_9MY2zSv_3gMgw,2188.0,targeted_search,amenazan periodista alcalde Perú,89,AMENAZA_DIRECTA,consulta explícita de una categoría minoritaria,100
wRGSQ75Sj2M,https://www.youtube.com/watch?v=wRGSQ75Sj2M,Crece polémica: Político peruano Antauro Humala amenaza con recuperar Arica y Tarapacá,CHV Noticias,UCRsUoZYC1ULUspipMRnMhwg,628.0,targeted_search,amenazan periodista alcalde Perú,90,AMENAZA_DIRECTA,consulta explícita de una categoría minoritaria,100
qMnjKY3lWyw,https://www.youtube.com/watch?v=qMnjKY3lWyw,"POR NO APOYAR CAMPAÑA POLITICA, DESPIDEN A PERIODISTA",Santiago Boton,UCDdnK4l1IVvsdTZJBohb1FQ,129.0,targeted_search,amenazan periodista alcalde Perú,91,AMENAZA_DIRECTA,consulta explícita de una categoría minoritaria,100
GeXZxUP6idk,https://www.youtube.com/watch?v=GeXZxUP6idk,Romy Chang sobre secuestro de periodistas: “Han pedido la defensa de intereses de Pedro Castillo”,RPP Noticias,UC5j8-2FT0ZMMBkmK72R4aeA,897.0,targeted_search,amenazan periodista alcalde Perú,92,AMENAZA_DIRECTA,consulta explícita de una categoría minoritaria,100
wgds_-MDAao,https://www.youtube.com/watch?v=wgds_-MDAao,"Periodista huye de Veracruz por amenazas y es asesinado en la Narvarte, DF",Imagen Noticias,UCcHtke0raf8vNYLM1Hbq3Jw,86.0,targeted_search,amenazan periodista alcalde Perú,93,AMENAZA_DIRECTA,consulta explícita de una categoría minoritaria,100
Hxr3BZtvrAE,https://www.youtube.com/watch?v=Hxr3BZtvrAE,Marcial Palomino agrede a joven periodista de Panorama,La Independencia,UCMAGpQquz9wthIts2bNqH2w,68.0,targeted_search,amenazan periodista alcalde Perú,94,AMENAZA_DIRECTA,consulta explícita de una categoría minoritaria,100
JS5NFrP6sRU,https://www.youtube.com/watch?v=JS5NFrP6sRU,Audio Amenaza Del ELN A Periodista En Arauca,J. CRUZ,UCLWjklRXP25TcvDGCnRNAFQ,141.0,targeted_search,amenazan periodista alcalde Perú,95,AMENAZA_DIRECTA,consulta explícita de una categoría minoritaria,100
lw7Z83FPGDg,https://www.youtube.com/watch?v=lw7Z83FPGDg,Jorge Yunda no contempla renunciar y amenaza con agotar todas las instancias para evitar su remoción,El Universo,UCLwBAR1YA6bQRNVCLYOM6Sg,189.0,targeted_search,amenazan periodista alcalde Perú,96,AMENAZA_DIRECTA,consulta explícita de una categoría minoritaria,100
E8S8zkOPgLY,https://www.youtube.com/watch?v=E8S8zkOPgLY,Pucallpa: Mayor threatens traffic police officer for issuing a fine,enlacenacional,UC_Zpz_cv69p4oL0hDEJz4IA,154.0,targeted_search,amenazan periodista alcalde Perú,97,AMENAZA_DIRECTA,consulta explícita de una categoría minoritaria,100
wACWcU539SM,https://www.youtube.com/watch?v=wACWcU539SM,VALIENTE CIUDADANO TROLEA A PERIODISTA DE LA PRENSA ALTERNATIVA EN VIVO X DEFENDER A LILIA PAREDES,Mi Canal Peru,UCPdMo4auXNg5mVtkJ_LbP8g,65.0,targeted_search,amenazan periodista alcalde Perú,98,AMENAZA_DIRECTA,consulta explícita de una categoría minoritaria,100
Osv8eFuZpRg,https://www.youtube.com/watch?v=Osv8eFuZpRg,¿FAKE o AMENAZA? El centro de chuponeo de López Aliaga #LaEncerrona,Marco Sifuentes,UCP0AJJeNkFBYzegTTVbKhPg,1265.0,targeted_search,amenazan periodista alcalde Perú,99,AMENAZA_DIRECTA,consulta explícita de una categoría minoritaria,100
9OoWluVQ-sM,https://www.youtube.com/watch?v=9OoWluVQ-sM,Agreden a periodista Carlos Paredes,Portal Central,UC2u0Na8DuYqQAjK2kCykk2g,385.0,targeted_search,amenazan periodista alcalde Perú,100,AMENAZA_DIRECTA,consulta explícita de una categoría minoritaria,100
8vUcavNdUpM,https://www.youtube.com/watch?v=8vUcavNdUpM,Apagaron sus motores: Extorsionadores amenazan a transportistas tras cobro de cupos,Latina Noticias,UCpSJ5fGhmAME9Kx2D3ZvN3Q,184.0,targeted_search,amenazan transportistas extorsión Perú,1,AMENAZA_DIRECTA,consulta explícita de una categoría minoritaria,100
WXHOj_PdR5g,https://www.youtube.com/watch?v=WXHOj_PdR5g,Video leaked of extortionist threatening ‘Translima’ drivers: “Which one is going to die?”,Buenos Días Perú,UCFnOwPrJ-Skrzk_GPNBV5tg,62.0,targeted_search,amenazan transportistas extorsión Perú,3,AMENAZA_DIRECTA,consulta explícita de una categoría minoritaria,100
eipo283Kv_M,https://www.youtube.com/watch?v=eipo283Kv_M,"Crisis de seguridad: Transportistas son el blanco de sicariato, extorsión y robo a mano armada",Latina Noticias,UCpSJ5fGhmAME9Kx2D3ZvN3Q,155.0,targeted_search,amenazan transportistas extorsión Perú,5,AMENAZA_DIRECTA,consulta explícita de una categoría minoritaria,100
3V3GdUcBNNQ,https://www.youtube.com/watch?v=3V3GdUcBNNQ,Extortionist cries to avoid arrest: he was demanding S/10 from transport workers in SJM,Buenos Días Perú,UCFnOwPrJ-Skrzk_GPNBV5tg,89.0,targeted_search,amenazan transportistas extorsión Perú,6,AMENAZA_DIRECTA,consulta explícita de una categoría minoritaria,100
kKJGIexepeM,https://www.youtube.com/watch?v=kKJGIexepeM,"""The Mexicans"" and extortion of transportation | Fourth Estate | Peru",América Noticias,UCPhm2I2wk4vqjENwhn3px8A,813.0,targeted_search,amenazan transportistas extorsión Perú,8,AMENAZA_DIRECTA,consulta explícita de una categoría minoritaria,100
3F5Zoy_RyWU,https://www.youtube.com/watch?v=3F5Zoy_RyWU,Extorsionadores amenazan con sus armas a colectivero para enviar mensaje de 'alineamiento',ATV Noticias,UCYG5uXS3xdsoaXIxum1pAEw,142.0,targeted_search,amenazan transportistas extorsión Perú,9,AMENAZA_DIRECTA,consulta explícita de una categoría minoritaria,100
vIg7rgHBm54,https://www.youtube.com/watch?v=vIg7rgHBm54,Extortion paralyzes Lima: Transporters demand greater security | Cuarto Poder | Peru,América Noticias,UCPhm2I2wk4vqjENwhn3px8A,891.0,targeted_search,amenazan transportistas extorsión Perú,10,AMENAZA_DIRECTA,consulta explícita de una categoría minoritaria,100
gvttjLwvy50,https://www.youtube.com/watch?v=gvttjLwvy50,Cae presunta red de extorsionadores a transporte público: Choferes de bus también serían miembros,Latina Noticias,UCpSJ5fGhmAME9Kx2D3ZvN3Q,372.0,targeted_search,amenazan transportistas extorsión Perú,11,AMENAZA_DIRECTA,consulta explícita de una categoría minoritaria,100
3UsDPNFl3Zw,https://www.youtube.com/watch?v=3UsDPNFl3Zw,Criminalidad avanza: extorsionadores suben a buses y obligan a choferes a grabar amenazas,Buenos Días Perú,UCFnOwPrJ-Skrzk_GPNBV5tg,236.0,targeted_search,amenazan transportistas extorsión Perú,12,AMENAZA_DIRECTA,consulta explícita de una categoría minoritaria,100
Q7kXOjKpiwc,https://www.youtube.com/watch?v=Q7kXOjKpiwc,Choferes de empresa de transporte Uvita abandonan el Perú tras amenazas de extorsión y muerte,Latina Noticias,UCpSJ5fGhmAME9Kx2D3ZvN3Q,196.0,targeted_search,amenazan transportistas extorsión Perú,13,AMENAZA_DIRECTA,consulta explícita de una categoría minoritaria,100
lGkdH_Ogyi0,https://www.youtube.com/watch?v=lGkdH_Ogyi0,"Buses dejan de trabajar por extorsión de ""Malditos de Venezuela"" en Perú",Latina Noticias,UCpSJ5fGhmAME9Kx2D3ZvN3Q,80.0,targeted_search,amenazan transportistas extorsión Perú,15,AMENAZA_DIRECTA,consulta explícita de una categoría minoritaria,100
e5pNX4bUvQM,https://www.youtube.com/watch?v=e5pNX4bUvQM,🔴🔵Extortion of transporters: Drivers in northern Lima continue to face death threats after the st...,Exitosa Noticias,UCxgO_rak_BKZP8VNVmYqbWg,135.0,targeted_search,amenazan transportistas extorsión Perú,16,AMENAZA_DIRECTA,consulta explícita de una categoría minoritaria,100
sQo-Tp6Xq-0,https://www.youtube.com/watch?v=sQo-Tp6Xq-0,Buses de la línea de buses 'La Verde' paralizan servicio por amenazas de extorsión,Buenos Días Perú,UCFnOwPrJ-Skrzk_GPNBV5tg,576.0,targeted_search,amenazan transportistas extorsión Perú,17,AMENAZA_DIRECTA,consulta explícita de una categoría minoritaria,100
HX7NNpwWKMo,https://www.youtube.com/watch?v=HX7NNpwWKMo,Extorsionadores cumplen amenaza y acribillan a vigilante de empresa de transportes en SJL (1/2),Buenos Días Perú,UCFnOwPrJ-Skrzk_GPNBV5tg,94.0,targeted_search,amenazan transportistas extorsión Perú,18,AMENAZA_DIRECTA,consulta explícita de una categoría minoritaria,100
DbbQuzs-JdU,https://www.youtube.com/watch?v=DbbQuzs-JdU,Extorsionadores piden nuevo pago de cupos porque otro se lo robó: Transportistas amenazados por pago,Latina Noticias,UCpSJ5fGhmAME9Kx2D3ZvN3Q,371.0,targeted_search,amenazan transportistas extorsión Perú,19,AMENAZA_DIRECTA,consulta explícita de una categoría minoritaria,100
ZPghnV0CBU4,https://www.youtube.com/watch?v=ZPghnV0CBU4,Extorsionadores se graban amenazando a los choferes en Lima,Latina Noticias,UCpSJ5fGhmAME9Kx2D3ZvN3Q,211.0,targeted_search,amenazan transportistas extorsión Perú,20,AMENAZA_DIRECTA,consulta explícita de una categoría minoritaria,100
Ozl7A-fWiVc,https://www.youtube.com/watch?v=Ozl7A-fWiVc,Denuncian que PRESIDENTE de la ATU AMENAZA a CHOFERES que PARTICIPAN en PARO de TRANSPORTISTAS | #LR,La República - LR+,UC-B7Xv56uNRDkj0vC3QW8Cg,157.0,targeted_search,amenazan transportistas extorsión Perú,21,AMENAZA_DIRECTA,consulta explícita de una categoría minoritaria,100
b-aCrfjgwHs,https://www.youtube.com/watch?v=b-aCrfjgwHs,Transportistas suben pasajes para pagar cupo a 5 bandas de extorsionadores,ATV Noticias,UCYG5uXS3xdsoaXIxum1pAEw,279.0,targeted_search,amenazan transportistas extorsión Perú,22,AMENAZA_DIRECTA,consulta explícita de una categoría minoritaria,100
PBsYQPpUxI8,https://www.youtube.com/watch?v=PBsYQPpUxI8,Cae red que extorsionaba transportistas y movió S/9 millones | #LR,La República - LR+,UC-B7Xv56uNRDkj0vC3QW8Cg,113.0,targeted_search,amenazan transportistas extorsión Perú,23,AMENAZA_DIRECTA,consulta explícita de una categoría minoritaria,100
QOK1K_FJqdg,https://www.youtube.com/watch?v=QOK1K_FJqdg,Extorsión a transportistas: Perú entre los 6 países de Latinoamérica golpeados por este delito,Multimedia Terceros PTV,UCffjpNp90bVEAMphnh1T_fg,300.0,targeted_search,amenazan transportistas extorsión Perú,24,AMENAZA_DIRECTA,consulta explícita de una categoría minoritaria,100
j-i9IqDV-7w,https://www.youtube.com/watch?v=j-i9IqDV-7w,Extortion ring that threatened East Lima transport companies falls,ATV Noticias,UCYG5uXS3xdsoaXIxum1pAEw,562.0,targeted_search,amenazan transportistas extorsión Perú,25,AMENAZA_DIRECTA,consulta explícita de una categoría minoritaria,100
su8i8FN0V-8,https://www.youtube.com/watch?v=su8i8FN0V-8,'The Chinese': Urban transport under threat of extortion| Cuarto Poder | Peru,América Noticias,UCPhm2I2wk4vqjENwhn3px8A,760.0,targeted_search,amenazan transportistas extorsión Perú,26,AMENAZA_DIRECTA,consulta explícita de una categoría minoritaria,100
Iq07BDyNRQ0,https://www.youtube.com/watch?v=Iq07BDyNRQ0,Extorsiones imparables contra transportistas desatan crisis e incertidumbre #RESUMENADN,RPP Noticias,UC5j8-2FT0ZMMBkmK72R4aeA,199.0,targeted_search,amenazan transportistas extorsión Perú,27,AMENAZA_DIRECTA,consulta explícita de una categoría minoritaria,100
WuHYso49bD8,https://www.youtube.com/watch?v=WuHYso49bD8,"Doctor es víctima de atentados y extorsiones en Perú: ""Amenazan a mis hermanos y trabajadores""",Latina Noticias,UCpSJ5fGhmAME9Kx2D3ZvN3Q,602.0,targeted_search,amenazan transportistas extorsión Perú,28,AMENAZA_DIRECTA,consulta explícita de una categoría minoritaria,100
UdVsldKvEdk,https://www.youtube.com/watch?v=UdVsldKvEdk,Transportistas piden armar a choferes ante ola de extorsiones en Lima #LR,La República - LR+,UC-B7Xv56uNRDkj0vC3QW8Cg,95.0,targeted_search,amenazan transportistas extorsión Perú,29,AMENAZA_DIRECTA,consulta explícita de una categoría minoritaria,100
K-8OZQVflqw,https://www.youtube.com/watch?v=K-8OZQVflqw,Colectiveros bajo amenaza por S/7 diarios: extorsionador les dispara en Independencia,Buenos Días Perú,UCFnOwPrJ-Skrzk_GPNBV5tg,211.0,targeted_search,amenazan transportistas extorsión Perú,31,AMENAZA_DIRECTA,consulta explícita de una categoría minoritaria,100
mSYPLViCkS0,https://www.youtube.com/watch?v=mSYPLViCkS0,'The Chinese': Urban transport under threat of extortion| Cuarto Poder | Peru,América Televisión,UCGGry4kGWZUqIfG6LLNhOmg,760.0,targeted_search,amenazan transportistas extorsión Perú,32,AMENAZA_DIRECTA,consulta explícita de una categoría minoritaria,100
p8o2AUhMl0c,https://www.youtube.com/watch?v=p8o2AUhMl0c,"Extortion paralyzes operations of the ""Uvita"" transport company in Comas",24 Horas,UCsakKsRww3J7pM6DavkrAIQ,184.0,targeted_search,amenazan transportistas extorsión Perú,33,AMENAZA_DIRECTA,consulta explícita de una categoría minoritaria,100
2TcBHROex34,https://www.youtube.com/watch?v=2TcBHROex34,Extorsión y sicariato en Perú: Amenazan de muerte a empresarios de transporte - DNews,DNews,UC4dWvSKVWJ36tJyhjDQCCaQ,454.0,targeted_search,amenazan transportistas extorsión Perú,34,AMENAZA_DIRECTA,consulta explícita de una categoría minoritaria,100
ES1_npX6uAM,https://www.youtube.com/watch?v=ES1_npX6uAM,LAS RUTAS DE LA EXTORSIÓN EN EL PERÚ| EL ÚLTIMO VIAJE,Sur Real,UCBauszRIgoBrvVmCWuVwYBw,1502.0,targeted_search,amenazan transportistas extorsión Perú,35,AMENAZA_DIRECTA,consulta explícita de una categoría minoritaria,100
_2GmYExfiNk,https://www.youtube.com/watch?v=_2GmYExfiNk,Así es como un extorsionador amenaza a mototaxistas para dejarlos trabajar,Latina Noticias,UCpSJ5fGhmAME9Kx2D3ZvN3Q,112.0,targeted_search,amenazan transportistas extorsión Perú,36,AMENAZA_DIRECTA,consulta explícita de una categoría minoritaria,100
B61gUWuvkyU,https://www.youtube.com/watch?v=B61gUWuvkyU,"🔴 ""Nos piden 10.000 soles"": choferes de empresa ETCAPSA bajo amenaza | #EnVivoLR",La República - LR+,UC-B7Xv56uNRDkj0vC3QW8Cg,183.0,targeted_search,amenazan transportistas extorsión Perú,37,AMENAZA_DIRECTA,consulta explícita de una categoría minoritaria,100
-4JZM0R2xzM,https://www.youtube.com/watch?v=-4JZM0R2xzM,Así fue el paro de transportistas en Lima Metropolitana,Wayka,UCQmo59tWId4OHTdl4W320DQ,409.0,targeted_search,amenazan transportistas extorsión Perú,38,AMENAZA_DIRECTA,consulta explícita de una categoría minoritaria,100
MI7b8LE5qpM,https://www.youtube.com/watch?v=MI7b8LE5qpM,Extorsiones a transportistas aumentan y buses dejan de salir: La caótica situación en Puente Piedra,Latina Noticias,UCpSJ5fGhmAME9Kx2D3ZvN3Q,1003.0,targeted_search,amenazan transportistas extorsión Perú,39,AMENAZA_DIRECTA,consulta explícita de una categoría minoritaria,100
cGz1PPmdJj4,https://www.youtube.com/watch?v=cGz1PPmdJj4,Oleada de extorsiones en Perú,Proceso,UC6xQBbqwKjgLnhKhLHoIgMw,173.0,targeted_search,amenazan transportistas extorsión Perú,40,AMENAZA_DIRECTA,consulta explícita de una categoría minoritaria,100
ck07B7R1jpk,https://www.youtube.com/watch?v=ck07B7R1jpk,Extortionists threaten another transport company | Primera Edición | News Peru,América Noticias,UCPhm2I2wk4vqjENwhn3px8A,655.0,targeted_search,amenazan transportistas extorsión Perú,41,AMENAZA_DIRECTA,consulta explícita de una categoría minoritaria,100
WOvbwLEm7as,https://www.youtube.com/watch?v=WOvbwLEm7as,El fin de 'Uvita': Empresa de transporte deja de operar tras amenazas extorsivas y sicariato,Latina Noticias,UCpSJ5fGhmAME9Kx2D3ZvN3Q,155.0,targeted_search,amenazan transportistas extorsión Perú,42,AMENAZA_DIRECTA,consulta explícita de una categoría minoritaria,100
CGiz43j_0HM,https://www.youtube.com/watch?v=CGiz43j_0HM,"Extorsionadores le declaran la guerra a los transportistas en Lima: ""Fingieron ser pasajeros""",Latina Noticias,UCpSJ5fGhmAME9Kx2D3ZvN3Q,158.0,targeted_search,amenazan transportistas extorsión Perú,43,AMENAZA_DIRECTA,consulta explícita de una categoría minoritaria,100
QIXkC7CjjfY,https://www.youtube.com/watch?v=QIXkC7CjjfY,"TRANSPORTISTAS DE LIMA exigen fin a las EXTORSIONES: ""vivimos con miedo"" | #LR",La República - LR+,UC-B7Xv56uNRDkj0vC3QW8Cg,88.0,targeted_search,amenazan transportistas extorsión Perú,44,AMENAZA_DIRECTA,consulta explícita de una categoría minoritaria,100
BkqK25EbDF8,https://www.youtube.com/watch?v=BkqK25EbDF8,🔴🔵 'Uvita' transport company ceases operations permanently due to extortion,Exitosa Noticias,UCxgO_rak_BKZP8VNVmYqbWg,319.0,targeted_search,amenazan transportistas extorsión Perú,45,AMENAZA_DIRECTA,consulta explícita de una categoría minoritaria,100
AiOXjVzwmh8,https://www.youtube.com/watch?v=AiOXjVzwmh8,Las nuevas víctimas: Extorsionadores amenazan de muerte a tres empresas de mototaxis,Latina Noticias,UCpSJ5fGhmAME9Kx2D3ZvN3Q,183.0,targeted_search,amenazan transportistas extorsión Perú,46,AMENAZA_DIRECTA,consulta explícita de una categoría minoritaria,100
NQJh0yIN2mg,https://www.youtube.com/watch?v=NQJh0yIN2mg,Tres bandas de extorsionadores amenazan a una sola empresa de transportes,Latina Noticias,UCpSJ5fGhmAME9Kx2D3ZvN3Q,207.0,targeted_search,amenazan transportistas extorsión Perú,47,AMENAZA_DIRECTA,consulta explícita de una categoría minoritaria,100
R0Q-ytSHD_g,https://www.youtube.com/watch?v=R0Q-ytSHD_g,Empresa de transporte en VMT deja de operar por extorsiones: decenas de pasajeros afectados,Buenos Días Perú,UCFnOwPrJ-Skrzk_GPNBV5tg,146.0,targeted_search,amenazan transportistas extorsión Perú,48,AMENAZA_DIRECTA,consulta explícita de una categoría minoritaria,100
JG8HXNVpdUE,https://www.youtube.com/watch?v=JG8HXNVpdUE,🔴🔵Independencia: Extorsionadores amenazan a conductores y cobradores de empresa de transporte,Exitosa Noticias,UCxgO_rak_BKZP8VNVmYqbWg,166.0,targeted_search,amenazan transportistas extorsión Perú,49,AMENAZA_DIRECTA,consulta explícita de una categoría minoritaria,100
54fUtfyVk_E,https://www.youtube.com/watch?v=54fUtfyVk_E,PERÚ BAJO AMENAZA! Ola de EXTORSIONES desata el CAOS en las calles,Perú En La Mira,UC9N-b_gqPjDiqWyMVezVIXg,521.0,targeted_search,amenazan transportistas extorsión Perú,50,AMENAZA_DIRECTA,consulta explícita de una categoría minoritaria,100
atEV_uzGB2I,https://www.youtube.com/watch?v=atEV_uzGB2I,Public transport drivers under extortion threats | Primera Edición | News Peru,América Noticias,UCPhm2I2wk4vqjENwhn3px8A,266.0,targeted_search,amenazan transportistas extorsión Perú,51,AMENAZA_DIRECTA,consulta explícita de una categoría minoritaria,100
uXmDU191KmU,https://www.youtube.com/watch?v=uXmDU191KmU,Empresas de transporte paralizan servicios por extorsiones,QUE HAY DE NUEVO PERU,UCRl1-oM_NM-BtCEyTFd-aRA,180.0,targeted_search,amenazan transportistas extorsión Perú,52,AMENAZA_DIRECTA,consulta explícita de una categoría minoritaria,100
FOFxqVMog6I,https://www.youtube.com/watch?v=FOFxqVMog6I,Transportistas marchan en la Panamericana Norte como protesta a extorsiones #ROTATIVARPP | DESPACHO,RPP Noticias,UC5j8-2FT0ZMMBkmK72R4aeA,461.0,targeted_search,amenazan transportistas extorsión Perú,53,AMENAZA_DIRECTA,consulta explícita de una categoría minoritaria,100
1e5j3P1cKmo,https://www.youtube.com/watch?v=1e5j3P1cKmo,Collique: Transporters and passengers live in fear due to threats and extortion,24 Horas,UCsakKsRww3J7pM6DavkrAIQ,145.0,targeted_search,amenazan transportistas extorsión Perú,54,AMENAZA_DIRECTA,consulta explícita de una categoría minoritaria,100
J6hWOqrjJY8,https://www.youtube.com/watch?v=J6hWOqrjJY8,Empresa de bus atacado recibía amenazas de extorsionadores,QUE HAY DE NUEVO PERU,UCRl1-oM_NM-BtCEyTFd-aRA,159.0,targeted_search,amenazan transportistas extorsión Perú,55,AMENAZA_DIRECTA,consulta explícita de una categoría minoritaria,100
81jWMcUnom8,https://www.youtube.com/watch?v=81jWMcUnom8,Arriesgando la vida: Choferes de buses salen a trabajar pese a amenazas de extorsionadores,Buenos Días Perú,UCFnOwPrJ-Skrzk_GPNBV5tg,210.0,targeted_search,amenazan transportistas extorsión Perú,58,AMENAZA_DIRECTA,consulta explícita de una categoría minoritaria,100
7c6WsmBhfXo,https://www.youtube.com/watch?v=7c6WsmBhfXo,TRANSPORTISTAS y COMERCIANTES acatan PARO de 72 horas por OLA DE EXTORSIONES | El Comercio,EL COMERCIO,UCLtGUPjKLqa3zgdmhKCZONg,152.0,targeted_search,amenazan transportistas extorsión Perú,59,AMENAZA_DIRECTA,consulta explícita de una categoría minoritaria,100
IOlaqleWOyQ,https://www.youtube.com/watch?v=IOlaqleWOyQ,Choferes de línea 23 paralizan sus labores por amenazas de extorsión,ATV Noticias,UCYG5uXS3xdsoaXIxum1pAEw,168.0,targeted_search,amenazan transportistas extorsión Perú,60,AMENAZA_DIRECTA,consulta explícita de una categoría minoritaria,100
hgmJLWfxJ40,https://www.youtube.com/watch?v=hgmJLWfxJ40,México y Perú contra el mismo problema: la extorsión a transportistas,Grupo Fórmula,UCzmd9Aj2wmPggWZJpLdBB8Q,113.0,targeted_search,amenazan transportistas extorsión Perú,62,AMENAZA_DIRECTA,consulta explícita de una categoría minoritaria,100
Br7_Fkk1s2s,https://www.youtube.com/watch?v=Br7_Fkk1s2s,Conductores de buses blindan sus unidades con planchas metálicas ante amenazas de extorsión,ATV Noticias,UCYG5uXS3xdsoaXIxum1pAEw,220.0,targeted_search,amenazan transportistas extorsión Perú,63,AMENAZA_DIRECTA,consulta explícita de una categoría minoritaria,100
V-v4lFKOV5Y,https://www.youtube.com/watch?v=V-v4lFKOV5Y,¿Crisis de nunca acabar?: Extorsionadores atacan a tres empresas en un día,Latina Noticias,UCpSJ5fGhmAME9Kx2D3ZvN3Q,160.0,targeted_search,amenazan transportistas extorsión Perú,65,AMENAZA_DIRECTA,consulta explícita de una categoría minoritaria,100
ab3JqLnw8l4,https://www.youtube.com/watch?v=ab3JqLnw8l4,🔴🔵 Truck drivers capture extortionists who threatened them during their route in Ventanilla,Exitosa Noticias,UCxgO_rak_BKZP8VNVmYqbWg,136.0,targeted_search,amenazan transportistas extorsión Perú,66,AMENAZA_DIRECTA,consulta explícita de una categoría minoritaria,100
rraUl9j4NSU,https://www.youtube.com/watch?v=rraUl9j4NSU,🔴🔵 Cases of extortion against transporters are increasing throughout the La Libertad region,Exitosa Noticias,UCxgO_rak_BKZP8VNVmYqbWg,239.0,targeted_search,amenazan transportistas extorsión Perú,67,AMENAZA_DIRECTA,consulta explícita de una categoría minoritaria,100
vs9DKa4yIXU,https://www.youtube.com/watch?v=vs9DKa4yIXU,"🚨 ¡INDIGNANTE! | Dina Boluarte minimiza PARO DE TRANSPORTES: ""No abran los mensajes"" | #HLR",La República - LR+,UC-B7Xv56uNRDkj0vC3QW8Cg,255.0,targeted_search,amenazan transportistas extorsión Perú,68,AMENAZA_DIRECTA,consulta explícita de una categoría minoritaria,100
ZkV_RXtBi8I,https://www.youtube.com/watch?v=ZkV_RXtBi8I,"Transportistas de Lima Norte ahora amenazados por 'La Nueva Alianza': ""Choferes deciden no salir""",Latina Noticias,UCpSJ5fGhmAME9Kx2D3ZvN3Q,167.0,targeted_search,amenazan transportistas extorsión Perú,69,AMENAZA_DIRECTA,consulta explícita de una categoría minoritaria,100
k5tBCS9dahA,https://www.youtube.com/watch?v=k5tBCS9dahA,Extorsiones en Colegios Públicos y Privados,Grupo Antiextorsión,UCBD2DYHTgDQtCE13AvmjaVQ,715.0,targeted_search,amenazan transportistas extorsión Perú,70,AMENAZA_DIRECTA,consulta explícita de una categoría minoritaria,100
1pVjS2cjKzo,https://www.youtube.com/watch?v=1pVjS2cjKzo,"Paro de transportistas explota contra el Gobierno por ola de extorsiones, amenaza con ser indefinido",El Búho pe,UC6xAnp5ygm8oNoBDCgu70UQ,518.0,targeted_search,amenazan transportistas extorsión Perú,71,AMENAZA_DIRECTA,consulta explícita de una categoría minoritaria,100
1cvkxj2QdsM,https://www.youtube.com/watch?v=1cvkxj2QdsM,Extorsiones en Perú,Portal Feed Noticias,UCcXkiVshb8CZtYToXvN0hDg,182.0,targeted_search,amenazan transportistas extorsión Perú,72,AMENAZA_DIRECTA,consulta explícita de una categoría minoritaria,100
AJToCFpVru0,https://www.youtube.com/watch?v=AJToCFpVru0,Las extorsiones ganan terreno en el Perú. Entrevista en #DNews al Gral Luis Flores,DNews,UC4dWvSKVWJ36tJyhjDQCCaQ,931.0,targeted_search,amenazan transportistas extorsión Perú,73,AMENAZA_DIRECTA,consulta explícita de una categoría minoritaria,100
t_5RajoiR-I,https://www.youtube.com/watch?v=t_5RajoiR-I,Todo lo que no sabías sobre las extorsiones en Perú,Emprendebroders,UC4_reON6NyyoTmk-8JkauNQ,3756.0,targeted_search,amenazan transportistas extorsión Perú,74,AMENAZA_DIRECTA,consulta explícita de una categoría minoritaria,100
__fxzbVOUEw,https://www.youtube.com/watch?v=__fxzbVOUEw,Extorsionadores balean bus de empresa Huáscar,QUE HAY DE NUEVO PERU,UCRl1-oM_NM-BtCEyTFd-aRA,96.0,targeted_search,amenazan transportistas extorsión Perú,75,AMENAZA_DIRECTA,consulta explícita de una categoría minoritaria,100
1qsiRwsmh3o,https://www.youtube.com/watch?v=1qsiRwsmh3o,Fingían ser otras bandas criminales para ganar millones extorsionando buses: Usaron hasta 12 nombres,Latina Noticias,UCpSJ5fGhmAME9Kx2D3ZvN3Q,225.0,targeted_search,amenazan transportistas extorsión Perú,76,AMENAZA_DIRECTA,consulta explícita de una categoría minoritaria,100
mkfvd-EEHkE,https://www.youtube.com/watch?v=mkfvd-EEHkE,Extorsionadores triplican cobro de cupos a transportistas: Buses baleados y choferes asesinados,Latina Noticias,UCpSJ5fGhmAME9Kx2D3ZvN3Q,230.0,targeted_search,amenazan transportistas extorsión Perú,77,AMENAZA_DIRECTA,consulta explícita de una categoría minoritaria,100
xZxBQBc6ZT4,https://www.youtube.com/watch?v=xZxBQBc6ZT4,Desde hoy se activa la Policía Vial Antiextorsiones en la avenida Néstor Gambetta (1/2),Buenos Días Perú,UCFnOwPrJ-Skrzk_GPNBV5tg,505.0,targeted_search,amenazan transportistas extorsión Perú,78,AMENAZA_DIRECTA,consulta explícita de una categoría minoritaria,100
WloJ5HH7tAs,https://www.youtube.com/watch?v=WloJ5HH7tAs,Línea Huáscar denuncia que extorsionadores les exigen pago de S/50 mil de inscripción,Buenos Días Perú,UCFnOwPrJ-Skrzk_GPNBV5tg,294.0,targeted_search,amenazan transportistas extorsión Perú,79,AMENAZA_DIRECTA,consulta explícita de una categoría minoritaria,100
-VrPrEfYWJw,https://www.youtube.com/watch?v=-VrPrEfYWJw,Independencia: extorsionadores amenazan a conductor de transporte público,TVPerú Noticias,UCkZCoc42IipR1ucqJmIehsA,534.0,targeted_search,amenazan transportistas extorsión Perú,80,AMENAZA_DIRECTA,consulta explícita de una categoría minoritaria,100
fyTl2EMDvd0,https://www.youtube.com/watch?v=fyTl2EMDvd0,🔴 ¡Bajo amenaza!: atacan sede principal de ZBuss en Lima | #EnVivoLR,La República - LR+,UC-B7Xv56uNRDkj0vC3QW8Cg,143.0,targeted_search,amenazan transportistas extorsión Perú,81,AMENAZA_DIRECTA,consulta explícita de una categoría minoritaria,100
HfmWdAOUFmk,https://www.youtube.com/watch?v=HfmWdAOUFmk,"""La extorsión en Perú""",Flor Camila Quispe Huaraca,UCSLDIERpK-Hs4BSCw5j0Bvg,295.0,targeted_search,amenazan transportistas extorsión Perú,82,AMENAZA_DIRECTA,consulta explícita de una categoría minoritaria,100
VxAjFf75QT4,https://www.youtube.com/watch?v=VxAjFf75QT4,Reportaje: Colegios bajo extorsión en Perú.,Alejandro Meneses,UCmypSycPBo8XrGGhsr_QHVQ,1502.0,targeted_search,amenazan transportistas extorsión Perú,83,AMENAZA_DIRECTA,consulta explícita de una categoría minoritaria,100
YYdx1_LN_54,https://www.youtube.com/watch?v=YYdx1_LN_54,Extorsión en el Perú: Una pandemia silenciosa que ya afecta a todo el país | Informe GPS Agencia,GPS AGENCIA,UCNQkSpXaQ6gS7k3uXy1MPJg,1854.0,targeted_search,amenazan transportistas extorsión Perú,84,AMENAZA_DIRECTA,consulta explícita de una categoría minoritaria,100
xD1_NCFfGug,https://www.youtube.com/watch?v=xD1_NCFfGug,Peruanos viajan con miedo en transporte público ante extorsiones: Así es viajar en un bus de Lima,Latina Noticias,UCpSJ5fGhmAME9Kx2D3ZvN3Q,572.0,targeted_search,amenazan transportistas extorsión Perú,85,AMENAZA_DIRECTA,consulta explícita de una categoría minoritaria,100
17bSOxXJ0XE,https://www.youtube.com/watch?v=17bSOxXJ0XE,Transportistas víctima de extorsión,Perú Sin Filtro,UC0JkZjvgRoj_USAUW7LkPPQ,60.0,targeted_search,amenazan transportistas extorsión Perú,87,AMENAZA_DIRECTA,consulta explícita de una categoría minoritaria,100
QMDycXF50uE,https://www.youtube.com/watch?v=QMDycXF50uE,Extorsiones en el Perú: la relación con el ámbito político,El Colectivo,UCWdT8e8m66HWhx1mWQaULqA,779.0,targeted_search,amenazan transportistas extorsión Perú,88,AMENAZA_DIRECTA,consulta explícita de una categoría minoritaria,100
YroCSh9unTU,https://www.youtube.com/watch?v=YroCSh9unTU,ATU debunks rumors of extortion against Metropolitano drivers circulating on social media,TVPerú Noticias,UCkZCoc42IipR1ucqJmIehsA,95.0,targeted_search,amenazan transportistas extorsión Perú,89,AMENAZA_DIRECTA,consulta explícita de una categoría minoritaria,100
0WErQEP5QX4,https://www.youtube.com/watch?v=0WErQEP5QX4,"Juan Pablo León: ""En promedio, hay un ataque por extorsión y cobro de cupos al día a transportistas""",Buenos Días Perú,UCFnOwPrJ-Skrzk_GPNBV5tg,696.0,targeted_search,amenazan transportistas extorsión Perú,90,AMENAZA_DIRECTA,consulta explícita de una categoría minoritaria,100
yxSEFR_H47k,https://www.youtube.com/watch?v=yxSEFR_H47k,Extorsionador dejó herido a conductor de transporte público,QUE HAY DE NUEVO PERU,UCRl1-oM_NM-BtCEyTFd-aRA,127.0,targeted_search,amenazan transportistas extorsión Perú,91,AMENAZA_DIRECTA,consulta explícita de una categoría minoritaria,100
zvZv-dMeiG4,https://www.youtube.com/watch?v=zvZv-dMeiG4,San Juanito Tourism Subway drivers suspend service after extortion threats.,Exitosa Noticias,UCxgO_rak_BKZP8VNVmYqbWg,380.0,targeted_search,amenazan transportistas extorsión Perú,92,AMENAZA_DIRECTA,consulta explícita de una categoría minoritaria,100
WQ89yLx2vwY,https://www.youtube.com/watch?v=WQ89yLx2vwY,Trabajadores de transporte público sufren amenazas cada vez más violentas #ADNRPP | ENTREVISTA,RPP Noticias,UC5j8-2FT0ZMMBkmK72R4aeA,785.0,targeted_search,amenazan transportistas extorsión Perú,93,AMENAZA_DIRECTA,consulta explícita de una categoría minoritaria,100
Ml6M1KhlVGk,https://www.youtube.com/watch?v=Ml6M1KhlVGk,"Envían amenaza extorsiva a línea ""Santa Catalina"": Buses circulan con policías a bordo",Buenos Días Perú,UCFnOwPrJ-Skrzk_GPNBV5tg,211.0,targeted_search,amenazan transportistas extorsión Perú,94,AMENAZA_DIRECTA,consulta explícita de una categoría minoritaria,100
_TyES0IW5Mo,https://www.youtube.com/watch?v=_TyES0IW5Mo,Extorsionadores amenazan a choferes de la empresa Uvita en Comas,EdinTV Noticias,UC7SKtCc47Pd1kkIe3tWPKBw,115.0,targeted_search,amenazan transportistas extorsión Perú,95,AMENAZA_DIRECTA,consulta explícita de una categoría minoritaria,100
kOn7pAwTRZM,https://www.youtube.com/watch?v=kOn7pAwTRZM,Las extorsiones en el Perú,El Colectivo,UCWdT8e8m66HWhx1mWQaULqA,59.0,targeted_search,amenazan transportistas extorsión Perú,96,AMENAZA_DIRECTA,consulta explícita de una categoría minoritaria,100
EkZg17lxHYE,https://www.youtube.com/watch?v=EkZg17lxHYE,🔴🔵 Citizens question authorities and demand security in the face of constant threats against tran...,Exitosa Noticias,UCxgO_rak_BKZP8VNVmYqbWg,142.0,targeted_search,amenazan transportistas extorsión Perú,97,AMENAZA_DIRECTA,consulta explícita de una categoría minoritaria,100
XXjwbZL6F-k,https://www.youtube.com/watch?v=XXjwbZL6F-k,Así informa medio internacional sobre el aumento de las amenazas y extorsiones en Perú,Latina Noticias,UCpSJ5fGhmAME9Kx2D3ZvN3Q,416.0,targeted_search,amenazan transportistas extorsión Perú,98,AMENAZA_DIRECTA,consulta explícita de una categoría minoritaria,100
PzLZcNGv5lE,https://www.youtube.com/watch?v=PzLZcNGv5lE,Transportistas advierten que convocarán paro de 48 horas en Perú,Señal en vivo Sur,UCgjk722gXEHdFOjYtkz8MFw,99.0,targeted_search,amenazan transportistas extorsión Perú,99,AMENAZA_DIRECTA,consulta explícita de una categoría minoritaria,100
WN8Ly4Itq3A,https://www.youtube.com/watch?v=WN8Ly4Itq3A,CHOFERES en Lima viven aterrados por la ola de EXTORSIONES | #LR,La República - LR+,UC-B7Xv56uNRDkj0vC3QW8Cg,215.0,targeted_search,amenazan transportistas extorsión Perú,100,AMENAZA_DIRECTA,consulta explícita de una categoría minoritaria,100
6YybjvVOZYc,https://www.youtube.com/watch?v=6YybjvVOZYc,🔴🔵 Extortionists threaten school in S.M.P. and the institution is forced to suspend classes,Exitosa Noticias,UCxgO_rak_BKZP8VNVmYqbWg,165.0,targeted_search,amenazas colegio extorsión Perú,1,AMENAZA_DIRECTA,consulta explícita de una categoría minoritaria,100
xcOPKsoTNVM,https://www.youtube.com/watch?v=xcOPKsoTNVM,Terror en Comas: colegio extorsionado contrata seguridad privada ante ola de amenazas,Buenos Días Perú,UCFnOwPrJ-Skrzk_GPNBV5tg,278.0,targeted_search,amenazas colegio extorsión Perú,2,AMENAZA_DIRECTA,consulta explícita de una categoría minoritaria,100
9QXv1XNLJ3w,https://www.youtube.com/watch?v=9QXv1XNLJ3w,Sujetos amenazaban con bombas y extorsionaban a directora de colegio en VMT,TVPerú Noticias,UCkZCoc42IipR1ucqJmIehsA,91.0,targeted_search,amenazas colegio extorsión Perú,3,AMENAZA_DIRECTA,consulta explícita de una categoría minoritaria,100
OPdCOsVJzPk,https://www.youtube.com/watch?v=OPdCOsVJzPk,Informe Especial: Colegios bajo extorsión en Perú | 24 Horas TVN Chile,24 Horas - TVN Chile,UCTXNz3gjAypWp3EhlIATEJQ,1499.0,targeted_search,amenazas colegio extorsión Perú,4,AMENAZA_DIRECTA,consulta explícita de una categoría minoritaria,100
KDEb0840pj4,https://www.youtube.com/watch?v=KDEb0840pj4,Teachers threatened with death! School extorted in Villa María del Triunfo,ATV Noticias,UCYG5uXS3xdsoaXIxum1pAEw,202.0,targeted_search,amenazas colegio extorsión Perú,5,AMENAZA_DIRECTA,consulta explícita de una categoría minoritaria,100
qIOwk9CThOM,https://www.youtube.com/watch?v=qIOwk9CThOM,¡Plata o plomo! 300 colegios cierran por amenazas de extorsionadores,ATV Noticias,UCYG5uXS3xdsoaXIxum1pAEw,218.0,targeted_search,amenazas colegio extorsión Perú,6,AMENAZA_DIRECTA,consulta explícita de una categoría minoritaria,100
R1EmzeiRABE,https://www.youtube.com/watch?v=R1EmzeiRABE,"Suspenden clases por mensajes amenazantes, pero sería reto viral: ""Se descartó extorsionados""",Latina Noticias,UCpSJ5fGhmAME9Kx2D3ZvN3Q,234.0,targeted_search,amenazas colegio extorsión Perú,7,AMENAZA_DIRECTA,consulta explícita de una categoría minoritaria,100
OV2OzKsuhx0,https://www.youtube.com/watch?v=OV2OzKsuhx0,Extorsionadores obligan a colegio en Comas a iniciar clases virtuales por amenazas de muerte,Buenos Días Perú,UCFnOwPrJ-Skrzk_GPNBV5tg,822.0,targeted_search,amenazas colegio extorsión Perú,8,AMENAZA_DIRECTA,consulta explícita de una categoría minoritaria,100
Hoaep5rjIe0,https://www.youtube.com/watch?v=Hoaep5rjIe0,Colegio cierra ante amenazas de extorsionadores en Comas,QUE HAY DE NUEVO PERU,UCRl1-oM_NM-BtCEyTFd-aRA,116.0,targeted_search,amenazas colegio extorsión Perú,11,AMENAZA_DIRECTA,consulta explícita de una categoría minoritaria,100
Qf4lBxpiVNA,https://www.youtube.com/watch?v=Qf4lBxpiVNA,Schools on alert due to viral challenge promoting false shooting threats,24 Horas,UCsakKsRww3J7pM6DavkrAIQ,126.0,targeted_search,amenazas colegio extorsión Perú,12,AMENAZA_DIRECTA,consulta explícita de una categoría minoritaria,100
PLZVh-CAXIo,https://www.youtube.com/watch?v=PLZVh-CAXIo,Alarm at school: threat made during virtual parents' meeting (2/2),24 Horas,UCsakKsRww3J7pM6DavkrAIQ,148.0,targeted_search,amenazas colegio extorsión Perú,13,AMENAZA_DIRECTA,consulta explícita de una categoría minoritaria,100
6i7UmykjUhw,https://www.youtube.com/watch?v=6i7UmykjUhw,Chepén: Extortionists threaten school principal and teachers,SOL TV Perú,UCT3jhkKbEV4ZslnzhZ26hPw,175.0,targeted_search,amenazas colegio extorsión Perú,14,AMENAZA_DIRECTA,consulta explícita de una categoría minoritaria,100
l3C7KiVtrXU,https://www.youtube.com/watch?v=l3C7KiVtrXU,Callao: Three schools have been threatened by extortionists in just one week,24 Horas,UCsakKsRww3J7pM6DavkrAIQ,257.0,targeted_search,amenazas colegio extorsión Perú,15,AMENAZA_DIRECTA,consulta explícita de una categoría minoritaria,100
guN0BZzKq2Y,https://www.youtube.com/watch?v=guN0BZzKq2Y,Amenazan a promotora de educación por denunciar extorsiones en colegios,Buenos Días Perú,UCFnOwPrJ-Skrzk_GPNBV5tg,624.0,targeted_search,amenazas colegio extorsión Perú,16,AMENAZA_DIRECTA,consulta explícita de una categoría minoritaria,100
6SFa3DJ-12Q,https://www.youtube.com/watch?v=6SFa3DJ-12Q,VMT: School suspends in-person classes after receiving extortion threat,24 Horas,UCsakKsRww3J7pM6DavkrAIQ,158.0,targeted_search,amenazas colegio extorsión Perú,17,AMENAZA_DIRECTA,consulta explícita de una categoría minoritaria,100
gjkTcLd6H5U,https://www.youtube.com/watch?v=gjkTcLd6H5U,Delincuencia en El Agustino: Padres piden suspender clases en colegios tras amenazas,Latina Noticias,UCpSJ5fGhmAME9Kx2D3ZvN3Q,367.0,targeted_search,amenazas colegio extorsión Perú,18,AMENAZA_DIRECTA,consulta explícita de una categoría minoritaria,100
Vn1XMQX_HTY,https://www.youtube.com/watch?v=Vn1XMQX_HTY,Estudiantes amenazan a profesores de colegio de VMT: “Saliendo de tu chamba te metemos bala”,Buenos Días Perú,UCFnOwPrJ-Skrzk_GPNBV5tg,772.0,targeted_search,amenazas colegio extorsión Perú,19,AMENAZA_DIRECTA,consulta explícita de una categoría minoritaria,100
9bX-lnpHeMY,https://www.youtube.com/watch?v=9bX-lnpHeMY,Director de colegio es amenazado por extorsionadores que le exigen un cupo de 30 mil soles,ATV Noticias,UCYG5uXS3xdsoaXIxum1pAEw,173.0,targeted_search,amenazas colegio extorsión Perú,20,AMENAZA_DIRECTA,consulta explícita de una categoría minoritaria,100
X9uDA_7cRbg,https://www.youtube.com/watch?v=X9uDA_7cRbg,Investigan mensaje amenazante hallado en baño de colegio de mujeres en Piura,Buenos Días Perú,UCFnOwPrJ-Skrzk_GPNBV5tg,110.0,targeted_search,amenazas colegio extorsión Perú,21,AMENAZA_DIRECTA,consulta explícita de una categoría minoritaria,100
B4Jqt2his_E,https://www.youtube.com/watch?v=B4Jqt2his_E,Extorsiones afectan la educación en Lima: Colegios afectados suspenden clases,Latina Noticias,UCpSJ5fGhmAME9Kx2D3ZvN3Q,152.0,targeted_search,amenazas colegio extorsión Perú,22,AMENAZA_DIRECTA,consulta explícita de una categoría minoritaria,100
F5jO9Tt6ymk,https://www.youtube.com/watch?v=F5jO9Tt6ymk,Extorsionadores de colegio fueron capturados: Pertenecen a 'Los Bravos del Callao',Latina Noticias,UCpSJ5fGhmAME9Kx2D3ZvN3Q,119.0,targeted_search,amenazas colegio extorsión Perú,23,AMENAZA_DIRECTA,consulta explícita de una categoría minoritaria,100
Hlcxi_9abmA,https://www.youtube.com/watch?v=Hlcxi_9abmA,"Terror at SMP school: dynamite stick left behind, classes suspended due to threats",Buenos Días Perú,UCFnOwPrJ-Skrzk_GPNBV5tg,73.0,targeted_search,amenazas colegio extorsión Perú,24,AMENAZA_DIRECTA,consulta explícita de una categoría minoritaria,100
uc89Eo3T6BY,https://www.youtube.com/watch?v=uc89Eo3T6BY,🔴🔵 School cafeteria concessionaire owner continues to receive threats from extortionists,Exitosa Noticias,UCxgO_rak_BKZP8VNVmYqbWg,124.0,targeted_search,amenazas colegio extorsión Perú,25,AMENAZA_DIRECTA,consulta explícita de una categoría minoritaria,100
jY_gAnunI-U,https://www.youtube.com/watch?v=jY_gAnunI-U,School in San Martín de Porres suspends in-person classes after receiving extortion threats,ATV Noticias,UCYG5uXS3xdsoaXIxum1pAEw,273.0,targeted_search,amenazas colegio extorsión Perú,26,AMENAZA_DIRECTA,consulta explícita de una categoría minoritaria,100
HtiskJ6E2HU,https://www.youtube.com/watch?v=HtiskJ6E2HU,Extorsionadores exigen pago de 80 mil soles a director de colegio para dejar estudiar a escolares,ATV Noticias,UCYG5uXS3xdsoaXIxum1pAEw,142.0,targeted_search,amenazas colegio extorsión Perú,27,AMENAZA_DIRECTA,consulta explícita de una categoría minoritaria,100
fllLrfY7jlw,https://www.youtube.com/watch?v=fllLrfY7jlw,🔴NOTICIAS | ESCUELAS BAJO AMENAZA: EXT0RSI0N Y MIEDO EN PERÚ | TheMXFam,The Mexican Family,UCKNW2TrrUlof4ES2y1BWjpA,227.0,targeted_search,amenazas colegio extorsión Perú,28,AMENAZA_DIRECTA,consulta explícita de una categoría minoritaria,100
7V0k68yv2qc,https://www.youtube.com/watch?v=7V0k68yv2qc,Niños retoman clases entre extorsiones: Dejan explosivo en entrada de colegio,Latina Noticias,UCpSJ5fGhmAME9Kx2D3ZvN3Q,138.0,targeted_search,amenazas colegio extorsión Perú,29,AMENAZA_DIRECTA,consulta explícita de una categoría minoritaria,100
QClUtgwfKyo,https://www.youtube.com/watch?v=QClUtgwfKyo,🔴 Exigen retomar CLASES PRESENCIALES en colegio tras amenazas de EXTORSIÓN #RPPDESPACHO | DESPACHO,RPP Noticias,UC5j8-2FT0ZMMBkmK72R4aeA,94.0,targeted_search,amenazas colegio extorsión Perú,30,AMENAZA_DIRECTA,consulta explícita de una categoría minoritaria,100
9clJdcGqPSg,https://www.youtube.com/watch?v=9clJdcGqPSg,Denuncian extorsión a colegio y luego detonan explosivo,Cosmos Televisión,UC_ept7M1UXlCfvcUrK49Ziw,136.0,targeted_search,amenazas colegio extorsión Perú,31,AMENAZA_DIRECTA,consulta explícita de una categoría minoritaria,100
YsGITS3Srlc,https://www.youtube.com/watch?v=YsGITS3Srlc,Aparecen pintas anunciando tiroteo y hay videos amenazantes: ¿Extorsión o broma en colegio de Piura?,Latina Noticias,UCpSJ5fGhmAME9Kx2D3ZvN3Q,337.0,targeted_search,amenazas colegio extorsión Perú,32,AMENAZA_DIRECTA,consulta explícita de una categoría minoritaria,100
z2RVEDFYXZo,https://www.youtube.com/watch?v=z2RVEDFYXZo,Tumbes: Extorsionadores exigen a dueños de colegio S/ 20 mil,QUE HAY DE NUEVO PERU,UCRl1-oM_NM-BtCEyTFd-aRA,90.0,targeted_search,amenazas colegio extorsión Perú,33,AMENAZA_DIRECTA,consulta explícita de una categoría minoritaria,100
vvcATHBSgbo,https://www.youtube.com/watch?v=vvcATHBSgbo,Escolares del colegio Pitágoras piden protección al alcalde de Los Olivos ante ola de extorsiones,Buenos Días Perú,UCFnOwPrJ-Skrzk_GPNBV5tg,352.0,targeted_search,amenazas colegio extorsión Perú,34,AMENAZA_DIRECTA,consulta explícita de una categoría minoritaria,100
e032hBTYT1g,https://www.youtube.com/watch?v=e032hBTYT1g,Schools suspend in-person classes following extortion threats,Buenos Días Perú,UCFnOwPrJ-Skrzk_GPNBV5tg,148.0,targeted_search,amenazas colegio extorsión Perú,35,AMENAZA_DIRECTA,consulta explícita de una categoría minoritaria,100
M--_g4JrA5I,https://www.youtube.com/watch?v=M--_g4JrA5I,Trujillo: Detienen a presuntos extorsionadores del Colegio Bruning,Cosmos Televisión,UC_ept7M1UXlCfvcUrK49Ziw,109.0,targeted_search,amenazas colegio extorsión Perú,36,AMENAZA_DIRECTA,consulta explícita de una categoría minoritaria,100
OOge3ZNis_k,https://www.youtube.com/watch?v=OOge3ZNis_k,Extorsionadores amenazan con secuestrar escolares si director del colegio no paga cupos,ATV Noticias,UCYG5uXS3xdsoaXIxum1pAEw,436.0,targeted_search,amenazas colegio extorsión Perú,37,AMENAZA_DIRECTA,consulta explícita de una categoría minoritaria,100
nANiSajd1EU,https://www.youtube.com/watch?v=nANiSajd1EU,🔴🔵 Extortion of school in Villa María del Triunfo: Mothers demand greater security after threats,Exitosa Noticias,UCxgO_rak_BKZP8VNVmYqbWg,176.0,targeted_search,amenazas colegio extorsión Perú,38,AMENAZA_DIRECTA,consulta explícita de una categoría minoritaria,100
AvEArJAn_q0,https://www.youtube.com/watch?v=AvEArJAn_q0,🔴🔵 Colegio de Comas OBLIGADO a cerrar tras 44 años por culpa de las extorsiones sufridas,Exitosa Noticias,UCxgO_rak_BKZP8VNVmYqbWg,96.0,targeted_search,amenazas colegio extorsión Perú,39,AMENAZA_DIRECTA,consulta explícita de una categoría minoritaria,100
NQqVY5tZLCY,https://www.youtube.com/watch?v=NQqVY5tZLCY,Colegio Prescott no cuenta con vigilancia pese a amenaza de extorsión,TV Mundo Noticias,UCE_yquHIWN7YEUJFFT0MnDA,61.0,targeted_search,amenazas colegio extorsión Perú,40,AMENAZA_DIRECTA,consulta explícita de una categoría minoritaria,100
Uv3E5z1vINU,https://www.youtube.com/watch?v=Uv3E5z1vINU,Colegio de Trujillo es víctima de extorsionadores una vez más: Dejaron explosivo afuera del local,Latina Noticias,UCpSJ5fGhmAME9Kx2D3ZvN3Q,350.0,targeted_search,amenazas colegio extorsión Perú,41,AMENAZA_DIRECTA,consulta explícita de una categoría minoritaria,100
tSRt3D80Sq8,https://www.youtube.com/watch?v=tSRt3D80Sq8,Suspenden clases en colegio tras extorsión: delincuentes amenazan con ataque si no les pagan cupo,Buenos Días Perú,UCFnOwPrJ-Skrzk_GPNBV5tg,138.0,targeted_search,amenazas colegio extorsión Perú,42,AMENAZA_DIRECTA,consulta explícita de una categoría minoritaria,100
q0REVBaZm1A,https://www.youtube.com/watch?v=q0REVBaZm1A,'Desa Nueva Generación' extorsiona a padres de colegio en Carabayllo: suspenden clases presenciales,Buenos Días Perú,UCFnOwPrJ-Skrzk_GPNBV5tg,189.0,targeted_search,amenazas colegio extorsión Perú,43,AMENAZA_DIRECTA,consulta explícita de una categoría minoritaria,100
3X7b2GVSWpA,https://www.youtube.com/watch?v=3X7b2GVSWpA,Sacerdote que era extorsionado logra construir colegio para niños pobres en La Perla,Buenos Días Perú,UCFnOwPrJ-Skrzk_GPNBV5tg,342.0,targeted_search,amenazas colegio extorsión Perú,44,AMENAZA_DIRECTA,consulta explícita de una categoría minoritaria,100
_dN7eDs5yqI,https://www.youtube.com/watch?v=_dN7eDs5yqI,🔴🔵 Over 500 students switch to remote learning following school extortion,Exitosa Noticias,UCxgO_rak_BKZP8VNVmYqbWg,133.0,targeted_search,amenazas colegio extorsión Perú,45,AMENAZA_DIRECTA,consulta explícita de una categoría minoritaria,100
3HHZfvJ48Pg,https://www.youtube.com/watch?v=3HHZfvJ48Pg,"Así extorsionaba el 'Monstruo' a constructoras de colegios, pistas y hospitales",Latina Noticias,UCpSJ5fGhmAME9Kx2D3ZvN3Q,782.0,targeted_search,amenazas colegio extorsión Perú,46,AMENAZA_DIRECTA,consulta explícita de una categoría minoritaria,100
JA0ymqXzBNE,https://www.youtube.com/watch?v=JA0ymqXzBNE,Extorsionadores arrojan explosivo contra otro colegio en Comas,Buenos Días Perú,UCFnOwPrJ-Skrzk_GPNBV5tg,68.0,targeted_search,amenazas colegio extorsión Perú,47,AMENAZA_DIRECTA,consulta explícita de una categoría minoritaria,100
Xvs_r09eTMU,https://www.youtube.com/watch?v=Xvs_r09eTMU,Colegio en Comas inicia clases virtuales tras amenazas de extorsionadores,Buenos Días Perú,UCFnOwPrJ-Skrzk_GPNBV5tg,205.0,targeted_search,amenazas colegio extorsión Perú,48,AMENAZA_DIRECTA,consulta explícita de una categoría minoritaria,100
5eXqFqbNJJ0,https://www.youtube.com/watch?v=5eXqFqbNJJ0,"Dance school in SJL closes due to extortion: ""They are demanding 50 thousand soles from us""",ATV Noticias,UCYG5uXS3xdsoaXIxum1pAEw,646.0,targeted_search,amenazas colegio extorsión Perú,49,AMENAZA_DIRECTA,consulta explícita de una categoría minoritaria,100
LUExrMcl71E,https://www.youtube.com/watch?v=LUExrMcl71E,Colegio en Comas suspende clases presenciales por extorsión y amenazas,TVPerú Noticias,UCkZCoc42IipR1ucqJmIehsA,160.0,targeted_search,amenazas colegio extorsión Perú,50,AMENAZA_DIRECTA,consulta explícita de una categoría minoritaria,100
MQEMDWec4jc,https://www.youtube.com/watch?v=MQEMDWec4jc,Los Olivos: inician diligencias por amenazas a personal de colegio Pitágoras #ROTATIVARPP | DESPACHO,RPP Noticias,UC5j8-2FT0ZMMBkmK72R4aeA,85.0,targeted_search,amenazas colegio extorsión Perú,51,AMENAZA_DIRECTA,consulta explícita de una categoría minoritaria,100
TD6s9fPiaWk,https://www.youtube.com/watch?v=TD6s9fPiaWk,Extorsionadores vuelan colegio con explosivos por cobro de cupos,ATV Noticias,UCYG5uXS3xdsoaXIxum1pAEw,296.0,targeted_search,amenazas colegio extorsión Perú,52,AMENAZA_DIRECTA,consulta explícita de una categoría minoritaria,100
XMxk9QwvooI,https://www.youtube.com/watch?v=XMxk9QwvooI,"🚨 Sobre EXT0RSIONES en COLEGIOS: ""Se debe patrullar con apoyo del Ejército"" #ROTATIVARPP |ENTREVISTA",RPP Noticias,UC5j8-2FT0ZMMBkmK72R4aeA,468.0,targeted_search,amenazas colegio extorsión Perú,53,AMENAZA_DIRECTA,consulta explícita de una categoría minoritaria,100
a_9yQLPLL6U,https://www.youtube.com/watch?v=a_9yQLPLL6U,VMT: PNP captures criminal gang that extorted money from school principal,TVPerú Noticias,UCkZCoc42IipR1ucqJmIehsA,722.0,targeted_search,amenazas colegio extorsión Perú,54,AMENAZA_DIRECTA,consulta explícita de una categoría minoritaria,100
oUg9Hyrb0Po,https://www.youtube.com/watch?v=oUg9Hyrb0Po,Seis meses amenazados: Cierran escuela de baile tras sufrir atentado a balazos por extorsionadores,Latina Noticias,UCpSJ5fGhmAME9Kx2D3ZvN3Q,112.0,targeted_search,amenazas colegio extorsión Perú,55,AMENAZA_DIRECTA,consulta explícita de una categoría minoritaria,100
u07BKi9BckA,https://www.youtube.com/watch?v=u07BKi9BckA,Extorsión y amenazas en colegio de El Porvenir,Cosmos Televisión,UC_ept7M1UXlCfvcUrK49Ziw,128.0,targeted_search,amenazas colegio extorsión Perú,56,AMENAZA_DIRECTA,consulta explícita de una categoría minoritaria,100
nAsHdCLpULY,https://www.youtube.com/watch?v=nAsHdCLpULY,Comas: Detonan explosivo en otro colegio y estudiantes recibirían clases virtuales,QUE HAY DE NUEVO PERU,UCRl1-oM_NM-BtCEyTFd-aRA,218.0,targeted_search,amenazas colegio extorsión Perú,57,AMENAZA_DIRECTA,consulta explícita de una categoría minoritaria,100
tmnX8-UnQKg,https://www.youtube.com/watch?v=tmnX8-UnQKg,Los Olivos: Padres familia denuncian que profesores están siendo amenazados por dar clases virtuales,QUE HAY DE NUEVO PERU,UCRl1-oM_NM-BtCEyTFd-aRA,831.0,targeted_search,amenazas colegio extorsión Perú,59,AMENAZA_DIRECTA,consulta explícita de una categoría minoritaria,100
I-uvKb9UYdA,https://www.youtube.com/watch?v=I-uvKb9UYdA,SJL: Extorsionadores detonan explosivo en puerta de colegio,ATV Noticias,UCYG5uXS3xdsoaXIxum1pAEw,653.0,targeted_search,amenazas colegio extorsión Perú,60,AMENAZA_DIRECTA,consulta explícita de una categoría minoritaria,100
Eyh-weReQD4,https://www.youtube.com/watch?v=Eyh-weReQD4,Extorsionadores que pedían 30 mil soles detonan explosivo en puerta de colegio,Latina Noticias,UCpSJ5fGhmAME9Kx2D3ZvN3Q,177.0,targeted_search,amenazas colegio extorsión Perú,61,AMENAZA_DIRECTA,consulta explícita de una categoría minoritaria,100
GxN95Ea9vkg,https://www.youtube.com/watch?v=GxN95Ea9vkg,Panic buttons implemented in schools in Metropolitan Lima to combat extortion cases,TVPerú Noticias,UCkZCoc42IipR1ucqJmIehsA,530.0,targeted_search,amenazas colegio extorsión Perú,63,AMENAZA_DIRECTA,consulta explícita de una categoría minoritaria,100
0ZF3JUwb4Nk,https://www.youtube.com/watch?v=0ZF3JUwb4Nk,Padres de familias con miedo ante extorsión a colegio: Pasan a la virtualidad ante amenazas,Latina Noticias,UCpSJ5fGhmAME9Kx2D3ZvN3Q,216.0,targeted_search,amenazas colegio extorsión Perú,64,AMENAZA_DIRECTA,consulta explícita de una categoría minoritaria,100
j1kilJezxs0,https://www.youtube.com/watch?v=j1kilJezxs0,Extorsión en SMP obliga a colegio a suspender clases presenciales | AEN,CREA,UChHEEngUiNcZwrGjUA6ENdQ,101.0,targeted_search,amenazas colegio extorsión Perú,65,AMENAZA_DIRECTA,consulta explícita de una categoría minoritaria,100
l0g5OOEvPCo,https://www.youtube.com/watch?v=l0g5OOEvPCo,Extorsiones obligan a clases virtuales: El futuro del Perú a merced de los criminales,Latina Noticias,UCpSJ5fGhmAME9Kx2D3ZvN3Q,200.0,targeted_search,amenazas colegio extorsión Perú,66,AMENAZA_DIRECTA,consulta explícita de una categoría minoritaria,100
Ua43LqerahE,https://www.youtube.com/watch?v=Ua43LqerahE,🟣🟡 𝗗𝗲𝗰𝗮𝗻𝗼 𝗱𝗲𝗹 𝗖𝗢𝗟 𝗰𝗼𝗻𝘁𝗶𝗻𝘂́𝗮 𝗱𝗲𝗻𝘂𝗻𝗰𝗶𝗮𝗻𝗱𝗼 𝗶𝗻𝗰𝗿𝗲𝗺𝗲𝗻𝘁𝗼 𝗱𝗲 𝗰𝗮𝘀𝗼𝘀 𝗱𝗲 𝗲𝘅𝘁𝗼𝗿𝘀𝗶𝗼́𝗻 𝗰𝗼𝗻𝘁𝗿𝗮 𝗰𝗶𝗿𝘂𝗷𝗮𝗻𝗼 𝗱𝗲𝗻𝘁𝗶𝘀𝘁𝗮𝘀,Colegio de Cirujanos Dentistas del Perú - Lima,UCQFbeq1dmFWTjM0buwtCyBA,529.0,targeted_search,amenazas colegio extorsión Perú,67,AMENAZA_DIRECTA,consulta explícita de una categoría minoritaria,100
a3Xsgpna0Ig,https://www.youtube.com/watch?v=a3Xsgpna0Ig,Exclusivo | Docente del colegio de Los Olivos anuncia suspensión de clases por amenazas,Buenos Días Perú,UCFnOwPrJ-Skrzk_GPNBV5tg,294.0,targeted_search,amenazas colegio extorsión Perú,68,AMENAZA_DIRECTA,consulta explícita de una categoría minoritaria,100
yX4_TCiaE7U,https://www.youtube.com/watch?v=yX4_TCiaE7U,MÁS DE 300 COLEGIOS HAN CERRADO POR LAS AMENAZAS DE BANDAS DE EXTORSIONADORES,rcrperu,UCZ8GR57ztF540dCKyZf_nmQ,804.0,targeted_search,amenazas colegio extorsión Perú,69,AMENAZA_DIRECTA,consulta explícita de una categoría minoritaria,100
YYtj5YkU06A,https://www.youtube.com/watch?v=YYtj5YkU06A,Al Día con Willax - OCT 28 - COLEGIO SUSPENDE CLASES POR AMENAZAS EXTORSIVAS | Willax,Willax Televisión,UCort3mldTtMErPqprSlSfng,155.0,targeted_search,amenazas colegio extorsión Perú,70,AMENAZA_DIRECTA,consulta explícita de una categoría minoritaria,100
JBJA9795YoE,https://www.youtube.com/watch?v=JBJA9795YoE,🔴🔵School in SJL continues to be extorted during the state of emergency: Parents fear for students,Exitosa Noticias,UCxgO_rak_BKZP8VNVmYqbWg,121.0,targeted_search,amenazas colegio extorsión Perú,71,AMENAZA_DIRECTA,consulta explícita de una categoría minoritaria,100
Mr9l8FEvFmU,https://www.youtube.com/watch?v=Mr9l8FEvFmU,Escolares temen por su vida luego de que extorsionadores amenazaran con lanzar bomba a colegio,ATV Noticias,UCYG5uXS3xdsoaXIxum1pAEw,294.0,targeted_search,amenazas colegio extorsión Perú,72,AMENAZA_DIRECTA,consulta explícita de una categoría minoritaria,100
9p4itvPob6o,https://www.youtube.com/watch?v=9p4itvPob6o,EXTORSIONADORES INGRESAN A CLASE VIRTUAL Y AMENAZAN A PROFESORES,Latina Noticias,UCpSJ5fGhmAME9Kx2D3ZvN3Q,1917.0,targeted_search,amenazas colegio extorsión Perú,73,AMENAZA_DIRECTA,consulta explícita de una categoría minoritaria,100
a959af5cQlc,https://www.youtube.com/watch?v=a959af5cQlc,🔴🔵 Extortionists shoot at school under construction in SJL: One person injured,Exitosa Noticias,UCxgO_rak_BKZP8VNVmYqbWg,243.0,targeted_search,amenazas colegio extorsión Perú,74,AMENAZA_DIRECTA,consulta explícita de una categoría minoritaria,100
JxOAWoFYaBc,https://www.youtube.com/watch?v=JxOAWoFYaBc,Padres protestan por EXTORSIÓN en colegio Pitágoras de Los Olivos | #LR,La República - LR+,UC-B7Xv56uNRDkj0vC3QW8Cg,137.0,targeted_search,amenazas colegio extorsión Perú,75,AMENAZA_DIRECTA,consulta explícita de una categoría minoritaria,100
cd9thqIXT9M,https://www.youtube.com/watch?v=cd9thqIXT9M,Cae extorsionador que exigía 20 mil soles a dueño de un colegio | Primera Edición,América Noticias,UCPhm2I2wk4vqjENwhn3px8A,154.0,targeted_search,amenazas colegio extorsión Perú,76,AMENAZA_DIRECTA,consulta explícita de una categoría minoritaria,100
WxDtaIjNfAM,https://www.youtube.com/watch?v=WxDtaIjNfAM,Colegio en San Juan de Lurigancho adopta clases virtuales tras amenazas de extorsión #ROTATIVARPP,RPP Noticias,UC5j8-2FT0ZMMBkmK72R4aeA,446.0,targeted_search,amenazas colegio extorsión Perú,77,AMENAZA_DIRECTA,consulta explícita de una categoría minoritaria,100
H27vRdqJUSw,https://www.youtube.com/watch?v=H27vRdqJUSw,"🔴🔵 Extortionists threaten school principal in VMT: They demand payment of S/10,000",Exitosa Noticias,UCxgO_rak_BKZP8VNVmYqbWg,220.0,targeted_search,amenazas colegio extorsión Perú,78,AMENAZA_DIRECTA,consulta explícita de una categoría minoritaria,100
rVHpXxgQBEk,https://www.youtube.com/watch?v=rVHpXxgQBEk,Cierran colegios en Perú por extorsiones - DNews,DNews,UC4dWvSKVWJ36tJyhjDQCCaQ,700.0,targeted_search,amenazas colegio extorsión Perú,79,AMENAZA_DIRECTA,consulta explícita de una categoría minoritaria,100
tH3U5IR5QM8,https://www.youtube.com/watch?v=tH3U5IR5QM8,Piden clases presenciales pese a amenazas extorsivas,Cosmos Televisión,UC_ept7M1UXlCfvcUrK49Ziw,225.0,targeted_search,amenazas colegio extorsión Perú,80,AMENAZA_DIRECTA,consulta explícita de una categoría minoritaria,100
Z7B1mlty0pg,https://www.youtube.com/watch?v=Z7B1mlty0pg,Extorsionan a dueño de colegio particular y le exigen s/ 20 mil,Cosmos Televisión,UC_ept7M1UXlCfvcUrK49Ziw,98.0,targeted_search,amenazas colegio extorsión Perú,81,AMENAZA_DIRECTA,consulta explícita de una categoría minoritaria,100
XnQY4m9rP3c,https://www.youtube.com/watch?v=XnQY4m9rP3c,Colegio San Vicente de Comas dictará clases virtuales tras amenazas y extorsiones de banda criminal,TVPerú Noticias,UCkZCoc42IipR1ucqJmIehsA,731.0,targeted_search,amenazas colegio extorsión Perú,83,AMENAZA_DIRECTA,consulta explícita de una categoría minoritaria,100
oPJ5xH-mdxE,https://www.youtube.com/watch?v=oPJ5xH-mdxE,San Juan de Lurigancho: Colegio extorsionado vuelve a la presencialidad,Buenos Días Perú,UCFnOwPrJ-Skrzk_GPNBV5tg,313.0,targeted_search,amenazas colegio extorsión Perú,84,AMENAZA_DIRECTA,consulta explícita de una categoría minoritaria,100
NkUv3sKHfsA,https://www.youtube.com/watch?v=NkUv3sKHfsA,Extorsionan a sacerdote que construye un colegio para niños pobres en Perú,aciprensa,UCYBvW57DuPrWwGdEe-BkMSg,134.0,targeted_search,amenazas colegio extorsión Perú,85,AMENAZA_DIRECTA,consulta explícita de una categoría minoritaria,100
VpX0VodxRYg,https://www.youtube.com/watch?v=VpX0VodxRYg,¡Exclusivo! Escuela de los préstamos gota a gota: centros de capacitación de la extorsión,Panorama,UCBiq92lt_ufNO-ktZigVXgg,777.0,targeted_search,amenazas colegio extorsión Perú,86,AMENAZA_DIRECTA,consulta explícita de una categoría minoritaria,100
AiLsRSrixao,https://www.youtube.com/watch?v=AiLsRSrixao,Odontólogos en la mira de los extorsionadores tras hackeo de su base de datos,Buenos Días Perú,UCFnOwPrJ-Skrzk_GPNBV5tg,842.0,targeted_search,amenazas colegio extorsión Perú,87,AMENAZA_DIRECTA,consulta explícita de una categoría minoritaria,100
0MAXrHYbCZc,https://www.youtube.com/watch?v=0MAXrHYbCZc,"Médicos, Odontólogos y universitarios son los nuevos blancos de extorsionadores tras hackeo",ATV Noticias,UCYG5uXS3xdsoaXIxum1pAEw,408.0,targeted_search,amenazas colegio extorsión Perú,88,AMENAZA_DIRECTA,consulta explícita de una categoría minoritaria,100
LIB6CzzeCeM,https://www.youtube.com/watch?v=LIB6CzzeCeM,EXTORSION COLEGIO,ANTENA TELEVISIÓN,UCYlxa9cm0ZJhPVkjAtHuCXQ,68.0,targeted_search,amenazas colegio extorsión Perú,89,AMENAZA_DIRECTA,consulta explícita de una categoría minoritaria,100
LH94uAhYedo,https://www.youtube.com/watch?v=LH94uAhYedo,FALSA ALARMA DE EXTORSIÓN EN COLEGIO ALTO TRUJILLO 27 MAYO,UPAO Multimedios,UCFKAwueM8LAXb8mowlBWTQA,119.0,targeted_search,amenazas colegio extorsión Perú,90,AMENAZA_DIRECTA,consulta explícita de una categoría minoritaria,100
ceTX_Rn_Zd4,https://www.youtube.com/watch?v=ceTX_Rn_Zd4,Extorsionadores exigen  pago de 30 soles por niño para dejar que tengan fiesta de promoción,ATV Noticias,UCYG5uXS3xdsoaXIxum1pAEw,483.0,targeted_search,amenazas colegio extorsión Perú,91,AMENAZA_DIRECTA,consulta explícita de una categoría minoritaria,100
JnpN6wusWUA,https://www.youtube.com/watch?v=JnpN6wusWUA,"Planeaban atacar colegio: caen dos miembros de ""Los Mexicanos"" con dinamita y gasolina en SJL",Buenos Días Perú,UCFnOwPrJ-Skrzk_GPNBV5tg,235.0,targeted_search,amenazas colegio extorsión Perú,92,AMENAZA_DIRECTA,consulta explícita de una categoría minoritaria,100
vX-2VzWiQ2o,https://www.youtube.com/watch?v=vX-2VzWiQ2o,🔴🔵Extortionists leave dynamite at school and demand a quota of S/5 from each teacher and parent.,Exitosa Noticias,UCxgO_rak_BKZP8VNVmYqbWg,288.0,targeted_search,amenazas colegio extorsión Perú,93,AMENAZA_DIRECTA,consulta explícita de una categoría minoritaria,100
sZNfAjRamtU,https://www.youtube.com/watch?v=sZNfAjRamtU,La libertad: Suspenden clases presenciales por extorsión a director de colegio,Buenos Días Perú,UCFnOwPrJ-Skrzk_GPNBV5tg,141.0,targeted_search,amenazas colegio extorsión Perú,94,AMENAZA_DIRECTA,consulta explícita de una categoría minoritaria,100
BXhODlyHlTM,https://www.youtube.com/watch?v=BXhODlyHlTM,Ciudad del Este: extorsión al interior de un colegio,SNT Paraguay,UC8NNg2qEuMQIXlqPS-eu_ig,192.0,targeted_search,amenazas colegio extorsión Perú,95,AMENAZA_DIRECTA,consulta explícita de una categoría minoritaria,100
V9r0Y9n1CHQ,https://www.youtube.com/watch?v=V9r0Y9n1CHQ,DECANO DEL COLEGIO DE  INGENIEROS SOBRE CUPOS EXTORSIONES EN CONSTRUCCIONES 07 JUNIO,UPAOTV Noticias,UCl7hKW-_7HdtcFYTa4JYSFQ,118.0,targeted_search,amenazas colegio extorsión Perú,96,AMENAZA_DIRECTA,consulta explícita de una categoría minoritaria,100
v8aU886x8lQ,https://www.youtube.com/watch?v=v8aU886x8lQ,Operativo en colegio de La Libertad: intervienen a menor que extorsionaba a su compañero de clases,Buenos Días Perú,UCFnOwPrJ-Skrzk_GPNBV5tg,121.0,targeted_search,amenazas colegio extorsión Perú,97,AMENAZA_DIRECTA,consulta explícita de una categoría minoritaria,100
IEzrqF7kpBM,https://www.youtube.com/watch?v=IEzrqF7kpBM,🔴🔵 San Juan de Lurigancho: School remains closed for the fourth day due to threats.,Exitosa Noticias,UCxgO_rak_BKZP8VNVmYqbWg,234.0,targeted_search,amenazas colegio extorsión Perú,98,AMENAZA_DIRECTA,consulta explícita de una categoría minoritaria,100
R_wFF89XJw8,https://www.youtube.com/watch?v=R_wFF89XJw8,"""Escolares tienen conflicto personal con director, no es extorsión""",Cosmos Televisión,UC_ept7M1UXlCfvcUrK49Ziw,103.0,targeted_search,amenazas colegio extorsión Perú,99,AMENAZA_DIRECTA,consulta explícita de una categoría minoritaria,100
F4ZMW4TmewA,https://www.youtube.com/watch?v=F4ZMW4TmewA,ARROJARON EXPLOSIVOS EN COLEGIO  DE COMAS,Extra Perú,UC_sEWipnA-lwgagTMxZhb9Q,338.0,targeted_search,amenazas colegio extorsión Perú,100,AMENAZA_DIRECTA,consulta explícita de una categoría minoritaria,100
JkXeo7Cdo94,https://www.youtube.com/watch?v=JkXeo7Cdo94,"AUDIO. Así amenazan los extorsionadores en el municipio Cabimas, edo. Zulia | Lagunillas TV",Lagunillas TV,UCi_b7pqoHyn9b8HcBYlOrmQ,54.0,targeted_search,extorsionador amenaza audio WhatsApp Perú,3,AMENAZA_DIRECTA,consulta explícita de una categoría minoritaria,100
k_liErERBHo,https://www.youtube.com/watch?v=k_liErERBHo,DIVINSE EL EXTORSIONADOR DE LAS PAGINAS DE CITAS,UNICII DIRINCRI,UCAxF_I6XFDKfXFZMe3WAFwQ,316.0,targeted_search,extorsionador amenaza audio WhatsApp Perú,5,AMENAZA_DIRECTA,consulta explícita de una categoría minoritaria,100
bz8_Tu5wenQ,https://www.youtube.com/watch?v=bz8_Tu5wenQ,This is how extortionists track you again through WhatsApp.,Kiketeckno,UC_hMrSENUn8C5KdKIRM7JeA,313.0,targeted_search,extorsionador amenaza audio WhatsApp Perú,6,AMENAZA_DIRECTA,consulta explícita de una categoría minoritaria,100
V8EH7ZQRSRk,https://www.youtube.com/watch?v=V8EH7ZQRSRk,Aliados por la Seguridad: Audios de algunos de los más peligrosos extorsionadores del país,TVPerú Noticias,UCkZCoc42IipR1ucqJmIehsA,508.0,targeted_search,extorsionador amenaza audio WhatsApp Perú,7,AMENAZA_DIRECTA,consulta explícita de una categoría minoritaria,100
2orNM6FeOlM,https://www.youtube.com/watch?v=2orNM6FeOlM,‘CUTO’ GUADALUPE recibe amenazas de extorsionadores de ‘El Tren de Aragua’,Trome Perú,UChzS9L4GwAe0lRFallqbaGg,330.0,targeted_search,extorsionador amenaza audio WhatsApp Perú,10,AMENAZA_DIRECTA,consulta explícita de una categoría minoritaria,100
zZEucIc0Rh8,https://www.youtube.com/watch?v=zZEucIc0Rh8,HACEMOS ENOJAR a un EXTORSIONADOR y nos BURLAMOS de el  :D,Netas Marionetas,UC00nfmpfVwvRUvysr9jteLg,262.0,targeted_search,extorsionador amenaza audio WhatsApp Perú,11,AMENAZA_DIRECTA,consulta explícita de una categoría minoritaria,100
x9ismIYeLnE,https://www.youtube.com/watch?v=x9ismIYeLnE,Extortionists operate using WhatsApp: do not answer unknown calls,TVC En la Comunidad,UCRMUSZ3anVZipFNCs0y1dAQ,139.0,targeted_search,extorsionador amenaza audio WhatsApp Perú,12,AMENAZA_DIRECTA,consulta explícita de una categoría minoritaria,100
TdpWdpKrcIY,https://www.youtube.com/watch?v=TdpWdpKrcIY,Broma a Extorsionador: ¡Le Mandé 20 Pesos y Se Enfurece!,Lawler,UCb6JEf7fZfcv3vCN8V0zQoA,657.0,targeted_search,extorsionador amenaza audio WhatsApp Perú,13,AMENAZA_DIRECTA,consulta explícita de una categoría minoritaria,100
E_TEmc-4fZU,https://www.youtube.com/watch?v=E_TEmc-4fZU,Extorsionador muere al explotar bomba que iba a poner afuera de un negocio - N+,NMás,UCUsm-fannqOY02PNN67C0KA,68.0,targeted_search,extorsionador amenaza audio WhatsApp Perú,14,AMENAZA_DIRECTA,consulta explícita de una categoría minoritaria,100
UG0mFTzKZ8E,https://www.youtube.com/watch?v=UG0mFTzKZ8E,How WhatsApp extortionists operate,Azteca Noticias,UCUP6qv-_EIL0hwTsJaKYnvw,418.0,targeted_search,extorsionador amenaza audio WhatsApp Perú,16,AMENAZA_DIRECTA,consulta explícita de una categoría minoritaria,100
FO0NK90Ol64,https://www.youtube.com/watch?v=FO0NK90Ol64,Trujillo: Planificaban extorsiones por whatsapp,Cosmos Televisión,UC_ept7M1UXlCfvcUrK49Ziw,107.0,targeted_search,extorsionador amenaza audio WhatsApp Perú,18,AMENAZA_DIRECTA,consulta explícita de una categoría minoritaria,100
pPOPgdWtV2k,https://www.youtube.com/watch?v=pPOPgdWtV2k,"MY DAUGHTER IS BEING KIDNAPPED, BUT I DON'T HAVE A DAUGHTER",El Tamalerito,UCYcHhekLOmRExr7I0PPieDg,1066.0,targeted_search,extorsionador amenaza audio WhatsApp Perú,19,AMENAZA_DIRECTA,consulta explícita de una categoría minoritaria,100
fOKt7a5Ri3o,https://www.youtube.com/watch?v=fOKt7a5Ri3o,🔴🔵Trujillo: Mass extortion calls put PNP on high alert,Exitosa Noticias,UCxgO_rak_BKZP8VNVmYqbWg,117.0,targeted_search,extorsionador amenaza audio WhatsApp Perú,20,AMENAZA_DIRECTA,consulta explícita de una categoría minoritaria,100
EMtSQuNLcAA,https://www.youtube.com/watch?v=EMtSQuNLcAA,¡Exclusivo! Familia huye del país por amenazas de extorsionadores,ATV Noticias,UCYG5uXS3xdsoaXIxum1pAEw,450.0,targeted_search,extorsionador amenaza audio WhatsApp Perú,21,AMENAZA_DIRECTA,consulta explícita de una categoría minoritaria,100
ifhE-9wNv1E,https://www.youtube.com/watch?v=ifhE-9wNv1E,Trujillo: Extorsionadores cumplen amenaza y detonan explosivo en vivienda,Cosmos Televisión,UC_ept7M1UXlCfvcUrK49Ziw,49.0,targeted_search,extorsionador amenaza audio WhatsApp Perú,22,AMENAZA_DIRECTA,consulta explícita de una categoría minoritaria,100
sqBPb3b3VI0,https://www.youtube.com/watch?v=sqBPb3b3VI0,Extorsionadores secuestran combi con pasajeros y obligan a chofer a enviar audio a grupo de WhatsApp,ATV Noticias,UCYG5uXS3xdsoaXIxum1pAEw,135.0,targeted_search,extorsionador amenaza audio WhatsApp Perú,24,AMENAZA_DIRECTA,consulta explícita de una categoría minoritaria,100
HAxMalCqHoo,https://www.youtube.com/watch?v=HAxMalCqHoo,LLAMADA DE EXTORSION EN LIMA PERU,Mi barrio En linea,UCdIn0XW7q86Oac_4KlFp4TA,245.0,targeted_search,extorsionador amenaza audio WhatsApp Perú,25,AMENAZA_DIRECTA,consulta explícita de una categoría minoritaria,100
mrWa-RjD9C4,https://www.youtube.com/watch?v=mrWa-RjD9C4,"Audio: “Destruirte y matarte”, amenaza estudiante a alumna del CBTis 122",El Diario de Chihuahua,UCg0x_-U_FiA1TYvz5XbujTQ,87.0,targeted_search,extorsionador amenaza audio WhatsApp Perú,26,AMENAZA_DIRECTA,consulta explícita de una categoría minoritaria,100
xr8Mu0v4n4E,https://www.youtube.com/watch?v=xr8Mu0v4n4E,Extorsionador de Skokka vs Mexicano. El video que te curará del miedo para siempre.,Kiketeckno,UC_hMrSENUn8C5KdKIRM7JeA,1407.0,targeted_search,extorsionador amenaza audio WhatsApp Perú,27,AMENAZA_DIRECTA,consulta explícita de una categoría minoritaria,100
VBZfEB7NT-k,https://www.youtube.com/watch?v=VBZfEB7NT-k,¡Cuidado! Realizan extorsiones por videollamadas para armar un montaje y amenazarte,adn Noticias,UC7k--FhnJzhPTrbtldMSoQQ,149.0,targeted_search,extorsionador amenaza audio WhatsApp Perú,28,AMENAZA_DIRECTA,consulta explícita de una categoría minoritaria,100
BM_-UqfPmIM,https://www.youtube.com/watch?v=BM_-UqfPmIM,El 'Monstruo' habla desde la clandestinidad y amenaza a rivales que mataron a chofer de combi,Latina Noticias,UCpSJ5fGhmAME9Kx2D3ZvN3Q,831.0,targeted_search,extorsionador amenaza audio WhatsApp Perú,30,AMENAZA_DIRECTA,consulta explícita de una categoría minoritaria,100
5apbqOAbHzQ,https://www.youtube.com/watch?v=5apbqOAbHzQ,"Así amenazan los ""montadeudas"" a sus víctimas",El Universal,UC2SEk1w7DgoHs_G3w1biz-w,120.0,targeted_search,extorsionador amenaza audio WhatsApp Perú,31,AMENAZA_DIRECTA,consulta explícita de una categoría minoritaria,100
Veo-N73hXcI,https://www.youtube.com/watch?v=Veo-N73hXcI,Hacker Exposes Scammers Live and Panics Them by Hacking Their CCTV Cameras,Anti Estafas,UCF1i8dw1gOQXpajp6BEw6mQ,735.0,targeted_search,extorsionador amenaza audio WhatsApp Perú,32,AMENAZA_DIRECTA,consulta explícita de una categoría minoritaria,100
T9PMGpw7OI8,https://www.youtube.com/watch?v=T9PMGpw7OI8,"Trujillo: Tayson, the extortionist, falls",SOL TV Perú,UCT3jhkKbEV4ZslnzhZ26hPw,75.0,targeted_search,extorsionador amenaza audio WhatsApp Perú,33,AMENAZA_DIRECTA,consulta explícita de una categoría minoritaria,100
3g6iYVBmQLE,https://www.youtube.com/watch?v=3g6iYVBmQLE,"Cartas, audios amenazantes y una granada: Clínica dental en Lima sufre ataques de extorsionadores",Latina Noticias,UCpSJ5fGhmAME9Kx2D3ZvN3Q,686.0,targeted_search,extorsionador amenaza audio WhatsApp Perú,34,AMENAZA_DIRECTA,consulta explícita de una categoría minoritaria,100
q1RhFGu_Orw,https://www.youtube.com/watch?v=q1RhFGu_Orw,San Martín de Porres: Empresaria es extorsionada por audios enviados a su celular,Latina Noticias,UCpSJ5fGhmAME9Kx2D3ZvN3Q,136.0,targeted_search,extorsionador amenaza audio WhatsApp Perú,35,AMENAZA_DIRECTA,consulta explícita de una categoría minoritaria,100
TWls2jGsfxU,https://www.youtube.com/watch?v=TWls2jGsfxU,PHONE EXTORTION (I tell him I'm from Karate Kid),Gusgri Vlogs,UCC-fqv28oQuPnLstiv_fkTg,918.0,targeted_search,extorsionador amenaza audio WhatsApp Perú,36,AMENAZA_DIRECTA,consulta explícita de una categoría minoritaria,100
zKz5Cy1UCgU,https://www.youtube.com/watch?v=zKz5Cy1UCgU,Chile se llena de extorsiones: La amenaza violenta ha aumentado,Latina Noticias,UCpSJ5fGhmAME9Kx2D3ZvN3Q,217.0,targeted_search,extorsionador amenaza audio WhatsApp Perú,37,AMENAZA_DIRECTA,consulta explícita de una categoría minoritaria,100
5ubZZaCEgZs,https://www.youtube.com/watch?v=5ubZZaCEgZs,Este es el 'modus operandi' de los estafadores por WhatsApp,Noticias RCN,UCnr6pbeXJmkNQJ9PSYle7QQ,225.0,targeted_search,extorsionador amenaza audio WhatsApp Perú,38,AMENAZA_DIRECTA,consulta explícita de una categoría minoritaria,100
6KdMYCXsSf0,https://www.youtube.com/watch?v=6KdMYCXsSf0,¡Exclusivo! Peruanos a merced de extorsionadores: cualquier ciudadano puede ser víctima,Panorama,UCBiq92lt_ufNO-ktZigVXgg,845.0,targeted_search,extorsionador amenaza audio WhatsApp Perú,39,AMENAZA_DIRECTA,consulta explícita de una categoría minoritaria,100
b5WKnMavhFM,https://www.youtube.com/watch?v=b5WKnMavhFM,"Así atacan extorsionadores a transportistas de Independencia:""Que todo esté en control con nosotros""",Latina Noticias,UCpSJ5fGhmAME9Kx2D3ZvN3Q,324.0,targeted_search,extorsionador amenaza audio WhatsApp Perú,42,AMENAZA_DIRECTA,consulta explícita de una categoría minoritaria,100
H17p8fO5YH8,https://www.youtube.com/watch?v=H17p8fO5YH8,No permitas que las extorsiones arruinen tu tranquilidad,Policía Perú,UCGHZ-BOHT4-jjeh3YvlnUNw,95.0,targeted_search,extorsionador amenaza audio WhatsApp Perú,43,AMENAZA_DIRECTA,consulta explícita de una categoría minoritaria,100
VSpY6qcqsaY,https://www.youtube.com/watch?v=VSpY6qcqsaY,"""Sé donde vives"": Las extorsiones telefónicas que hacen en Barranquilla",TuBarco,UCBGwSoSVKf441rSaLkmXogQ,503.0,targeted_search,extorsionador amenaza audio WhatsApp Perú,44,AMENAZA_DIRECTA,consulta explícita de una categoría minoritaria,100
PgLcd24cdlY,https://www.youtube.com/watch?v=PgLcd24cdlY,Dibujitos amenazan al Tren de Aragua en nombre de Sideral - No lo soportan,Ander S,UCukM-zG4avd59XmWU3_z9Gw,118.0,targeted_search,extorsionador amenaza audio WhatsApp Perú,45,AMENAZA_DIRECTA,consulta explícita de una categoría minoritaria,100
GH5GbuoL3cA,https://www.youtube.com/watch?v=GH5GbuoL3cA,'El extorsionador diabólico': Capturan a 'Chucky' y 'Tiffany' tras amenazar de muerte a víctimas,Latina Noticias,UCpSJ5fGhmAME9Kx2D3ZvN3Q,849.0,targeted_search,extorsionador amenaza audio WhatsApp Perú,46,AMENAZA_DIRECTA,consulta explícita de una categoría minoritaria,100
KyVpnK3EWHU,https://www.youtube.com/watch?v=KyVpnK3EWHU,DIVINSE EL EXTORSIONADOR DE LAS PAGINAS DE CITAS,danner flores chavez,UC_OZHocBiqqR0g0Nmi5YiZw,613.0,targeted_search,extorsionador amenaza audio WhatsApp Perú,47,AMENAZA_DIRECTA,consulta explícita de una categoría minoritaria,100
eCxRXSPO8SM,https://www.youtube.com/watch?v=eCxRXSPO8SM,LA MODALIDAD DE ESCOPETAZO UTILIZADA PARA EXTORSIONAR,MEDIOS DE PRENSA,UCXo6VqwoYul84Ayuy7zFa_g,352.0,targeted_search,extorsionador amenaza audio WhatsApp Perú,48,AMENAZA_DIRECTA,consulta explícita de una categoría minoritaria,100
i408iiWepQ0,https://www.youtube.com/watch?v=i408iiWepQ0,"Así operaba el imperio criminal de alias 'Chili': Asesinatos, secuestros y extorsión en la selva",Latina Noticias,UCpSJ5fGhmAME9Kx2D3ZvN3Q,1344.0,targeted_search,extorsionador amenaza audio WhatsApp Perú,49,AMENAZA_DIRECTA,consulta explícita de una categoría minoritaria,100
ujyJ-MKuzLM,https://www.youtube.com/watch?v=ujyJ-MKuzLM,Vídeo Extorsiones y amenazas telefónicas se multiplican en la Península de Yucatán,infolliteras,UCxBVU4ZjMrfdRm-oZ_x04dw,221.0,targeted_search,extorsionador amenaza audio WhatsApp Perú,50,AMENAZA_DIRECTA,consulta explícita de una categoría minoritaria,100
eRgbQLRGWgs,https://www.youtube.com/watch?v=eRgbQLRGWgs,"Beware of ""witch doctors""! Warning of new extortion schemes using ""bindings""",UnoTV,UC-bk3CDvTwt2TqPHykduhcQ,83.0,targeted_search,extorsionador amenaza audio WhatsApp Perú,51,AMENAZA_DIRECTA,consulta explícita de una categoría minoritaria,100
ZFsfn5BLVtU,https://www.youtube.com/watch?v=ZFsfn5BLVtU,THE LOVING GIRL ENDED UP SCAMMED AND I TOOK HER LOCATION (New scam),Gusgri Vlogs,UCC-fqv28oQuPnLstiv_fkTg,1731.0,targeted_search,extorsionador amenaza audio WhatsApp Perú,52,AMENAZA_DIRECTA,consulta explícita de una categoría minoritaria,100
ev-nf_8lwXs,https://www.youtube.com/watch?v=ev-nf_8lwXs,Así cayeron los sicarios del 'Monstruo' vinculados a extorsiones contra el 'Chino' y 'Naranjito',Latina Noticias,UCpSJ5fGhmAME9Kx2D3ZvN3Q,315.0,targeted_search,extorsionador amenaza audio WhatsApp Perú,53,AMENAZA_DIRECTA,consulta explícita de una categoría minoritaria,100
-K01PCzDInw,https://www.youtube.com/watch?v=-K01PCzDInw,Estafas por WhatsApp: el modus operandi para robar tus datos y tu dinero | #BitácoraAM,Azteca Noticias,UCUP6qv-_EIL0hwTsJaKYnvw,244.0,targeted_search,extorsionador amenaza audio WhatsApp Perú,54,AMENAZA_DIRECTA,consulta explícita de una categoría minoritaria,100
Bwk7hBuUSxM,https://www.youtube.com/watch?v=Bwk7hBuUSxM,DIFUNDEN AUDIO DONDE AMENAZAN DE MUERTE A ALCALDE SANTIAGO CANO,CTV HUACHO,UCSZduKPAUWa0msAMgS9Ywrw,168.0,targeted_search,extorsionador amenaza audio WhatsApp Perú,55,AMENAZA_DIRECTA,consulta explícita de una categoría minoritaria,100
RQxPC66Hr9E,https://www.youtube.com/watch?v=RQxPC66Hr9E,Audio devela amenaza de extorsionista,TN23 Guatemala ,UCt5Dw7ePnn0AqPqRF8Xpjkw,113.0,targeted_search,extorsionador amenaza audio WhatsApp Perú,56,AMENAZA_DIRECTA,consulta explícita de una categoría minoritaria,100
wk24oghLEbw,https://www.youtube.com/watch?v=wk24oghLEbw,Peruano se hacía pasar como venezolano para extorsionar en el Callao,Latina Noticias,UCpSJ5fGhmAME9Kx2D3ZvN3Q,157.0,targeted_search,extorsionador amenaza audio WhatsApp Perú,57,AMENAZA_DIRECTA,consulta explícita de una categoría minoritaria,100
NbB4Bju5vkU,https://www.youtube.com/watch?v=NbB4Bju5vkU,La grave extorsión que sufre una bodeguera: Delincuentes balean local y la amenazan de muerte,Latina Noticias,UCpSJ5fGhmAME9Kx2D3ZvN3Q,1088.0,targeted_search,extorsionador amenaza audio WhatsApp Perú,58,AMENAZA_DIRECTA,consulta explícita de una categoría minoritaria,100
nD1UIdzR-vk,https://www.youtube.com/watch?v=nD1UIdzR-vk,"Extortionists demand 20,000 soles from businessman | Primera Edición | News Perú",América Noticias,UCPhm2I2wk4vqjENwhn3px8A,158.0,targeted_search,extorsionador amenaza audio WhatsApp Perú,59,AMENAZA_DIRECTA,consulta explícita de una categoría minoritaria,100
psciysCceOg,https://www.youtube.com/watch?v=psciysCceOg,Así roban cuentas de WhatsApp para cometer fraudes - En Punto,NMás,UCUsm-fannqOY02PNN67C0KA,181.0,targeted_search,extorsionador amenaza audio WhatsApp Perú,60,AMENAZA_DIRECTA,consulta explícita de una categoría minoritaria,100
hveGFT38TPw,https://www.youtube.com/watch?v=hveGFT38TPw,¿Eres víctima de extorsión? Así es como identifican la voz de un extorsionador con grabadoras,Latina Noticias,UCpSJ5fGhmAME9Kx2D3ZvN3Q,377.0,targeted_search,extorsionador amenaza audio WhatsApp Perú,62,AMENAZA_DIRECTA,consulta explícita de una categoría minoritaria,100
U-3JXaHIGC8,https://www.youtube.com/watch?v=U-3JXaHIGC8,Extorsionadores detonan explosivo en condominio: Piden cupo de S/50 por familia,Latina Noticias,UCpSJ5fGhmAME9Kx2D3ZvN3Q,148.0,targeted_search,extorsionador amenaza audio WhatsApp Perú,63,AMENAZA_DIRECTA,consulta explícita de una categoría minoritaria,100
IGzlAKHyfpo,https://www.youtube.com/watch?v=IGzlAKHyfpo,Amenazas en Whatsapp y Twitter podrían llevarte de la cárcel,Hola Chile La Red,UC1yY7tTJSPtrcmjte5PJFDA,397.0,targeted_search,extorsionador amenaza audio WhatsApp Perú,64,AMENAZA_DIRECTA,consulta explícita de una categoría minoritaria,100
C_p9ktHLwCc,https://www.youtube.com/watch?v=C_p9ktHLwCc,Anconeros vuelven a ser extorsionados: remanentes de los ‘D.E.S.A.’ les envían audios amenazantes,Buenos Días Perú,UCFnOwPrJ-Skrzk_GPNBV5tg,377.0,targeted_search,extorsionador amenaza audio WhatsApp Perú,65,AMENAZA_DIRECTA,consulta explícita de una categoría minoritaria,100
TVI1CbA2Y3w,https://www.youtube.com/watch?v=TVI1CbA2Y3w,This is the six-digit phone scam that blocks your WhatsApp.,Diario Río Negro,UCGcERTpPSOt9PuNf0JVe50w,89.0,targeted_search,extorsionador amenaza audio WhatsApp Perú,66,AMENAZA_DIRECTA,consulta explícita de una categoría minoritaria,100
XlXhNvw69Qo,https://www.youtube.com/watch?v=XlXhNvw69Qo,Lince: cae banda de tarjeteros que asaltó a policía en retiro,Buenos Días Perú,UCFnOwPrJ-Skrzk_GPNBV5tg,128.0,targeted_search,extorsionador amenaza audio WhatsApp Perú,67,AMENAZA_DIRECTA,consulta explícita de una categoría minoritaria,100
uTnObpAs3xM,https://www.youtube.com/watch?v=uTnObpAs3xM,"'El Monstruo' reaparece de la clandestinidad y manda amenaza a banda rival: ""Igual se van a morir""",Latina Noticias,UCpSJ5fGhmAME9Kx2D3ZvN3Q,179.0,targeted_search,extorsionador amenaza audio WhatsApp Perú,68,AMENAZA_DIRECTA,consulta explícita de una categoría minoritaria,100
MiPzmpdXQkA,https://www.youtube.com/watch?v=MiPzmpdXQkA,Alerta por estafas y extorsión con videollamadas comprometedoras,Al Rojo Vivo,UCDUxOvbwu1bnyD7AucP0ESw,191.0,targeted_search,extorsionador amenaza audio WhatsApp Perú,69,AMENAZA_DIRECTA,consulta explícita de una categoría minoritaria,100
ZU7uoUV9usk,https://www.youtube.com/watch?v=ZU7uoUV9usk,¡Cuidado con las llamadas de EU! Extorsionadores ofrecen trabajo en el extranjero para estafarte,El Heraldo de México,UC7E9Dj_lmrJdDrH2Bg7rNqQ,62.0,targeted_search,extorsionador amenaza audio WhatsApp Perú,70,AMENAZA_DIRECTA,consulta explícita de una categoría minoritaria,100
Cia_w5p0slY,https://www.youtube.com/watch?v=Cia_w5p0slY,"SOY ""MONTA DEUDAS"" EN UNA APP DE PRÉSTAMOS | # 184",Doble G,UCe4yxFAIPvftQ9aYGzJ6iTA,3605.0,targeted_search,extorsionador amenaza audio WhatsApp Perú,71,AMENAZA_DIRECTA,consulta explícita de una categoría minoritaria,100
nUuyaJ-o49U,https://www.youtube.com/watch?v=nUuyaJ-o49U,This Is How They Extort People on Skokka in Bolivia,Kiketeckno MX,UC8GWcH1emtfx9o_6CSJJxxw,228.0,targeted_search,extorsionador amenaza audio WhatsApp Perú,72,AMENAZA_DIRECTA,consulta explícita de una categoría minoritaria,100
jJP9rDXAZJk,https://www.youtube.com/watch?v=jJP9rDXAZJk,ALERTA: DENUNCIAN EXTORSIÓN A EMPRESARIOS AYACUCHANOS A TRAVÉS DE LLAMADAS INTIMIDATORIAS,Perú REC,UCd3MgZJaPh5D9nE4RJU5iWg,221.0,targeted_search,extorsionador amenaza audio WhatsApp Perú,73,AMENAZA_DIRECTA,consulta explícita de una categoría minoritaria,100
_aEGUE2F8KM,https://www.youtube.com/watch?v=_aEGUE2F8KM,"🔴🔵 Mayor of Pataz received a strong THREAT from 'Los Pulpos': ""You're going to pay me""",Exitosa Noticias,UCxgO_rak_BKZP8VNVmYqbWg,142.0,targeted_search,extorsionador amenaza audio WhatsApp Perú,75,AMENAZA_DIRECTA,consulta explícita de una categoría minoritaria,100
KpDFzsIBOQg,https://www.youtube.com/watch?v=KpDFzsIBOQg,Driver arrested for allegedly extorting money from transporters | SEGMENT #PureFacts,RPP Noticias,UC5j8-2FT0ZMMBkmK72R4aeA,382.0,targeted_search,extorsionador amenaza audio WhatsApp Perú,76,AMENAZA_DIRECTA,consulta explícita de una categoría minoritaria,100
gR7Ce4amUYE,https://www.youtube.com/watch?v=gR7Ce4amUYE,Así cayó sujeto que extorsionaba con voz de Mickey Mouse: Lo imita durante detención,Latina Noticias,UCpSJ5fGhmAME9Kx2D3ZvN3Q,174.0,targeted_search,extorsionador amenaza audio WhatsApp Perú,77,AMENAZA_DIRECTA,consulta explícita de una categoría minoritaria,100
kul-VClk_hQ,https://www.youtube.com/watch?v=kul-VClk_hQ,Gang accused of extortion busted in Peru: this is how “Los Malditos de Pacasmayo” operated,RPP Noticias,UC5j8-2FT0ZMMBkmK72R4aeA,137.0,targeted_search,extorsionador amenaza audio WhatsApp Perú,79,AMENAZA_DIRECTA,consulta explícita de una categoría minoritaria,100
YyEW19OqW3k,https://www.youtube.com/watch?v=YyEW19OqW3k,Audio donde Amenazan de Muerte a Periodista de Radio Ollantay de Chocope,ValleChicama.Com,UCDnkuaO-enG_T30bRj7OKpA,93.0,targeted_search,extorsionador amenaza audio WhatsApp Perú,80,AMENAZA_DIRECTA,consulta explícita de una categoría minoritaria,100
cADRLhIZVbk,https://www.youtube.com/watch?v=cADRLhIZVbk,Advierten de nueva modalidad de estafa con mensajes y selfies,Al Rojo Vivo,UCDUxOvbwu1bnyD7AucP0ESw,158.0,targeted_search,extorsionador amenaza audio WhatsApp Perú,81,AMENAZA_DIRECTA,consulta explícita de una categoría minoritaria,100
MWbsGKT5F4w,https://www.youtube.com/watch?v=MWbsGKT5F4w,"Cobran cupos a familias que viven en condominios: ""Piden S/50 a cada familia""",Latina Noticias,UCpSJ5fGhmAME9Kx2D3ZvN3Q,359.0,targeted_search,extorsionador amenaza audio WhatsApp Perú,82,AMENAZA_DIRECTA,consulta explícita de una categoría minoritaria,100
Q9cSwmN9gNc,https://www.youtube.com/watch?v=Q9cSwmN9gNc,Crudo testimonio de un hombre que es extorsionado en el lugar donde está detenido,Noticias RCN,UCnr6pbeXJmkNQJ9PSYle7QQ,209.0,targeted_search,extorsionador amenaza audio WhatsApp Perú,83,AMENAZA_DIRECTA,consulta explícita de una categoría minoritaria,100
bYpQSAwS5G0,https://www.youtube.com/watch?v=bYpQSAwS5G0,"Secuestro de Jackeline Salazar: Revelan chats entre su primo y el 'Monstruo', y otra persona cercana",Latina Noticias,UCpSJ5fGhmAME9Kx2D3ZvN3Q,967.0,targeted_search,extorsionador amenaza audio WhatsApp Perú,84,AMENAZA_DIRECTA,consulta explícita de una categoría minoritaria,100
1S2YAjzUzvo,https://www.youtube.com/watch?v=1S2YAjzUzvo,Hombre extorsionaba a tiendas a nombre de “Las Aguilas Negras”,Marandua Stereo 100.7 FM,UCMbVuO_TOX8-fnZHTutOqEw,157.0,targeted_search,extorsionador amenaza audio WhatsApp Perú,85,AMENAZA_DIRECTA,consulta explícita de una categoría minoritaria,100
-0x0N9fk1ws,https://www.youtube.com/watch?v=-0x0N9fk1ws,extorsiones telefonicas reales,Josy Sagu,UCzF-NQUcYjU879hY7Jxlt7g,595.0,targeted_search,extorsionador amenaza audio WhatsApp Perú,86,AMENAZA_DIRECTA,consulta explícita de una categoría minoritaria,100
pdcRMKGHFL0,https://www.youtube.com/watch?v=pdcRMKGHFL0,La PNP captura a presunto extorsionador vinculado a atentados en Lima Norte #ROTATIVARPP | DESPACHO,RPP Noticias,UC5j8-2FT0ZMMBkmK72R4aeA,142.0,targeted_search,extorsionador amenaza audio WhatsApp Perú,87,AMENAZA_DIRECTA,consulta explícita de una categoría minoritaria,100
BKmw5cnefHA,https://www.youtube.com/watch?v=BKmw5cnefHA,Empresario era extorsionado por su propio hermano,Latina Noticias,UCpSJ5fGhmAME9Kx2D3ZvN3Q,706.0,targeted_search,extorsionador amenaza audio WhatsApp Perú,88,AMENAZA_DIRECTA,consulta explícita de una categoría minoritaria,100
m6eeY6uiD44,https://www.youtube.com/watch?v=m6eeY6uiD44,Buscan a un miembro de banda de extorsionadores liderada por un policía,Unitel Bolivia,UCBTuUY99I5plMaC_ZcmXIYw,88.0,targeted_search,extorsionador amenaza audio WhatsApp Perú,89,AMENAZA_DIRECTA,consulta explícita de una categoría minoritaria,100
szHPKkQ3Lfc,https://www.youtube.com/watch?v=szHPKkQ3Lfc,Trujillo: se registran tres extorsiones en menos de 24 horas,SOL TV Perú,UCT3jhkKbEV4ZslnzhZ26hPw,124.0,targeted_search,extorsionador amenaza audio WhatsApp Perú,90,AMENAZA_DIRECTA,consulta explícita de una categoría minoritaria,100
1qasDZNr89s,https://www.youtube.com/watch?v=1qasDZNr89s,BUSINESSMAN PUTS AN END TO EXTORTIONISTS 😳😱 IN PERU 🇵🇪,Di+TV,UCD4M1bxK2h_0P3oOgGoMVuA,107.0,targeted_search,extorsionador amenaza audio WhatsApp Perú,91,AMENAZA_DIRECTA,consulta explícita de una categoría minoritaria,100
PvvHw9GtfUw,https://www.youtube.com/watch?v=PvvHw9GtfUw,"Así cayó 'Mamera', cabecilla del Tren de Aragua: Tenía control del proxenetismo en Lince",Latina Noticias,UCpSJ5fGhmAME9Kx2D3ZvN3Q,210.0,targeted_search,extorsionador amenaza audio WhatsApp Perú,92,AMENAZA_DIRECTA,consulta explícita de una categoría minoritaria,100
10xvtdf6-dM,https://www.youtube.com/watch?v=10xvtdf6-dM,¡Secuestraron A Mi Hijo! (Pero No Tengo Hijo) – Broma Telefónica Épica,Lawler,UCb6JEf7fZfcv3vCN8V0zQoA,735.0,targeted_search,extorsionador amenaza audio WhatsApp Perú,93,AMENAZA_DIRECTA,consulta explícita de una categoría minoritaria,100
TFUb9_s2JlU,https://www.youtube.com/watch?v=TFUb9_s2JlU,MUCHO CUIDADO: EXTORSIÓN DESDE LAS CÁRCELES,Resumen Informativo,UCxMI-MacY9ih66MBHeevXfA,414.0,targeted_search,extorsionador amenaza audio WhatsApp Perú,94,AMENAZA_DIRECTA,consulta explícita de una categoría minoritaria,100
BAhD1uPIVo0,https://www.youtube.com/watch?v=BAhD1uPIVo0,extorsionador me quiere robar y yo bien triste por mi esposa que se fue,Kiketeckno MX,UC8GWcH1emtfx9o_6CSJJxxw,634.0,targeted_search,extorsionador amenaza audio WhatsApp Perú,96,AMENAZA_DIRECTA,consulta explícita de una categoría minoritaria,100
YPZhKS-xKr8,https://www.youtube.com/watch?v=YPZhKS-xKr8,Más policías implicados en casos de extorsión,C9N Paraguay,UC2uoT9_KgHuBzoYX5JepHEA,505.0,targeted_search,extorsionador amenaza audio WhatsApp Perú,97,AMENAZA_DIRECTA,consulta explícita de una categoría minoritaria,100
3jtD0N-cbN4,https://www.youtube.com/watch?v=3jtD0N-cbN4,🔴Cae ESTIBADOR que estaría vinculado a CONOCIDA banda criminal | #EnVivoLR,La República - LR+,UC-B7Xv56uNRDkj0vC3QW8Cg,160.0,targeted_search,extorsionador amenaza audio WhatsApp Perú,98,AMENAZA_DIRECTA,consulta explícita de una categoría minoritaria,100
awL_YvZErxw,https://www.youtube.com/watch?v=awL_YvZErxw,NO MÁS VECINOS INSOPORTABLES | Haz tu denuncia anónima y acaba con la molestia,Azteca Noticias,UCUP6qv-_EIL0hwTsJaKYnvw,151.0,targeted_search,extorsionador amenaza audio WhatsApp Perú,99,AMENAZA_DIRECTA,consulta explícita de una categoría minoritaria,100
npNXOSRU8Xk,https://www.youtube.com/watch?v=npNXOSRU8Xk,"""Gota a gota"": el negocio de extorsionadores colombianos en México | Noticias con Francisco Zea",Imagen Noticias,UCcHtke0raf8vNYLM1Hbq3Jw,535.0,targeted_search,extorsionador amenaza audio WhatsApp Perú,100,AMENAZA_DIRECTA,consulta explícita de una categoría minoritaria,100
ixW_1h4Z-kQ,https://www.youtube.com/watch?v=ixW_1h4Z-kQ,Trujillo: empresario asesinado venía recibiendo amenazas de extorsión,Cosmos Televisión,UC_ept7M1UXlCfvcUrK49Ziw,132.0,targeted_search,sicario amenaza empresario Perú,1,AMENAZA_DIRECTA,consulta explícita de una categoría minoritaria,100
7VgKdLl4ltw,https://www.youtube.com/watch?v=7VgKdLl4ltw,Sicario quiso robar moto y carro para huir: Así cayó minutos después de asesinato,Latina Noticias,UCpSJ5fGhmAME9Kx2D3ZvN3Q,204.0,targeted_search,sicario amenaza empresario Perú,3,AMENAZA_DIRECTA,consulta explícita de una categoría minoritaria,100
7X-RDinoCLs,https://www.youtube.com/watch?v=7X-RDinoCLs,🔴 ¡SE ARMÓ! Empresario enfrentó a 10 sicarios y los hizo correr,Nacion y Frontera,UCrikgtHRn_AwUCJncUXyYKA,784.0,targeted_search,sicario amenaza empresario Perú,4,AMENAZA_DIRECTA,consulta explícita de una categoría minoritaria,100
VuTOnLPSDVc,https://www.youtube.com/watch?v=VuTOnLPSDVc,Brutal murder of businessman in San Isidro: hitmen shoot everywhere in Lima,Panorama,UCBiq92lt_ufNO-ktZigVXgg,590.0,targeted_search,sicario amenaza empresario Perú,6,AMENAZA_DIRECTA,consulta explícita de una categoría minoritaria,100
Kt6f5Wa4OQE,https://www.youtube.com/watch?v=Kt6f5Wa4OQE,Lince: Sicarios acribillan a empresario y sus amigos presuntamente por no pagar cupos,Buenos Días Perú,UCFnOwPrJ-Skrzk_GPNBV5tg,228.0,targeted_search,sicario amenaza empresario Perú,8,AMENAZA_DIRECTA,consulta explícita de una categoría minoritaria,100
p3I3ug4hxM0,https://www.youtube.com/watch?v=p3I3ug4hxM0,Trujillo: Sicarios amenazan a empresario con disparos al aire,Cosmos Televisión,UC_ept7M1UXlCfvcUrK49Ziw,172.0,targeted_search,sicario amenaza empresario Perú,9,AMENAZA_DIRECTA,consulta explícita de una categoría minoritaria,100
Pd7K0Qluue0,https://www.youtube.com/watch?v=Pd7K0Qluue0,¡Exclusivo! Alias “Drac”: sicarios recibían atención médica luego de sus masacres,Panorama,UCBiq92lt_ufNO-ktZigVXgg,750.0,targeted_search,sicario amenaza empresario Perú,10,AMENAZA_DIRECTA,consulta explícita de una categoría minoritaria,100
40nvp81QsXY,https://www.youtube.com/watch?v=40nvp81QsXY,Peligrosos personajes que batutean negocios de narcotráfico y sicariato desde la cárcel,DÍA D,UCmrzeYkbupPuvrXH8roR__w,786.0,targeted_search,sicario amenaza empresario Perú,11,AMENAZA_DIRECTA,consulta explícita de una categoría minoritaria,100
zFXX8z4_PA0,https://www.youtube.com/watch?v=zFXX8z4_PA0,🔴🔵Carabayllo: Sicario que iba a matar a empresario falla su cometido porque se le trabó el arma,Exitosa Noticias,UCxgO_rak_BKZP8VNVmYqbWg,236.0,targeted_search,sicario amenaza empresario Perú,12,AMENAZA_DIRECTA,consulta explícita de una categoría minoritaria,100
Aoy3DP_UZZA,https://www.youtube.com/watch?v=Aoy3DP_UZZA,Doble crimen en La Victoria: nuevas imágenes del asesinato a empresario y su socio,Buenos Días Perú,UCFnOwPrJ-Skrzk_GPNBV5tg,321.0,targeted_search,sicario amenaza empresario Perú,14,AMENAZA_DIRECTA,consulta explícita de una categoría minoritaria,100
xCZrulqdajo,https://www.youtube.com/watch?v=xCZrulqdajo,"Delincuentes amenazan a empresario, le piden S/ 5 mil soles mensuales para dejarlo trabajar",Televisión Tarapoto,UCkS4Pt8DVdqtZ5-o2Be1zuA,450.0,targeted_search,sicario amenaza empresario Perú,15,AMENAZA_DIRECTA,consulta explícita de una categoría minoritaria,100
MxJoqnaKj-8,https://www.youtube.com/watch?v=MxJoqnaKj-8,Santa Anita: bodeguero se salva de milagro tras ser atacado por sicario en puerta de su negocio,Buenos Días Perú,UCFnOwPrJ-Skrzk_GPNBV5tg,220.0,targeted_search,sicario amenaza empresario Perú,16,AMENAZA_DIRECTA,consulta explícita de una categoría minoritaria,100
zLA4QO2iFLk,https://www.youtube.com/watch?v=zLA4QO2iFLk,Extorsionadores asesinan a emprendedores: fusión criminal peruano-venezolana domina SJL,Panorama,UCBiq92lt_ufNO-ktZigVXgg,784.0,targeted_search,sicario amenaza empresario Perú,17,AMENAZA_DIRECTA,consulta explícita de una categoría minoritaria,100
okHxwKGISxM,https://www.youtube.com/watch?v=okHxwKGISxM,"Megaoperativo contra la extorsión: la captura de ""Los sicarios del Norte""",Panorama,UCBiq92lt_ufNO-ktZigVXgg,966.0,targeted_search,sicario amenaza empresario Perú,18,AMENAZA_DIRECTA,consulta explícita de una categoría minoritaria,100
mu80ykCUnTI,https://www.youtube.com/watch?v=mu80ykCUnTI,Acribillan a empresario en SJL: víctima había alquilado habitación para escapar de sicarios (1/2),Buenos Días Perú,UCFnOwPrJ-Skrzk_GPNBV5tg,90.0,targeted_search,sicario amenaza empresario Perú,21,AMENAZA_DIRECTA,consulta explícita de una categoría minoritaria,100
08M15vWd0YA,https://www.youtube.com/watch?v=08M15vWd0YA,SJL: asesinan a empresario en campeonato de fútbol tras recibir extraña llamada (2/2),Buenos Días Perú,UCFnOwPrJ-Skrzk_GPNBV5tg,171.0,targeted_search,sicario amenaza empresario Perú,22,AMENAZA_DIRECTA,consulta explícita de una categoría minoritaria,100
sRNq0G500kQ,https://www.youtube.com/watch?v=sRNq0G500kQ,Con su último aliento atropelló a los sicarios que le dispararon: Asesino confesó todo,Latina Noticias,UCpSJ5fGhmAME9Kx2D3ZvN3Q,414.0,targeted_search,sicario amenaza empresario Perú,23,AMENAZA_DIRECTA,consulta explícita de una categoría minoritaria,100
zvIredmF-Jo,https://www.youtube.com/watch?v=zvIredmF-Jo,"Desataron el terror: Así cayó cabecilla y pareja tras sicariato, extorsión y venta de drogas",Latina Noticias,UCpSJ5fGhmAME9Kx2D3ZvN3Q,167.0,targeted_search,sicario amenaza empresario Perú,24,AMENAZA_DIRECTA,consulta explícita de una categoría minoritaria,100
bfv8SUYLj6Q,https://www.youtube.com/watch?v=bfv8SUYLj6Q,🔴🔵 Young businessman left critically injured after attack by suspected hitmen in Chincha,Exitosa Noticias,UCxgO_rak_BKZP8VNVmYqbWg,235.0,targeted_search,sicario amenaza empresario Perú,25,AMENAZA_DIRECTA,consulta explícita de una categoría minoritaria,100
ag_Bk7gfsvE,https://www.youtube.com/watch?v=ag_Bk7gfsvE,"Empresario se muda por amenazas extorsivas, pero lo encuentran y atacan su ferretería en VES",Buenos Días Perú,UCFnOwPrJ-Skrzk_GPNBV5tg,160.0,targeted_search,sicario amenaza empresario Perú,26,AMENAZA_DIRECTA,consulta explícita de una categoría minoritaria,100
ehCjYvbxLTk,https://www.youtube.com/watch?v=ehCjYvbxLTk,Acribillan a empresario en SJL: víctima había alquilado habitación para escapar de sicarios (2/2),Buenos Días Perú,UCFnOwPrJ-Skrzk_GPNBV5tg,155.0,targeted_search,sicario amenaza empresario Perú,28,AMENAZA_DIRECTA,consulta explícita de una categoría minoritaria,100
e8pC7qRF958,https://www.youtube.com/watch?v=e8pC7qRF958,Serían sicarios de 'Los injertos del Rímac': Policía captura a ladrones en Lima,Latina Noticias,UCpSJ5fGhmAME9Kx2D3ZvN3Q,105.0,targeted_search,sicario amenaza empresario Perú,29,AMENAZA_DIRECTA,consulta explícita de una categoría minoritaria,100
b685x_JlL2w,https://www.youtube.com/watch?v=b685x_JlL2w,San Miguel: cámaras captaron el asesinato y la huida de los sicarios que atentaron contra empresario,TVPerú Noticias,UCkZCoc42IipR1ucqJmIehsA,572.0,targeted_search,sicario amenaza empresario Perú,30,AMENAZA_DIRECTA,consulta explícita de una categoría minoritaria,100
P_dH5rn-kSA,https://www.youtube.com/watch?v=P_dH5rn-kSA,Suspect shot dead after attempted robbery at car dealership in San Borja,TVPerú Noticias,UCkZCoc42IipR1ucqJmIehsA,65.0,targeted_search,sicario amenaza empresario Perú,32,AMENAZA_DIRECTA,consulta explícita de una categoría minoritaria,100
Gi4axnPvxaM,https://www.youtube.com/watch?v=Gi4axnPvxaM,"Sicario del Tren de Aragua revela cómo operan en Lima: ""Si yo lo veo, lo pico""",Latina Noticias,UCpSJ5fGhmAME9Kx2D3ZvN3Q,161.0,targeted_search,sicario amenaza empresario Perú,33,AMENAZA_DIRECTA,consulta explícita de una categoría minoritaria,100
KIuE3O8LNP0,https://www.youtube.com/watch?v=KIuE3O8LNP0,Sicarios asesinaron a balazos a empresario en San Miguel | #LR,La República - LR+,UC-B7Xv56uNRDkj0vC3QW8Cg,65.0,targeted_search,sicario amenaza empresario Perú,34,AMENAZA_DIRECTA,consulta explícita de una categoría minoritaria,100
teex4TSchqo,https://www.youtube.com/watch?v=teex4TSchqo,"Hablo el abogado del empresario cordobés asesinado en Perú: ""No había nada ilegal en su accionar”",eldoce,UCiaePeoCqpU8hBHiNrgkzrA,122.0,targeted_search,sicario amenaza empresario Perú,35,AMENAZA_DIRECTA,consulta explícita de una categoría minoritaria,100
1q5IuuWDC3I,https://www.youtube.com/watch?v=1q5IuuWDC3I,¿Asesinado por orden de su yerno? Pruebas incriminatorias en asesinato de empresario hotelero,DÍA D,UCmrzeYkbupPuvrXH8roR__w,956.0,targeted_search,sicario amenaza empresario Perú,36,AMENAZA_DIRECTA,consulta explícita de una categoría minoritaria,100
7NzKOER_eu4,https://www.youtube.com/watch?v=7NzKOER_eu4,This is how the leader of a criminal gang fell to four hitmen dressed as police officers in Truji...,Reporta Perú,UC0iTq1d61dmwWElW-UBv-Bw,420.0,targeted_search,sicario amenaza empresario Perú,37,AMENAZA_DIRECTA,consulta explícita de una categoría minoritaria,100
HmB_W8MKM3E,https://www.youtube.com/watch?v=HmB_W8MKM3E,Ate: sicario en moto asesina a balazos a joven extranjero,Buenos Días Perú,UCFnOwPrJ-Skrzk_GPNBV5tg,191.0,targeted_search,sicario amenaza empresario Perú,38,AMENAZA_DIRECTA,consulta explícita de una categoría minoritaria,100
bXnjbtiPgK4,https://www.youtube.com/watch?v=bXnjbtiPgK4,Empresario fue asesinado de 20 balazos dentro de su camioneta en Manchay,Latina Noticias,UCpSJ5fGhmAME9Kx2D3ZvN3Q,90.0,targeted_search,sicario amenaza empresario Perú,39,AMENAZA_DIRECTA,consulta explícita de una categoría minoritaria,100
Dx7NJ9s0H4c,https://www.youtube.com/watch?v=Dx7NJ9s0H4c,"Cae alias 'El Barbas', sicario del 'Tren de Aragua': ""En Perú se ocultaba como un modesto barbero""",Latina Noticias,UCpSJ5fGhmAME9Kx2D3ZvN3Q,649.0,targeted_search,sicario amenaza empresario Perú,40,AMENAZA_DIRECTA,consulta explícita de una categoría minoritaria,100
WrreZ7eMBLQ,https://www.youtube.com/watch?v=WrreZ7eMBLQ,Video del asesinato de Ezequiel Rodríguez en el Carulla de la 116 | El Tiempo,EL TIEMPO,UCe5-b0fCK3eQCpwS6MT0aNw,111.0,targeted_search,sicario amenaza empresario Perú,41,AMENAZA_DIRECTA,consulta explícita de una categoría minoritaria,100
lAjy8HiMcbI,https://www.youtube.com/watch?v=lAjy8HiMcbI,Empresario Ferretero en asesinado en Manchay,Buenos Días Perú,UCFnOwPrJ-Skrzk_GPNBV5tg,238.0,targeted_search,sicario amenaza empresario Perú,42,AMENAZA_DIRECTA,consulta explícita de una categoría minoritaria,100
Rdi3tbqB3Rc,https://www.youtube.com/watch?v=Rdi3tbqB3Rc,Sicarios fueron a matar a una losa deportiva pero ellos terminaron muertos,ATV Noticias,UCYG5uXS3xdsoaXIxum1pAEw,127.0,targeted_search,sicario amenaza empresario Perú,43,AMENAZA_DIRECTA,consulta explícita de una categoría minoritaria,100
GhulRmegfYo,https://www.youtube.com/watch?v=GhulRmegfYo,"Jefe policial en Chincha es amenazado por sicarios: ""Voy a capturar a estos sujetos""",Latina Noticias,UCpSJ5fGhmAME9Kx2D3ZvN3Q,334.0,targeted_search,sicario amenaza empresario Perú,44,AMENAZA_DIRECTA,consulta explícita de una categoría minoritaria,100
waagYnL17Eo,https://www.youtube.com/watch?v=waagYnL17Eo,¡Exclusivo! Soldados de “Mamut”: células criminales se activan para retomar sicariato y extorsión,Panorama,UCBiq92lt_ufNO-ktZigVXgg,742.0,targeted_search,sicario amenaza empresario Perú,45,AMENAZA_DIRECTA,consulta explícita de una categoría minoritaria,100
F_mo79kLRqI,https://www.youtube.com/watch?v=F_mo79kLRqI,"""Colabora o no te dejamos trabajar"": Extorsiones y amenazas a empresarios y a sus familias",Latina Noticias,UCpSJ5fGhmAME9Kx2D3ZvN3Q,809.0,targeted_search,sicario amenaza empresario Perú,46,AMENAZA_DIRECTA,consulta explícita de una categoría minoritaria,100
ANxUhWH2-aE,https://www.youtube.com/watch?v=ANxUhWH2-aE,CASO SICARIO DE CONCÓN | Declaran culpables a cuatro imputados por crimen de empresario,CHV Noticias,UCRsUoZYC1ULUspipMRnMhwg,335.0,targeted_search,sicario amenaza empresario Perú,47,AMENAZA_DIRECTA,consulta explícita de una categoría minoritaria,100
7E6ToFhoDXc,https://www.youtube.com/watch?v=7E6ToFhoDXc,Trujillo: 'Marcas' asesinan a empresario minero para robarle US$20 mil,ATV Noticias,UCYG5uXS3xdsoaXIxum1pAEw,143.0,targeted_search,sicario amenaza empresario Perú,48,AMENAZA_DIRECTA,consulta explícita de una categoría minoritaria,100
KMRcFFJdHfM,https://www.youtube.com/watch?v=KMRcFFJdHfM,Peligroso sicario peruano fue capturado en Argentina,Latina Noticias,UCpSJ5fGhmAME9Kx2D3ZvN3Q,89.0,targeted_search,sicario amenaza empresario Perú,49,AMENAZA_DIRECTA,consulta explícita de una categoría minoritaria,100
6zvQS5IEvCo,https://www.youtube.com/watch?v=6zvQS5IEvCo,This is how the extortionist who terrorized two businessmen with gunfire in Santa Anita was caught.,Reporta Perú,UC0iTq1d61dmwWElW-UBv-Bw,524.0,targeted_search,sicario amenaza empresario Perú,50,AMENAZA_DIRECTA,consulta explícita de una categoría minoritaria,100
N0ed88w3inQ,https://www.youtube.com/watch?v=N0ed88w3inQ,"Extortionist goes to leave explosive at victim's home, but it detonates early and he loses his ar...",La República - LR+,UC-B7Xv56uNRDkj0vC3QW8Cg,88.0,targeted_search,sicario amenaza empresario Perú,51,AMENAZA_DIRECTA,consulta explícita de una categoría minoritaria,100
oXhFR8oiu9k,https://www.youtube.com/watch?v=oXhFR8oiu9k,Sicarios asesinan de 13 balazos a menor de 17 años en Manchay (1/2),Buenos Días Perú,UCFnOwPrJ-Skrzk_GPNBV5tg,247.0,targeted_search,sicario amenaza empresario Perú,52,AMENAZA_DIRECTA,consulta explícita de una categoría minoritaria,100
Rujzl9hXwQ8,https://www.youtube.com/watch?v=Rujzl9hXwQ8,Trujillo: Empresario minero es asesinado por negarse a pagar cupos,Cosmos Televisión,UC_ept7M1UXlCfvcUrK49Ziw,91.0,targeted_search,sicario amenaza empresario Perú,53,AMENAZA_DIRECTA,consulta explícita de una categoría minoritaria,100
DjdgU1QfT4E,https://www.youtube.com/watch?v=DjdgU1QfT4E,Criminal muerto tras enfrentamiento con seguridad de empresario: Habrían intentado robar local,Latina Noticias,UCpSJ5fGhmAME9Kx2D3ZvN3Q,241.0,targeted_search,sicario amenaza empresario Perú,54,AMENAZA_DIRECTA,consulta explícita de una categoría minoritaria,100
CVg3Oy8XRMU,https://www.youtube.com/watch?v=CVg3Oy8XRMU,Comerciante asesinado en plena galería: Sicario huyó pese a que había una sede policial al frente,Latina Noticias,UCpSJ5fGhmAME9Kx2D3ZvN3Q,284.0,targeted_search,sicario amenaza empresario Perú,55,AMENAZA_DIRECTA,consulta explícita de una categoría minoritaria,100
3rdavdxem7Y,https://www.youtube.com/watch?v=3rdavdxem7Y,Trujillo: PNP “Móvil del crimen a seguridad de empresario sería por sicariato”,Cosmos Televisión,UC_ept7M1UXlCfvcUrK49Ziw,202.0,targeted_search,sicario amenaza empresario Perú,56,AMENAZA_DIRECTA,consulta explícita de una categoría minoritaria,100
GbP5d-GyrGY,https://www.youtube.com/watch?v=GbP5d-GyrGY,"🔴 Sicario acribilla a rapero cristiano, le disparó mientras grababa un videoclip",Latina Noticias,UCpSJ5fGhmAME9Kx2D3ZvN3Q,798.0,targeted_search,sicario amenaza empresario Perú,57,AMENAZA_DIRECTA,consulta explícita de una categoría minoritaria,100
aB107ypj2wY,https://www.youtube.com/watch?v=aB107ypj2wY,"🔴 #ReporteSemanal | Acribillan al ""Rey de la chatarra"", sicario cobró tres mil soles por asesinato.",Latina Noticias,UCpSJ5fGhmAME9Kx2D3ZvN3Q,679.0,targeted_search,sicario amenaza empresario Perú,59,AMENAZA_DIRECTA,consulta explícita de una categoría minoritaria,100
ACpUTrQUaKk,https://www.youtube.com/watch?v=ACpUTrQUaKk,Hardware store owner murdered in SJL inside shopping center,24 Horas,UCsakKsRww3J7pM6DavkrAIQ,341.0,targeted_search,sicario amenaza empresario Perú,60,AMENAZA_DIRECTA,consulta explícita de una categoría minoritaria,100
B8HSp41auYw,https://www.youtube.com/watch?v=B8HSp41auYw,Comerciante de autos sobrevivió a un ataque armado: el sicario no tuvo puntería y se quedó sin balas,Noticias Caracol,UC2Xq2PK-got3Rtz9ZJ32hLQ,100.0,targeted_search,sicario amenaza empresario Perú,61,AMENAZA_DIRECTA,consulta explícita de una categoría minoritaria,100
94ut5_vcMTQ,https://www.youtube.com/watch?v=94ut5_vcMTQ,Sicario asesina a un hombre en panadería de Kennedy | CityTv,CityTv,UCv5Oy_TJFvGKXjeNzzJE_PQ,82.0,targeted_search,sicario amenaza empresario Perú,62,AMENAZA_DIRECTA,consulta explícita de una categoría minoritaria,100
pRQVQbD2GJo,https://www.youtube.com/watch?v=pRQVQbD2GJo,Empresario asesinado por sicarios: los investigadores siguen la pista de un ajuste de cuentas,Telenueve,UC2Q91pxDF0BPf0eK44pgYMw,396.0,targeted_search,sicario amenaza empresario Perú,63,AMENAZA_DIRECTA,consulta explícita de una categoría minoritaria,100
UtlnR_v2pUs,https://www.youtube.com/watch?v=UtlnR_v2pUs,Los casos de sicariato más sonados en los últimos años en Perú,ATV Noticias,UCYG5uXS3xdsoaXIxum1pAEw,195.0,targeted_search,sicario amenaza empresario Perú,64,AMENAZA_DIRECTA,consulta explícita de una categoría minoritaria,100
3VSkeKSHE50,https://www.youtube.com/watch?v=3VSkeKSHE50,San Martín de Porres: sicarios asesinan a promotor de ventas cuando iba a la librería,Buenos Días Perú,UCFnOwPrJ-Skrzk_GPNBV5tg,291.0,targeted_search,sicario amenaza empresario Perú,65,AMENAZA_DIRECTA,consulta explícita de una categoría minoritaria,100
3JegEmfay3A,https://www.youtube.com/watch?v=3JegEmfay3A,Sicarios matan a empresario en Barrio Jara,SNT Paraguay,UC8NNg2qEuMQIXlqPS-eu_ig,874.0,targeted_search,sicario amenaza empresario Perú,66,AMENAZA_DIRECTA,consulta explícita de una categoría minoritaria,100
sVqz9zH6kPw,https://www.youtube.com/watch?v=sVqz9zH6kPw,Amenazas de extorsión a empresarios tarapotinos provienen del norte del país,Televisión Tarapoto,UCkS4Pt8DVdqtZ5-o2Be1zuA,319.0,targeted_search,sicario amenaza empresario Perú,67,AMENAZA_DIRECTA,consulta explícita de una categoría minoritaria,100
D-DR2PB0eUs,https://www.youtube.com/watch?v=D-DR2PB0eUs,Dejan granada y balas amenazantes en casa de empresario de Trujillo,enlacenacional,UC_Zpz_cv69p4oL0hDEJz4IA,107.0,targeted_search,sicario amenaza empresario Perú,68,AMENAZA_DIRECTA,consulta explícita de una categoría minoritaria,100
WkwyH62MCzk,https://www.youtube.com/watch?v=WkwyH62MCzk,Extorsión en Los Olivos: comerciante vive a escondidas por amenazas de muerte,Buenos Días Perú,UCFnOwPrJ-Skrzk_GPNBV5tg,192.0,targeted_search,sicario amenaza empresario Perú,69,AMENAZA_DIRECTA,consulta explícita de una categoría minoritaria,100
NC_JrnNAKXM,https://www.youtube.com/watch?v=NC_JrnNAKXM,Un sicario de Pablo Escobar envió un mensaje a un empresario argentino,OtroCrimenOk,UC2g9SIVX50SDSJUQI1bsm1Q,92.0,targeted_search,sicario amenaza empresario Perú,70,AMENAZA_DIRECTA,consulta explícita de una categoría minoritaria,100
_sw9O47wzxg,https://www.youtube.com/watch?v=_sw9O47wzxg,"Hitmen invade Lima: Victims, pain, and contract killings",DÍA D,UCmrzeYkbupPuvrXH8roR__w,986.0,targeted_search,sicario amenaza empresario Perú,71,AMENAZA_DIRECTA,consulta explícita de una categoría minoritaria,100
UrYfCu30QR4,https://www.youtube.com/watch?v=UrYfCu30QR4,Sicarios asesinan de 15 balazos a ex gerente de empresa azucarera Pucalá en Chiclayo,enlacenacional,UC_Zpz_cv69p4oL0hDEJz4IA,120.0,targeted_search,sicario amenaza empresario Perú,72,AMENAZA_DIRECTA,consulta explícita de una categoría minoritaria,100
x848vljLdto,https://www.youtube.com/watch?v=x848vljLdto,CRIMEN EN SAN MIGUEL: primer TESTIMONIO de los SICARIOS capturados en Arequipa | CRÓNICA,Trome Perú,UChzS9L4GwAe0lRFallqbaGg,371.0,targeted_search,sicario amenaza empresario Perú,73,AMENAZA_DIRECTA,consulta explícita de una categoría minoritaria,100
GI1mzOJ9NUM,https://www.youtube.com/watch?v=GI1mzOJ9NUM,Callao: sicario asesinó a joven de 20 años en galería 'Viacava',Buenos Días Perú,UCFnOwPrJ-Skrzk_GPNBV5tg,540.0,targeted_search,sicario amenaza empresario Perú,74,AMENAZA_DIRECTA,consulta explícita de una categoría minoritaria,100
KJNJN_GrigE,https://www.youtube.com/watch?v=KJNJN_GrigE,New attack on businessman ‘Tío Fritz’: His store in Los Olivos was shot up (1/3),Buenos Días Perú,UCFnOwPrJ-Skrzk_GPNBV5tg,125.0,targeted_search,sicario amenaza empresario Perú,75,AMENAZA_DIRECTA,consulta explícita de una categoría minoritaria,100
W1YbatEWSgc,https://www.youtube.com/watch?v=W1YbatEWSgc,Cañete: sicarios asesinan a dirigente y asesor municipal,TVPerú Noticias,UCkZCoc42IipR1ucqJmIehsA,73.0,targeted_search,sicario amenaza empresario Perú,76,AMENAZA_DIRECTA,consulta explícita de una categoría minoritaria,100
xSmjcip8D6Q,https://www.youtube.com/watch?v=xSmjcip8D6Q,Aporte Venezolano al Peru: Aumento de sicarios,Perú Despertó,UC4T8bkL-x99Yl3AN9Gf3W6A,362.0,targeted_search,sicario amenaza empresario Perú,77,AMENAZA_DIRECTA,consulta explícita de una categoría minoritaria,100
8NCKoq5BIkI,https://www.youtube.com/watch?v=8NCKoq5BIkI,Chepén: Empresario sobrevive con disparo a la altura de la cabeza,Cosmos Televisión,UC_ept7M1UXlCfvcUrK49Ziw,109.0,targeted_search,sicario amenaza empresario Perú,78,AMENAZA_DIRECTA,consulta explícita de una categoría minoritaria,100
6RDDpQ7iZS0,https://www.youtube.com/watch?v=6RDDpQ7iZS0,sicarios,David Romero,UCioaL8bd08SaT47uOGUCeJg,129.0,targeted_search,sicario amenaza empresario Perú,79,AMENAZA_DIRECTA,consulta explícita de una categoría minoritaria,100
VmC-GJTks7A,https://www.youtube.com/watch?v=VmC-GJTks7A,"Liberan a empresario y capturan a secuestradores: ""Era cuestión de tiempo dar con la ubicación""",Latina Noticias,UCpSJ5fGhmAME9Kx2D3ZvN3Q,182.0,targeted_search,sicario amenaza empresario Perú,80,AMENAZA_DIRECTA,consulta explícita de una categoría minoritaria,100
PNPHaidQFDo,https://www.youtube.com/watch?v=PNPHaidQFDo,Barranca: encuentran descuartizado a empresario que fue reportado como desaparecido,Buenos Días Perú,UCFnOwPrJ-Skrzk_GPNBV5tg,283.0,targeted_search,sicario amenaza empresario Perú,81,AMENAZA_DIRECTA,consulta explícita de una categoría minoritaria,100
6_or7hUWVSk,https://www.youtube.com/watch?v=6_or7hUWVSk,🔴🔵San Miguel: Sicarios atacan a balazos a vendedor de autos dentro de una bodega,Exitosa Noticias,UCxgO_rak_BKZP8VNVmYqbWg,103.0,targeted_search,sicario amenaza empresario Perú,82,AMENAZA_DIRECTA,consulta explícita de una categoría minoritaria,100
4OdRb85CXog,https://www.youtube.com/watch?v=4OdRb85CXog,"🚨 Sicario #venezolano casi mata a un mototaxista. ""VENEZOLANOS EN EL PERU""",Avanze Milenial,UC7OG2BmFOH2c1DV2v4T0dVw,13.0,targeted_search,sicario amenaza empresario Perú,83,AMENAZA_DIRECTA,consulta explícita de una categoría minoritaria,100
EQbKkLSgKik,https://www.youtube.com/watch?v=EQbKkLSgKik,Ate: Taxista deja a un pasajero y sicario acaba con su vida,El Dominical de Panamericana,UCMfcN0OV7d61cWPLYm5qHpw,111.0,targeted_search,sicario amenaza empresario Perú,84,AMENAZA_DIRECTA,consulta explícita de una categoría minoritaria,100
J_sz1pI6cGk,https://www.youtube.com/watch?v=J_sz1pI6cGk,Miraflores: cámaras captan momento en que disparan a empresario para robarle un Rolex,Buenos Días Perú,UCFnOwPrJ-Skrzk_GPNBV5tg,377.0,targeted_search,sicario amenaza empresario Perú,85,AMENAZA_DIRECTA,consulta explícita de una categoría minoritaria,100
o6G9euWhBDU,https://www.youtube.com/watch?v=o6G9euWhBDU,Comas: Dueño de una mueblería es asesinado aparentemente por no acceder a las extorsiones,QUE HAY DE NUEVO PERU,UCRl1-oM_NM-BtCEyTFd-aRA,120.0,targeted_search,sicario amenaza empresario Perú,86,AMENAZA_DIRECTA,consulta explícita de una categoría minoritaria,100
jQkqazIwbuM,https://www.youtube.com/watch?v=jQkqazIwbuM,De ocho balazos matan a empresario en Arequipa,Diario Correo,UC_r8BVAjEb2cTfTPowQKAjg,202.0,targeted_search,sicario amenaza empresario Perú,87,AMENAZA_DIRECTA,consulta explícita de una categoría minoritaria,100
P6aMeSFZv1Y,https://www.youtube.com/watch?v=P6aMeSFZv1Y,SJL: sicarios disparan a hombre dentro de su vehículo,Buenos Días Perú,UCFnOwPrJ-Skrzk_GPNBV5tg,88.0,targeted_search,sicario amenaza empresario Perú,88,AMENAZA_DIRECTA,consulta explícita de una categoría minoritaria,100
dTF_7i4krTM,https://www.youtube.com/watch?v=dTF_7i4krTM,🔴🔵Dictan 12 meses de prisión preventiva a presunto sicario,Exitosa Noticias,UCxgO_rak_BKZP8VNVmYqbWg,194.0,targeted_search,sicario amenaza empresario Perú,89,AMENAZA_DIRECTA,consulta explícita de una categoría minoritaria,100
MehhRy7fAL8,https://www.youtube.com/watch?v=MehhRy7fAL8,San Miguel: Sicario de 20 años asesina a policía en restaurante 'El Tronco',Latina Noticias,UCpSJ5fGhmAME9Kx2D3ZvN3Q,694.0,targeted_search,sicario amenaza empresario Perú,90,AMENAZA_DIRECTA,consulta explícita de una categoría minoritaria,100
3w1r8AjXwt4,https://www.youtube.com/watch?v=3w1r8AjXwt4,Trujillo: extranjero es investigado por crimen de empresario minero,SOL TV Perú,UCT3jhkKbEV4ZslnzhZ26hPw,236.0,targeted_search,sicario amenaza empresario Perú,91,AMENAZA_DIRECTA,consulta explícita de una categoría minoritaria,100
U0kLOkJ3FX8,https://www.youtube.com/watch?v=U0kLOkJ3FX8,Hombre es atacado a balazos por sicarios en SMP,Buenos Días Perú,UCFnOwPrJ-Skrzk_GPNBV5tg,193.0,targeted_search,sicario amenaza empresario Perú,92,AMENAZA_DIRECTA,consulta explícita de una categoría minoritaria,100
XlMxzpTxtXE,https://www.youtube.com/watch?v=XlMxzpTxtXE,SICARIOS DESATAN BALACERA DENTRO DE CORTE SUPERIOR DE LIMA SUR,Jurado Nacional de Elecciones,UCuiHAQYUu2HKkGR7sE_nLVw,55.0,targeted_search,sicario amenaza empresario Perú,93,AMENAZA_DIRECTA,consulta explícita de una categoría minoritaria,100
t_Qfq6fKN5E,https://www.youtube.com/watch?v=t_Qfq6fKN5E,Un empresario y prestamista cautivo y los nexos de una peligrosa mafia,DÍA D,UCmrzeYkbupPuvrXH8roR__w,926.0,targeted_search,sicario amenaza empresario Perú,94,AMENAZA_DIRECTA,consulta explícita de una categoría minoritaria,100
LhTyJdATss4,https://www.youtube.com/watch?v=LhTyJdATss4,Rímac: Empresarios siguen siendo extorsionados y nadie hace nada,Buenos Días Perú,UCFnOwPrJ-Skrzk_GPNBV5tg,322.0,targeted_search,sicario amenaza empresario Perú,95,AMENAZA_DIRECTA,consulta explícita de una categoría minoritaria,100
9wiUfY9QrTA,https://www.youtube.com/watch?v=9wiUfY9QrTA,"🚨 Los NARCOS de Rosario AMENAZARON A NAHUEL SUÁREZ, parte del equipo de América y A24",A24com,UCR9120YBAqMfntqgRTKmkjQ,417.0,targeted_search,sicario amenaza empresario Perú,96,AMENAZA_DIRECTA,consulta explícita de una categoría minoritaria,100
KtaLHyH8nXc,https://www.youtube.com/watch?v=KtaLHyH8nXc,"Los Olivos: sicario asesina a madre de policías, presuntamente, por venganza",Buenos Días Perú,UCFnOwPrJ-Skrzk_GPNBV5tg,865.0,targeted_search,sicario amenaza empresario Perú,97,AMENAZA_DIRECTA,consulta explícita de una categoría minoritaria,100
1HelpsJpXS4,https://www.youtube.com/watch?v=1HelpsJpXS4,Security camera captures shocking assassination in Guayaquil,TVC Noticias,UCzgiMsJy9d_EPWfdv630RUw,117.0,targeted_search,sicario amenaza empresario Perú,98,AMENAZA_DIRECTA,consulta explícita de una categoría minoritaria,100
N9DgKAsmz4s,https://www.youtube.com/watch?v=N9DgKAsmz4s,Tumbes: capturan a delincuente de 19 años tras atentar contra la vivienda de empresario,Buenos Días Perú,UCFnOwPrJ-Skrzk_GPNBV5tg,95.0,targeted_search,sicario amenaza empresario Perú,99,AMENAZA_DIRECTA,consulta explícita de una categoría minoritaria,100
YF41lWR3S0U,https://www.youtube.com/watch?v=YF41lWR3S0U,El Callao sin tregua: asesinan a líder en guerra de cupos y extorsión de Ventanilla,Panorama,UCBiq92lt_ufNO-ktZigVXgg,778.0,targeted_search,sicario amenaza empresario Perú,100,AMENAZA_DIRECTA,consulta explícita de una categoría minoritaria,100
rMYZTEvWs6o,https://www.youtube.com/watch?v=rMYZTEvWs6o,"Menor que estaría secuestrada envía audio a su madre: “no me sigas buscando, no voy a volver”",Buenos Días Perú,UCFnOwPrJ-Skrzk_GPNBV5tg,199.0,targeted_search,te voy a matar audio denuncia Perú,1,AMENAZA_DIRECTA,consulta explícita de una categoría minoritaria,100
iDHUBY-MOL4,https://www.youtube.com/watch?v=iDHUBY-MOL4,Un dia te wa lapear con mi gampi 😡 dejate e huevadas.,RANDOM VIDEOS,UCr6tZxGWGQetM2Hoiu9iOIQ,20.0,targeted_search,te voy a matar audio denuncia Perú,2,AMENAZA_DIRECTA,consulta explícita de una categoría minoritaria,100
E9l11PsuHCw,https://www.youtube.com/watch?v=E9l11PsuHCw,You're not going to be called Goku...,Zeta Mundo,UCFmwnAlSCs5Y7H08_0SG1Qg,14.0,targeted_search,te voy a matar audio denuncia Perú,4,AMENAZA_DIRECTA,consulta explícita de una categoría minoritaria,100
I17zqyGbAlU,https://www.youtube.com/watch?v=I17zqyGbAlU,El Director PC golpea a Cartman - South Park Clips Latino,Usuario Promedio,UCHoJnjIg1tP2J_V5D8JBAiA,95.0,targeted_search,te voy a matar audio denuncia Perú,5,AMENAZA_DIRECTA,consulta explícita de una categoría minoritaria,100
EK6VgEZPGkU,https://www.youtube.com/watch?v=EK6VgEZPGkU,WhatsApp Audio #1,Reíte pue mi gente,UCA4tWENZMTVmH6yZBiAPMjA,54.0,targeted_search,te voy a matar audio denuncia Perú,7,AMENAZA_DIRECTA,consulta explícita de una categoría minoritaria,100
w1xzhy7hLyU,https://www.youtube.com/watch?v=w1xzhy7hLyU,"chibolo ctmr, eres gil y morirás gil - Woody Toy Story",Rex Anestesiado,UCp8ok938HJLanO8bO-ca-Fw,118.0,targeted_search,te voy a matar audio denuncia Perú,8,AMENAZA_DIRECTA,consulta explícita de una categoría minoritaria,100
K3mn7LIwR1I,https://www.youtube.com/watch?v=K3mn7LIwR1I,Amores De Barrio   Zona Infame x Bulper x SloowTrack,TONY MONTANA,UCv3WVB8cmvWnADL-1ALvwJg,228.0,targeted_search,te voy a matar audio denuncia Perú,9,AMENAZA_DIRECTA,consulta explícita de una categoría minoritaria,100
J1sZOWuSqGs,https://www.youtube.com/watch?v=J1sZOWuSqGs,Pelo habla - No tocar [Audio español],Sr Pelo,UCt-GOpCw4dOBlIyqL9A1ztA,320.0,targeted_search,te voy a matar audio denuncia Perú,10,AMENAZA_DIRECTA,consulta explícita de una categoría minoritaria,100
fx8tGunSflw,https://www.youtube.com/watch?v=fx8tGunSflw,a delante matame pero a golpes por que con pistola yo tambien puedo😎 (Video Oficial),Ulises Ovejero,UCE2IOjqQqGOBROxYRrPotxQ,19.0,targeted_search,te voy a matar audio denuncia Perú,11,AMENAZA_DIRECTA,consulta explícita de una categoría minoritaria,100
XEO99obrmAs,https://www.youtube.com/watch?v=XEO99obrmAs,LOS INSERVIBLES EN EL JUICIO 🗣,El Canolexx,UCRSBn-sRqIjE1VUOwk_V4GQ,512.0,targeted_search,te voy a matar audio denuncia Perú,12,AMENAZA_DIRECTA,consulta explícita de una categoría minoritaria,100
YuvuYN2Y0y4,https://www.youtube.com/watch?v=YuvuYN2Y0y4,IMPERFECT CRIMES CHAPTER 2025 - THE MARICIELO CASE - FULL CHAPTER,Crimenes Imperfectos Expedientes X,UCfJqE5YFCfL1HJ00cCNNr_Q,1160.0,targeted_search,te voy a matar audio denuncia Perú,14,AMENAZA_DIRECTA,consulta explícita de una categoría minoritaria,100
WtyJeRbUHs0,https://www.youtube.com/watch?v=WtyJeRbUHs0,"LA TRAVIESA - ATAQUE RASTA DJ EL CUERVO ""Video oficial"" Reggaeton Peruano p°2001",DJ EL CUERVO,UC1FFD-TRhncVM2-uhviV_xg,235.0,targeted_search,te voy a matar audio denuncia Perú,15,AMENAZA_DIRECTA,consulta explícita de una categoría minoritaria,100
m2ZL6kvYA3I,https://www.youtube.com/watch?v=m2ZL6kvYA3I,"""Te voy a hacer heterosexual a hostias"". Agresión homófoba en Barcelona el día del pregón del Pride",La Vanguardia,UClLLRs_mFTsNT5U-DqTYAGg,105.0,targeted_search,te voy a matar audio denuncia Perú,16,AMENAZA_DIRECTA,consulta explícita de una categoría minoritaria,100
NiVo0qzy8qU,https://www.youtube.com/watch?v=NiVo0qzy8qU,Un oficial de policía se defendió a escopetazos de motochorros en Tucumán,Todo Noticias,UCj6PcyLvpnIRT_2W_mwa9Aw,216.0,targeted_search,te voy a matar audio denuncia Perú,17,AMENAZA_DIRECTA,consulta explícita de una categoría minoritaria,100
PF8LGbmM5v4,https://www.youtube.com/watch?v=PF8LGbmM5v4,"Yerzy, Louis Producer - Los Menores Ya Crecimos (Official Video)",Louis Producer,UC_ybWf7uo1Nii-PZT624JZA,192.0,targeted_search,te voy a matar audio denuncia Perú,18,AMENAZA_DIRECTA,consulta explícita de una categoría minoritaria,100
HFtGcvG4UVg,https://www.youtube.com/watch?v=HFtGcvG4UVg,Juez lloró al escuchar cómo bebé de 22 meses fue abusado y maltratado hasta morir,Noticias Caracol,UC2Xq2PK-got3Rtz9ZJ32hLQ,138.0,targeted_search,te voy a matar audio denuncia Perú,19,AMENAZA_DIRECTA,consulta explícita de una categoría minoritaria,100
gDGgv1RGi4E,https://www.youtube.com/watch?v=gDGgv1RGi4E,Live Drug-Free in 4K 60FPS,Recnux,UCQpHLKNmGosqo1pURYBx3pQ,31.0,targeted_search,te voy a matar audio denuncia Perú,20,AMENAZA_DIRECTA,consulta explícita de una categoría minoritaria,100
w8COPOH15HE,https://www.youtube.com/watch?v=w8COPOH15HE,Cartman se ríe de enano,Geovanni Murcia,UC_12ZoiKqb6zfWunCdRRfjw,84.0,targeted_search,te voy a matar audio denuncia Perú,21,AMENAZA_DIRECTA,consulta explícita de una categoría minoritaria,100
IaR_5fcW90s,https://www.youtube.com/watch?v=IaR_5fcW90s,HIJA DE KEIKO FUJIMORI FURIOSA ADVIERTE CON ELIMINAR A PARTICIPANTE DEL CONCURSO?,Break Espectáculos,UCdJEu1nCsFBHcTXqlSVHSZw,168.0,targeted_search,te voy a matar audio denuncia Perú,22,AMENAZA_DIRECTA,consulta explícita de una categoría minoritaria,100
eLDOPUkqW0Y,https://www.youtube.com/watch?v=eLDOPUkqW0Y,yo después de ver esto 💀,el pro de mastercraft,UCcnFfqmPZlH5RGjIm-K9WHw,84.0,targeted_search,te voy a matar audio denuncia Perú,23,AMENAZA_DIRECTA,consulta explícita de una categoría minoritaria,100
iKY8V-CA_bk,https://www.youtube.com/watch?v=iKY8V-CA_bk,HABLANDO HUEVADAS - Décima Temporada [JORGE GANA UNA RIFA],Hablando Huevadas,UCba1vMvOHWlMddLARS382Zw,5887.0,targeted_search,te voy a matar audio denuncia Perú,24,AMENAZA_DIRECTA,consulta explícita de una categoría minoritaria,100
OIElj2X0qT0,https://www.youtube.com/watch?v=OIElj2X0qT0,"HABLANDO HUEVADAS- [""Jorge Descansa en Paz""]- Trigésimo Cuarto Episodio",Hablando Huevadas,UCba1vMvOHWlMddLARS382Zw,4325.0,targeted_search,te voy a matar audio denuncia Perú,25,AMENAZA_DIRECTA,consulta explícita de una categoría minoritaria,100
l-3RU46fHrY,https://www.youtube.com/watch?v=l-3RU46fHrY,HABLANDO HUEVADAS - Octava Temporada [CHICA INFIEL PIDE PERDÓN],Hablando Huevadas,UCba1vMvOHWlMddLARS382Zw,5419.0,targeted_search,te voy a matar audio denuncia Perú,26,AMENAZA_DIRECTA,consulta explícita de una categoría minoritaria,100
aEUnj7q6MCc,https://www.youtube.com/watch?v=aEUnj7q6MCc,HABLANDO HUEVADAS - Especial PreTemporada [NUESTRAS MAMÁS SON POBRES],Hablando Huevadas,UCba1vMvOHWlMddLARS382Zw,4769.0,targeted_search,te voy a matar audio denuncia Perú,27,AMENAZA_DIRECTA,consulta explícita de una categoría minoritaria,100
YxrNCbXk2NI,https://www.youtube.com/watch?v=YxrNCbXk2NI,Tú me vas a dejar  - Charlis de la cumbia ( Peña Huarique de Alarcón),Charlis de la Cumbia,UCLurFiLCpEDEK4wUZX3OWwg,332.0,targeted_search,te voy a matar audio denuncia Perú,29,AMENAZA_DIRECTA,consulta explícita de una categoría minoritaria,100
RYBSJdUHDUo,https://www.youtube.com/watch?v=RYBSJdUHDUo,"Denuncia contra Dennis Falvy. Prepotencia ""no negociable"". 1",eljusticio,UCkDZOthP55TUjDjreJ8qeDw,428.0,targeted_search,te voy a matar audio denuncia Perú,30,AMENAZA_DIRECTA,consulta explícita de una categoría minoritaria,100
jOAxQOh2tOg,https://www.youtube.com/watch?v=jOAxQOh2tOg,"'Los Diez Mandamientos' (1956) | Escena: ""Una ciudad para Faraón""",Historia y Vidas,UCzRzjJNpWSnWEDv1kXf5zlw,372.0,targeted_search,te voy a matar audio denuncia Perú,31,AMENAZA_DIRECTA,consulta explícita de una categoría minoritaria,100
y5DYSxHalo8,https://www.youtube.com/watch?v=y5DYSxHalo8,HABLANDO HUEVADAS - Décima Temporada [LESBIANAS CRIOLLAS],Hablando Huevadas,UCba1vMvOHWlMddLARS382Zw,5733.0,targeted_search,te voy a matar audio denuncia Perú,32,AMENAZA_DIRECTA,consulta explícita de una categoría minoritaria,100
ea7LRxEiq8k,https://www.youtube.com/watch?v=ea7LRxEiq8k,Pelo Habla - Guerra de Generos [Spanish],Sr Pelo,UCt-GOpCw4dOBlIyqL9A1ztA,578.0,targeted_search,te voy a matar audio denuncia Perú,34,AMENAZA_DIRECTA,consulta explícita de una categoría minoritaria,100
8A_IBNIFVeQ,https://www.youtube.com/watch?v=8A_IBNIFVeQ,Cartman entra al baño de mujeres | South Park | Paramount+,Paramount+ México,UCW8leg1zCALE3STqOhisitA,190.0,targeted_search,te voy a matar audio denuncia Perú,35,AMENAZA_DIRECTA,consulta explícita de una categoría minoritaria,100
F9stTAQgF94,https://www.youtube.com/watch?v=F9stTAQgF94,"Cholo Juanito / el acalde  , primucha y el indio asqueroso la carcel",Adryan Ayuque,UCXUKO6rcz7z5FJFHOXHL_fw,2294.0,targeted_search,te voy a matar audio denuncia Perú,36,AMENAZA_DIRECTA,consulta explícita de una categoría minoritaria,100
fH35hfIiP2c,https://www.youtube.com/watch?v=fH35hfIiP2c,el rostro aterrador del futbolista  jhon galliquio  ( Andrea ) 16 de septiembre de 2019,ATV . peru,UCVBKYJ3Gl6ZA7WZsQGzl84Q,3370.0,targeted_search,te voy a matar audio denuncia Perú,37,AMENAZA_DIRECTA,consulta explícita de una categoría minoritaria,100
IAWaVRAGrMM,https://www.youtube.com/watch?v=IAWaVRAGrMM,Police and civilians exchanged blows in San Juan de Urabá - Teleantioquia News,Teleantioquia Noticias,UC6bwdK-GgRTE1C4Sc9Pe3kg,97.0,targeted_search,te voy a matar audio denuncia Perú,38,AMENAZA_DIRECTA,consulta explícita de una categoría minoritaria,100
1J_wueU8XDs,https://www.youtube.com/watch?v=1J_wueU8XDs,♫♫Amor De Etiqueta - La Caro Band - Casa De La Salsa 26/10/18,CesarMambo Producciones,UCXhL0nmvjstPqe-RukO2mEQ,420.0,targeted_search,te voy a matar audio denuncia Perú,39,AMENAZA_DIRECTA,consulta explícita de una categoría minoritaria,100
q2oG0dnIMuc,https://www.youtube.com/watch?v=q2oG0dnIMuc,CHILA JATUN - Justicia para Vivir (Video Clip Oficial) HD,CHILA JATUN,UC7xTtUKnihDbCi-IhqxE1lw,159.0,targeted_search,te voy a matar audio denuncia Perú,40,AMENAZA_DIRECTA,consulta explícita de una categoría minoritaria,100
nCTC6mNHthU,https://www.youtube.com/watch?v=nCTC6mNHthU,José José - Me Vas a Echar de Menos (Video Oficial),José José,UCSPwNgHHyAtHanVaGN2LLWA,175.0,targeted_search,te voy a matar audio denuncia Perú,41,AMENAZA_DIRECTA,consulta explícita de una categoría minoritaria,100
CYXzOmmAUUQ,https://www.youtube.com/watch?v=CYXzOmmAUUQ,Fiscalizador sobre ataque de cantante de música chicha: “frenar su fiesta me iba a costar la vida”,Buenos Días Perú,UCFnOwPrJ-Skrzk_GPNBV5tg,214.0,targeted_search,te voy a matar audio denuncia Perú,42,AMENAZA_DIRECTA,consulta explícita de una categoría minoritaria,100
I4-AEKo_PGU,https://www.youtube.com/watch?v=I4-AEKo_PGU,Niño con enfermedad pide ayuda a El Mencho | Al Rojo Vivo,Al Rojo Vivo,UCDUxOvbwu1bnyD7AucP0ESw,63.0,targeted_search,te voy a matar audio denuncia Perú,43,AMENAZA_DIRECTA,consulta explícita de una categoría minoritaria,100
LqnBbUlH8PQ,https://www.youtube.com/watch?v=LqnBbUlH8PQ,Acábame (Videoclip Oficial) - Caribeños de Guadalupe,Caribeños de Guadalupe,UC3pMetYy3r2vATjQXMP-9Rw,249.0,targeted_search,te voy a matar audio denuncia Perú,44,AMENAZA_DIRECTA,consulta explícita de una categoría minoritaria,100
C8_O72SwF2I,https://www.youtube.com/watch?v=C8_O72SwF2I,GASPAR CORDOVA Y SUS 3 FRONTERAS - POR TU MAL CARIÑO - VIDEO CLIP OFICIAL 2022,RONEP PRODUCCIONES,UCAAlAf2vMJOoJ0kDSn-2BOQ,281.0,targeted_search,te voy a matar audio denuncia Perú,45,AMENAZA_DIRECTA,consulta explícita de una categoría minoritaria,100
jRP9rfmkgTk,https://www.youtube.com/watch?v=jRP9rfmkgTk,Canserbero -  Maquiavélico [Muerte],El Canserbero,UC-Gh7ndBnNZvGRjCzlt2Ecw,285.0,targeted_search,te voy a matar audio denuncia Perú,46,AMENAZA_DIRECTA,consulta explícita de una categoría minoritaria,100
7khN4gNBbCw,https://www.youtube.com/watch?v=7khN4gNBbCw,AMANECER SIN TI - LOS CHARLIS DE LA CUMBIA / HUARIQUE DE ALARCON  2023 EN VIVO,Charlis de la Cumbia,UCLurFiLCpEDEK4wUZX3OWwg,269.0,targeted_search,te voy a matar audio denuncia Perú,47,AMENAZA_DIRECTA,consulta explícita de una categoría minoritaria,100
gWqhn71Ran0,https://www.youtube.com/watch?v=gWqhn71Ran0,Audios demuestran la mentalidad criminal de Luis,Nunca MAS,UCFqwxsa2Wp6Y5FkUAcGShGA,529.0,targeted_search,te voy a matar audio denuncia Perú,48,AMENAZA_DIRECTA,consulta explícita de una categoría minoritaria,100
17QJSPkt_WM,https://www.youtube.com/watch?v=17QJSPkt_WM,Qué hacer con un hijo adicto a las drogas,Adictalia,UC2OAtJ8fMjEURnXjs-JSX7A,59.0,targeted_search,te voy a matar audio denuncia Perú,49,AMENAZA_DIRECTA,consulta explícita de una categoría minoritaria,100
7LAeCEIN5Oc,https://www.youtube.com/watch?v=7LAeCEIN5Oc,El Crimen de Una Madre PELÍCULA COMPLETA | Películas de Suspenso | Pelis de Estrella,Pelis De Estrella,UCDQvy70cRJOR5Ot6QbwM3rQ,5328.0,targeted_search,te voy a matar audio denuncia Perú,50,AMENAZA_DIRECTA,consulta explícita de una categoría minoritaria,100
xL_aiQLkDKo,https://www.youtube.com/watch?v=xL_aiQLkDKo,Abusaba de su hijastra sin que su esposa lo supiera 🤕💔🚨 | Caso Cerrado Capítulo Completo,Caso Cerrado,UCGbofRROopWrumVob5w61OA,1332.0,targeted_search,te voy a matar audio denuncia Perú,51,AMENAZA_DIRECTA,consulta explícita de una categoría minoritaria,100
jQXLQlvkDAs,https://www.youtube.com/watch?v=jQXLQlvkDAs,Patricia Simons abogada de los abusivos,eljusticio,UCkDZOthP55TUjDjreJ8qeDw,431.0,targeted_search,te voy a matar audio denuncia Perú,52,AMENAZA_DIRECTA,consulta explícita de una categoría minoritaria,100
p8BIKvq6sLo,https://www.youtube.com/watch?v=p8BIKvq6sLo,ATAQUE RASTA DJ EL CUERVO - MUEVETE MI GIRLA REMIX MOVER YAL DjElCuervo  REGGAETON PERUANO BORGIA,DJ EL CUERVO,UC1FFD-TRhncVM2-uhviV_xg,237.0,targeted_search,te voy a matar audio denuncia Perú,53,AMENAZA_DIRECTA,consulta explícita de una categoría minoritaria,100
kIgJbc0VwEI,https://www.youtube.com/watch?v=kIgJbc0VwEI,El capulí / La cuyanita - Los 20 Años de los Alegres  en Bambamarca,JUANESMUSIC CONCIERTOS,UCqPKglekSsFN1u8XUnoYLFg,909.0,targeted_search,te voy a matar audio denuncia Perú,54,AMENAZA_DIRECTA,consulta explícita de una categoría minoritaria,100
wB1oysYBPas,https://www.youtube.com/watch?v=wB1oysYBPas,"Viejo estúpido, Caso Cerrado.ZIP | Caso Cerrado | Telemundo",Caso Cerrado,UCGbofRROopWrumVob5w61OA,470.0,targeted_search,te voy a matar audio denuncia Perú,55,AMENAZA_DIRECTA,consulta explícita de una categoría minoritaria,100
9_Yir2durKA,https://www.youtube.com/watch?v=9_Yir2durKA,Agua Marina - Tu Juego (En Vivo),Agua Marina Oficial,UCn8boXRzdYZaVaTXfGZF4-g,199.0,targeted_search,te voy a matar audio denuncia Perú,56,AMENAZA_DIRECTA,consulta explícita de una categoría minoritaria,100
DCfPO6Wjr2Q,https://www.youtube.com/watch?v=DCfPO6Wjr2Q,"iñigo quintero - Que No Sé a Dónde Voy, No Es Real (Music Video)",Royalty Music,UCGA1X4jhGqlrKZYMvmYghkA,229.0,targeted_search,te voy a matar audio denuncia Perú,57,AMENAZA_DIRECTA,consulta explícita de una categoría minoritaria,100
NjkNdVSW5uU,https://www.youtube.com/watch?v=NjkNdVSW5uU,CHOLO JUANITO AND RICHARD DUGLAS VOL. 8 - SOCIAL NETWORKS Part. 4,Producciones Amor Amor,UCTsbTUgyo4UwWyh8oeaCyiw,205.0,targeted_search,te voy a matar audio denuncia Perú,58,AMENAZA_DIRECTA,consulta explícita de una categoría minoritaria,100
aFUPFx1wtck,https://www.youtube.com/watch?v=aFUPFx1wtck,"""Amor, comprensión y ternura""",magnoparanoia,UCQvQWK-axioyk7Y1BUlcvWg,625.0,targeted_search,te voy a matar audio denuncia Perú,59,AMENAZA_DIRECTA,consulta explícita de una categoría minoritaria,100
qblE5nX7Hok,https://www.youtube.com/watch?v=qblE5nX7Hok,HABLANDO HUEVADAS - Novena Temporada [LA MAMÁ DE JORGE LE PEGÓ EN SU COLEGIO],Hablando Huevadas,UCba1vMvOHWlMddLARS382Zw,6625.0,targeted_search,te voy a matar audio denuncia Perú,60,AMENAZA_DIRECTA,consulta explícita de una categoría minoritaria,100
LDVfPPRgLs8,https://www.youtube.com/watch?v=LDVfPPRgLs8,Cervecita El Calmante de mi Tristeza - Nuevo Stilo - Video Clip Oficial,Nuevo Stilo,UCIfV6qGDCDS5Cm7WoCUyFdw,333.0,targeted_search,te voy a matar audio denuncia Perú,61,AMENAZA_DIRECTA,consulta explícita de una categoría minoritaria,100
8XqYxwxLh_4,https://www.youtube.com/watch?v=8XqYxwxLh_4,Hector Lavoe - Ausencia,Djchikito balanta,UCvB1SuZHQM5P-IADoe0Fmcw,304.0,targeted_search,te voy a matar audio denuncia Perú,62,AMENAZA_DIRECTA,consulta explícita de una categoría minoritaria,100
Ojm7dlha3uU,https://www.youtube.com/watch?v=Ojm7dlha3uU,Chacalon Jr - Nuestro Amor Murió (CONCIERTOS DE CUMPLEAÑOS) 2021,Chacalon Jr,UCw1VjUoBi-zeZNSiw-X9sYQ,259.0,targeted_search,te voy a matar audio denuncia Perú,63,AMENAZA_DIRECTA,consulta explícita de una categoría minoritaria,100
M7SlURf43JM,https://www.youtube.com/watch?v=M7SlURf43JM,DONDE ESTA ESE AMOR - Carlos Mata,Sonografica,UCov7YM49t_mzYUcvXdhRLSg,231.0,targeted_search,te voy a matar audio denuncia Perú,64,AMENAZA_DIRECTA,consulta explícita de una categoría minoritaria,100
nuvM39m_NJI,https://www.youtube.com/watch?v=nuvM39m_NJI,como ponerse accesorios en campos de batalla mas fuertes/Roblox,Mike Wazowski táctico ,UCFonHHFQKBbRA-N78waS5jQ,13.0,targeted_search,te voy a matar audio denuncia Perú,65,AMENAZA_DIRECTA,consulta explícita de una categoría minoritaria,100
ojO1DPu35mY,https://www.youtube.com/watch?v=ojO1DPu35mY,Martina Portocarrero - Flor de Retama (en vivo) [HD],Luis Burga,UCTDhSVsHHHmywina9nqNZwA,304.0,targeted_search,te voy a matar audio denuncia Perú,66,AMENAZA_DIRECTA,consulta explícita de una categoría minoritaria,100
e6qOJWm6-Is,https://www.youtube.com/watch?v=e6qOJWm6-Is,"Pasado de Alastor en Orden (Hazbin Hotel Cover en Español) Upside Down, Daisies, Insane",IFunQA,UCr7PybMZVGLSGFeI-cEON5A,460.0,targeted_search,te voy a matar audio denuncia Perú,67,AMENAZA_DIRECTA,consulta explícita de una categoría minoritaria,100
_1VfPFuODNY,https://www.youtube.com/watch?v=_1VfPFuODNY,MARISOL Y LA MAGIA DEL NORTE - GITANA / OFICIAL,MARISOL LA FARAONA DE LA CUMBIA,UC3p6KiAv8Aiv0rY2-zWNW-w,254.0,targeted_search,te voy a matar audio denuncia Perú,69,AMENAZA_DIRECTA,consulta explícita de una categoría minoritaria,100
eFgPOGJb0Bc,https://www.youtube.com/watch?v=eFgPOGJb0Bc,GONZALO NAWEL - Sin Filtro (Video Oficial) Prod. @ARIELELPANAOFICIAL,Gonzalo Nawel,UCP8RKd3xEcTclN_1gom86sQ,193.0,targeted_search,te voy a matar audio denuncia Perú,70,AMENAZA_DIRECTA,consulta explícita de una categoría minoritaria,100
GJTrdMAk9WE,https://www.youtube.com/watch?v=GJTrdMAk9WE,Chacalon Jr - A los Bosques Me Interno Yo,Chacalon Jr,UCw1VjUoBi-zeZNSiw-X9sYQ,144.0,targeted_search,te voy a matar audio denuncia Perú,71,AMENAZA_DIRECTA,consulta explícita de una categoría minoritaria,100
njQDTom6fLE,https://www.youtube.com/watch?v=njQDTom6fLE,Caso Cerrado | ¡Me gusta que me pongan los cuernos! 🔥😈💔,Caso Cerrado,UCGbofRROopWrumVob5w61OA,1104.0,targeted_search,te voy a matar audio denuncia Perú,72,AMENAZA_DIRECTA,consulta explícita de una categoría minoritaria,100
_TgMWePggZ8,https://www.youtube.com/watch?v=_TgMWePggZ8,Chacalon Jr - Te Quiero Mi Amor / Corazón de Piedra / La Lluvia - Rumba en Venecia - 2024,Chacalon Jr,UCw1VjUoBi-zeZNSiw-X9sYQ,299.0,targeted_search,te voy a matar audio denuncia Perú,73,AMENAZA_DIRECTA,consulta explícita de una categoría minoritaria,100
wsjtEZBba0Q,https://www.youtube.com/watch?v=wsjtEZBba0Q,Wolty - Miercoles 14 (@Biscarrita ),Wolty and Biscarrita,,186.0,targeted_search,te voy a matar audio denuncia Perú,74,AMENAZA_DIRECTA,consulta explícita de una categoría minoritaria,100
i1CVH4-23Ho,https://www.youtube.com/watch?v=i1CVH4-23Ho,"POLICÍA, POLICÍA, DE NOCHE Y DE DÍA | GTA San Andreas Colombia",el Chirri Stream,UCeHQoo6NZZhfseziLvAX1Zw,133.0,targeted_search,te voy a matar audio denuncia Perú,75,AMENAZA_DIRECTA,consulta explícita de una categoría minoritaria,100
bVpwemqkWjg,https://www.youtube.com/watch?v=bVpwemqkWjg,Policía para los berrinches de los niños,José luis González,UC3LxPcqlgTBzAj_2i2wX1tw,73.0,targeted_search,te voy a matar audio denuncia Perú,76,AMENAZA_DIRECTA,consulta explícita de una categoría minoritaria,100
8XO_LNpIavQ,https://www.youtube.com/watch?v=8XO_LNpIavQ,Polémico arresto de niño en México por robo menor | Al Rojo Vivo | Telemundo,Al Rojo Vivo,UCDUxOvbwu1bnyD7AucP0ESw,39.0,targeted_search,te voy a matar audio denuncia Perú,77,AMENAZA_DIRECTA,consulta explícita de una categoría minoritaria,100
y6W_csFlG8w,https://www.youtube.com/watch?v=y6W_csFlG8w,Traicionera - Pastor Lopez (Video En Vivo - Fuentes All Stars) | Discos Fuentes,Discos Fuentes Edimusica,UCujftLy4DoKZH-E7jttVMAQ,205.0,targeted_search,te voy a matar audio denuncia Perú,78,AMENAZA_DIRECTA,consulta explícita de una categoría minoritaria,100
rM0nyJ4OWOQ,https://www.youtube.com/watch?v=rM0nyJ4OWOQ,No Debiste Ser Pobre | South Park | Comedy Central LA,Comedy Central Latinoamérica,UCJGanRdrtdqYlDPoBEM_C_A,222.0,targeted_search,te voy a matar audio denuncia Perú,79,AMENAZA_DIRECTA,consulta explícita de una categoría minoritaria,100
Ybhi0IBB-8I,https://www.youtube.com/watch?v=Ybhi0IBB-8I,Arcángel - La Franquicia (Video Oficial),Arcangel,UCu4bj03KW4CwAsYtHSwMEsQ,225.0,targeted_search,te voy a matar audio denuncia Perú,80,AMENAZA_DIRECTA,consulta explícita de una categoría minoritaria,100
GBpJwhqQ9iI,https://www.youtube.com/watch?v=GBpJwhqQ9iI,Madre racista no quiere al novio de su hija 🤐💍🧒🏽| Caso Cerrado Capítulo Completo,Caso Cerrado,UCGbofRROopWrumVob5w61OA,1097.0,targeted_search,te voy a matar audio denuncia Perú,81,AMENAZA_DIRECTA,consulta explícita de una categoría minoritaria,100
OxcQLsrl_Sc,https://www.youtube.com/watch?v=OxcQLsrl_Sc,"Daniel Luque, primer toro, Feria de Abril, Sevilla 03-05-2025, CanalSur Más",De pitón a pitón,UCNZzNyJgBrpyxXgXn251-rw,153.0,targeted_search,te voy a matar audio denuncia Perú,82,AMENAZA_DIRECTA,consulta explícita de una categoría minoritaria,100
c-c9CXogX9o,https://www.youtube.com/watch?v=c-c9CXogX9o,SOLEDAD - VICO Y SU GRUPO KARICIA,Vico Karicia Oficial,UClgCqgdtzLO4ROvOi-5ampg,189.0,targeted_search,te voy a matar audio denuncia Perú,83,AMENAZA_DIRECTA,consulta explícita de una categoría minoritaria,100
H0RmXWEKXOs,https://www.youtube.com/watch?v=H0RmXWEKXOs,Viven el peor infierno en la secundaria | La rosa de Guadalupe 1/4 | El camino a la inclusión,La Rosa de Guadalupe,UCGs30k8MveMERD3askAgNYA,731.0,targeted_search,te voy a matar audio denuncia Perú,84,AMENAZA_DIRECTA,consulta explícita de una categoría minoritaria,100
e0d6auuV_pE,https://www.youtube.com/watch?v=e0d6auuV_pE,Todavía tienes derecho 😔💔💔 Elías Ayavira ft Yarit ft Seximan 💕💗,Rocio gomez quispe,UCsBagO_18-BmDdqI4le-DaA,242.0,targeted_search,te voy a matar audio denuncia Perú,85,AMENAZA_DIRECTA,consulta explícita de una categoría minoritaria,100
g-hq_tkcJw8,https://www.youtube.com/watch?v=g-hq_tkcJw8,Pablo Escobar Le Pide Ayuda a Aurelio Casillas,El Señor De Los Cielos TV,UC9rtsyvb2gn-8kJRAb1MFXw,153.0,targeted_search,te voy a matar audio denuncia Perú,86,AMENAZA_DIRECTA,consulta explícita de una categoría minoritaria,100
k62iROCJIo0,https://www.youtube.com/watch?v=k62iROCJIo0,Hinata se pone celosa de Naruto y Sakura| Español Latino,useranime_naruto_oficial,UCOpyqh1IHflk1DVs28KR-bg,31.0,targeted_search,te voy a matar audio denuncia Perú,87,AMENAZA_DIRECTA,consulta explícita de una categoría minoritaria,100
Q1pJCiNc_es,https://www.youtube.com/watch?v=Q1pJCiNc_es,Tu ausencia letra - Pedro arroyo (Frases en Salsa),FrasesEnSalsa,UCbAnWtrFkPE_AsRuJHC7xdw,267.0,targeted_search,te voy a matar audio denuncia Perú,88,AMENAZA_DIRECTA,consulta explícita de una categoría minoritaria,100
fAWyg7rr8hU,https://www.youtube.com/watch?v=fAWyg7rr8hU,Por amarte así - Zafiro Sensual (Video Oficial) I Waykis Producciones,Waykis Producciones,UCNzXqBPT9ylqju6_mgDjmBA,441.0,targeted_search,te voy a matar audio denuncia Perú,89,AMENAZA_DIRECTA,consulta explícita de una categoría minoritaria,100
PhpSwSBbdxM,https://www.youtube.com/watch?v=PhpSwSBbdxM,"Inti-Illimani - El pueblo unido jamás será vencido, de 1974, subtitulado al inglés",geilemusik,UCdQcPLhqQ86ZfzPceTFSL5A,223.0,targeted_search,te voy a matar audio denuncia Perú,90,AMENAZA_DIRECTA,consulta explícita de una categoría minoritaria,100
UHQ6z86wiiI,https://www.youtube.com/watch?v=UHQ6z86wiiI,El Jincho - Delincuente (VIDEOCLIP OFICIAL),EL JINCHO LA GENTE FUERTE,UCCVjU-WHIO86LCiwMReLdlA,252.0,targeted_search,te voy a matar audio denuncia Perú,91,AMENAZA_DIRECTA,consulta explícita de una categoría minoritaria,100
xeo3d6riTcU,https://www.youtube.com/watch?v=xeo3d6riTcU,DIME QUIEN & POR QUE TE VAZ   / LOS ALEGRES DE BAMBAMARCA / EN VIVO LIMA PERÚ,JUANESMUSIC CONCIERTOS,UCqPKglekSsFN1u8XUnoYLFg,684.0,targeted_search,te voy a matar audio denuncia Perú,92,AMENAZA_DIRECTA,consulta explícita de una categoría minoritaria,100
CV8CWdNKoYM,https://www.youtube.com/watch?v=CV8CWdNKoYM,Amor De Etiqueta,La Caro Band,UCwfD_F7uDQuD9-oEPmgrF6g,292.0,targeted_search,te voy a matar audio denuncia Perú,93,AMENAZA_DIRECTA,consulta explícita de una categoría minoritaria,100
8fAbCvcL5lA,https://www.youtube.com/watch?v=8fAbCvcL5lA,"Maradona: ""A los que no creían, que la chupen""",RTVE Play,UCqlsTzBv49Uiu8Z3IseVgQQ,40.0,targeted_search,te voy a matar audio denuncia Perú,94,AMENAZA_DIRECTA,consulta explícita de una categoría minoritaria,100
97yqfSfdE7I,https://www.youtube.com/watch?v=97yqfSfdE7I,DILE QUE NO - MARISOL Y LA MAGIA DEL NORTE Y @LeslieShawMusica,MARISOL LA FARAONA DE LA CUMBIA,UC3p6KiAv8Aiv0rY2-zWNW-w,271.0,targeted_search,te voy a matar audio denuncia Perú,95,AMENAZA_DIRECTA,consulta explícita de una categoría minoritaria,100
VP06FkXRg_g,https://www.youtube.com/watch?v=VP06FkXRg_g,GONZALO NAWEL - Aplicando (Video Oficial) prod. @ARIELELPANAOFICIAL,Gonzalo Nawel,UCP8RKd3xEcTclN_1gom86sQ,213.0,targeted_search,te voy a matar audio denuncia Perú,96,AMENAZA_DIRECTA,consulta explícita de una categoría minoritaria,100
pP9Bto5lOEQ,https://www.youtube.com/watch?v=pP9Bto5lOEQ,"Patria y Vida - Yotuel , Gente de Zona, Decemer Bueno, Maykel Osorbo , El Funky",Yotuel,UCqSK2cnZ7-u-S8l97Jc8tyA,244.0,targeted_search,te voy a matar audio denuncia Perú,97,AMENAZA_DIRECTA,consulta explícita de una categoría minoritaria,100
P0sxDnuEza0,https://www.youtube.com/watch?v=P0sxDnuEza0,El Juramento - The Tropical Band Ft Elizabeth Obando (Official Video 4K),The Tropical Band,UCt4a0eLt8Ojnw0ceW9oOgbw,255.0,targeted_search,te voy a matar audio denuncia Perú,98,AMENAZA_DIRECTA,consulta explícita de una categoría minoritaria,100
PLCwvGob1gc,https://www.youtube.com/watch?v=PLCwvGob1gc,"La Familia P.Luche, C24: ¡Los P.Luches discuten por la tele! | T1 | Distrito Comedia",Distrito Comedia,UCms2rIXwmMvIpDUU69X0PoQ,396.0,targeted_search,te voy a matar audio denuncia Perú,99,AMENAZA_DIRECTA,consulta explícita de una categoría minoritaria,100
2QWhwJ1PrTo,https://www.youtube.com/watch?v=2QWhwJ1PrTo,"Víctima del sicariato, Javier Vargas: Querían matar a toda mi familia por dinero | PBO Claudia Toro",PBO,UCgR0st4ZLABi-LQcWNu3wnQ,225.0,targeted_search,te voy a matar audio denuncia Perú,100,AMENAZA_DIRECTA,consulta explícita de una categoría minoritaria,100
