selection_order,video_id,url,title,channel_title,channel_id,duration,discovery_type,discovery_source,source_rank,target_category,selection_reason,quota,round_robin,batch_id,selected_at
1,NEe_yi5dW4M,https://www.youtube.com/watch?v=NEe_yi5dW4M,Joven madre denuncia que su expareja un policía en actividad la amenaza de muerte,Buenos Días Perú,UCFnOwPrJ-Skrzk_GPNBV5tg,495.0,targeted_search,agresión amenazas mujer Perú,1,AMENAZA_DIRECTA,consulta explícita de una categoría minoritaria,100,1,ampliacion_amenaza_20260727_lote3,2026-07-27T08:51:03-05:00
2,yo277La4DbM,https://www.youtube.com/watch?v=yo277La4DbM,Extortionist caught while charging garage owner a fee | Primera Edición | News Peru,América Noticias,UCPhm2I2wk4vqjENwhn3px8A,168.0,targeted_search,amenaza cobrador de cupos Perú,1,AMENAZA_DIRECTA,consulta explícita de una categoría minoritaria,100,1,ampliacion_amenaza_20260727_lote3,2026-07-27T08:51:03-05:00
3,ERWK8uN8ZR0,https://www.youtube.com/watch?v=ERWK8uN8ZR0,El drama de los artistas bajo la extorsión: Amenazas y muertes en los conciertos de cumbia,Latina Noticias,UCpSJ5fGhmAME9Kx2D3ZvN3Q,858.0,targeted_search,amenaza en vivo televisión peruana,1,AMENAZA_DIRECTA,consulta explícita de una categoría minoritaria,100,1,ampliacion_amenaza_20260727_lote3,2026-07-27T08:51:03-05:00
4,sisC_I_cqcg,https://www.youtube.com/watch?v=sisC_I_cqcg,Consejera Regional recibe amenazas y vive momentos de angustia,Cosmos Televisión,UC_ept7M1UXlCfvcUrK49Ziw,180.0,targeted_search,amenaza redes sociales denuncia Perú,1,AMENAZA_DIRECTA,consulta explícita de una categoría minoritaria,100,1,ampliacion_amenaza_20260727_lote3,2026-07-27T08:51:03-05:00
5,UggzZoZi55Q,https://www.youtube.com/watch?v=UggzZoZi55Q,Amenazan a candidatos presidenciales en Perú,tejemedios,UCOSCC1ngjlTfZOPvjXd6PeQ,164.0,targeted_search,amenazan candidato político Perú,1,AMENAZA_DIRECTA,consulta explícita de una categoría minoritaria,100,1,ampliacion_amenaza_20260727_lote3,2026-07-27T08:51:03-05:00
6,YsFuYBSyKGI,https://www.youtube.com/watch?v=YsFuYBSyKGI,"Rafael Lopez Aliaga, amenazó de muerte al periodista Gustavo Gorriti",ElObjetivo.p,UCcq42SRWicxaXcqqaFGlOjQ,64.0,targeted_search,amenazan periodista alcalde Perú,1,AMENAZA_DIRECTA,consulta explícita de una categoría minoritaria,100,1,ampliacion_amenaza_20260727_lote3,2026-07-27T08:51:03-05:00
7,8vUcavNdUpM,https://www.youtube.com/watch?v=8vUcavNdUpM,Apagaron sus motores: Extorsionadores amenazan a transportistas tras cobro de cupos,Latina Noticias,UCpSJ5fGhmAME9Kx2D3ZvN3Q,184.0,targeted_search,amenazan transportistas extorsión Perú,1,AMENAZA_DIRECTA,consulta explícita de una categoría minoritaria,100,1,ampliacion_amenaza_20260727_lote3,2026-07-27T08:51:03-05:00
8,6YybjvVOZYc,https://www.youtube.com/watch?v=6YybjvVOZYc,🔴🔵 Extortionists threaten school in S.M.P. and the institution is forced to suspend classes,Exitosa Noticias,UCxgO_rak_BKZP8VNVmYqbWg,165.0,targeted_search,amenazas colegio extorsión Perú,1,AMENAZA_DIRECTA,consulta explícita de una categoría minoritaria,100,1,ampliacion_amenaza_20260727_lote3,2026-07-27T08:51:03-05:00
9,ixW_1h4Z-kQ,https://www.youtube.com/watch?v=ixW_1h4Z-kQ,Trujillo: empresario asesinado venía recibiendo amenazas de extorsión,Cosmos Televisión,UC_ept7M1UXlCfvcUrK49Ziw,132.0,targeted_search,sicario amenaza empresario Perú,1,AMENAZA_DIRECTA,consulta explícita de una categoría minoritaria,100,1,ampliacion_amenaza_20260727_lote3,2026-07-27T08:51:03-05:00
10,rMYZTEvWs6o,https://www.youtube.com/watch?v=rMYZTEvWs6o,"Menor que estaría secuestrada envía audio a su madre: “no me sigas buscando, no voy a volver”",Buenos Días Perú,UCFnOwPrJ-Skrzk_GPNBV5tg,199.0,targeted_search,te voy a matar audio denuncia Perú,1,AMENAZA_DIRECTA,consulta explícita de una categoría minoritaria,100,1,ampliacion_amenaza_20260727_lote3,2026-07-27T08:51:03-05:00
11,ksc7S1oS5Aw,https://www.youtube.com/watch?v=ksc7S1oS5Aw,Joven arrastrada por su pareja solicita garantías tras recibir amenazas,Buenos Días Perú,UCFnOwPrJ-Skrzk_GPNBV5tg,157.0,targeted_search,agresión amenazas mujer Perú,2,AMENAZA_DIRECTA,consulta explícita de una categoría minoritaria,100,2,ampliacion_amenaza_20260727_lote3,2026-07-27T08:51:03-05:00
12,mg9y8E718Bg,https://www.youtube.com/watch?v=mg9y8E718Bg,Empresario Manuel Liendo amenaza con arma de fuego a conductor,Panorama,UCBiq92lt_ufNO-ktZigVXgg,877.0,targeted_search,amenaza con arma denuncia Perú,2,AMENAZA_DIRECTA,consulta explícita de una categoría minoritaria,100,2,ampliacion_amenaza_20260727_lote3,2026-07-27T08:51:03-05:00
13,NVLDz9tAdqk,https://www.youtube.com/watch?v=NVLDz9tAdqk,John Kelvin denunció estar amenazado de secuestro,tvoperutv,UCwga7GiEFCCSstOEtQaRAgw,127.0,targeted_search,amenaza de secuestro denuncia Perú,2,AMENAZA_DIRECTA,consulta explícita de una categoría minoritaria,100,2,ampliacion_amenaza_20260727_lote3,2026-07-27T08:51:03-05:00
14,B14vN9cniCE,https://www.youtube.com/watch?v=B14vN9cniCE,"Los amenazan por mensaje, detonan explosivo y son identificados en cámara, pero no reciben ayuda",Latina Noticias,UCpSJ5fGhmAME9Kx2D3ZvN3Q,487.0,targeted_search,amenaza en vivo televisión peruana,2,AMENAZA_DIRECTA,consulta explícita de una categoría minoritaria,100,2,ampliacion_amenaza_20260727_lote3,2026-07-27T08:51:03-05:00
15,azkNr8IIZKc,https://www.youtube.com/watch?v=azkNr8IIZKc,El candidato de la Izquierda Pedro Castillo pide protección por las Amenazas de Muerte en Perú.,El Archivista Kerandi.,UC80-IuY0gCVm6kjI1OlSbdA,126.0,targeted_search,amenazan candidato político Perú,2,AMENAZA_DIRECTA,consulta explícita de una categoría minoritaria,100,2,ampliacion_amenaza_20260727_lote3,2026-07-27T08:51:03-05:00
16,I8pjVrwlf1U,https://www.youtube.com/watch?v=I8pjVrwlf1U,🔴🔵 ANP pide investigar amenazas contra periodistas de Exitosa que investigan al alcalde de Huaral,Exitosa Noticias,UCxgO_rak_BKZP8VNVmYqbWg,525.0,targeted_search,amenazan periodista alcalde Perú,2,AMENAZA_DIRECTA,consulta explícita de una categoría minoritaria,100,2,ampliacion_amenaza_20260727_lote3,2026-07-27T08:51:03-05:00
17,xcOPKsoTNVM,https://www.youtube.com/watch?v=xcOPKsoTNVM,Terror en Comas: colegio extorsionado contrata seguridad privada ante ola de amenazas,Buenos Días Perú,UCFnOwPrJ-Skrzk_GPNBV5tg,278.0,targeted_search,amenazas colegio extorsión Perú,2,AMENAZA_DIRECTA,consulta explícita de una categoría minoritaria,100,2,ampliacion_amenaza_20260727_lote3,2026-07-27T08:51:03-05:00
18,bgBCrGB4ch8,https://www.youtube.com/watch?v=bgBCrGB4ch8,Andrés Wiese denuncia agresión y amenazas de mujer,TVPerú Noticias,UCkZCoc42IipR1ucqJmIehsA,140.0,targeted_search,agresión amenazas mujer Perú,3,AMENAZA_DIRECTA,consulta explícita de una categoría minoritaria,100,3,ampliacion_amenaza_20260727_lote3,2026-07-27T08:51:03-05:00
19,lNf_cXlejSs,https://www.youtube.com/watch?v=lNf_cXlejSs,¿Qué puedo hacer si mi expareja me amenaza con difundir un video íntimo?,RPP Noticias,UC5j8-2FT0ZMMBkmK72R4aeA,1031.0,targeted_search,amenaza a pareja expareja Perú,3,AMENAZA_DIRECTA,consulta explícita de una categoría minoritaria,100,3,ampliacion_amenaza_20260727_lote3,2026-07-27T08:51:03-05:00
20,VVTo-oZHxG4,https://www.youtube.com/watch?v=VVTo-oZHxG4,VMT: Drunk police officer threatens woman with gun,TVPerú Noticias,UCkZCoc42IipR1ucqJmIehsA,191.0,targeted_search,amenaza con arma denuncia Perú,3,AMENAZA_DIRECTA,consulta explícita de una categoría minoritaria,100,3,ampliacion_amenaza_20260727_lote3,2026-07-27T08:51:03-05:00
21,QGmAj2U7rxA,https://www.youtube.com/watch?v=QGmAj2U7rxA,Iquitos: acusado por el Mininter de asaltar embarcación denuncia amenazas y presión policial,Buenos Días Perú,UCFnOwPrJ-Skrzk_GPNBV5tg,104.0,targeted_search,amenaza redes sociales denuncia Perú,3,AMENAZA_DIRECTA,consulta explícita de una categoría minoritaria,100,3,ampliacion_amenaza_20260727_lote3,2026-07-27T08:51:03-05:00
22,fvAKMm7rLOY,https://www.youtube.com/watch?v=fvAKMm7rLOY,"Alcalde de Ate expone a su trabajador que cobraba por licencias: ""¡Es un delincuente!""",ATV Noticias,UCYG5uXS3xdsoaXIxum1pAEw,475.0,targeted_search,amenazan periodista alcalde Perú,3,AMENAZA_DIRECTA,consulta explícita de una categoría minoritaria,100,3,ampliacion_amenaza_20260727_lote3,2026-07-27T08:51:03-05:00
23,9QXv1XNLJ3w,https://www.youtube.com/watch?v=9QXv1XNLJ3w,Sujetos amenazaban con bombas y extorsionaban a directora de colegio en VMT,TVPerú Noticias,UCkZCoc42IipR1ucqJmIehsA,91.0,targeted_search,amenazas colegio extorsión Perú,3,AMENAZA_DIRECTA,consulta explícita de una categoría minoritaria,100,3,ampliacion_amenaza_20260727_lote3,2026-07-27T08:51:03-05:00
24,7VgKdLl4ltw,https://www.youtube.com/watch?v=7VgKdLl4ltw,Sicario quiso robar moto y carro para huir: Así cayó minutos después de asesinato,Latina Noticias,UCpSJ5fGhmAME9Kx2D3ZvN3Q,204.0,targeted_search,sicario amenaza empresario Perú,3,AMENAZA_DIRECTA,consulta explícita de una categoría minoritaria,100,3,ampliacion_amenaza_20260727_lote3,2026-07-27T08:51:03-05:00
25,Uq_vtERca5U,https://www.youtube.com/watch?v=Uq_vtERca5U,Mujer denuncia agresión y amenazas,Canal Capital,UCeSx6aU8UGIIHxGCQPbYY_A,101.0,targeted_search,agresión amenazas mujer Perú,4,AMENAZA_DIRECTA,consulta explícita de una categoría minoritaria,100,4,ampliacion_amenaza_20260727_lote3,2026-07-27T08:51:03-05:00
26,T0uQvSHZnHk,https://www.youtube.com/watch?v=T0uQvSHZnHk,San Isidro: Mujer descontrolada insulta y agrede a pareja,Latina Noticias,UCpSJ5fGhmAME9Kx2D3ZvN3Q,212.0,targeted_search,amenaza a pareja expareja Perú,4,AMENAZA_DIRECTA,consulta explícita de una categoría minoritaria,100,4,ampliacion_amenaza_20260727_lote3,2026-07-27T08:51:03-05:00
27,-X9uwKpHgbo,https://www.youtube.com/watch?v=-X9uwKpHgbo,Detienen a sujeto que asaltó con arma a trabajadora de negocio y dos transeúntes en Huancayo,Buenos Días Perú,UCFnOwPrJ-Skrzk_GPNBV5tg,104.0,targeted_search,amenaza con arma denuncia Perú,4,AMENAZA_DIRECTA,consulta explícita de una categoría minoritaria,100,4,ampliacion_amenaza_20260727_lote3,2026-07-27T08:51:03-05:00
28,coRUW1DUydU,https://www.youtube.com/watch?v=coRUW1DUydU,Promotor de eventos folclóricos denuncia ser víctima de extorsión,Buenos Días Perú,UCFnOwPrJ-Skrzk_GPNBV5tg,159.0,targeted_search,amenaza de muerte denuncia Perú,4,AMENAZA_DIRECTA,consulta explícita de una categoría minoritaria,100,4,ampliacion_amenaza_20260727_lote3,2026-07-27T08:51:03-05:00
29,RhZovhPG_FE,https://www.youtube.com/watch?v=RhZovhPG_FE,'Podría ocurrir algo': Tripulantes siguen secuestrados y empresa sigue recibiendo amenazas,Latina Noticias,UCpSJ5fGhmAME9Kx2D3ZvN3Q,354.0,targeted_search,amenaza de secuestro denuncia Perú,4,AMENAZA_DIRECTA,consulta explícita de una categoría minoritaria,100,4,ampliacion_amenaza_20260727_lote3,2026-07-27T08:51:03-05:00
30,wiBtD5Elz84,https://www.youtube.com/watch?v=wiBtD5Elz84,"""¿Crees que estamos jugando?"": Los ""Chuckys NG"" extorsionan amenazan con matar conductores",Latina Noticias,UCpSJ5fGhmAME9Kx2D3ZvN3Q,45.0,targeted_search,amenaza en vivo televisión peruana,4,AMENAZA_DIRECTA,consulta explícita de una categoría minoritaria,100,4,ampliacion_amenaza_20260727_lote3,2026-07-27T08:51:03-05:00
31,Hk3lsPQKnIE,https://www.youtube.com/watch?v=Hk3lsPQKnIE,Joven denuncia que la estafaron con casa de playa: habrían más víctimas que son amenazadas,Multimedia PTV 2,UC64JaKmY2OmRupSYcGgA9Lw,422.0,targeted_search,amenaza redes sociales denuncia Perú,4,AMENAZA_DIRECTA,consulta explícita de una categoría minoritaria,100,4,ampliacion_amenaza_20260727_lote3,2026-07-27T08:51:03-05:00
32,EsjI6wmT6j4,https://www.youtube.com/watch?v=EsjI6wmT6j4,Destruyen propaganda y amenazan a rivales de candidato por SJL Carlos Burgos,periodismope,UCzsAhe4DFpuC7DAAoNLq8BQ,528.0,targeted_search,amenazan candidato político Perú,4,AMENAZA_DIRECTA,consulta explícita de una categoría minoritaria,100,4,ampliacion_amenaza_20260727_lote3,2026-07-27T08:51:03-05:00
33,kfb79NqACZc,https://www.youtube.com/watch?v=kfb79NqACZc,TRUJILLO: ARTURO FERNÁNDEZ AMENAZA CON NO PARCHAR PISTAS,N60 Noticias,UCa5H2yRYfOlUH4c22uY5JsQ,58.0,targeted_search,amenazan periodista alcalde Perú,4,AMENAZA_DIRECTA,consulta explícita de una categoría minoritaria,100,4,ampliacion_amenaza_20260727_lote3,2026-07-27T08:51:03-05:00
34,OPdCOsVJzPk,https://www.youtube.com/watch?v=OPdCOsVJzPk,Informe Especial: Colegios bajo extorsión en Perú | 24 Horas TVN Chile,24 Horas - TVN Chile,UCTXNz3gjAypWp3EhlIATEJQ,1499.0,targeted_search,amenazas colegio extorsión Perú,4,AMENAZA_DIRECTA,consulta explícita de una categoría minoritaria,100,4,ampliacion_amenaza_20260727_lote3,2026-07-27T08:51:03-05:00
35,7X-RDinoCLs,https://www.youtube.com/watch?v=7X-RDinoCLs,🔴 ¡SE ARMÓ! Empresario enfrentó a 10 sicarios y los hizo correr,Nacion y Frontera,UCrikgtHRn_AwUCJncUXyYKA,784.0,targeted_search,sicario amenaza empresario Perú,4,AMENAZA_DIRECTA,consulta explícita de una categoría minoritaria,100,4,ampliacion_amenaza_20260727_lote3,2026-07-27T08:51:03-05:00
36,_VSDgFmZ1-Y,https://www.youtube.com/watch?v=_VSDgFmZ1-Y,"Acosa a su expareja hasta en plena transmisión: ""Ya son varias denuncias que he puesto""",Latina Noticias,UCpSJ5fGhmAME9Kx2D3ZvN3Q,711.0,targeted_search,amenaza a pareja expareja Perú,5,AMENAZA_DIRECTA,consulta explícita de una categoría minoritaria,100,5,ampliacion_amenaza_20260727_lote3,2026-07-27T08:51:03-05:00
37,1Ac0iLAycIg,https://www.youtube.com/watch?v=1Ac0iLAycIg,"Guerra de bandas criminales por cobro de cupos en transporte público: ""Se van a morir todos""",Latina Noticias,UCpSJ5fGhmAME9Kx2D3ZvN3Q,736.0,targeted_search,amenaza cobrador de cupos Perú,5,AMENAZA_DIRECTA,consulta explícita de una categoría minoritaria,100,5,ampliacion_amenaza_20260727_lote3,2026-07-27T08:51:03-05:00
38,bZqDztMbnq4,https://www.youtube.com/watch?v=bZqDztMbnq4,Usan armas de fuego para amenazar a obreros protestantes de la agroexportacion,LA LUPA,UCzr9CZL0yfOSRwM-kLluEQA,63.0,targeted_search,amenaza con arma denuncia Perú,5,AMENAZA_DIRECTA,consulta explícita de una categoría minoritaria,100,5,ampliacion_amenaza_20260727_lote3,2026-07-27T08:51:03-05:00
39,1N35AwwowOY,https://www.youtube.com/watch?v=1N35AwwowOY,"“The Monster”, the threat of Lima Norte | Domingo al Día | Peru",América Noticias,UCPhm2I2wk4vqjENwhn3px8A,675.0,targeted_search,amenaza en vivo televisión peruana,5,AMENAZA_DIRECTA,consulta explícita de una categoría minoritaria,100,5,ampliacion_amenaza_20260727_lote3,2026-07-27T08:51:03-05:00
40,8D0fKSsYFTM,https://www.youtube.com/watch?v=8D0fKSsYFTM,Las amenazas por redes sociales serán judicializadas [Noticias] - TeleMedellin,Noticias Telemedellín,UCi9thgLbI6E127Vu6Hxp8ug,123.0,targeted_search,amenaza redes sociales denuncia Perú,5,AMENAZA_DIRECTA,consulta explícita de una categoría minoritaria,100,5,ampliacion_amenaza_20260727_lote3,2026-07-27T08:51:03-05:00
41,wSRa8smkCYI,https://www.youtube.com/watch?v=wSRa8smkCYI,"Hurto agravado, falsificación de documentos y armas: Candidatos al Congreso en el ojo de la tormenta",Latina Noticias,UCpSJ5fGhmAME9Kx2D3ZvN3Q,526.0,targeted_search,amenazan candidato político Perú,5,AMENAZA_DIRECTA,consulta explícita de una categoría minoritaria,100,5,ampliacion_amenaza_20260727_lote3,2026-07-27T08:51:03-05:00
42,4_tqECkJElU,https://www.youtube.com/watch?v=4_tqECkJElU,René Gastelumendi recibe amenazas por parte de los 'dibujitos' tras entrevista al alcalde de Ate,ATV Noticias,UCYG5uXS3xdsoaXIxum1pAEw,250.0,targeted_search,amenazan periodista alcalde Perú,5,AMENAZA_DIRECTA,consulta explícita de una categoría minoritaria,100,5,ampliacion_amenaza_20260727_lote3,2026-07-27T08:51:03-05:00
43,KDEb0840pj4,https://www.youtube.com/watch?v=KDEb0840pj4,Teachers threatened with death! School extorted in Villa María del Triunfo,ATV Noticias,UCYG5uXS3xdsoaXIxum1pAEw,202.0,targeted_search,amenazas colegio extorsión Perú,5,AMENAZA_DIRECTA,consulta explícita de una categoría minoritaria,100,5,ampliacion_amenaza_20260727_lote3,2026-07-27T08:51:03-05:00
44,k_liErERBHo,https://www.youtube.com/watch?v=k_liErERBHo,DIVINSE EL EXTORSIONADOR DE LAS PAGINAS DE CITAS,UNICII DIRINCRI,UCAxF_I6XFDKfXFZMe3WAFwQ,316.0,targeted_search,extorsionador amenaza audio WhatsApp Perú,5,AMENAZA_DIRECTA,consulta explícita de una categoría minoritaria,100,5,ampliacion_amenaza_20260727_lote3,2026-07-27T08:51:03-05:00
45,h7qCDmC4KR0,https://www.youtube.com/watch?v=h7qCDmC4KR0,Woman fears for her life after years of threats and attacks from her ex-partner,ATV Noticias,UCYG5uXS3xdsoaXIxum1pAEw,631.0,targeted_search,agresión amenazas mujer Perú,6,AMENAZA_DIRECTA,consulta explícita de una categoría minoritaria,100,6,ampliacion_amenaza_20260727_lote3,2026-07-27T08:51:03-05:00
46,ql3AsY38UOg,https://www.youtube.com/watch?v=ql3AsY38UOg,📹Up My People | Woman threatened by her ex-partner and now fears for her life,Latina Televisión,UC3rDtLrcgr3JS3_3JOW4BAw,876.0,targeted_search,amenaza a pareja expareja Perú,6,AMENAZA_DIRECTA,consulta explícita de una categoría minoritaria,100,6,ampliacion_amenaza_20260727_lote3,2026-07-27T08:51:03-05:00
47,qy_1rv9OlkQ,https://www.youtube.com/watch?v=qy_1rv9OlkQ,VES: asesinan a cobrador de empresa avícola en presunta venganza por cobro de cupos (2/2),Buenos Días Perú,UCFnOwPrJ-Skrzk_GPNBV5tg,184.0,targeted_search,amenaza cobrador de cupos Perú,6,AMENAZA_DIRECTA,consulta explícita de una categoría minoritaria,100,6,ampliacion_amenaza_20260727_lote3,2026-07-27T08:51:03-05:00
48,vgmmZ3cZLRE,https://www.youtube.com/watch?v=vgmmZ3cZLRE,"Amenazan a comerciantes con secuestrar a sus hijos si no pagan cupo: ""Nos piden S/5 mil""",Latina Noticias,UCpSJ5fGhmAME9Kx2D3ZvN3Q,173.0,targeted_search,amenaza de secuestro denuncia Perú,6,AMENAZA_DIRECTA,consulta explícita de una categoría minoritaria,100,6,ampliacion_amenaza_20260727_lote3,2026-07-27T08:51:03-05:00
49,Pxpd50iPpZw,https://www.youtube.com/watch?v=Pxpd50iPpZw,Estafas por Tiktok y venta de datos por Telegram: Alerta por delitos informáticos en Perú,Latina Noticias,UCpSJ5fGhmAME9Kx2D3ZvN3Q,187.0,targeted_search,amenaza redes sociales denuncia Perú,6,AMENAZA_DIRECTA,consulta explícita de una categoría minoritaria,100,6,ampliacion_amenaza_20260727_lote3,2026-07-27T08:51:03-05:00
50,OrGklUYCfzs,https://www.youtube.com/watch?v=OrGklUYCfzs,"Gilbert Infante, candidate for Congress for the Fe party in Peru, is assassinated.",TVPerú Noticias,UCkZCoc42IipR1ucqJmIehsA,320.0,targeted_search,amenazan candidato político Perú,6,AMENAZA_DIRECTA,consulta explícita de una categoría minoritaria,100,6,ampliacion_amenaza_20260727_lote3,2026-07-27T08:51:03-05:00
51,JdKhuWR8G0Y,https://www.youtube.com/watch?v=JdKhuWR8G0Y,EL 11 INFORMA |  Francis Allison Amenaza A Periodista,RBC PERÚ,UChOz7o4nxtmYoNGwH1JAmhw,123.0,targeted_search,amenazan periodista alcalde Perú,6,AMENAZA_DIRECTA,consulta explícita de una categoría minoritaria,100,6,ampliacion_amenaza_20260727_lote3,2026-07-27T08:51:03-05:00
52,3V3GdUcBNNQ,https://www.youtube.com/watch?v=3V3GdUcBNNQ,Extortionist cries to avoid arrest: he was demanding S/10 from transport workers in SJM,Buenos Días Perú,UCFnOwPrJ-Skrzk_GPNBV5tg,89.0,targeted_search,amenazan transportistas extorsión Perú,6,AMENAZA_DIRECTA,consulta explícita de una categoría minoritaria,100,6,ampliacion_amenaza_20260727_lote3,2026-07-27T08:51:03-05:00
53,qIOwk9CThOM,https://www.youtube.com/watch?v=qIOwk9CThOM,¡Plata o plomo! 300 colegios cierran por amenazas de extorsionadores,ATV Noticias,UCYG5uXS3xdsoaXIxum1pAEw,218.0,targeted_search,amenazas colegio extorsión Perú,6,AMENAZA_DIRECTA,consulta explícita de una categoría minoritaria,100,6,ampliacion_amenaza_20260727_lote3,2026-07-27T08:51:03-05:00
54,bz8_Tu5wenQ,https://www.youtube.com/watch?v=bz8_Tu5wenQ,This is how extortionists track you again through WhatsApp.,Kiketeckno,UC_hMrSENUn8C5KdKIRM7JeA,313.0,targeted_search,extorsionador amenaza audio WhatsApp Perú,6,AMENAZA_DIRECTA,consulta explícita de una categoría minoritaria,100,6,ampliacion_amenaza_20260727_lote3,2026-07-27T08:51:03-05:00
55,VuTOnLPSDVc,https://www.youtube.com/watch?v=VuTOnLPSDVc,Brutal murder of businessman in San Isidro: hitmen shoot everywhere in Lima,Panorama,UCBiq92lt_ufNO-ktZigVXgg,590.0,targeted_search,sicario amenaza empresario Perú,6,AMENAZA_DIRECTA,consulta explícita de una categoría minoritaria,100,6,ampliacion_amenaza_20260727_lote3,2026-07-27T08:51:03-05:00
56,4vWZQeju-fM,https://www.youtube.com/watch?v=4vWZQeju-fM,Isabel Cortez sufrió agresión fue amenazada y recibió ayuda del MIMP | Edición Mediodía (HOY),América Noticias,UCPhm2I2wk4vqjENwhn3px8A,132.0,targeted_search,agresión amenazas mujer Perú,7,AMENAZA_DIRECTA,consulta explícita de una categoría minoritaria,100,7,ampliacion_amenaza_20260727_lote3,2026-07-27T08:51:03-05:00
57,5ejmlFa4eZM,https://www.youtube.com/watch?v=5ejmlFa4eZM,VES: asesinan a cobrador de empresa avícola en presunta venganza por cobro de cupos (1/2),Buenos Días Perú,UCFnOwPrJ-Skrzk_GPNBV5tg,375.0,targeted_search,amenaza cobrador de cupos Perú,7,AMENAZA_DIRECTA,consulta explícita de una categoría minoritaria,100,7,ampliacion_amenaza_20260727_lote3,2026-07-27T08:51:03-05:00
58,3nJ4ttSsgRc,https://www.youtube.com/watch?v=3nJ4ttSsgRc,Armas y amenazas de muerte: el caso de Jorge Egocheaga,Panorama,UCBiq92lt_ufNO-ktZigVXgg,500.0,targeted_search,amenaza con arma denuncia Perú,7,AMENAZA_DIRECTA,consulta explícita de una categoría minoritaria,100,7,ampliacion_amenaza_20260727_lote3,2026-07-27T08:51:03-05:00
59,I48H0HPwZL4,https://www.youtube.com/watch?v=I48H0HPwZL4,CASO EXJUEZ CÉSAR HINOSTROZA: AUDIENCIA DE REQUERIMIENTO DE PRISIÓN PREVENTIVA,Poder Judicial del Perú,UCvCLoltBg5y32b0oBG8j0EQ,12736.0,targeted_search,amenaza fiscal juez audiencia Perú,7,AMENAZA_DIRECTA,consulta explícita de una categoría minoritaria,100,7,ampliacion_amenaza_20260727_lote3,2026-07-27T08:51:03-05:00
60,MALn7hxL7hI,https://www.youtube.com/watch?v=MALn7hxL7hI,"""Gota a gota"": Mujer recibe amenazas de extorsionadores tras ingresar a link",24 Horas,UCsakKsRww3J7pM6DavkrAIQ,191.0,targeted_search,amenaza redes sociales denuncia Perú,7,AMENAZA_DIRECTA,consulta explícita de una categoría minoritaria,100,7,ampliacion_amenaza_20260727_lote3,2026-07-27T08:51:03-05:00
61,wkNC0eEva6Q,https://www.youtube.com/watch?v=wkNC0eEva6Q,Candidatos bajo amenaza: Brenda Lizano y Ulises Villegas son presionados para  renunciar,El Dominical de Panamericana,UCMfcN0OV7d61cWPLYm5qHpw,163.0,targeted_search,amenazan candidato político Perú,7,AMENAZA_DIRECTA,consulta explícita de una categoría minoritaria,100,7,ampliacion_amenaza_20260727_lote3,2026-07-27T08:51:03-05:00
62,C4uIaQgpXR4,https://www.youtube.com/watch?v=C4uIaQgpXR4,Alcalde de Huaraz Vladimir Meza amenaza de muerte a periodista Huaracino ANGEL DURAN,Angel Duran Leon,UCo_wU2hOlUsTsltqvtkfv-w,65.0,targeted_search,amenazan periodista alcalde Perú,7,AMENAZA_DIRECTA,consulta explícita de una categoría minoritaria,100,7,ampliacion_amenaza_20260727_lote3,2026-07-27T08:51:03-05:00
63,R1EmzeiRABE,https://www.youtube.com/watch?v=R1EmzeiRABE,"Suspenden clases por mensajes amenazantes, pero sería reto viral: ""Se descartó extorsionados""",Latina Noticias,UCpSJ5fGhmAME9Kx2D3ZvN3Q,234.0,targeted_search,amenazas colegio extorsión Perú,7,AMENAZA_DIRECTA,consulta explícita de una categoría minoritaria,100,7,ampliacion_amenaza_20260727_lote3,2026-07-27T08:51:03-05:00
64,EK6VgEZPGkU,https://www.youtube.com/watch?v=EK6VgEZPGkU,WhatsApp Audio #1,Reíte pue mi gente,UCA4tWENZMTVmH6yZBiAPMjA,54.0,targeted_search,te voy a matar audio denuncia Perú,7,AMENAZA_DIRECTA,consulta explícita de una categoría minoritaria,100,7,ampliacion_amenaza_20260727_lote3,2026-07-27T08:51:03-05:00
65,7zASdiUlFjs,https://www.youtube.com/watch?v=7zASdiUlFjs,"🟠🔵#PuntoFinal The problem of aggression involving the Minister of Women, Claudia Dávila",Latina Televisión,UC3rDtLrcgr3JS3_3JOW4BAw,531.0,targeted_search,agresión amenazas mujer Perú,8,AMENAZA_DIRECTA,consulta explícita de una categoría minoritaria,100,8,ampliacion_amenaza_20260727_lote3,2026-07-27T08:51:03-05:00
66,2b5-WFICqqo,https://www.youtube.com/watch?v=2b5-WFICqqo,¡Guerra por cupos! Transportistas de la línea 73 son amenazados por otra banda de extorsionadores,QUE HAY DE NUEVO PERU,UCRl1-oM_NM-BtCEyTFd-aRA,155.0,targeted_search,amenaza cobrador de cupos Perú,8,AMENAZA_DIRECTA,consulta explícita de una categoría minoritaria,100,8,ampliacion_amenaza_20260727_lote3,2026-07-27T08:51:03-05:00
67,AK-somgAv1E,https://www.youtube.com/watch?v=AK-somgAv1E,"Breña: Merchants threatened with firearms over S/ 8,000 extortion demand",ATV Noticias,UCYG5uXS3xdsoaXIxum1pAEw,126.0,targeted_search,amenaza con arma denuncia Perú,8,AMENAZA_DIRECTA,consulta explícita de una categoría minoritaria,100,8,ampliacion_amenaza_20260727_lote3,2026-07-27T08:51:03-05:00
68,WYoeWmzCb5U,https://www.youtube.com/watch?v=WYoeWmzCb5U,Secuestro y coacción | Consultorio Alegra,Ministerio de Justicia y Derechos Humanos,UCUplbK1nnI1dnjfU2BiAVRw,384.0,targeted_search,amenaza de secuestro denuncia Perú,8,AMENAZA_DIRECTA,consulta explícita de una categoría minoritaria,100,8,ampliacion_amenaza_20260727_lote3,2026-07-27T08:51:03-05:00
69,zim7jtsUJ3M,https://www.youtube.com/watch?v=zim7jtsUJ3M,Se grababan amenazando choferes: Capturan extorsionadores de 5 empresas de transporte,Latina Noticias,UCpSJ5fGhmAME9Kx2D3ZvN3Q,121.0,targeted_search,amenaza en vivo televisión peruana,8,AMENAZA_DIRECTA,consulta explícita de una categoría minoritaria,100,8,ampliacion_amenaza_20260727_lote3,2026-07-27T08:51:03-05:00
70,W9x8NnSTREA,https://www.youtube.com/watch?v=W9x8NnSTREA,Estos candidatos amenazan la cultura en el Perú | Santiago Alfaro,EL FOCO+ ,UCJGCDSjgIwOYFyytvuV_HZw,2756.0,targeted_search,amenazan candidato político Perú,8,AMENAZA_DIRECTA,consulta explícita de una categoría minoritaria,100,8,ampliacion_amenaza_20260727_lote3,2026-07-27T08:51:03-05:00
71,3UqCA918u-s,https://www.youtube.com/watch?v=3UqCA918u-s,"René Gastelumendi por amenazas de muerte: ""Cuestionamos (a Franco Vidal) y aparece esto""",ATV Noticias,UCYG5uXS3xdsoaXIxum1pAEw,160.0,targeted_search,amenazan periodista alcalde Perú,8,AMENAZA_DIRECTA,consulta explícita de una categoría minoritaria,100,8,ampliacion_amenaza_20260727_lote3,2026-07-27T08:51:03-05:00
72,kKJGIexepeM,https://www.youtube.com/watch?v=kKJGIexepeM,"""The Mexicans"" and extortion of transportation | Fourth Estate | Peru",América Noticias,UCPhm2I2wk4vqjENwhn3px8A,813.0,targeted_search,amenazan transportistas extorsión Perú,8,AMENAZA_DIRECTA,consulta explícita de una categoría minoritaria,100,8,ampliacion_amenaza_20260727_lote3,2026-07-27T08:51:03-05:00
73,OV2OzKsuhx0,https://www.youtube.com/watch?v=OV2OzKsuhx0,Extorsionadores obligan a colegio en Comas a iniciar clases virtuales por amenazas de muerte,Buenos Días Perú,UCFnOwPrJ-Skrzk_GPNBV5tg,822.0,targeted_search,amenazas colegio extorsión Perú,8,AMENAZA_DIRECTA,consulta explícita de una categoría minoritaria,100,8,ampliacion_amenaza_20260727_lote3,2026-07-27T08:51:03-05:00
74,Kt6f5Wa4OQE,https://www.youtube.com/watch?v=Kt6f5Wa4OQE,Lince: Sicarios acribillan a empresario y sus amigos presuntamente por no pagar cupos,Buenos Días Perú,UCFnOwPrJ-Skrzk_GPNBV5tg,228.0,targeted_search,sicario amenaza empresario Perú,8,AMENAZA_DIRECTA,consulta explícita de una categoría minoritaria,100,8,ampliacion_amenaza_20260727_lote3,2026-07-27T08:51:03-05:00
75,w1xzhy7hLyU,https://www.youtube.com/watch?v=w1xzhy7hLyU,"chibolo ctmr, eres gil y morirás gil - Woody Toy Story",Rex Anestesiado,UCp8ok938HJLanO8bO-ca-Fw,118.0,targeted_search,te voy a matar audio denuncia Perú,8,AMENAZA_DIRECTA,consulta explícita de una categoría minoritaria,100,8,ampliacion_amenaza_20260727_lote3,2026-07-27T08:51:03-05:00
76,dbMP0-bTWZI,https://www.youtube.com/watch?v=dbMP0-bTWZI,🔴🔵Minister of Women's Affairs reports being a victim of assault and blackmail by her brother-in-law,Exitosa Noticias,UCxgO_rak_BKZP8VNVmYqbWg,1541.0,targeted_search,agresión amenazas mujer Perú,9,AMENAZA_DIRECTA,consulta explícita de una categoría minoritaria,100,9,ampliacion_amenaza_20260727_lote3,2026-07-27T08:51:03-05:00
77,3pX38dsmddg,https://www.youtube.com/watch?v=3pX38dsmddg,Suboficial amenaza y corretea con una pistola a su ex pareja,Magaly TV La Firme,UCF6s3gpbZEQKqZ38VvQ0gLA,594.0,targeted_search,amenaza a pareja expareja Perú,9,AMENAZA_DIRECTA,consulta explícita de una categoría minoritaria,100,9,ampliacion_amenaza_20260727_lote3,2026-07-27T08:51:03-05:00
78,Pq-RzG0h2wk,https://www.youtube.com/watch?v=Pq-RzG0h2wk,San Isidro: sujeto que amenazó con arma a repartidor fue denunciado por tentativa de homicidio,Buenos Días Perú,UCFnOwPrJ-Skrzk_GPNBV5tg,421.0,targeted_search,amenaza con arma denuncia Perú,9,AMENAZA_DIRECTA,consulta explícita de una categoría minoritaria,100,9,ampliacion_amenaza_20260727_lote3,2026-07-27T08:51:03-05:00
79,XtiMVXc6ZO0,https://www.youtube.com/watch?v=XtiMVXc6ZO0,ALERTA! Cuarto poder revela amenazas del monstruo con la pnp y vinculos con la policia,Peru Noticias Snit,UCiFwXD02rVki7-xXEpoE64A,250.0,targeted_search,amenaza de secuestro denuncia Perú,9,AMENAZA_DIRECTA,consulta explícita de una categoría minoritaria,100,9,ampliacion_amenaza_20260727_lote3,2026-07-27T08:51:03-05:00
80,iviwaxCzso8,https://www.youtube.com/watch?v=iviwaxCzso8,Family under threat | Domingo al Día | Peru,América Televisión,UCGGry4kGWZUqIfG6LLNhOmg,868.0,targeted_search,amenaza en vivo televisión peruana,9,AMENAZA_DIRECTA,consulta explícita de una categoría minoritaria,100,9,ampliacion_amenaza_20260727_lote3,2026-07-27T08:51:03-05:00
81,rQ_c3naspj4,https://www.youtube.com/watch?v=rQ_c3naspj4,"Video | Juez Concepción Carhuancho hizo un llamado a la ""cordura"" a abogada de Keiko Fujimori",RPP Noticias,UC5j8-2FT0ZMMBkmK72R4aeA,90.0,targeted_search,amenaza fiscal juez audiencia Perú,9,AMENAZA_DIRECTA,consulta explícita de una categoría minoritaria,100,9,ampliacion_amenaza_20260727_lote3,2026-07-27T08:51:03-05:00
82,c8KrkZkU3cs,https://www.youtube.com/watch?v=c8KrkZkU3cs,'Se amenazan por redes sociales': Barristas estarían detrás de ataque a distribuidora de gas,Latina Noticias,UCpSJ5fGhmAME9Kx2D3ZvN3Q,145.0,targeted_search,amenaza redes sociales denuncia Perú,9,AMENAZA_DIRECTA,consulta explícita de una categoría minoritaria,100,9,ampliacion_amenaza_20260727_lote3,2026-07-27T08:51:03-05:00
83,IObZDKLSfNo,https://www.youtube.com/watch?v=IObZDKLSfNo,América Noticias: Chicayo: amenazan a alcalde de Bagua desde penal Piedras Gordas,América Noticias,UCPhm2I2wk4vqjENwhn3px8A,60.0,targeted_search,amenazan periodista alcalde Perú,9,AMENAZA_DIRECTA,consulta explícita de una categoría minoritaria,100,9,ampliacion_amenaza_20260727_lote3,2026-07-27T08:51:03-05:00
84,3F5Zoy_RyWU,https://www.youtube.com/watch?v=3F5Zoy_RyWU,Extorsionadores amenazan con sus armas a colectivero para enviar mensaje de 'alineamiento',ATV Noticias,UCYG5uXS3xdsoaXIxum1pAEw,142.0,targeted_search,amenazan transportistas extorsión Perú,9,AMENAZA_DIRECTA,consulta explícita de una categoría minoritaria,100,9,ampliacion_amenaza_20260727_lote3,2026-07-27T08:51:03-05:00
85,p3I3ug4hxM0,https://www.youtube.com/watch?v=p3I3ug4hxM0,Trujillo: Sicarios amenazan a empresario con disparos al aire,Cosmos Televisión,UC_ept7M1UXlCfvcUrK49Ziw,172.0,targeted_search,sicario amenaza empresario Perú,9,AMENAZA_DIRECTA,consulta explícita de una categoría minoritaria,100,9,ampliacion_amenaza_20260727_lote3,2026-07-27T08:51:03-05:00
86,K3mn7LIwR1I,https://www.youtube.com/watch?v=K3mn7LIwR1I,Amores De Barrio   Zona Infame x Bulper x SloowTrack,TONY MONTANA,UCv3WVB8cmvWnADL-1ALvwJg,228.0,targeted_search,te voy a matar audio denuncia Perú,9,AMENAZA_DIRECTA,consulta explícita de una categoría minoritaria,100,9,ampliacion_amenaza_20260727_lote3,2026-07-27T08:51:03-05:00
87,tfseAqnP6y0,https://www.youtube.com/watch?v=tfseAqnP6y0,Fiscal explica caso de agresión a mujer en el Rímac,Ministerio Público | República del Perú,UC91qATrOkn7FLB4AfCboKhg,100.0,targeted_search,agresión amenazas mujer Perú,10,AMENAZA_DIRECTA,consulta explícita de una categoría minoritaria,100,10,ampliacion_amenaza_20260727_lote3,2026-07-27T08:51:03-05:00
88,bu_F2K__61E,https://www.youtube.com/watch?v=bu_F2K__61E,Rossana vive aterrada por su expareja quien la amenaza de muerte a ella y a su familia,Nunca MAS,UCFqwxsa2Wp6Y5FkUAcGShGA,403.0,targeted_search,amenaza a pareja expareja Perú,10,AMENAZA_DIRECTA,consulta explícita de una categoría minoritaria,100,10,ampliacion_amenaza_20260727_lote3,2026-07-27T08:51:03-05:00
89,4DCDop6qZgI,https://www.youtube.com/watch?v=4DCDop6qZgI,Cae extorsionador que amenazaba a anciana para cobrar cupo de S/20 diario,ATV Noticias,UCYG5uXS3xdsoaXIxum1pAEw,175.0,targeted_search,amenaza cobrador de cupos Perú,10,AMENAZA_DIRECTA,consulta explícita de una categoría minoritaria,100,10,ampliacion_amenaza_20260727_lote3,2026-07-27T08:51:03-05:00
90,5s6kDUaAHBU,https://www.youtube.com/watch?v=5s6kDUaAHBU,¡Exclusivo! Policía es denunciado de agredir y amenazar de muerte con su arma a su expareja,QUE HAY DE NUEVO PERU,UCRl1-oM_NM-BtCEyTFd-aRA,392.0,targeted_search,amenaza con arma denuncia Perú,10,AMENAZA_DIRECTA,consulta explícita de una categoría minoritaria,100,10,ampliacion_amenaza_20260727_lote3,2026-07-27T08:51:03-05:00
91,M0bixA-eM68,https://www.youtube.com/watch?v=M0bixA-eM68,Empresario es secuestrado por exempleado que lo torturó exigiendo rescate y ahora es amenazado,QUE HAY DE NUEVO PERU,UCRl1-oM_NM-BtCEyTFd-aRA,222.0,targeted_search,amenaza de secuestro denuncia Perú,10,AMENAZA_DIRECTA,consulta explícita de una categoría minoritaria,100,10,ampliacion_amenaza_20260727_lote3,2026-07-27T08:51:03-05:00
92,YLrLehuEgxs,https://www.youtube.com/watch?v=YLrLehuEgxs,Three stories about extortion through telephone calls | Cuarto Poder | Peru,América Noticias,UCPhm2I2wk4vqjENwhn3px8A,791.0,targeted_search,amenaza en vivo televisión peruana,10,AMENAZA_DIRECTA,consulta explícita de una categoría minoritaria,100,10,ampliacion_amenaza_20260727_lote3,2026-07-27T08:51:03-05:00
93,zaxxSxCw8IE,https://www.youtube.com/watch?v=zaxxSxCw8IE,Businesswoman reports threats and brutal attack on a young woman in Chicama,Cosmos Televisión,UC_ept7M1UXlCfvcUrK49Ziw,270.0,targeted_search,amenaza redes sociales denuncia Perú,10,AMENAZA_DIRECTA,consulta explícita de una categoría minoritaria,100,10,ampliacion_amenaza_20260727_lote3,2026-07-27T08:51:03-05:00
94,Eo7gO3nAvRE,https://www.youtube.com/watch?v=Eo7gO3nAvRE,DEATH THREATS RECEIVED BY CANDIDATE FOR REGIONAL GOVERNOR OF TUMBES,Bethel Noticias,UCG0lLqXlvd3QsemIzmMOSiw,155.0,targeted_search,amenazan candidato político Perú,10,AMENAZA_DIRECTA,consulta explícita de una categoría minoritaria,100,10,ampliacion_amenaza_20260727_lote3,2026-07-27T08:51:03-05:00
95,KA1RDUj__Hs,https://www.youtube.com/watch?v=KA1RDUj__Hs,Periodista es amenazado en Tingo María tras declarar en caso de alcalde asesinado,enlacenacional,UC_Zpz_cv69p4oL0hDEJz4IA,108.0,targeted_search,amenazan periodista alcalde Perú,10,AMENAZA_DIRECTA,consulta explícita de una categoría minoritaria,100,10,ampliacion_amenaza_20260727_lote3,2026-07-27T08:51:03-05:00
96,vIg7rgHBm54,https://www.youtube.com/watch?v=vIg7rgHBm54,Extortion paralyzes Lima: Transporters demand greater security | Cuarto Poder | Peru,América Noticias,UCPhm2I2wk4vqjENwhn3px8A,891.0,targeted_search,amenazan transportistas extorsión Perú,10,AMENAZA_DIRECTA,consulta explícita de una categoría minoritaria,100,10,ampliacion_amenaza_20260727_lote3,2026-07-27T08:51:03-05:00
97,Pd7K0Qluue0,https://www.youtube.com/watch?v=Pd7K0Qluue0,¡Exclusivo! Alias “Drac”: sicarios recibían atención médica luego de sus masacres,Panorama,UCBiq92lt_ufNO-ktZigVXgg,750.0,targeted_search,sicario amenaza empresario Perú,10,AMENAZA_DIRECTA,consulta explícita de una categoría minoritaria,100,10,ampliacion_amenaza_20260727_lote3,2026-07-27T08:51:03-05:00
98,ZhiCbww0ObY,https://www.youtube.com/watch?v=ZhiCbww0ObY,¿Cómo solicitar una medida de protección ante agresiones y amenazas?,RPP Noticias,UC5j8-2FT0ZMMBkmK72R4aeA,1019.0,targeted_search,agresión amenazas mujer Perú,11,AMENAZA_DIRECTA,consulta explícita de una categoría minoritaria,100,11,ampliacion_amenaza_20260727_lote3,2026-07-27T08:51:03-05:00
99,rt7NAoFEi7g,https://www.youtube.com/watch?v=rt7NAoFEi7g,Nuria vive un infierno porque su expareja la amenaza con matarla,Nunca MAS,UCFqwxsa2Wp6Y5FkUAcGShGA,452.0,targeted_search,amenaza a pareja expareja Perú,11,AMENAZA_DIRECTA,consulta explícita de una categoría minoritaria,100,11,ampliacion_amenaza_20260727_lote3,2026-07-27T08:51:03-05:00
100,NhT3YHjxHBw,https://www.youtube.com/watch?v=NhT3YHjxHBw,'Nos tuvieron de rodillas amenazados con armas': Mineros ilegales quieren desalojar comunidad,Latina Noticias,UCpSJ5fGhmAME9Kx2D3ZvN3Q,154.0,targeted_search,amenaza con arma denuncia Perú,11,AMENAZA_DIRECTA,consulta explícita de una categoría minoritaria,100,11,ampliacion_amenaza_20260727_lote3,2026-07-27T08:51:03-05:00
101,wK2pN18wOj8,https://www.youtube.com/watch?v=wK2pN18wOj8,"ABOGADO LUIS PACHECO DENUNCIA AMENAZAS DE MUERTE POR PARTE DEL ""TREN DE ARAGUA""",CTV Perú Oficial,UCy4UKhdd5U0cUru_sBn-DGA,164.0,targeted_search,amenaza de muerte denuncia Perú,11,AMENAZA_DIRECTA,consulta explícita de una categoría minoritaria,100,11,ampliacion_amenaza_20260727_lote3,2026-07-27T08:51:03-05:00
102,fNxaNvTRfhk,https://www.youtube.com/watch?v=fNxaNvTRfhk,"$500,000 kidnapping ends in tragedy | Domingo al Día | Peru",América Noticias,UCPhm2I2wk4vqjENwhn3px8A,807.0,targeted_search,amenaza de secuestro denuncia Perú,11,AMENAZA_DIRECTA,consulta explícita de una categoría minoritaria,100,11,ampliacion_amenaza_20260727_lote3,2026-07-27T08:51:03-05:00
103,wKmHy37yGwQ,https://www.youtube.com/watch?v=wKmHy37yGwQ,"“The Monster”, the threat of Lima Norte | Domingo al Día | Peru",América Televisión,UCGGry4kGWZUqIfG6LLNhOmg,675.0,targeted_search,amenaza en vivo televisión peruana,11,AMENAZA_DIRECTA,consulta explícita de una categoría minoritaria,100,11,ampliacion_amenaza_20260727_lote3,2026-07-27T08:51:03-05:00
104,XPwqyxMTtN0,https://www.youtube.com/watch?v=XPwqyxMTtN0,Prisión preventiva contra el fiscal Moises Albañil Timana y el abogado Wilmer Mendoza Cueva,JusticiaTV - Audiencias,UCCaMc7HFSNrTvAecmLubKQw,12090.0,targeted_search,amenaza fiscal juez audiencia Perú,11,AMENAZA_DIRECTA,consulta explícita de una categoría minoritaria,100,11,ampliacion_amenaza_20260727_lote3,2026-07-27T08:51:03-05:00
105,UtBCgbmV7Yg,https://www.youtube.com/watch?v=UtBCgbmV7Yg,CANDIDATO A LA ALCALDÍA DE CONTAMANA AMENAZA DE MUERTE A SU SOCIO,UTV Noticias - Pucallpa,UC_L1ba516-ZBPmywPq8P55g,172.0,targeted_search,amenazan candidato político Perú,11,AMENAZA_DIRECTA,consulta explícita de una categoría minoritaria,100,11,ampliacion_amenaza_20260727_lote3,2026-07-27T08:51:03-05:00
106,K0uVL5tL6Qc,https://www.youtube.com/watch?v=K0uVL5tL6Qc,Alcalde de Ate responde por Tiktoks y transmisiones en Kick,ATV Noticias,UCYG5uXS3xdsoaXIxum1pAEw,581.0,targeted_search,amenazan periodista alcalde Perú,11,AMENAZA_DIRECTA,consulta explícita de una categoría minoritaria,100,11,ampliacion_amenaza_20260727_lote3,2026-07-27T08:51:03-05:00
107,gvttjLwvy50,https://www.youtube.com/watch?v=gvttjLwvy50,Cae presunta red de extorsionadores a transporte público: Choferes de bus también serían miembros,Latina Noticias,UCpSJ5fGhmAME9Kx2D3ZvN3Q,372.0,targeted_search,amenazan transportistas extorsión Perú,11,AMENAZA_DIRECTA,consulta explícita de una categoría minoritaria,100,11,ampliacion_amenaza_20260727_lote3,2026-07-27T08:51:03-05:00
108,Hoaep5rjIe0,https://www.youtube.com/watch?v=Hoaep5rjIe0,Colegio cierra ante amenazas de extorsionadores en Comas,QUE HAY DE NUEVO PERU,UCRl1-oM_NM-BtCEyTFd-aRA,116.0,targeted_search,amenazas colegio extorsión Perú,11,AMENAZA_DIRECTA,consulta explícita de una categoría minoritaria,100,11,ampliacion_amenaza_20260727_lote3,2026-07-27T08:51:03-05:00
109,zZEucIc0Rh8,https://www.youtube.com/watch?v=zZEucIc0Rh8,HACEMOS ENOJAR a un EXTORSIONADOR y nos BURLAMOS de el  :D,Netas Marionetas,UC00nfmpfVwvRUvysr9jteLg,262.0,targeted_search,extorsionador amenaza audio WhatsApp Perú,11,AMENAZA_DIRECTA,consulta explícita de una categoría minoritaria,100,11,ampliacion_amenaza_20260727_lote3,2026-07-27T08:51:03-05:00
110,40nvp81QsXY,https://www.youtube.com/watch?v=40nvp81QsXY,Peligrosos personajes que batutean negocios de narcotráfico y sicariato desde la cárcel,DÍA D,UCmrzeYkbupPuvrXH8roR__w,786.0,targeted_search,sicario amenaza empresario Perú,11,AMENAZA_DIRECTA,consulta explícita de una categoría minoritaria,100,11,ampliacion_amenaza_20260727_lote3,2026-07-27T08:51:03-05:00
111,CpHd3KiFwe0,https://www.youtube.com/watch?v=CpHd3KiFwe0,¿Expareja la quería muerta?: Arrastraron a una mujer muerta tras denunciar a expareja por violencia,Latina Noticias,UCpSJ5fGhmAME9Kx2D3ZvN3Q,623.0,targeted_search,amenaza a pareja expareja Perú,12,AMENAZA_DIRECTA,consulta explícita de una categoría minoritaria,100,12,ampliacion_amenaza_20260727_lote3,2026-07-27T08:51:03-05:00
112,ufYRqVozg0c,https://www.youtube.com/watch?v=ufYRqVozg0c,BRAWL IN CHABUCA - EDWIN AURORA CONFRONTS ALLEGED TAX COLLECTOR!!,Hay Nos Vidrios,UCvPmk2Kxw-DpSTo5FoVTXLA,303.0,targeted_search,amenaza cobrador de cupos Perú,12,AMENAZA_DIRECTA,consulta explícita de una categoría minoritaria,100,12,ampliacion_amenaza_20260727_lote3,2026-07-27T08:51:03-05:00
113,9UrkamPmVcE,https://www.youtube.com/watch?v=9UrkamPmVcE,Dueño de pollería donde abatieron a delincuente denuncia amenazas de muerte (1/2),24 Horas,UCsakKsRww3J7pM6DavkrAIQ,178.0,targeted_search,amenaza con arma denuncia Perú,12,AMENAZA_DIRECTA,consulta explícita de una categoría minoritaria,100,12,ampliacion_amenaza_20260727_lote3,2026-07-27T08:51:03-05:00
114,bMbqaV66HHw,https://www.youtube.com/watch?v=bMbqaV66HHw,"Alcalde de Pataz denuncia que recibe amenazas de muerte: ""Me piden que renuncia a la alcaldía""",Latina Noticias,UCpSJ5fGhmAME9Kx2D3ZvN3Q,458.0,targeted_search,amenaza de muerte denuncia Perú,12,AMENAZA_DIRECTA,consulta explícita de una categoría minoritaria,100,12,ampliacion_amenaza_20260727_lote3,2026-07-27T08:51:03-05:00
115,1hybRUihTPM,https://www.youtube.com/watch?v=1hybRUihTPM,"Critican reacción de comisaría tras denunciar graves amenazas: ""Nos dijo que no tenemos corona""",Latina Noticias,UCpSJ5fGhmAME9Kx2D3ZvN3Q,316.0,targeted_search,amenaza de secuestro denuncia Perú,12,AMENAZA_DIRECTA,consulta explícita de una categoría minoritaria,100,12,ampliacion_amenaza_20260727_lote3,2026-07-27T08:51:03-05:00
116,qdFu29V89t0,https://www.youtube.com/watch?v=qdFu29V89t0,DIFAMAR POR GRUPOS DE REDES SOCIALES ES DELITO,Gian Carlo BellMac,UCK_CFUcx1BDP5tuNgjpfBxA,123.0,targeted_search,amenaza redes sociales denuncia Perú,12,AMENAZA_DIRECTA,consulta explícita de una categoría minoritaria,100,12,ampliacion_amenaza_20260727_lote3,2026-07-27T08:51:03-05:00
117,n16xHHI9AQw,https://www.youtube.com/watch?v=n16xHHI9AQw,"Phillip Butters,  militante de Avanza País en Perú amenaza al Alcalde de Lima",Pulpo Negro,UC_40x4qc0ffdAeKEPaMdWMQ,369.0,targeted_search,amenazan candidato político Perú,12,AMENAZA_DIRECTA,consulta explícita de una categoría minoritaria,100,12,ampliacion_amenaza_20260727_lote3,2026-07-27T08:51:03-05:00
118,kk4MxJ_Z_OM,https://www.youtube.com/watch?v=kk4MxJ_Z_OM,Yurimaguas: Alcalde del distrito de Balsapuerto agrede a periodista,enlacenacional,UC_Zpz_cv69p4oL0hDEJz4IA,93.0,targeted_search,amenazan periodista alcalde Perú,12,AMENAZA_DIRECTA,consulta explícita de una categoría minoritaria,100,12,ampliacion_amenaza_20260727_lote3,2026-07-27T08:51:03-05:00
119,3UsDPNFl3Zw,https://www.youtube.com/watch?v=3UsDPNFl3Zw,Criminalidad avanza: extorsionadores suben a buses y obligan a choferes a grabar amenazas,Buenos Días Perú,UCFnOwPrJ-Skrzk_GPNBV5tg,236.0,targeted_search,amenazan transportistas extorsión Perú,12,AMENAZA_DIRECTA,consulta explícita de una categoría minoritaria,100,12,ampliacion_amenaza_20260727_lote3,2026-07-27T08:51:03-05:00
120,Qf4lBxpiVNA,https://www.youtube.com/watch?v=Qf4lBxpiVNA,Schools on alert due to viral challenge promoting false shooting threats,24 Horas,UCsakKsRww3J7pM6DavkrAIQ,126.0,targeted_search,amenazas colegio extorsión Perú,12,AMENAZA_DIRECTA,consulta explícita de una categoría minoritaria,100,12,ampliacion_amenaza_20260727_lote3,2026-07-27T08:51:03-05:00
121,x9ismIYeLnE,https://www.youtube.com/watch?v=x9ismIYeLnE,Extortionists operate using WhatsApp: do not answer unknown calls,TVC En la Comunidad,UCRMUSZ3anVZipFNCs0y1dAQ,139.0,targeted_search,extorsionador amenaza audio WhatsApp Perú,12,AMENAZA_DIRECTA,consulta explícita de una categoría minoritaria,100,12,ampliacion_amenaza_20260727_lote3,2026-07-27T08:51:03-05:00
122,zFXX8z4_PA0,https://www.youtube.com/watch?v=zFXX8z4_PA0,🔴🔵Carabayllo: Sicario que iba a matar a empresario falla su cometido porque se le trabó el arma,Exitosa Noticias,UCxgO_rak_BKZP8VNVmYqbWg,236.0,targeted_search,sicario amenaza empresario Perú,12,AMENAZA_DIRECTA,consulta explícita de una categoría minoritaria,100,12,ampliacion_amenaza_20260727_lote3,2026-07-27T08:51:03-05:00
123,iqgX51kD3iI,https://www.youtube.com/watch?v=iqgX51kD3iI,Unwanted pregnancies and violence threaten flood victims in Peru,AGENCIA EFE,UCvJS-YNyaWyOucx8bGrHVvw,78.0,targeted_search,agresión amenazas mujer Perú,13,AMENAZA_DIRECTA,consulta explícita de una categoría minoritaria,100,13,ampliacion_amenaza_20260727_lote3,2026-07-27T08:51:03-05:00
124,h6qvbFtyit4,https://www.youtube.com/watch?v=h6qvbFtyit4,El Agustino: denuncian secuestro a dueño de billar,24 Horas,UCsakKsRww3J7pM6DavkrAIQ,189.0,targeted_search,amenaza de secuestro denuncia Perú,13,AMENAZA_DIRECTA,consulta explícita de una categoría minoritaria,100,13,ampliacion_amenaza_20260727_lote3,2026-07-27T08:51:03-05:00
125,6UMSpPadM5o,https://www.youtube.com/watch?v=6UMSpPadM5o,Mototaxistas in conflict with foreigners due to extortions | Cuarto Poder | Peru,América Televisión,UCGGry4kGWZUqIfG6LLNhOmg,908.0,targeted_search,amenaza en vivo televisión peruana,13,AMENAZA_DIRECTA,consulta explícita de una categoría minoritaria,100,13,ampliacion_amenaza_20260727_lote3,2026-07-27T08:51:03-05:00
126,1AJ8UzFMICw,https://www.youtube.com/watch?v=1AJ8UzFMICw,🇵🇪 PRESIDENTIAL DEBATE IN PERU | Presidential candidate assures he will expel illegal immigrants,Canal 26,UCrpMfcQNog595v5gAS-oUsQ,97.0,targeted_search,amenazan candidato político Perú,13,AMENAZA_DIRECTA,consulta explícita de una categoría minoritaria,100,13,ampliacion_amenaza_20260727_lote3,2026-07-27T08:51:03-05:00
127,EapX-IQ891Y,https://www.youtube.com/watch?v=EapX-IQ891Y,"Alcalde FURIOSO! REVUELCA A MERMELERA y DENUNCIA a Piero Corvetto y la ONPE! Eddie Fleischmann, PERU",Eduardo Enrique,UCtIrbumL-O8o2KhhhtWponw,941.0,targeted_search,amenazan periodista alcalde Perú,13,AMENAZA_DIRECTA,consulta explícita de una categoría minoritaria,100,13,ampliacion_amenaza_20260727_lote3,2026-07-27T08:51:03-05:00
128,Q7kXOjKpiwc,https://www.youtube.com/watch?v=Q7kXOjKpiwc,Choferes de empresa de transporte Uvita abandonan el Perú tras amenazas de extorsión y muerte,Latina Noticias,UCpSJ5fGhmAME9Kx2D3ZvN3Q,196.0,targeted_search,amenazan transportistas extorsión Perú,13,AMENAZA_DIRECTA,consulta explícita de una categoría minoritaria,100,13,ampliacion_amenaza_20260727_lote3,2026-07-27T08:51:03-05:00
129,PLZVh-CAXIo,https://www.youtube.com/watch?v=PLZVh-CAXIo,Alarm at school: threat made during virtual parents' meeting (2/2),24 Horas,UCsakKsRww3J7pM6DavkrAIQ,148.0,targeted_search,amenazas colegio extorsión Perú,13,AMENAZA_DIRECTA,consulta explícita de una categoría minoritaria,100,13,ampliacion_amenaza_20260727_lote3,2026-07-27T08:51:03-05:00
130,TdpWdpKrcIY,https://www.youtube.com/watch?v=TdpWdpKrcIY,Broma a Extorsionador: ¡Le Mandé 20 Pesos y Se Enfurece!,Lawler,UCb6JEf7fZfcv3vCN8V0zQoA,657.0,targeted_search,extorsionador amenaza audio WhatsApp Perú,13,AMENAZA_DIRECTA,consulta explícita de una categoría minoritaria,100,13,ampliacion_amenaza_20260727_lote3,2026-07-27T08:51:03-05:00
131,YbvgguFWAKM,https://www.youtube.com/watch?v=YbvgguFWAKM,Cayó peligrosa banda “Los vagos de SMP” por cobrar cupos a obreros,El Dominical de Panamericana,UCMfcN0OV7d61cWPLYm5qHpw,151.0,targeted_search,amenaza cobrador de cupos Perú,14,AMENAZA_DIRECTA,consulta explícita de una categoría minoritaria,100,14,ampliacion_amenaza_20260727_lote3,2026-07-27T08:51:03-05:00
132,s2m6MSuaXn4,https://www.youtube.com/watch?v=s2m6MSuaXn4,DETECTIVE AMENAZA CON ARMA A CONDUCTOR,Portavoz Noticias,UCjk_ODB5iiuLwk_K5wGgVmg,119.0,targeted_search,amenaza con arma denuncia Perú,14,AMENAZA_DIRECTA,consulta explícita de una categoría minoritaria,100,14,ampliacion_amenaza_20260727_lote3,2026-07-27T08:51:03-05:00
133,eK8flEHNo9k,https://www.youtube.com/watch?v=eK8flEHNo9k,Jefe del INPE denuncia amenazas de muerte contra su vida y la de su familia por requisas en penales,Buenos Días Perú,UCFnOwPrJ-Skrzk_GPNBV5tg,128.0,targeted_search,amenaza de muerte denuncia Perú,14,AMENAZA_DIRECTA,consulta explícita de una categoría minoritaria,100,14,ampliacion_amenaza_20260727_lote3,2026-07-27T08:51:03-05:00
134,HL6n7oZHIfs,https://www.youtube.com/watch?v=HL6n7oZHIfs,Arequipa: alcalde de Caravelí denuncia amenazas de muerte a personal de fiscalización,TVPerú Noticias,UCkZCoc42IipR1ucqJmIehsA,104.0,targeted_search,amenaza de secuestro denuncia Perú,14,AMENAZA_DIRECTA,consulta explícita de una categoría minoritaria,100,14,ampliacion_amenaza_20260727_lote3,2026-07-27T08:51:03-05:00
135,p5D697a7d60,https://www.youtube.com/watch?v=p5D697a7d60,"Tras reportaje de Punto Final, joven universitaria sigue siendo amenazada por su acosador",Latina Noticias,UCpSJ5fGhmAME9Kx2D3ZvN3Q,386.0,targeted_search,amenaza redes sociales denuncia Perú,14,AMENAZA_DIRECTA,consulta explícita de una categoría minoritaria,100,14,ampliacion_amenaza_20260727_lote3,2026-07-27T08:51:03-05:00
136,jzC0VDYQfnU,https://www.youtube.com/watch?v=jzC0VDYQfnU,DOMINGO PÉREZ AMENAZA CON SEGUIR EN POLÍTICA Y ACUSA A NIETO DE LIDERAR  CAMPAÑA DE TERRUQU3O A JP,Informativo Perú,UC872F7q02kUQgZa-jm30zJw,818.0,targeted_search,amenazan candidato político Perú,14,AMENAZA_DIRECTA,consulta explícita de una categoría minoritaria,100,14,ampliacion_amenaza_20260727_lote3,2026-07-27T08:51:03-05:00
137,utWtuP55kXQ,https://www.youtube.com/watch?v=utWtuP55kXQ,"Alexandra Hörler responde al alcalde de Ate: ""Yo no le he dicho que usted es un vago""",Panamericana Televisión,UCngb4rxO4iUE6BrIs29WXwA,290.0,targeted_search,amenazan periodista alcalde Perú,14,AMENAZA_DIRECTA,consulta explícita de una categoría minoritaria,100,14,ampliacion_amenaza_20260727_lote3,2026-07-27T08:51:03-05:00
138,6i7UmykjUhw,https://www.youtube.com/watch?v=6i7UmykjUhw,Chepén: Extortionists threaten school principal and teachers,SOL TV Perú,UCT3jhkKbEV4ZslnzhZ26hPw,175.0,targeted_search,amenazas colegio extorsión Perú,14,AMENAZA_DIRECTA,consulta explícita de una categoría minoritaria,100,14,ampliacion_amenaza_20260727_lote3,2026-07-27T08:51:03-05:00
139,E_TEmc-4fZU,https://www.youtube.com/watch?v=E_TEmc-4fZU,Extorsionador muere al explotar bomba que iba a poner afuera de un negocio - N+,NMás,UCUsm-fannqOY02PNN67C0KA,68.0,targeted_search,extorsionador amenaza audio WhatsApp Perú,14,AMENAZA_DIRECTA,consulta explícita de una categoría minoritaria,100,14,ampliacion_amenaza_20260727_lote3,2026-07-27T08:51:03-05:00
140,Aoy3DP_UZZA,https://www.youtube.com/watch?v=Aoy3DP_UZZA,Doble crimen en La Victoria: nuevas imágenes del asesinato a empresario y su socio,Buenos Días Perú,UCFnOwPrJ-Skrzk_GPNBV5tg,321.0,targeted_search,sicario amenaza empresario Perú,14,AMENAZA_DIRECTA,consulta explícita de una categoría minoritaria,100,14,ampliacion_amenaza_20260727_lote3,2026-07-27T08:51:03-05:00
141,YuvuYN2Y0y4,https://www.youtube.com/watch?v=YuvuYN2Y0y4,IMPERFECT CRIMES CHAPTER 2025 - THE MARICIELO CASE - FULL CHAPTER,Crimenes Imperfectos Expedientes X,UCfJqE5YFCfL1HJ00cCNNr_Q,1160.0,targeted_search,te voy a matar audio denuncia Perú,14,AMENAZA_DIRECTA,consulta explícita de una categoría minoritaria,100,14,ampliacion_amenaza_20260727_lote3,2026-07-27T08:51:03-05:00
142,thyqrKr9HR4,https://www.youtube.com/watch?v=thyqrKr9HR4,"Mujer sufre agresiones de su expareja: ""Tengo que regresar con él, nadie me quiere ayudar""",Latina Noticias,UCpSJ5fGhmAME9Kx2D3ZvN3Q,1161.0,targeted_search,agresión amenazas mujer Perú,15,AMENAZA_DIRECTA,consulta explícita de una categoría minoritaria,100,15,ampliacion_amenaza_20260727_lote3,2026-07-27T08:51:03-05:00
143,VpdExh3iTk8,https://www.youtube.com/watch?v=VpdExh3iTk8,Chorrillos: ladrón en mototaxi amenaza con arma a hombre para robarle celular,Buenos Días Perú,UCFnOwPrJ-Skrzk_GPNBV5tg,48.0,targeted_search,amenaza con arma denuncia Perú,15,AMENAZA_DIRECTA,consulta explícita de una categoría minoritaria,100,15,ampliacion_amenaza_20260727_lote3,2026-07-27T08:51:03-05:00
144,fzhMPg9cQMg,https://www.youtube.com/watch?v=fzhMPg9cQMg,Alcalde de SJL denuncia que ha recibido amenazas de muerte,TVPerú Noticias,UCkZCoc42IipR1ucqJmIehsA,583.0,targeted_search,amenaza de muerte denuncia Perú,15,AMENAZA_DIRECTA,consulta explícita de una categoría minoritaria,100,15,ampliacion_amenaza_20260727_lote3,2026-07-27T08:51:03-05:00
145,tM4wUpnabRs,https://www.youtube.com/watch?v=tM4wUpnabRs,KIDNAPPER Who Tried to THROW GRENADE at POLICE Killed during BUSINESSMAN RESCUE | #LR,La República - LR+,UC-B7Xv56uNRDkj0vC3QW8Cg,119.0,targeted_search,amenaza de secuestro denuncia Perú,15,AMENAZA_DIRECTA,consulta explícita de una categoría minoritaria,100,15,ampliacion_amenaza_20260727_lote3,2026-07-27T08:51:03-05:00
146,yEgGOJ37VsY,https://www.youtube.com/watch?v=yEgGOJ37VsY,Family under threat | Domingo al Día | Peru,América Noticias,UCPhm2I2wk4vqjENwhn3px8A,868.0,targeted_search,amenaza en vivo televisión peruana,15,AMENAZA_DIRECTA,consulta explícita de una categoría minoritaria,100,15,ampliacion_amenaza_20260727_lote3,2026-07-27T08:51:03-05:00
147,vsijAfGwcQw,https://www.youtube.com/watch?v=vsijAfGwcQw,"Las amenazas y la simpatía hacia candidatos autoritarios, evidencia de Perú - Arturo Maldonado",Wapor Latinoamérica,UClc7TT-TIwTUduENg9CnVEQ,64.0,targeted_search,amenazan candidato político Perú,15,AMENAZA_DIRECTA,consulta explícita de una categoría minoritaria,100,15,ampliacion_amenaza_20260727_lote3,2026-07-27T08:51:03-05:00
148,lxNY7_rAcn8,https://www.youtube.com/watch?v=lxNY7_rAcn8,🔴🔵Amenazan a periodista tras denunciar presuntas irregularidades en la Municipalidad de Cañete,Exitosa Noticias,UCxgO_rak_BKZP8VNVmYqbWg,1086.0,targeted_search,amenazan periodista alcalde Perú,15,AMENAZA_DIRECTA,consulta explícita de una categoría minoritaria,100,15,ampliacion_amenaza_20260727_lote3,2026-07-27T08:51:03-05:00
149,lGkdH_Ogyi0,https://www.youtube.com/watch?v=lGkdH_Ogyi0,"Buses dejan de trabajar por extorsión de ""Malditos de Venezuela"" en Perú",Latina Noticias,UCpSJ5fGhmAME9Kx2D3ZvN3Q,80.0,targeted_search,amenazan transportistas extorsión Perú,15,AMENAZA_DIRECTA,consulta explícita de una categoría minoritaria,100,15,ampliacion_amenaza_20260727_lote3,2026-07-27T08:51:03-05:00
150,l3C7KiVtrXU,https://www.youtube.com/watch?v=l3C7KiVtrXU,Callao: Three schools have been threatened by extortionists in just one week,24 Horas,UCsakKsRww3J7pM6DavkrAIQ,257.0,targeted_search,amenazas colegio extorsión Perú,15,AMENAZA_DIRECTA,consulta explícita de una categoría minoritaria,100,15,ampliacion_amenaza_20260727_lote3,2026-07-27T08:51:03-05:00
151,xCZrulqdajo,https://www.youtube.com/watch?v=xCZrulqdajo,"Delincuentes amenazan a empresario, le piden S/ 5 mil soles mensuales para dejarlo trabajar",Televisión Tarapoto,UCkS4Pt8DVdqtZ5-o2Be1zuA,450.0,targeted_search,sicario amenaza empresario Perú,15,AMENAZA_DIRECTA,consulta explícita de una categoría minoritaria,100,15,ampliacion_amenaza_20260727_lote3,2026-07-27T08:51:03-05:00
152,3NKVn-C33e4,https://www.youtube.com/watch?v=3NKVn-C33e4,"""Si no es para mí, no es para nadie"": La secuestra y asesina al padre de los hijos de su expareja",Latina Noticias,UCpSJ5fGhmAME9Kx2D3ZvN3Q,659.0,targeted_search,amenaza a pareja expareja Perú,16,AMENAZA_DIRECTA,consulta explícita de una categoría minoritaria,100,16,ampliacion_amenaza_20260727_lote3,2026-07-27T08:51:03-05:00
153,MSHxppLJsW0,https://www.youtube.com/watch?v=MSHxppLJsW0,Policía capturó a una pareja que cobraba cupos a vendedores ambulantes en Gamarra,TVPerú Noticias,UCkZCoc42IipR1ucqJmIehsA,603.0,targeted_search,amenaza cobrador de cupos Perú,16,AMENAZA_DIRECTA,consulta explícita de una categoría minoritaria,100,16,ampliacion_amenaza_20260727_lote3,2026-07-27T08:51:03-05:00
154,zyO5xflxUBY,https://www.youtube.com/watch?v=zyO5xflxUBY,National: Criminals threaten their victims with weapons and demand their cell phone passwords.,SOL TV Perú,UCT3jhkKbEV4ZslnzhZ26hPw,105.0,targeted_search,amenaza con arma denuncia Perú,16,AMENAZA_DIRECTA,consulta explícita de una categoría minoritaria,100,16,ampliacion_amenaza_20260727_lote3,2026-07-27T08:51:03-05:00
155,cotHykvHGz0,https://www.youtube.com/watch?v=cotHykvHGz0,Taxi secuestro: La delincuencia contraataca antes de las fiestas,Panorama,UCBiq92lt_ufNO-ktZigVXgg,836.0,targeted_search,amenaza de secuestro denuncia Perú,16,AMENAZA_DIRECTA,consulta explícita de una categoría minoritaria,100,16,ampliacion_amenaza_20260727_lote3,2026-07-27T08:51:03-05:00
156,ImxE56JcLHc,https://www.youtube.com/watch?v=ImxE56JcLHc,Difamación en Redes Sociales ¿Qué hacer? Estudio Jurídico en Perú,Brian Nuñez | Abogado Laboral Empresarial,UCJcfkDGdaduapecwkuAa2LA,365.0,targeted_search,amenaza redes sociales denuncia Perú,16,AMENAZA_DIRECTA,consulta explícita de una categoría minoritaria,100,16,ampliacion_amenaza_20260727_lote3,2026-07-27T08:51:03-05:00
157,Oxhs36TjlDo,https://www.youtube.com/watch?v=Oxhs36TjlDo,💥🇵🇪CANDIDATO PERUANO AMENAZA con DECLARARLE la GUERRA a CHILE🇨🇱 “O DEVUELVEN ARICA O LA TOMAREMOS”🔥,El Tío Gabi 🎤,UCiXm7w8Pu2Ldzr1o3JiOClg,1004.0,targeted_search,amenazan candidato político Perú,16,AMENAZA_DIRECTA,consulta explícita de una categoría minoritaria,100,16,ampliacion_amenaza_20260727_lote3,2026-07-27T08:51:03-05:00
158,EtN7wDzrw1I,https://www.youtube.com/watch?v=EtN7wDzrw1I,Mayor of Villa El Salvador responds after Cuarto Poder report on alleged money laundering.,PDN - Peru Digital Noticias ,UCI3B73rHDRdWyFTLXL0uziw,788.0,targeted_search,amenazan periodista alcalde Perú,16,AMENAZA_DIRECTA,consulta explícita de una categoría minoritaria,100,16,ampliacion_amenaza_20260727_lote3,2026-07-27T08:51:03-05:00
159,e5pNX4bUvQM,https://www.youtube.com/watch?v=e5pNX4bUvQM,🔴🔵Extortion of transporters: Drivers in northern Lima continue to face death threats after the st...,Exitosa Noticias,UCxgO_rak_BKZP8VNVmYqbWg,135.0,targeted_search,amenazan transportistas extorsión Perú,16,AMENAZA_DIRECTA,consulta explícita de una categoría minoritaria,100,16,ampliacion_amenaza_20260727_lote3,2026-07-27T08:51:03-05:00
160,guN0BZzKq2Y,https://www.youtube.com/watch?v=guN0BZzKq2Y,Amenazan a promotora de educación por denunciar extorsiones en colegios,Buenos Días Perú,UCFnOwPrJ-Skrzk_GPNBV5tg,624.0,targeted_search,amenazas colegio extorsión Perú,16,AMENAZA_DIRECTA,consulta explícita de una categoría minoritaria,100,16,ampliacion_amenaza_20260727_lote3,2026-07-27T08:51:03-05:00
161,UG0mFTzKZ8E,https://www.youtube.com/watch?v=UG0mFTzKZ8E,How WhatsApp extortionists operate,Azteca Noticias,UCUP6qv-_EIL0hwTsJaKYnvw,418.0,targeted_search,extorsionador amenaza audio WhatsApp Perú,16,AMENAZA_DIRECTA,consulta explícita de una categoría minoritaria,100,16,ampliacion_amenaza_20260727_lote3,2026-07-27T08:51:03-05:00
162,MxJoqnaKj-8,https://www.youtube.com/watch?v=MxJoqnaKj-8,Santa Anita: bodeguero se salva de milagro tras ser atacado por sicario en puerta de su negocio,Buenos Días Perú,UCFnOwPrJ-Skrzk_GPNBV5tg,220.0,targeted_search,sicario amenaza empresario Perú,16,AMENAZA_DIRECTA,consulta explícita de una categoría minoritaria,100,16,ampliacion_amenaza_20260727_lote3,2026-07-27T08:51:03-05:00
163,BTHrwmn4XOM,https://www.youtube.com/watch?v=BTHrwmn4XOM,Acosada y bajo amenaza: Abogada vive en carne propia la pesadilla de ser una mujer maltratada,DÍA D,UCmrzeYkbupPuvrXH8roR__w,1106.0,targeted_search,agresión amenazas mujer Perú,17,AMENAZA_DIRECTA,consulta explícita de una categoría minoritaria,100,17,ampliacion_amenaza_20260727_lote3,2026-07-27T08:51:03-05:00
164,13BeeMFU5Ng,https://www.youtube.com/watch?v=13BeeMFU5Ng,Pasajeros de bus encaran a extorsionador que pedía cupo a chofer,ATV Noticias,UCYG5uXS3xdsoaXIxum1pAEw,134.0,targeted_search,amenaza cobrador de cupos Perú,17,AMENAZA_DIRECTA,consulta explícita de una categoría minoritaria,100,17,ampliacion_amenaza_20260727_lote3,2026-07-27T08:51:03-05:00
165,IGZJUyUGxTA,https://www.youtube.com/watch?v=IGZJUyUGxTA,Amenazan de muerte a periodista en Iquitos: ¿Represalia por investigar municipalidades?,Latina Noticias,UCpSJ5fGhmAME9Kx2D3ZvN3Q,120.0,targeted_search,amenaza de muerte denuncia Perú,17,AMENAZA_DIRECTA,consulta explícita de una categoría minoritaria,100,17,ampliacion_amenaza_20260727_lote3,2026-07-27T08:51:03-05:00
166,C4BCrV3oib8,https://www.youtube.com/watch?v=C4BCrV3oib8,"$500,000 kidnapping ends in tragedy | Domingo al Día | Peru",América Televisión,UCGGry4kGWZUqIfG6LLNhOmg,807.0,targeted_search,amenaza de secuestro denuncia Perú,17,AMENAZA_DIRECTA,consulta explícita de una categoría minoritaria,100,17,ampliacion_amenaza_20260727_lote3,2026-07-27T08:51:03-05:00
167,iLkuMDjVLH0,https://www.youtube.com/watch?v=iLkuMDjVLH0,Juez suspende audiencia porque fiscal se presentó en audiencia sin tener documentales a la mano,LP - Pasión por el Derecho,UCDscRlCxFfuHhsJBlVvPBmA,523.0,targeted_search,amenaza fiscal juez audiencia Perú,17,AMENAZA_DIRECTA,consulta explícita de una categoría minoritaria,100,17,ampliacion_amenaza_20260727_lote3,2026-07-27T08:51:03-05:00
168,6P4cQRe3M5Y,https://www.youtube.com/watch?v=6P4cQRe3M5Y,Los extorsionadores y las redes sociales,Ministerio Público | República del Perú,UC91qATrOkn7FLB4AfCboKhg,216.0,targeted_search,amenaza redes sociales denuncia Perú,17,AMENAZA_DIRECTA,consulta explícita de una categoría minoritaria,100,17,ampliacion_amenaza_20260727_lote3,2026-07-27T08:51:03-05:00
169,SxGp35IpRC0,https://www.youtube.com/watch?v=SxGp35IpRC0,Ranking of candidates in incidents according to PNP,Panorama,UCBiq92lt_ufNO-ktZigVXgg,1115.0,targeted_search,amenazan candidato político Perú,17,AMENAZA_DIRECTA,consulta explícita de una categoría minoritaria,100,17,ampliacion_amenaza_20260727_lote3,2026-07-27T08:51:03-05:00
170,2UmoCwewELw,https://www.youtube.com/watch?v=2UmoCwewELw,Mayor of SJL receives threats | Cuarto Poder | Peru,América Televisión,UCGGry4kGWZUqIfG6LLNhOmg,925.0,targeted_search,amenazan periodista alcalde Perú,17,AMENAZA_DIRECTA,consulta explícita de una categoría minoritaria,100,17,ampliacion_amenaza_20260727_lote3,2026-07-27T08:51:03-05:00
171,sQo-Tp6Xq-0,https://www.youtube.com/watch?v=sQo-Tp6Xq-0,Buses de la línea de buses 'La Verde' paralizan servicio por amenazas de extorsión,Buenos Días Perú,UCFnOwPrJ-Skrzk_GPNBV5tg,576.0,targeted_search,amenazan transportistas extorsión Perú,17,AMENAZA_DIRECTA,consulta explícita de una categoría minoritaria,100,17,ampliacion_amenaza_20260727_lote3,2026-07-27T08:51:03-05:00
172,6SFa3DJ-12Q,https://www.youtube.com/watch?v=6SFa3DJ-12Q,VMT: School suspends in-person classes after receiving extortion threat,24 Horas,UCsakKsRww3J7pM6DavkrAIQ,158.0,targeted_search,amenazas colegio extorsión Perú,17,AMENAZA_DIRECTA,consulta explícita de una categoría minoritaria,100,17,ampliacion_amenaza_20260727_lote3,2026-07-27T08:51:03-05:00
173,zLA4QO2iFLk,https://www.youtube.com/watch?v=zLA4QO2iFLk,Extorsionadores asesinan a emprendedores: fusión criminal peruano-venezolana domina SJL,Panorama,UCBiq92lt_ufNO-ktZigVXgg,784.0,targeted_search,sicario amenaza empresario Perú,17,AMENAZA_DIRECTA,consulta explícita de una categoría minoritaria,100,17,ampliacion_amenaza_20260727_lote3,2026-07-27T08:51:03-05:00
174,fFOxvLe2BMU,https://www.youtube.com/watch?v=fFOxvLe2BMU,Miraflores: amenazan de muerte a mujer trans y policías rechazan su denuncia,lamula externos (la mula),UCY6bK9tiSKBgZsxB6fBYXbA,190.0,targeted_search,agresión amenazas mujer Perú,18,AMENAZA_DIRECTA,consulta explícita de una categoría minoritaria,100,18,ampliacion_amenaza_20260727_lote3,2026-07-27T08:51:03-05:00
175,IglCHXmruFU,https://www.youtube.com/watch?v=IglCHXmruFU,"Rossana, quien denunció a su expareja por amenazarla de muerte, logró encontrar justicia",Nunca MAS,UCFqwxsa2Wp6Y5FkUAcGShGA,253.0,targeted_search,amenaza a pareja expareja Perú,18,AMENAZA_DIRECTA,consulta explícita de una categoría minoritaria,100,18,ampliacion_amenaza_20260727_lote3,2026-07-27T08:51:03-05:00
176,COrCKqhy0DQ,https://www.youtube.com/watch?v=COrCKqhy0DQ,¡Pagan 300 mil soles en cupos para sobrevivir! Más de 20 choferes asesinados por extorsionadores,Latina Noticias,UCpSJ5fGhmAME9Kx2D3ZvN3Q,791.0,targeted_search,amenaza cobrador de cupos Perú,18,AMENAZA_DIRECTA,consulta explícita de una categoría minoritaria,100,18,ampliacion_amenaza_20260727_lote3,2026-07-27T08:51:03-05:00
177,CA354z_oxfw,https://www.youtube.com/watch?v=CA354z_oxfw,Comas: Vecinos denuncian que son amedrentados por un sujeto con armas,Panamericana Televisión,UCngb4rxO4iUE6BrIs29WXwA,787.0,targeted_search,amenaza con arma denuncia Perú,18,AMENAZA_DIRECTA,consulta explícita de una categoría minoritaria,100,18,ampliacion_amenaza_20260727_lote3,2026-07-27T08:51:03-05:00
178,Zqzs_5F_wDo,https://www.youtube.com/watch?v=Zqzs_5F_wDo,Perú denuncia amenazas de muerte contra sus funcionarios diplomáticos en México,El Universal,UC2SEk1w7DgoHs_G3w1biz-w,61.0,targeted_search,amenaza de muerte denuncia Perú,18,AMENAZA_DIRECTA,consulta explícita de una categoría minoritaria,100,18,ampliacion_amenaza_20260727_lote3,2026-07-27T08:51:03-05:00
179,XAsfq8Jr78k,https://www.youtube.com/watch?v=XAsfq8Jr78k,🔴🔵Huancayo: ¡De no creer! Secuestran a escolar por ser hincha de equipo rival y lo amenazan con arma,Exitosa Noticias,UCxgO_rak_BKZP8VNVmYqbWg,114.0,targeted_search,amenaza de secuestro denuncia Perú,18,AMENAZA_DIRECTA,consulta explícita de una categoría minoritaria,100,18,ampliacion_amenaza_20260727_lote3,2026-07-27T08:51:03-05:00
180,OtVrZTm01c8,https://www.youtube.com/watch?v=OtVrZTm01c8,"Denuncian amenaza, pero los atacan igual por falta de apoyo: La insólita respuesta en comisaría",Latina Noticias,UCpSJ5fGhmAME9Kx2D3ZvN3Q,978.0,targeted_search,amenaza en vivo televisión peruana,18,AMENAZA_DIRECTA,consulta explícita de una categoría minoritaria,100,18,ampliacion_amenaza_20260727_lote3,2026-07-27T08:51:03-05:00
181,yYvGBCCis6E,https://www.youtube.com/watch?v=yYvGBCCis6E,JUEZ DEL CALLAO DELZO LIVIAS DA CÁTEDRA JURIDICA Y DEJA MAL A FISCAL DE CORRUPCIÓN FERNANDO ALARCÓN,Walter Adan Chinchay,UCT9dwqIe2tZGR-QfavNoWzA,3258.0,targeted_search,amenaza fiscal juez audiencia Perú,18,AMENAZA_DIRECTA,consulta explícita de una categoría minoritaria,100,18,ampliacion_amenaza_20260727_lote3,2026-07-27T08:51:03-05:00
182,JUCkC1wasvQ,https://www.youtube.com/watch?v=JUCkC1wasvQ,Regidor de la MPT denuncia que recibe amenazas,Cosmos Televisión,UC_ept7M1UXlCfvcUrK49Ziw,208.0,targeted_search,amenaza redes sociales denuncia Perú,18,AMENAZA_DIRECTA,consulta explícita de una categoría minoritaria,100,18,ampliacion_amenaza_20260727_lote3,2026-07-27T08:51:03-05:00
183,Ikie4LoLQgE,https://www.youtube.com/watch?v=Ikie4LoLQgE,"Candidato ultraderechista López Aliaga cree que ""empezó fraude"" electoral en Perú",AGENCIA EFE,UCvJS-YNyaWyOucx8bGrHVvw,88.0,targeted_search,amenazan candidato político Perú,18,AMENAZA_DIRECTA,consulta explícita de una categoría minoritaria,100,18,ampliacion_amenaza_20260727_lote3,2026-07-27T08:51:03-05:00
184,G0ifY6r-Sak,https://www.youtube.com/watch?v=G0ifY6r-Sak,"AGREDEN A PERIODISTA DE PISCO CANDIDATO A LA ALCALDÍA JUAN MENDOZA,POSIBLE AUTOR INTELE",Noticias Pisco,UCbIYs4RVU9RNshXM8mtKRhA,155.0,targeted_search,amenazan periodista alcalde Perú,18,AMENAZA_DIRECTA,consulta explícita de una categoría minoritaria,100,18,ampliacion_amenaza_20260727_lote3,2026-07-27T08:51:03-05:00
185,HX7NNpwWKMo,https://www.youtube.com/watch?v=HX7NNpwWKMo,Extorsionadores cumplen amenaza y acribillan a vigilante de empresa de transportes en SJL (1/2),Buenos Días Perú,UCFnOwPrJ-Skrzk_GPNBV5tg,94.0,targeted_search,amenazan transportistas extorsión Perú,18,AMENAZA_DIRECTA,consulta explícita de una categoría minoritaria,100,18,ampliacion_amenaza_20260727_lote3,2026-07-27T08:51:03-05:00
186,gjkTcLd6H5U,https://www.youtube.com/watch?v=gjkTcLd6H5U,Delincuencia en El Agustino: Padres piden suspender clases en colegios tras amenazas,Latina Noticias,UCpSJ5fGhmAME9Kx2D3ZvN3Q,367.0,targeted_search,amenazas colegio extorsión Perú,18,AMENAZA_DIRECTA,consulta explícita de una categoría minoritaria,100,18,ampliacion_amenaza_20260727_lote3,2026-07-27T08:51:03-05:00
187,FO0NK90Ol64,https://www.youtube.com/watch?v=FO0NK90Ol64,Trujillo: Planificaban extorsiones por whatsapp,Cosmos Televisión,UC_ept7M1UXlCfvcUrK49Ziw,107.0,targeted_search,extorsionador amenaza audio WhatsApp Perú,18,AMENAZA_DIRECTA,consulta explícita de una categoría minoritaria,100,18,ampliacion_amenaza_20260727_lote3,2026-07-27T08:51:03-05:00
188,okHxwKGISxM,https://www.youtube.com/watch?v=okHxwKGISxM,"Megaoperativo contra la extorsión: la captura de ""Los sicarios del Norte""",Panorama,UCBiq92lt_ufNO-ktZigVXgg,966.0,targeted_search,sicario amenaza empresario Perú,18,AMENAZA_DIRECTA,consulta explícita de una categoría minoritaria,100,18,ampliacion_amenaza_20260727_lote3,2026-07-27T08:51:03-05:00
189,d1xiaAYT0qs,https://www.youtube.com/watch?v=d1xiaAYT0qs,Humala demands departure of Ecuadorian ambassador to Peru for assaulting two women in a supermarket,NTN24,UCEJs1fTF3KszRJGxJY14VrA,213.0,targeted_search,agresión amenazas mujer Perú,19,AMENAZA_DIRECTA,consulta explícita de una categoría minoritaria,100,19,ampliacion_amenaza_20260727_lote3,2026-07-27T08:51:03-05:00
190,CO-hN-mgb5s,https://www.youtube.com/watch?v=CO-hN-mgb5s,Venezolano amenaza a expareja y le pide que le devuelva sus regalos,Buenos Días Perú,UCFnOwPrJ-Skrzk_GPNBV5tg,497.0,targeted_search,amenaza a pareja expareja Perú,19,AMENAZA_DIRECTA,consulta explícita de una categoría minoritaria,100,19,ampliacion_amenaza_20260727_lote3,2026-07-27T08:51:03-05:00
191,I-aL_qhub10,https://www.youtube.com/watch?v=I-aL_qhub10,"""Los Rojitos"" company: demands release of driver and fare collector accused of extortion",24 Horas,UCsakKsRww3J7pM6DavkrAIQ,272.0,targeted_search,amenaza cobrador de cupos Perú,19,AMENAZA_DIRECTA,consulta explícita de una categoría minoritaria,100,19,ampliacion_amenaza_20260727_lote3,2026-07-27T08:51:03-05:00
192,48XfkBxSu_U,https://www.youtube.com/watch?v=48XfkBxSu_U,Ica: Acusan a sujeto de amenazar con escopeta a un grupo de trabajadores,Buenos Días Perú,UCFnOwPrJ-Skrzk_GPNBV5tg,348.0,targeted_search,amenaza con arma denuncia Perú,19,AMENAZA_DIRECTA,consulta explícita de una categoría minoritaria,100,19,ampliacion_amenaza_20260727_lote3,2026-07-27T08:51:03-05:00
193,WOUTtbVxQUM,https://www.youtube.com/watch?v=WOUTtbVxQUM,Callao: párroco denuncia amenazas de muerte tras revelar casos de corrupción,24 Horas,UCsakKsRww3J7pM6DavkrAIQ,202.0,targeted_search,amenaza de muerte denuncia Perú,19,AMENAZA_DIRECTA,consulta explícita de una categoría minoritaria,100,19,ampliacion_amenaza_20260727_lote3,2026-07-27T08:51:03-05:00
194,KSxbxnNPhp0,https://www.youtube.com/watch?v=KSxbxnNPhp0,"Secuestro en Perú: ""Las personas tienen que denunciar inmediatamente a la policía""",RPP Noticias,UC5j8-2FT0ZMMBkmK72R4aeA,1098.0,targeted_search,amenaza de secuestro denuncia Perú,19,AMENAZA_DIRECTA,consulta explícita de una categoría minoritaria,100,19,ampliacion_amenaza_20260727_lote3,2026-07-27T08:51:03-05:00
195,gyGmq8nX_qM,https://www.youtube.com/watch?v=gyGmq8nX_qM,Mototaxistas in conflict with foreigners due to extortions | Cuarto Poder | Peru,América Noticias,UCPhm2I2wk4vqjENwhn3px8A,908.0,targeted_search,amenaza en vivo televisión peruana,19,AMENAZA_DIRECTA,consulta explícita de una categoría minoritaria,100,19,ampliacion_amenaza_20260727_lote3,2026-07-27T08:51:03-05:00
196,ctdTa6-fmIk,https://www.youtube.com/watch?v=ctdTa6-fmIk,Judge outraged and lashes out at prosecutor for his performance in court,LP - Pasión por el Derecho,UCDscRlCxFfuHhsJBlVvPBmA,520.0,targeted_search,amenaza fiscal juez audiencia Perú,19,AMENAZA_DIRECTA,consulta explícita de una categoría minoritaria,100,19,ampliacion_amenaza_20260727_lote3,2026-07-27T08:51:03-05:00
197,O9NB8GVb7XY,https://www.youtube.com/watch?v=O9NB8GVb7XY,Willax News - JUN 22 - WE ARE FREED FROM A TERRIBLE THREAT TO DEMOCRACY | Willax,Willax Televisión,UCort3mldTtMErPqprSlSfng,62.0,targeted_search,amenaza redes sociales denuncia Perú,19,AMENAZA_DIRECTA,consulta explícita de una categoría minoritaria,100,19,ampliacion_amenaza_20260727_lote3,2026-07-27T08:51:03-05:00
198,hBrLlvoBGWI,https://www.youtube.com/watch?v=hBrLlvoBGWI,"""Por vía diplomática o armada"": Político peruano amenaza con recuperar Arica y Tarapacá",Meganoticias,UCkccyEbqhhM3uKOI6Shm-4Q,95.0,targeted_search,amenazan candidato político Perú,19,AMENAZA_DIRECTA,consulta explícita de una categoría minoritaria,100,19,ampliacion_amenaza_20260727_lote3,2026-07-27T08:51:03-05:00
199,jzmGF6vvv0Q,https://www.youtube.com/watch?v=jzmGF6vvv0Q,Funcionario amenaza y agrede a periodista,Carlos Morante,UClPACJWOH8GnjGPRFHvKUww,417.0,targeted_search,amenazan periodista alcalde Perú,19,AMENAZA_DIRECTA,consulta explícita de una categoría minoritaria,100,19,ampliacion_amenaza_20260727_lote3,2026-07-27T08:51:03-05:00
200,DbbQuzs-JdU,https://www.youtube.com/watch?v=DbbQuzs-JdU,Extorsionadores piden nuevo pago de cupos porque otro se lo robó: Transportistas amenazados por pago,Latina Noticias,UCpSJ5fGhmAME9Kx2D3ZvN3Q,371.0,targeted_search,amenazan transportistas extorsión Perú,19,AMENAZA_DIRECTA,consulta explícita de una categoría minoritaria,100,19,ampliacion_amenaza_20260727_lote3,2026-07-27T08:51:03-05:00
201,Vn1XMQX_HTY,https://www.youtube.com/watch?v=Vn1XMQX_HTY,Estudiantes amenazan a profesores de colegio de VMT: “Saliendo de tu chamba te metemos bala”,Buenos Días Perú,UCFnOwPrJ-Skrzk_GPNBV5tg,772.0,targeted_search,amenazas colegio extorsión Perú,19,AMENAZA_DIRECTA,consulta explícita de una categoría minoritaria,100,19,ampliacion_amenaza_20260727_lote3,2026-07-27T08:51:03-05:00
202,pPOPgdWtV2k,https://www.youtube.com/watch?v=pPOPgdWtV2k,"MY DAUGHTER IS BEING KIDNAPPED, BUT I DON'T HAVE A DAUGHTER",El Tamalerito,UCYcHhekLOmRExr7I0PPieDg,1066.0,targeted_search,extorsionador amenaza audio WhatsApp Perú,19,AMENAZA_DIRECTA,consulta explícita de una categoría minoritaria,100,19,ampliacion_amenaza_20260727_lote3,2026-07-27T08:51:03-05:00
203,E3To8DP_Vyo,https://www.youtube.com/watch?v=E3To8DP_Vyo,Pareja de alcalde lo denunció de agresión y ahora lo amenazan: Esto hicieron su hermano y exesposa,Latina Noticias,UCpSJ5fGhmAME9Kx2D3ZvN3Q,481.0,targeted_search,agresión amenazas mujer Perú,20,AMENAZA_DIRECTA,consulta explícita de una categoría minoritaria,100,20,ampliacion_amenaza_20260727_lote3,2026-07-27T08:51:03-05:00
204,PpXRfyP46hQ,https://www.youtube.com/watch?v=PpXRfyP46hQ,Con videos íntimos mujer es extorsionada por su expareja,Buenos Días Perú,UCFnOwPrJ-Skrzk_GPNBV5tg,913.0,targeted_search,amenaza a pareja expareja Perú,20,AMENAZA_DIRECTA,consulta explícita de una categoría minoritaria,100,20,ampliacion_amenaza_20260727_lote3,2026-07-27T08:51:03-05:00
205,6d9lQ4hnyA0,https://www.youtube.com/watch?v=6d9lQ4hnyA0,Capturan a cobrador de cupos para el terrorismo en Tingo María,enlacenacional,UC_Zpz_cv69p4oL0hDEJz4IA,108.0,targeted_search,amenaza cobrador de cupos Perú,20,AMENAZA_DIRECTA,consulta explícita de una categoría minoritaria,100,20,ampliacion_amenaza_20260727_lote3,2026-07-27T08:51:03-05:00
206,0Xg8-d7zJz8,https://www.youtube.com/watch?v=0Xg8-d7zJz8,La amenazan con video de armas: Periodista es amenazada por informar irregularidades en obras,Latina Noticias,UCpSJ5fGhmAME9Kx2D3ZvN3Q,551.0,targeted_search,amenaza con arma denuncia Perú,20,AMENAZA_DIRECTA,consulta explícita de una categoría minoritaria,100,20,ampliacion_amenaza_20260727_lote3,2026-07-27T08:51:03-05:00
207,mTLmFx4SyH8,https://www.youtube.com/watch?v=mTLmFx4SyH8,Alias “El Wichi”: extorsionaba a sus víctimas bajo amenaza de muerte,Panorama,UCBiq92lt_ufNO-ktZigVXgg,811.0,targeted_search,amenaza de muerte denuncia Perú,20,AMENAZA_DIRECTA,consulta explícita de una categoría minoritaria,100,20,ampliacion_amenaza_20260727_lote3,2026-07-27T08:51:03-05:00
208,-Jt08NnztQE,https://www.youtube.com/watch?v=-Jt08NnztQE,Inseguridad ciudadana: secuestrados y amenazados por falsos colectiveros,Panorama,UCBiq92lt_ufNO-ktZigVXgg,932.0,targeted_search,amenaza de secuestro denuncia Perú,20,AMENAZA_DIRECTA,consulta explícita de una categoría minoritaria,100,20,ampliacion_amenaza_20260727_lote3,2026-07-27T08:51:03-05:00
209,nuyb6gblbIk,https://www.youtube.com/watch?v=nuyb6gblbIk,Cercado de Lima: vecino recibe amenazas tras quejas por ruido de conciertos en estadio San Marcos,TVPerú Noticias,UCkZCoc42IipR1ucqJmIehsA,409.0,targeted_search,amenaza en vivo televisión peruana,20,AMENAZA_DIRECTA,consulta explícita de una categoría minoritaria,100,20,ampliacion_amenaza_20260727_lote3,2026-07-27T08:51:03-05:00
210,X0R9xFS7bHo,https://www.youtube.com/watch?v=X0R9xFS7bHo,La Libertad: investigan ataque a colectivo y amenazas a empresa de transporte #ROTATIVARPP |DESPACHO,RPP Noticias,UC5j8-2FT0ZMMBkmK72R4aeA,107.0,targeted_search,amenaza redes sociales denuncia Perú,20,AMENAZA_DIRECTA,consulta explícita de una categoría minoritaria,100,20,ampliacion_amenaza_20260727_lote3,2026-07-27T08:51:03-05:00
211,7reemmYZqCo,https://www.youtube.com/watch?v=7reemmYZqCo,Candidatos encaran y le dicen sus verdades a Keiko Fujimori,Wayka,UCQmo59tWId4OHTdl4W320DQ,222.0,targeted_search,amenazan candidato político Perú,20,AMENAZA_DIRECTA,consulta explícita de una categoría minoritaria,100,20,ampliacion_amenaza_20260727_lote3,2026-07-27T08:51:03-05:00
212,plmp6K0pNLI,https://www.youtube.com/watch?v=plmp6K0pNLI,TRUJILLO: AMBULANTES DE EX MAYORISTA AMENAZAN A PERIODISTA DE N60,N60 Noticias,UCa5H2yRYfOlUH4c22uY5JsQ,61.0,targeted_search,amenazan periodista alcalde Perú,20,AMENAZA_DIRECTA,consulta explícita de una categoría minoritaria,100,20,ampliacion_amenaza_20260727_lote3,2026-07-27T08:51:03-05:00
213,9bX-lnpHeMY,https://www.youtube.com/watch?v=9bX-lnpHeMY,Director de colegio es amenazado por extorsionadores que le exigen un cupo de 30 mil soles,ATV Noticias,UCYG5uXS3xdsoaXIxum1pAEw,173.0,targeted_search,amenazas colegio extorsión Perú,20,AMENAZA_DIRECTA,consulta explícita de una categoría minoritaria,100,20,ampliacion_amenaza_20260727_lote3,2026-07-27T08:51:03-05:00
214,gDGgv1RGi4E,https://www.youtube.com/watch?v=gDGgv1RGi4E,Live Drug-Free in 4K 60FPS,Recnux,UCQpHLKNmGosqo1pURYBx3pQ,31.0,targeted_search,te voy a matar audio denuncia Perú,20,AMENAZA_DIRECTA,consulta explícita de una categoría minoritaria,100,20,ampliacion_amenaza_20260727_lote3,2026-07-27T08:51:03-05:00
215,31uTqWmWwX4,https://www.youtube.com/watch?v=31uTqWmWwX4,Esposa de taxista asesinado en SJL descarta acusación de abuso y asegura que recibían amenazas,Buenos Días Perú,UCFnOwPrJ-Skrzk_GPNBV5tg,233.0,targeted_search,agresión amenazas mujer Perú,21,AMENAZA_DIRECTA,consulta explícita de una categoría minoritaria,100,21,ampliacion_amenaza_20260727_lote3,2026-07-27T08:51:03-05:00
216,HhdnnybXabY,https://www.youtube.com/watch?v=HhdnnybXabY,VMT: delincuente amenaza con un arma de fuego a menor para llevarse su celular,Buenos Días Perú,UCFnOwPrJ-Skrzk_GPNBV5tg,150.0,targeted_search,amenaza con arma denuncia Perú,21,AMENAZA_DIRECTA,consulta explícita de una categoría minoritaria,100,21,ampliacion_amenaza_20260727_lote3,2026-07-27T08:51:03-05:00
217,bqzkOubV6gA,https://www.youtube.com/watch?v=bqzkOubV6gA,"Mauricio Aguirre habla del SECUESTRO DE PERIODISTAS: ""Había una situación de amenaza"" #p21tv",Peru21TV,UCNd09h2GugrdeT_80LxOFMw,514.0,targeted_search,amenaza de secuestro denuncia Perú,21,AMENAZA_DIRECTA,consulta explícita de una categoría minoritaria,100,21,ampliacion_amenaza_20260727_lote3,2026-07-27T08:51:03-05:00
218,X41nVaiyNRk,https://www.youtube.com/watch?v=X41nVaiyNRk,Grooming: Así engañan a tus hijos en redes sociales,Latina Noticias,UCpSJ5fGhmAME9Kx2D3ZvN3Q,1388.0,targeted_search,amenaza redes sociales denuncia Perú,21,AMENAZA_DIRECTA,consulta explícita de una categoría minoritaria,100,21,ampliacion_amenaza_20260727_lote3,2026-07-27T08:51:03-05:00
219,GmbdbzyOY1k,https://www.youtube.com/watch?v=GmbdbzyOY1k,🔴🔵Threats against communicators and journalists from Exitosa,Exitosa Noticias,UCxgO_rak_BKZP8VNVmYqbWg,386.0,targeted_search,amenazan periodista alcalde Perú,21,AMENAZA_DIRECTA,consulta explícita de una categoría minoritaria,100,21,ampliacion_amenaza_20260727_lote3,2026-07-27T08:51:03-05:00
220,Ozl7A-fWiVc,https://www.youtube.com/watch?v=Ozl7A-fWiVc,Denuncian que PRESIDENTE de la ATU AMENAZA a CHOFERES que PARTICIPAN en PARO de TRANSPORTISTAS | #LR,La República - LR+,UC-B7Xv56uNRDkj0vC3QW8Cg,157.0,targeted_search,amenazan transportistas extorsión Perú,21,AMENAZA_DIRECTA,consulta explícita de una categoría minoritaria,100,21,ampliacion_amenaza_20260727_lote3,2026-07-27T08:51:03-05:00
221,X9uDA_7cRbg,https://www.youtube.com/watch?v=X9uDA_7cRbg,Investigan mensaje amenazante hallado en baño de colegio de mujeres en Piura,Buenos Días Perú,UCFnOwPrJ-Skrzk_GPNBV5tg,110.0,targeted_search,amenazas colegio extorsión Perú,21,AMENAZA_DIRECTA,consulta explícita de una categoría minoritaria,100,21,ampliacion_amenaza_20260727_lote3,2026-07-27T08:51:03-05:00
222,mu80ykCUnTI,https://www.youtube.com/watch?v=mu80ykCUnTI,Acribillan a empresario en SJL: víctima había alquilado habitación para escapar de sicarios (1/2),Buenos Días Perú,UCFnOwPrJ-Skrzk_GPNBV5tg,90.0,targeted_search,sicario amenaza empresario Perú,21,AMENAZA_DIRECTA,consulta explícita de una categoría minoritaria,100,21,ampliacion_amenaza_20260727_lote3,2026-07-27T08:51:03-05:00
223,w8COPOH15HE,https://www.youtube.com/watch?v=w8COPOH15HE,Cartman se ríe de enano,Geovanni Murcia,UC_12ZoiKqb6zfWunCdRRfjw,84.0,targeted_search,te voy a matar audio denuncia Perú,21,AMENAZA_DIRECTA,consulta explícita de una categoría minoritaria,100,21,ampliacion_amenaza_20260727_lote3,2026-07-27T08:51:03-05:00
224,kiO_qzU72Zs,https://www.youtube.com/watch?v=kiO_qzU72Zs,"Mujer pide ayuda ante amenazas via Internet de su ex pareja, en Piura",enlacenacional,UC_Zpz_cv69p4oL0hDEJz4IA,131.0,targeted_search,amenaza a pareja expareja Perú,22,AMENAZA_DIRECTA,consulta explícita de una categoría minoritaria,100,22,ampliacion_amenaza_20260727_lote3,2026-07-27T08:51:03-05:00
225,BZ9r1QPcZkQ,https://www.youtube.com/watch?v=BZ9r1QPcZkQ,Mafias de cobro de cupos imperan en Lima Norte: denuncian aumento de extorsión a mototaxistas,El Dominical de Panamericana,UCMfcN0OV7d61cWPLYm5qHpw,202.0,targeted_search,amenaza cobrador de cupos Perú,22,AMENAZA_DIRECTA,consulta explícita de una categoría minoritaria,100,22,ampliacion_amenaza_20260727_lote3,2026-07-27T08:51:03-05:00
226,fUxJzRXhjy0,https://www.youtube.com/watch?v=fUxJzRXhjy0,"""Vecino del terror"" amenaza a todo el barrio con un arma de fuego para que no hagan bulla",ATV Noticias,UCYG5uXS3xdsoaXIxum1pAEw,570.0,targeted_search,amenaza con arma denuncia Perú,22,AMENAZA_DIRECTA,consulta explícita de una categoría minoritaria,100,22,ampliacion_amenaza_20260727_lote3,2026-07-27T08:51:03-05:00
227,nkNqLF6t65o,https://www.youtube.com/watch?v=nkNqLF6t65o,Abuelito lleva secuestrado tres meses: familia pagó rescate pero aún no lo liberan,Buenos Días Perú,UCFnOwPrJ-Skrzk_GPNBV5tg,600.0,targeted_search,amenaza de secuestro denuncia Perú,22,AMENAZA_DIRECTA,consulta explícita de una categoría minoritaria,100,22,ampliacion_amenaza_20260727_lote3,2026-07-27T08:51:03-05:00
228,66DiM5eHSxk,https://www.youtube.com/watch?v=66DiM5eHSxk,"Dejan explosivo y nota contra criminal afuera de penal Castro Castro: ""Habría disputa entre bandas""",Latina Noticias,UCpSJ5fGhmAME9Kx2D3ZvN3Q,389.0,targeted_search,amenaza en vivo televisión peruana,22,AMENAZA_DIRECTA,consulta explícita de una categoría minoritaria,100,22,ampliacion_amenaza_20260727_lote3,2026-07-27T08:51:03-05:00
229,EgKTydo2I9w,https://www.youtube.com/watch?v=EgKTydo2I9w,Loreto: Citizen demands accountability for over S/100 million and reports threats in Puinahua,El Búho pe,UC6xAnp5ygm8oNoBDCgu70UQ,400.0,targeted_search,amenaza redes sociales denuncia Perú,22,AMENAZA_DIRECTA,consulta explícita de una categoría minoritaria,100,22,ampliacion_amenaza_20260727_lote3,2026-07-27T08:51:03-05:00
230,MEcusWHGjhw,https://www.youtube.com/watch?v=MEcusWHGjhw,Campaña de miedo: más amenazas contra los candidatos municipales (2/2),Panorama,UCBiq92lt_ufNO-ktZigVXgg,49.0,targeted_search,amenazan candidato político Perú,22,AMENAZA_DIRECTA,consulta explícita de una categoría minoritaria,100,22,ampliacion_amenaza_20260727_lote3,2026-07-27T08:51:03-05:00
231,w-occQm_DbA,https://www.youtube.com/watch?v=w-occQm_DbA,Mayor of SJL receives threats | Cuarto Poder | Peru,América Noticias,UCPhm2I2wk4vqjENwhn3px8A,925.0,targeted_search,amenazan periodista alcalde Perú,22,AMENAZA_DIRECTA,consulta explícita de una categoría minoritaria,100,22,ampliacion_amenaza_20260727_lote3,2026-07-27T08:51:03-05:00
232,b-aCrfjgwHs,https://www.youtube.com/watch?v=b-aCrfjgwHs,Transportistas suben pasajes para pagar cupo a 5 bandas de extorsionadores,ATV Noticias,UCYG5uXS3xdsoaXIxum1pAEw,279.0,targeted_search,amenazan transportistas extorsión Perú,22,AMENAZA_DIRECTA,consulta explícita de una categoría minoritaria,100,22,ampliacion_amenaza_20260727_lote3,2026-07-27T08:51:03-05:00
233,B4Jqt2his_E,https://www.youtube.com/watch?v=B4Jqt2his_E,Extorsiones afectan la educación en Lima: Colegios afectados suspenden clases,Latina Noticias,UCpSJ5fGhmAME9Kx2D3ZvN3Q,152.0,targeted_search,amenazas colegio extorsión Perú,22,AMENAZA_DIRECTA,consulta explícita de una categoría minoritaria,100,22,ampliacion_amenaza_20260727_lote3,2026-07-27T08:51:03-05:00
234,08M15vWd0YA,https://www.youtube.com/watch?v=08M15vWd0YA,SJL: asesinan a empresario en campeonato de fútbol tras recibir extraña llamada (2/2),Buenos Días Perú,UCFnOwPrJ-Skrzk_GPNBV5tg,171.0,targeted_search,sicario amenaza empresario Perú,22,AMENAZA_DIRECTA,consulta explícita de una categoría minoritaria,100,22,ampliacion_amenaza_20260727_lote3,2026-07-27T08:51:03-05:00
235,IaR_5fcW90s,https://www.youtube.com/watch?v=IaR_5fcW90s,HIJA DE KEIKO FUJIMORI FURIOSA ADVIERTE CON ELIMINAR A PARTICIPANTE DEL CONCURSO?,Break Espectáculos,UCdJEu1nCsFBHcTXqlSVHSZw,168.0,targeted_search,te voy a matar audio denuncia Perú,22,AMENAZA_DIRECTA,consulta explícita de una categoría minoritaria,100,22,ampliacion_amenaza_20260727_lote3,2026-07-27T08:51:03-05:00
236,5ifqblqdcXk,https://www.youtube.com/watch?v=5ifqblqdcXk,Cercado de Lima: trabajadoras sexuales capturan a presunto cobrador de cupos,TVPerú Noticias,UCkZCoc42IipR1ucqJmIehsA,302.0,targeted_search,amenaza cobrador de cupos Perú,23,AMENAZA_DIRECTA,consulta explícita de una categoría minoritaria,100,23,ampliacion_amenaza_20260727_lote3,2026-07-27T08:51:03-05:00
237,nsnZzJXry7s,https://www.youtube.com/watch?v=nsnZzJXry7s,Extorsionadores exigen S/30 mil a comerciante de Gamarra y la amenazan con armas y explosivos,El Dominical de Panamericana,UCMfcN0OV7d61cWPLYm5qHpw,162.0,targeted_search,amenaza con arma denuncia Perú,23,AMENAZA_DIRECTA,consulta explícita de una categoría minoritaria,100,23,ampliacion_amenaza_20260727_lote3,2026-07-27T08:51:03-05:00
238,DpI-yCM5mfU,https://www.youtube.com/watch?v=DpI-yCM5mfU,Alcalde de SJL denuncia que continúa recibiendo amenazas de muerte,TVPerú Noticias,UCkZCoc42IipR1ucqJmIehsA,73.0,targeted_search,amenaza de muerte denuncia Perú,23,AMENAZA_DIRECTA,consulta explícita de una categoría minoritaria,100,23,ampliacion_amenaza_20260727_lote3,2026-07-27T08:51:03-05:00
239,9GyAYScUyBU,https://www.youtube.com/watch?v=9GyAYScUyBU,AUMENTAN las denuncias de EXTORSIÓN y SECUESTRO a nivel nacional,TVPerú Noticias,UCkZCoc42IipR1ucqJmIehsA,778.0,targeted_search,amenaza de secuestro denuncia Perú,23,AMENAZA_DIRECTA,consulta explícita de una categoría minoritaria,100,23,ampliacion_amenaza_20260727_lote3,2026-07-27T08:51:03-05:00
240,AzwWXmXpoDE,https://www.youtube.com/watch?v=AzwWXmXpoDE,Huachipa: regidora denuncia que viene recibiendo amenazas contra su vida,TVPerú Noticias,UCkZCoc42IipR1ucqJmIehsA,91.0,targeted_search,amenaza en vivo televisión peruana,23,AMENAZA_DIRECTA,consulta explícita de una categoría minoritaria,100,23,ampliacion_amenaza_20260727_lote3,2026-07-27T08:51:03-05:00
241,nSdTmOFVYNk,https://www.youtube.com/watch?v=nSdTmOFVYNk,Jueza ordena reemplazar al fiscal porque no sabía interrogar,LP - Pasión por el Derecho,UCDscRlCxFfuHhsJBlVvPBmA,447.0,targeted_search,amenaza fiscal juez audiencia Perú,23,AMENAZA_DIRECTA,consulta explícita de una categoría minoritaria,100,23,ampliacion_amenaza_20260727_lote3,2026-07-27T08:51:03-05:00
242,3HT4dJE99J0,https://www.youtube.com/watch?v=3HT4dJE99J0,Candidato Cáceres Velásquez amenaza con pateadura a presidente del JNE en Arequipa,enlacenacional,UC_Zpz_cv69p4oL0hDEJz4IA,105.0,targeted_search,amenazan candidato político Perú,23,AMENAZA_DIRECTA,consulta explícita de una categoría minoritaria,100,23,ampliacion_amenaza_20260727_lote3,2026-07-27T08:51:03-05:00
243,8w7HByrBDlY,https://www.youtube.com/watch?v=8w7HByrBDlY,Periodista acusa al alcalde de Parcoy por amenaza,Cosmos Televisión,UC_ept7M1UXlCfvcUrK49Ziw,139.0,targeted_search,amenazan periodista alcalde Perú,23,AMENAZA_DIRECTA,consulta explícita de una categoría minoritaria,100,23,ampliacion_amenaza_20260727_lote3,2026-07-27T08:51:03-05:00
244,PBsYQPpUxI8,https://www.youtube.com/watch?v=PBsYQPpUxI8,Cae red que extorsionaba transportistas y movió S/9 millones | #LR,La República - LR+,UC-B7Xv56uNRDkj0vC3QW8Cg,113.0,targeted_search,amenazan transportistas extorsión Perú,23,AMENAZA_DIRECTA,consulta explícita de una categoría minoritaria,100,23,ampliacion_amenaza_20260727_lote3,2026-07-27T08:51:03-05:00
245,F5jO9Tt6ymk,https://www.youtube.com/watch?v=F5jO9Tt6ymk,Extorsionadores de colegio fueron capturados: Pertenecen a 'Los Bravos del Callao',Latina Noticias,UCpSJ5fGhmAME9Kx2D3ZvN3Q,119.0,targeted_search,amenazas colegio extorsión Perú,23,AMENAZA_DIRECTA,consulta explícita de una categoría minoritaria,100,23,ampliacion_amenaza_20260727_lote3,2026-07-27T08:51:03-05:00
246,sRNq0G500kQ,https://www.youtube.com/watch?v=sRNq0G500kQ,Con su último aliento atropelló a los sicarios que le dispararon: Asesino confesó todo,Latina Noticias,UCpSJ5fGhmAME9Kx2D3ZvN3Q,414.0,targeted_search,sicario amenaza empresario Perú,23,AMENAZA_DIRECTA,consulta explícita de una categoría minoritaria,100,23,ampliacion_amenaza_20260727_lote3,2026-07-27T08:51:03-05:00
247,eLDOPUkqW0Y,https://www.youtube.com/watch?v=eLDOPUkqW0Y,yo después de ver esto 💀,el pro de mastercraft,UCcnFfqmPZlH5RGjIm-K9WHw,84.0,targeted_search,te voy a matar audio denuncia Perú,23,AMENAZA_DIRECTA,consulta explícita de una categoría minoritaria,100,23,ampliacion_amenaza_20260727_lote3,2026-07-27T08:51:03-05:00
248,aYpisVffvXY,https://www.youtube.com/watch?v=aYpisVffvXY,“Vecina del Terror”: Denuncian que mujer ataca a adultos y hasta niños con piedras en SJM,Buenos Días Perú,UCFnOwPrJ-Skrzk_GPNBV5tg,423.0,targeted_search,agresión amenazas mujer Perú,24,AMENAZA_DIRECTA,consulta explícita de una categoría minoritaria,100,24,ampliacion_amenaza_20260727_lote3,2026-07-27T08:51:03-05:00
249,Qa_L0frq7yk,https://www.youtube.com/watch?v=Qa_L0frq7yk,Nunca Más: Programa del 9 de febrero 2020,Nunca MAS,UCFqwxsa2Wp6Y5FkUAcGShGA,4111.0,targeted_search,amenaza a pareja expareja Perú,24,AMENAZA_DIRECTA,consulta explícita de una categoría minoritaria,100,24,ampliacion_amenaza_20260727_lote3,2026-07-27T08:51:03-05:00
250,By2PXf7Un0Y,https://www.youtube.com/watch?v=By2PXf7Un0Y,The extortionists have been caught! They were posing as a driver and fare collector in Ventanilla.,Radio Nacional,UCVW7J-lF26d3G3X8i2zmKow,192.0,targeted_search,amenaza cobrador de cupos Perú,24,AMENAZA_DIRECTA,consulta explícita de una categoría minoritaria,100,24,ampliacion_amenaza_20260727_lote3,2026-07-27T08:51:03-05:00
251,-nAcUpsxqPc,https://www.youtube.com/watch?v=-nAcUpsxqPc,Grave denuncia de joven en Comas: fue secuestrada y asaltada en taxi por aplicativo,El Dominical de Panamericana,UCMfcN0OV7d61cWPLYm5qHpw,177.0,targeted_search,amenaza de secuestro denuncia Perú,24,AMENAZA_DIRECTA,consulta explícita de una categoría minoritaria,100,24,ampliacion_amenaza_20260727_lote3,2026-07-27T08:51:03-05:00
252,MzHaBP1YQg0,https://www.youtube.com/watch?v=MzHaBP1YQg0,Caso Policía- Juez llama la atención a Fiscal parte 1,HONESTIDAD PERÚ ,UC0V2T-TbjC2sh_kq2AeQqVg,170.0,targeted_search,amenaza fiscal juez audiencia Perú,24,AMENAZA_DIRECTA,consulta explícita de una categoría minoritaria,100,24,ampliacion_amenaza_20260727_lote3,2026-07-27T08:51:03-05:00
253,W_Fa1AhS-n8,https://www.youtube.com/watch?v=W_Fa1AhS-n8,"2010-12-06 García amenaza las elecciones del 2011 con Golpe de Estado, Prensa Libre",JuvNacionalista,UCiU0qQdgb3GDsj8nY_jVLYQ,602.0,targeted_search,amenazan candidato político Perú,24,AMENAZA_DIRECTA,consulta explícita de una categoría minoritaria,100,24,ampliacion_amenaza_20260727_lote3,2026-07-27T08:51:03-05:00
254,cwkHgZJAlfM,https://www.youtube.com/watch?v=cwkHgZJAlfM,PERIODISTA ES AGREDIDO POR CHÓFER DEL ALCALDE DE HUAURA,Producciones TeD Televisión en Digital,UCQRfou8CZWIJzLOpKfhmqcg,160.0,targeted_search,amenazan periodista alcalde Perú,24,AMENAZA_DIRECTA,consulta explícita de una categoría minoritaria,100,24,ampliacion_amenaza_20260727_lote3,2026-07-27T08:51:03-05:00
255,QOK1K_FJqdg,https://www.youtube.com/watch?v=QOK1K_FJqdg,Extorsión a transportistas: Perú entre los 6 países de Latinoamérica golpeados por este delito,Multimedia Terceros PTV,UCffjpNp90bVEAMphnh1T_fg,300.0,targeted_search,amenazan transportistas extorsión Perú,24,AMENAZA_DIRECTA,consulta explícita de una categoría minoritaria,100,24,ampliacion_amenaza_20260727_lote3,2026-07-27T08:51:03-05:00
256,Hlcxi_9abmA,https://www.youtube.com/watch?v=Hlcxi_9abmA,"Terror at SMP school: dynamite stick left behind, classes suspended due to threats",Buenos Días Perú,UCFnOwPrJ-Skrzk_GPNBV5tg,73.0,targeted_search,amenazas colegio extorsión Perú,24,AMENAZA_DIRECTA,consulta explícita de una categoría minoritaria,100,24,ampliacion_amenaza_20260727_lote3,2026-07-27T08:51:03-05:00
257,sqBPb3b3VI0,https://www.youtube.com/watch?v=sqBPb3b3VI0,Extorsionadores secuestran combi con pasajeros y obligan a chofer a enviar audio a grupo de WhatsApp,ATV Noticias,UCYG5uXS3xdsoaXIxum1pAEw,135.0,targeted_search,extorsionador amenaza audio WhatsApp Perú,24,AMENAZA_DIRECTA,consulta explícita de una categoría minoritaria,100,24,ampliacion_amenaza_20260727_lote3,2026-07-27T08:51:03-05:00
258,H7D7m3PrNaU,https://www.youtube.com/watch?v=H7D7m3PrNaU,Comas: madre de familia denuncia amenazas de expareja tras demandarlo por pensión de alimentos,Buenos Días Perú,UCFnOwPrJ-Skrzk_GPNBV5tg,914.0,targeted_search,agresión amenazas mujer Perú,25,AMENAZA_DIRECTA,consulta explícita de una categoría minoritaria,100,25,ampliacion_amenaza_20260727_lote3,2026-07-27T08:51:03-05:00
259,QkeYKwRsJMM,https://www.youtube.com/watch?v=QkeYKwRsJMM,Extorsionan a hombre con 30 mil soles tras pedir préstamo mediante aplicativo,Latina Noticias,UCpSJ5fGhmAME9Kx2D3ZvN3Q,188.0,targeted_search,amenaza cobrador de cupos Perú,25,AMENAZA_DIRECTA,consulta explícita de una categoría minoritaria,100,25,ampliacion_amenaza_20260727_lote3,2026-07-27T08:51:03-05:00
260,HuEilh65bv0,https://www.youtube.com/watch?v=HuEilh65bv0,🔴🔵Tarapoto: Médico sostiene sobre acusación de amenaza a un trabajador con un arma de fuego,Exitosa Noticias,UCxgO_rak_BKZP8VNVmYqbWg,644.0,targeted_search,amenaza con arma denuncia Perú,25,AMENAZA_DIRECTA,consulta explícita de una categoría minoritaria,100,25,ampliacion_amenaza_20260727_lote3,2026-07-27T08:51:03-05:00
261,E74co0a_hJI,https://www.youtube.com/watch?v=E74co0a_hJI,Cocktails Case: Protected witness reports receiving death threats,TVPerú Noticias,UCkZCoc42IipR1ucqJmIehsA,42.0,targeted_search,amenaza de muerte denuncia Perú,25,AMENAZA_DIRECTA,consulta explícita de una categoría minoritaria,100,25,ampliacion_amenaza_20260727_lote3,2026-07-27T08:51:03-05:00
262,dtyxW-T9W4I,https://www.youtube.com/watch?v=dtyxW-T9W4I,Fiscal Marita Barreto denuncia amenaza a testigo protegido Ivan Siucho #ECONOMIAXTODOS | DESPACHO,RPP Noticias,UC5j8-2FT0ZMMBkmK72R4aeA,296.0,targeted_search,amenaza de secuestro denuncia Perú,25,AMENAZA_DIRECTA,consulta explícita de una categoría minoritaria,100,25,ampliacion_amenaza_20260727_lote3,2026-07-27T08:51:03-05:00
263,b5sFGyfbuHQ,https://www.youtube.com/watch?v=b5sFGyfbuHQ,Killed after extortion threats | Domingo al Día | Peru,América Televisión,UCGGry4kGWZUqIfG6LLNhOmg,732.0,targeted_search,amenaza en vivo televisión peruana,25,AMENAZA_DIRECTA,consulta explícita de una categoría minoritaria,100,25,ampliacion_amenaza_20260727_lote3,2026-07-27T08:51:03-05:00
264,c1YSg-RI2YA,https://www.youtube.com/watch?v=c1YSg-RI2YA,Candidato Roberto Sánchez: Exigimos respeto por el voto de los peruanos',Latina Noticias,UCpSJ5fGhmAME9Kx2D3ZvN3Q,53.0,targeted_search,amenazan candidato político Perú,25,AMENAZA_DIRECTA,consulta explícita de una categoría minoritaria,100,25,ampliacion_amenaza_20260727_lote3,2026-07-27T08:51:03-05:00
265,1Inc-4b45nQ,https://www.youtube.com/watch?v=1Inc-4b45nQ,AMENAZAN A PERIODISTA POR DECLARAR ACTOS DE CORRUNCION EN LA MUNICIPALIDAD DE LOS AQUIJES.,Dile a Los Aquijes,UCltIlBetd0qq15VkqOnX4bA,461.0,targeted_search,amenazan periodista alcalde Perú,25,AMENAZA_DIRECTA,consulta explícita de una categoría minoritaria,100,25,ampliacion_amenaza_20260727_lote3,2026-07-27T08:51:03-05:00
266,j-i9IqDV-7w,https://www.youtube.com/watch?v=j-i9IqDV-7w,Extortion ring that threatened East Lima transport companies falls,ATV Noticias,UCYG5uXS3xdsoaXIxum1pAEw,562.0,targeted_search,amenazan transportistas extorsión Perú,25,AMENAZA_DIRECTA,consulta explícita de una categoría minoritaria,100,25,ampliacion_amenaza_20260727_lote3,2026-07-27T08:51:03-05:00
267,uc89Eo3T6BY,https://www.youtube.com/watch?v=uc89Eo3T6BY,🔴🔵 School cafeteria concessionaire owner continues to receive threats from extortionists,Exitosa Noticias,UCxgO_rak_BKZP8VNVmYqbWg,124.0,targeted_search,amenazas colegio extorsión Perú,25,AMENAZA_DIRECTA,consulta explícita de una categoría minoritaria,100,25,ampliacion_amenaza_20260727_lote3,2026-07-27T08:51:03-05:00
268,HAxMalCqHoo,https://www.youtube.com/watch?v=HAxMalCqHoo,LLAMADA DE EXTORSION EN LIMA PERU,Mi barrio En linea,UCdIn0XW7q86Oac_4KlFp4TA,245.0,targeted_search,extorsionador amenaza audio WhatsApp Perú,25,AMENAZA_DIRECTA,consulta explícita de una categoría minoritaria,100,25,ampliacion_amenaza_20260727_lote3,2026-07-27T08:51:03-05:00
269,bfv8SUYLj6Q,https://www.youtube.com/watch?v=bfv8SUYLj6Q,🔴🔵 Young businessman left critically injured after attack by suspected hitmen in Chincha,Exitosa Noticias,UCxgO_rak_BKZP8VNVmYqbWg,235.0,targeted_search,sicario amenaza empresario Perú,25,AMENAZA_DIRECTA,consulta explícita de una categoría minoritaria,100,25,ampliacion_amenaza_20260727_lote3,2026-07-27T08:51:03-05:00
270,OIElj2X0qT0,https://www.youtube.com/watch?v=OIElj2X0qT0,"HABLANDO HUEVADAS- [""Jorge Descansa en Paz""]- Trigésimo Cuarto Episodio",Hablando Huevadas,UCba1vMvOHWlMddLARS382Zw,4325.0,targeted_search,te voy a matar audio denuncia Perú,25,AMENAZA_DIRECTA,consulta explícita de una categoría minoritaria,100,25,ampliacion_amenaza_20260727_lote3,2026-07-27T08:51:03-05:00
271,R1NjyhWZUC8,https://www.youtube.com/watch?v=R1NjyhWZUC8,Robberies on board: crime targets women in Lima,Panorama,UCBiq92lt_ufNO-ktZigVXgg,974.0,targeted_search,agresión amenazas mujer Perú,26,AMENAZA_DIRECTA,consulta explícita de una categoría minoritaria,100,26,ampliacion_amenaza_20260727_lote3,2026-07-27T08:51:03-05:00
272,e4G_i3zmrPk,https://www.youtube.com/watch?v=e4G_i3zmrPk,SMP: Man attacks his ex-partner's sisters after not finding her,Panamericana Televisión,UCngb4rxO4iUE6BrIs29WXwA,1518.0,targeted_search,amenaza a pareja expareja Perú,26,AMENAZA_DIRECTA,consulta explícita de una categoría minoritaria,100,26,ampliacion_amenaza_20260727_lote3,2026-07-27T08:51:03-05:00
273,xWFNGqnWh-s,https://www.youtube.com/watch?v=xWFNGqnWh-s,Police intimidate CIVILIAN without knowing he was a POLICE COMMANDER,GRUPO CASTEC,UCiejV-6eEEmtgBmAo1I0n4A,171.0,targeted_search,amenaza cobrador de cupos Perú,26,AMENAZA_DIRECTA,consulta explícita de una categoría minoritaria,100,26,ampliacion_amenaza_20260727_lote3,2026-07-27T08:51:03-05:00
274,XdXM0pKrIZI,https://www.youtube.com/watch?v=XdXM0pKrIZI,AI denuncia que la policía peruana hizo uso ilegal de armas letales,DW Español,UCT4Jg8h03dD0iN3Pb5L0PMA,228.0,targeted_search,amenaza con arma denuncia Perú,26,AMENAZA_DIRECTA,consulta explícita de una categoría minoritaria,100,26,ampliacion_amenaza_20260727_lote3,2026-07-27T08:51:03-05:00
275,Dn0kVNAelqI,https://www.youtube.com/watch?v=Dn0kVNAelqI,CRIMINALS DISGUISED AS POLICE UNLEASH TERROR BY KIDNAPPING 30 WORKERS IN A MINE!,CTV Perú Oficial,UCy4UKhdd5U0cUru_sBn-DGA,865.0,targeted_search,amenaza de secuestro denuncia Perú,26,AMENAZA_DIRECTA,consulta explícita de una categoría minoritaria,100,26,ampliacion_amenaza_20260727_lote3,2026-07-27T08:51:03-05:00
276,Zxhr2cRCJI0,https://www.youtube.com/watch?v=Zxhr2cRCJI0,Fiscal DOMINGO PÉREZ sobre uso de CHALECO: “Recibo AMENAZAS de MUERTE” | #LR,La República - LR+,UC-B7Xv56uNRDkj0vC3QW8Cg,170.0,targeted_search,amenaza fiscal juez audiencia Perú,26,AMENAZA_DIRECTA,consulta explícita de una categoría minoritaria,100,26,ampliacion_amenaza_20260727_lote3,2026-07-27T08:51:03-05:00
277,UfjJa-f1iZc,https://www.youtube.com/watch?v=UfjJa-f1iZc,Amenazan a periodista con sus datos personales por rechazar portabilidad a otra empresa telefónica,Buenos Días Perú,UCFnOwPrJ-Skrzk_GPNBV5tg,545.0,targeted_search,amenaza redes sociales denuncia Perú,26,AMENAZA_DIRECTA,consulta explícita de una categoría minoritaria,100,26,ampliacion_amenaza_20260727_lote3,2026-07-27T08:51:03-05:00
278,SSAFpBwMnvY,https://www.youtube.com/watch?v=SSAFpBwMnvY,AMPAY ALAN GARCIA AMENAZA A CANDIDATOS ANTI-SISTEMA NEOLIBERAL CORRUPTO DERECHISTA,DANIEL VEGA,UC1jgmxpGVeggT0GeL-FQClg,376.0,targeted_search,amenazan candidato político Perú,26,AMENAZA_DIRECTA,consulta explícita de una categoría minoritaria,100,26,ampliacion_amenaza_20260727_lote3,2026-07-27T08:51:03-05:00
279,-TrvMIWJTYc,https://www.youtube.com/watch?v=-TrvMIWJTYc,Franco Vidal: Maju Mantilla speaks out after criticism from the mayor of Ate l Arriba Mi Gente,Latina Televisión,UC3rDtLrcgr3JS3_3JOW4BAw,650.0,targeted_search,amenazan periodista alcalde Perú,26,AMENAZA_DIRECTA,consulta explícita de una categoría minoritaria,100,26,ampliacion_amenaza_20260727_lote3,2026-07-27T08:51:03-05:00
280,su8i8FN0V-8,https://www.youtube.com/watch?v=su8i8FN0V-8,'The Chinese': Urban transport under threat of extortion| Cuarto Poder | Peru,América Noticias,UCPhm2I2wk4vqjENwhn3px8A,760.0,targeted_search,amenazan transportistas extorsión Perú,26,AMENAZA_DIRECTA,consulta explícita de una categoría minoritaria,100,26,ampliacion_amenaza_20260727_lote3,2026-07-27T08:51:03-05:00
281,jY_gAnunI-U,https://www.youtube.com/watch?v=jY_gAnunI-U,School in San Martín de Porres suspends in-person classes after receiving extortion threats,ATV Noticias,UCYG5uXS3xdsoaXIxum1pAEw,273.0,targeted_search,amenazas colegio extorsión Perú,26,AMENAZA_DIRECTA,consulta explícita de una categoría minoritaria,100,26,ampliacion_amenaza_20260727_lote3,2026-07-27T08:51:03-05:00
282,ag_Bk7gfsvE,https://www.youtube.com/watch?v=ag_Bk7gfsvE,"Empresario se muda por amenazas extorsivas, pero lo encuentran y atacan su ferretería en VES",Buenos Días Perú,UCFnOwPrJ-Skrzk_GPNBV5tg,160.0,targeted_search,sicario amenaza empresario Perú,26,AMENAZA_DIRECTA,consulta explícita de una categoría minoritaria,100,26,ampliacion_amenaza_20260727_lote3,2026-07-27T08:51:03-05:00
283,iIC9zyHrkkA,https://www.youtube.com/watch?v=iIC9zyHrkkA,"“Estoy a tu lado”, la plataforma que permite enviar alertas sobre hechos de violencia",RPP Noticias,UC5j8-2FT0ZMMBkmK72R4aeA,533.0,targeted_search,agresión amenazas mujer Perú,27,AMENAZA_DIRECTA,consulta explícita de una categoría minoritaria,100,27,ampliacion_amenaza_20260727_lote3,2026-07-27T08:51:03-05:00
284,h8zgWAV8CJY,https://www.youtube.com/watch?v=h8zgWAV8CJY,Acompañó a su papá como cobrador y le salvó la vida: Extorsionador subió con puñal a cobrar cupo,Latina Noticias,UCpSJ5fGhmAME9Kx2D3ZvN3Q,556.0,targeted_search,amenaza cobrador de cupos Perú,27,AMENAZA_DIRECTA,consulta explícita de una categoría minoritaria,100,27,ampliacion_amenaza_20260727_lote3,2026-07-27T08:51:03-05:00
285,hvdbNxOerMQ,https://www.youtube.com/watch?v=hvdbNxOerMQ,BETO SE ALOCA Y AMENAZA CON ARMA A MINISTRO,Red mundial,UCGq6lH8RFwXgAAAk1UQLl6A,243.0,targeted_search,amenaza con arma denuncia Perú,27,AMENAZA_DIRECTA,consulta explícita de una categoría minoritaria,100,27,ampliacion_amenaza_20260727_lote3,2026-07-27T08:51:03-05:00
286,BKzzHlIF7OE,https://www.youtube.com/watch?v=BKzzHlIF7OE,Grenade and threatening letter left at Castro Castro prison in San Juan de Lurigancho,TVPerú Noticias,UCkZCoc42IipR1ucqJmIehsA,55.0,targeted_search,amenaza en vivo televisión peruana,27,AMENAZA_DIRECTA,consulta explícita de una categoría minoritaria,100,27,ampliacion_amenaza_20260727_lote3,2026-07-27T08:51:03-05:00
287,tvAcTPLsqFw,https://www.youtube.com/watch?v=tvAcTPLsqFw,Alcalde denuncia amenazas tras negarse a pagar S/ 300 mil | SEGMENTO #PurosFactos,RPP Noticias,UC5j8-2FT0ZMMBkmK72R4aeA,375.0,targeted_search,amenaza redes sociales denuncia Perú,27,AMENAZA_DIRECTA,consulta explícita de una categoría minoritaria,100,27,ampliacion_amenaza_20260727_lote3,2026-07-27T08:51:03-05:00
288,1-U7B7-bXwk,https://www.youtube.com/watch?v=1-U7B7-bXwk,López Aliaga's candidate threatens to get rid of Wayka for publishing his complaints.,Wayka,UCQmo59tWId4OHTdl4W320DQ,181.0,targeted_search,amenazan candidato político Perú,27,AMENAZA_DIRECTA,consulta explícita de una categoría minoritaria,100,27,ampliacion_amenaza_20260727_lote3,2026-07-27T08:51:03-05:00
289,I_g77i1E-s8,https://www.youtube.com/watch?v=I_g77i1E-s8,LEO VILCHEZ (ACCIÓN POPULAR) VS FRANCO VIDAL (AVANZA PAÍS) DEBATE MUNICIPAL 2022,AWDU Studios,UCWNE8gqZ0XUuufiJtPYivkg,227.0,targeted_search,amenazan periodista alcalde Perú,27,AMENAZA_DIRECTA,consulta explícita de una categoría minoritaria,100,27,ampliacion_amenaza_20260727_lote3,2026-07-27T08:51:03-05:00
290,Iq07BDyNRQ0,https://www.youtube.com/watch?v=Iq07BDyNRQ0,Extorsiones imparables contra transportistas desatan crisis e incertidumbre #RESUMENADN,RPP Noticias,UC5j8-2FT0ZMMBkmK72R4aeA,199.0,targeted_search,amenazan transportistas extorsión Perú,27,AMENAZA_DIRECTA,consulta explícita de una categoría minoritaria,100,27,ampliacion_amenaza_20260727_lote3,2026-07-27T08:51:03-05:00
291,HtiskJ6E2HU,https://www.youtube.com/watch?v=HtiskJ6E2HU,Extorsionadores exigen pago de 80 mil soles a director de colegio para dejar estudiar a escolares,ATV Noticias,UCYG5uXS3xdsoaXIxum1pAEw,142.0,targeted_search,amenazas colegio extorsión Perú,27,AMENAZA_DIRECTA,consulta explícita de una categoría minoritaria,100,27,ampliacion_amenaza_20260727_lote3,2026-07-27T08:51:03-05:00
292,xr8Mu0v4n4E,https://www.youtube.com/watch?v=xr8Mu0v4n4E,Extorsionador de Skokka vs Mexicano. El video que te curará del miedo para siempre.,Kiketeckno,UC_hMrSENUn8C5KdKIRM7JeA,1407.0,targeted_search,extorsionador amenaza audio WhatsApp Perú,27,AMENAZA_DIRECTA,consulta explícita de una categoría minoritaria,100,27,ampliacion_amenaza_20260727_lote3,2026-07-27T08:51:03-05:00
293,aEUnj7q6MCc,https://www.youtube.com/watch?v=aEUnj7q6MCc,HABLANDO HUEVADAS - Especial PreTemporada [NUESTRAS MAMÁS SON POBRES],Hablando Huevadas,UCba1vMvOHWlMddLARS382Zw,4769.0,targeted_search,te voy a matar audio denuncia Perú,27,AMENAZA_DIRECTA,consulta explícita de una categoría minoritaria,100,27,ampliacion_amenaza_20260727_lote3,2026-07-27T08:51:03-05:00
294,1sroVgNDRpo,https://www.youtube.com/watch?v=1sroVgNDRpo,Mujer denuncia que la prima de su expareja la acosa desde hace 7 años,Buenos Días Perú,UCFnOwPrJ-Skrzk_GPNBV5tg,384.0,targeted_search,amenaza a pareja expareja Perú,28,AMENAZA_DIRECTA,consulta explícita de una categoría minoritaria,100,28,ampliacion_amenaza_20260727_lote3,2026-07-27T08:51:03-05:00
295,5AdRfOm-s7E,https://www.youtube.com/watch?v=5AdRfOm-s7E,VMT: cae extorsionador que amenazaba a sus víctimas con una granada,Buenos Días Perú,UCFnOwPrJ-Skrzk_GPNBV5tg,121.0,targeted_search,amenaza cobrador de cupos Perú,28,AMENAZA_DIRECTA,consulta explícita de una categoría minoritaria,100,28,ampliacion_amenaza_20260727_lote3,2026-07-27T08:51:03-05:00
296,uBLs_UIpqcU,https://www.youtube.com/watch?v=uBLs_UIpqcU,Alcalde Reggiardo denuncia intento de extorsión contra ingenieros de obra de la MML,Buenos Días Perú,UCFnOwPrJ-Skrzk_GPNBV5tg,154.0,targeted_search,amenaza con arma denuncia Perú,28,AMENAZA_DIRECTA,consulta explícita de una categoría minoritaria,100,28,ampliacion_amenaza_20260727_lote3,2026-07-27T08:51:03-05:00
297,PqAwTbc_dsI,https://www.youtube.com/watch?v=PqAwTbc_dsI,"Madre de empresario secuestrado rechaza autosecuestro: ""Él ya recibía amenazas""",Buenos Días Perú,UCFnOwPrJ-Skrzk_GPNBV5tg,722.0,targeted_search,amenaza de secuestro denuncia Perú,28,AMENAZA_DIRECTA,consulta explícita de una categoría minoritaria,100,28,ampliacion_amenaza_20260727_lote3,2026-07-27T08:51:03-05:00
298,XpPR1-T2D8I,https://www.youtube.com/watch?v=XpPR1-T2D8I,"Transportistas hartos de extorsiones: ""Empresas amenazan con suspenderlos si no salen a trabajar""",Latina Noticias,UCpSJ5fGhmAME9Kx2D3ZvN3Q,311.0,targeted_search,amenaza en vivo televisión peruana,28,AMENAZA_DIRECTA,consulta explícita de una categoría minoritaria,100,28,ampliacion_amenaza_20260727_lote3,2026-07-27T08:51:03-05:00
299,-aJ6yC0e1zk,https://www.youtube.com/watch?v=-aJ6yC0e1zk,JUEZA DESTRUY3 EN VIVO A JOSÉ DOMINGO PÉREZ Y LO MANDA A CALLAR X REPETIR Y NO SER CONCRETO,Mi Canal Peru,UCPdMo4auXNg5mVtkJ_LbP8g,98.0,targeted_search,amenaza fiscal juez audiencia Perú,28,AMENAZA_DIRECTA,consulta explícita de una categoría minoritaria,100,28,ampliacion_amenaza_20260727_lote3,2026-07-27T08:51:03-05:00
300,MFrJxbkU54Y,https://www.youtube.com/watch?v=MFrJxbkU54Y,EL ZEEIN AMENAZA CON DENUNCIAR A UN PROGRAMA DE TELEVISIÓN PERUANO,Eva,UC-W7-VrElSbgQYbKwtujHVQ,770.0,targeted_search,amenaza redes sociales denuncia Perú,28,AMENAZA_DIRECTA,consulta explícita de una categoría minoritaria,100,28,ampliacion_amenaza_20260727_lote3,2026-07-27T08:51:03-05:00
301,24llifLHPvo,https://www.youtube.com/watch?v=24llifLHPvo,Elecciones 2021: La amenaza de un golpe contra Pedro Castillo,La República - LR+,UC-B7Xv56uNRDkj0vC3QW8Cg,361.0,targeted_search,amenazan candidato político Perú,28,AMENAZA_DIRECTA,consulta explícita de una categoría minoritaria,100,28,ampliacion_amenaza_20260727_lote3,2026-07-27T08:51:03-05:00
302,rNRew59LBLs,https://www.youtube.com/watch?v=rNRew59LBLs,🔴🔵Amenazan a periodistas de Exitosa por investigación en Huaral y Chancay,Exitosa Noticias,UCxgO_rak_BKZP8VNVmYqbWg,543.0,targeted_search,amenazan periodista alcalde Perú,28,AMENAZA_DIRECTA,consulta explícita de una categoría minoritaria,100,28,ampliacion_amenaza_20260727_lote3,2026-07-27T08:51:03-05:00
303,WuHYso49bD8,https://www.youtube.com/watch?v=WuHYso49bD8,"Doctor es víctima de atentados y extorsiones en Perú: ""Amenazan a mis hermanos y trabajadores""",Latina Noticias,UCpSJ5fGhmAME9Kx2D3ZvN3Q,602.0,targeted_search,amenazan transportistas extorsión Perú,28,AMENAZA_DIRECTA,consulta explícita de una categoría minoritaria,100,28,ampliacion_amenaza_20260727_lote3,2026-07-27T08:51:03-05:00
304,fllLrfY7jlw,https://www.youtube.com/watch?v=fllLrfY7jlw,🔴NOTICIAS | ESCUELAS BAJO AMENAZA: EXT0RSI0N Y MIEDO EN PERÚ | TheMXFam,The Mexican Family,UCKNW2TrrUlof4ES2y1BWjpA,227.0,targeted_search,amenazas colegio extorsión Perú,28,AMENAZA_DIRECTA,consulta explícita de una categoría minoritaria,100,28,ampliacion_amenaza_20260727_lote3,2026-07-27T08:51:03-05:00
305,VBZfEB7NT-k,https://www.youtube.com/watch?v=VBZfEB7NT-k,¡Cuidado! Realizan extorsiones por videollamadas para armar un montaje y amenazarte,adn Noticias,UC7k--FhnJzhPTrbtldMSoQQ,149.0,targeted_search,extorsionador amenaza audio WhatsApp Perú,28,AMENAZA_DIRECTA,consulta explícita de una categoría minoritaria,100,28,ampliacion_amenaza_20260727_lote3,2026-07-27T08:51:03-05:00
306,ehCjYvbxLTk,https://www.youtube.com/watch?v=ehCjYvbxLTk,Acribillan a empresario en SJL: víctima había alquilado habitación para escapar de sicarios (2/2),Buenos Días Perú,UCFnOwPrJ-Skrzk_GPNBV5tg,155.0,targeted_search,sicario amenaza empresario Perú,28,AMENAZA_DIRECTA,consulta explícita de una categoría minoritaria,100,28,ampliacion_amenaza_20260727_lote3,2026-07-27T08:51:03-05:00
307,oaUWtVUKuDQ,https://www.youtube.com/watch?v=oaUWtVUKuDQ,Mujer amenaza con machete a sus vecinos en Puente Piedra,24 Horas,UCsakKsRww3J7pM6DavkrAIQ,170.0,targeted_search,agresión amenazas mujer Perú,29,AMENAZA_DIRECTA,consulta explícita de una categoría minoritaria,100,29,ampliacion_amenaza_20260727_lote3,2026-07-27T08:51:03-05:00
308,1Yi-GfVQmcg,https://www.youtube.com/watch?v=1Yi-GfVQmcg,"Extorsionadores asesinan a chofer de combi por guerra de cupos en Lima: ""Mañana mato a otro""",Latina Noticias,UCpSJ5fGhmAME9Kx2D3ZvN3Q,743.0,targeted_search,amenaza cobrador de cupos Perú,29,AMENAZA_DIRECTA,consulta explícita de una categoría minoritaria,100,29,ampliacion_amenaza_20260727_lote3,2026-07-27T08:51:03-05:00
309,XHnq6vIOApg,https://www.youtube.com/watch?v=XHnq6vIOApg,Detienen a sujeto que amenazaba con arma a una mujer en SJM,El Dominical de Panamericana,UCMfcN0OV7d61cWPLYm5qHpw,167.0,targeted_search,amenaza con arma denuncia Perú,29,AMENAZA_DIRECTA,consulta explícita de una categoría minoritaria,100,29,ampliacion_amenaza_20260727_lote3,2026-07-27T08:51:03-05:00
310,R6rzjgSMC5s,https://www.youtube.com/watch?v=R6rzjgSMC5s,Madres peruanas que denuncien secuestros de sus hijos son amenazadas por la policía,Noticias Perú,UC93-uMxa9LHhUgNO5Oqn9xQ,172.0,targeted_search,amenaza de secuestro denuncia Perú,29,AMENAZA_DIRECTA,consulta explícita de una categoría minoritaria,100,29,ampliacion_amenaza_20260727_lote3,2026-07-27T08:51:03-05:00
311,NC7TRuSjzLs,https://www.youtube.com/watch?v=NC7TRuSjzLs,"Balean casa y mandan amenaza a criminal, pero propietarios responden: ""Él no vive aquí""",Latina Noticias,UCpSJ5fGhmAME9Kx2D3ZvN3Q,521.0,targeted_search,amenaza en vivo televisión peruana,29,AMENAZA_DIRECTA,consulta explícita de una categoría minoritaria,100,29,ampliacion_amenaza_20260727_lote3,2026-07-27T08:51:03-05:00
312,ooP9_gqyblY,https://www.youtube.com/watch?v=ooP9_gqyblY,"José Domingo Pérez sobre su llegada con chaleco antibalas al juicio: ""Si he recibido amenazas""",Latina Noticias,UCpSJ5fGhmAME9Kx2D3ZvN3Q,148.0,targeted_search,amenaza fiscal juez audiencia Perú,29,AMENAZA_DIRECTA,consulta explícita de una categoría minoritaria,100,29,ampliacion_amenaza_20260727_lote3,2026-07-27T08:51:03-05:00
313,Y-VXD3Z1K5g,https://www.youtube.com/watch?v=Y-VXD3Z1K5g,Ricardo Medina denuncia amenazas de colectivos LGTB,El Búho pe,UC6xAnp5ygm8oNoBDCgu70UQ,434.0,targeted_search,amenaza redes sociales denuncia Perú,29,AMENAZA_DIRECTA,consulta explícita de una categoría minoritaria,100,29,ampliacion_amenaza_20260727_lote3,2026-07-27T08:51:03-05:00
314,ep0l5AKyl-Q,https://www.youtube.com/watch?v=ep0l5AKyl-Q,"RAFAEL LÓPEZ ALIAGA RESPONDS TO THE THREATS FROM ""BULLY"" PHILLIP BUTTERS",CTV Perú Oficial,UCy4UKhdd5U0cUru_sBn-DGA,237.0,targeted_search,amenazan candidato político Perú,29,AMENAZA_DIRECTA,consulta explícita de una categoría minoritaria,100,29,ampliacion_amenaza_20260727_lote3,2026-07-27T08:51:03-05:00
315,ZH9OJkuToe4,https://www.youtube.com/watch?v=ZH9OJkuToe4,ALCALDE DE TRUJILLO DR. CÉSAR ARTURO FERNÁNDEZ BAZÁN DENUNCIA Y LLAMA LA ATENCIÓN A TRABAJADOR,RADIO TV MELGAR ¡Periodistas al servicio de Ud!,UCWArMmgyHslCwntLfnFYJzQ,316.0,targeted_search,amenazan periodista alcalde Perú,29,AMENAZA_DIRECTA,consulta explícita de una categoría minoritaria,100,29,ampliacion_amenaza_20260727_lote3,2026-07-27T08:51:03-05:00
316,UdVsldKvEdk,https://www.youtube.com/watch?v=UdVsldKvEdk,Transportistas piden armar a choferes ante ola de extorsiones en Lima #LR,La República - LR+,UC-B7Xv56uNRDkj0vC3QW8Cg,95.0,targeted_search,amenazan transportistas extorsión Perú,29,AMENAZA_DIRECTA,consulta explícita de una categoría minoritaria,100,29,ampliacion_amenaza_20260727_lote3,2026-07-27T08:51:03-05:00
317,7V0k68yv2qc,https://www.youtube.com/watch?v=7V0k68yv2qc,Niños retoman clases entre extorsiones: Dejan explosivo en entrada de colegio,Latina Noticias,UCpSJ5fGhmAME9Kx2D3ZvN3Q,138.0,targeted_search,amenazas colegio extorsión Perú,29,AMENAZA_DIRECTA,consulta explícita de una categoría minoritaria,100,29,ampliacion_amenaza_20260727_lote3,2026-07-27T08:51:03-05:00
318,e8pC7qRF958,https://www.youtube.com/watch?v=e8pC7qRF958,Serían sicarios de 'Los injertos del Rímac': Policía captura a ladrones en Lima,Latina Noticias,UCpSJ5fGhmAME9Kx2D3ZvN3Q,105.0,targeted_search,sicario amenaza empresario Perú,29,AMENAZA_DIRECTA,consulta explícita de una categoría minoritaria,100,29,ampliacion_amenaza_20260727_lote3,2026-07-27T08:51:03-05:00
319,YxrNCbXk2NI,https://www.youtube.com/watch?v=YxrNCbXk2NI,Tú me vas a dejar  - Charlis de la cumbia ( Peña Huarique de Alarcón),Charlis de la Cumbia,UCLurFiLCpEDEK4wUZX3OWwg,332.0,targeted_search,te voy a matar audio denuncia Perú,29,AMENAZA_DIRECTA,consulta explícita de una categoría minoritaria,100,29,ampliacion_amenaza_20260727_lote3,2026-07-27T08:51:03-05:00
320,QxXbMCgh2rk,https://www.youtube.com/watch?v=QxXbMCgh2rk,"🛑 TERROR EN SJL: PNP atrapa al ""COBRADOR DEL MIEDO"" que Amenazaba a MOTOTAXISTAS",Reporte Perú,UCwpasOChVA2wSBJ5xij91YQ,577.0,targeted_search,amenaza cobrador de cupos Perú,30,AMENAZA_DIRECTA,consulta explícita de una categoría minoritaria,100,30,ampliacion_amenaza_20260727_lote3,2026-07-27T08:51:03-05:00
321,hHlDZ13a6SQ,https://www.youtube.com/watch?v=hHlDZ13a6SQ,Residents of Chorrillos report a wave of assaults: woman was attacked in front of her children,Buenos Días Perú,UCFnOwPrJ-Skrzk_GPNBV5tg,152.0,targeted_search,amenaza con arma denuncia Perú,30,AMENAZA_DIRECTA,consulta explícita de una categoría minoritaria,100,30,ampliacion_amenaza_20260727_lote3,2026-07-27T08:51:03-05:00
322,rW4-oonQrbk,https://www.youtube.com/watch?v=rW4-oonQrbk,🔴🔵 Teacher from Jaén reports threats against him,Exitosa Noticias,UCxgO_rak_BKZP8VNVmYqbWg,187.0,targeted_search,amenaza de muerte denuncia Perú,30,AMENAZA_DIRECTA,consulta explícita de una categoría minoritaria,100,30,ampliacion_amenaza_20260727_lote3,2026-07-27T08:51:03-05:00
323,BvHvbeOrCLA,https://www.youtube.com/watch?v=BvHvbeOrCLA,Secuestrada Del TREN DE ARAGUA Cuenta Como Escapó,NOTICIAS PERÚ TV,UCCDMKJWQveui7WIjTLS68WQ,895.0,targeted_search,amenaza de secuestro denuncia Perú,30,AMENAZA_DIRECTA,consulta explícita de una categoría minoritaria,100,30,ampliacion_amenaza_20260727_lote3,2026-07-27T08:51:03-05:00
324,lYLY_Wfso1c,https://www.youtube.com/watch?v=lYLY_Wfso1c,Pedrito saves Esperanza from being kidnapped! | Mi Esperanza | América Televisión,América Televisión,UCGGry4kGWZUqIfG6LLNhOmg,161.0,targeted_search,amenaza en vivo televisión peruana,30,AMENAZA_DIRECTA,consulta explícita de una categoría minoritaria,100,30,ampliacion_amenaza_20260727_lote3,2026-07-27T08:51:03-05:00
325,RqPT8OfplHc,https://www.youtube.com/watch?v=RqPT8OfplHc,Clonan placa de su moto y ahora lo amenazan: acusan a joven por asaltos virales,Buenos Días Perú,UCFnOwPrJ-Skrzk_GPNBV5tg,458.0,targeted_search,amenaza redes sociales denuncia Perú,30,AMENAZA_DIRECTA,consulta explícita de una categoría minoritaria,100,30,ampliacion_amenaza_20260727_lote3,2026-07-27T08:51:03-05:00
326,N4dFYidG_kM,https://www.youtube.com/watch?v=N4dFYidG_kM,SCANDAL! PHILIP BUTTERS THREATENS TO SINK LÓPEZ ALIAGA,Farandula Politica,UCEPKBntK_q0AXblXJtDUNhg,506.0,targeted_search,amenazan candidato político Perú,30,AMENAZA_DIRECTA,consulta explícita de una categoría minoritaria,100,30,ampliacion_amenaza_20260727_lote3,2026-07-27T08:51:03-05:00
327,C9hvI66k_WQ,https://www.youtube.com/watch?v=C9hvI66k_WQ,"Vecinos de Ate acusan a Franco Vidal, el alcalde 'streamer', por desabastecimiento en Vaso de Leche",Latina Noticias,UCpSJ5fGhmAME9Kx2D3ZvN3Q,854.0,targeted_search,amenazan periodista alcalde Perú,30,AMENAZA_DIRECTA,consulta explícita de una categoría minoritaria,100,30,ampliacion_amenaza_20260727_lote3,2026-07-27T08:51:03-05:00
328,QClUtgwfKyo,https://www.youtube.com/watch?v=QClUtgwfKyo,🔴 Exigen retomar CLASES PRESENCIALES en colegio tras amenazas de EXTORSIÓN #RPPDESPACHO | DESPACHO,RPP Noticias,UC5j8-2FT0ZMMBkmK72R4aeA,94.0,targeted_search,amenazas colegio extorsión Perú,30,AMENAZA_DIRECTA,consulta explícita de una categoría minoritaria,100,30,ampliacion_amenaza_20260727_lote3,2026-07-27T08:51:03-05:00
329,BM_-UqfPmIM,https://www.youtube.com/watch?v=BM_-UqfPmIM,El 'Monstruo' habla desde la clandestinidad y amenaza a rivales que mataron a chofer de combi,Latina Noticias,UCpSJ5fGhmAME9Kx2D3ZvN3Q,831.0,targeted_search,extorsionador amenaza audio WhatsApp Perú,30,AMENAZA_DIRECTA,consulta explícita de una categoría minoritaria,100,30,ampliacion_amenaza_20260727_lote3,2026-07-27T08:51:03-05:00
330,b685x_JlL2w,https://www.youtube.com/watch?v=b685x_JlL2w,San Miguel: cámaras captaron el asesinato y la huida de los sicarios que atentaron contra empresario,TVPerú Noticias,UCkZCoc42IipR1ucqJmIehsA,572.0,targeted_search,sicario amenaza empresario Perú,30,AMENAZA_DIRECTA,consulta explícita de una categoría minoritaria,100,30,ampliacion_amenaza_20260727_lote3,2026-07-27T08:51:03-05:00
331,UDsD0h0wF-U,https://www.youtube.com/watch?v=UDsD0h0wF-U,Nuevo Chimbote: hombre apuñaló a mujer en el rostro y luego amenaza a policías,TVPerú Noticias,UCkZCoc42IipR1ucqJmIehsA,94.0,targeted_search,agresión amenazas mujer Perú,31,AMENAZA_DIRECTA,consulta explícita de una categoría minoritaria,100,31,ampliacion_amenaza_20260727_lote3,2026-07-27T08:51:03-05:00
332,3AHINQ3YPRM,https://www.youtube.com/watch?v=3AHINQ3YPRM,Delincuentes amenazan de muerte a pareja en Cercado de Lima,Latina Noticias,UCpSJ5fGhmAME9Kx2D3ZvN3Q,200.0,targeted_search,amenaza a pareja expareja Perú,31,AMENAZA_DIRECTA,consulta explícita de una categoría minoritaria,100,31,ampliacion_amenaza_20260727_lote3,2026-07-27T08:51:03-05:00
333,sPO_-FLCnpc,https://www.youtube.com/watch?v=sPO_-FLCnpc,Extortionist breaks down in tears upon arrest and Hitman is released after killing driver,Intro Snit,UCug8JhwDM-jKVjFr_In05Bw,186.0,targeted_search,amenaza cobrador de cupos Perú,31,AMENAZA_DIRECTA,consulta explícita de una categoría minoritaria,100,31,ampliacion_amenaza_20260727_lote3,2026-07-27T08:51:03-05:00
334,TLcasZoaUfY,https://www.youtube.com/watch?v=TLcasZoaUfY,Exfuncionaria de Pachacamac sospecha de gestión municipal por amenazas en su contra,Buenos Días Perú,UCFnOwPrJ-Skrzk_GPNBV5tg,248.0,targeted_search,amenaza con arma denuncia Perú,31,AMENAZA_DIRECTA,consulta explícita de una categoría minoritaria,100,31,ampliacion_amenaza_20260727_lote3,2026-07-27T08:51:03-05:00
335,AoNoJiJV4xg,https://www.youtube.com/watch?v=AoNoJiJV4xg,"""El Rescate"": cuando la ayuda se convierte en amenaza",Gobierno Regional La Libertad,UC0IcCo7kPbktO-rply0HtJQ,46.0,targeted_search,amenaza de secuestro denuncia Perú,31,AMENAZA_DIRECTA,consulta explícita de una categoría minoritaria,100,31,ampliacion_amenaza_20260727_lote3,2026-07-27T08:51:03-05:00
336,u64KN3HO2e4,https://www.youtube.com/watch?v=u64KN3HO2e4,Schoolchildren and teachers are alarmed after receiving threat | Primera Edición | News Peru,América Noticias,UCPhm2I2wk4vqjENwhn3px8A,240.0,targeted_search,amenaza en vivo televisión peruana,31,AMENAZA_DIRECTA,consulta explícita de una categoría minoritaria,100,31,ampliacion_amenaza_20260727_lote3,2026-07-27T08:51:03-05:00
337,aEc8Kwn1SYQ,https://www.youtube.com/watch?v=aEc8Kwn1SYQ,"Fiscal de la Nación y Comandante de la Policía discuten en Congreso: ""¡Déjeme hablar!""",Latina Noticias,UCpSJ5fGhmAME9Kx2D3ZvN3Q,137.0,targeted_search,amenaza fiscal juez audiencia Perú,31,AMENAZA_DIRECTA,consulta explícita de una categoría minoritaria,100,31,ampliacion_amenaza_20260727_lote3,2026-07-27T08:51:03-05:00
338,PbUymf8V7uc,https://www.youtube.com/watch?v=PbUymf8V7uc,"DEBATE PRESIDENCIAL en PERÚ se llena de insultos: ""Mitómano miserable"" | EL PAÍS",EL PAÍS,UCnsvJeZO4RigQ898WdDNoBw,116.0,targeted_search,amenazan candidato político Perú,31,AMENAZA_DIRECTA,consulta explícita de una categoría minoritaria,100,31,ampliacion_amenaza_20260727_lote3,2026-07-27T08:51:03-05:00
339,Cn3yiQnLc5A,https://www.youtube.com/watch?v=Cn3yiQnLc5A,MÁVILA HUERTAS APOLOGIZES TO FRANCO VIDAL FOR DEFAMATION ON ATV | 2025 ATE VITARTE,Francovidalclips,UCpjTfkKPFTZbvyID6GoZ4PA,1828.0,targeted_search,amenazan periodista alcalde Perú,31,AMENAZA_DIRECTA,consulta explícita de una categoría minoritaria,100,31,ampliacion_amenaza_20260727_lote3,2026-07-27T08:51:03-05:00
340,K-8OZQVflqw,https://www.youtube.com/watch?v=K-8OZQVflqw,Colectiveros bajo amenaza por S/7 diarios: extorsionador les dispara en Independencia,Buenos Días Perú,UCFnOwPrJ-Skrzk_GPNBV5tg,211.0,targeted_search,amenazan transportistas extorsión Perú,31,AMENAZA_DIRECTA,consulta explícita de una categoría minoritaria,100,31,ampliacion_amenaza_20260727_lote3,2026-07-27T08:51:03-05:00
341,9clJdcGqPSg,https://www.youtube.com/watch?v=9clJdcGqPSg,Denuncian extorsión a colegio y luego detonan explosivo,Cosmos Televisión,UC_ept7M1UXlCfvcUrK49Ziw,136.0,targeted_search,amenazas colegio extorsión Perú,31,AMENAZA_DIRECTA,consulta explícita de una categoría minoritaria,100,31,ampliacion_amenaza_20260727_lote3,2026-07-27T08:51:03-05:00
342,5apbqOAbHzQ,https://www.youtube.com/watch?v=5apbqOAbHzQ,"Así amenazan los ""montadeudas"" a sus víctimas",El Universal,UC2SEk1w7DgoHs_G3w1biz-w,120.0,targeted_search,extorsionador amenaza audio WhatsApp Perú,31,AMENAZA_DIRECTA,consulta explícita de una categoría minoritaria,100,31,ampliacion_amenaza_20260727_lote3,2026-07-27T08:51:03-05:00
343,jOAxQOh2tOg,https://www.youtube.com/watch?v=jOAxQOh2tOg,"'Los Diez Mandamientos' (1956) | Escena: ""Una ciudad para Faraón""",Historia y Vidas,UCzRzjJNpWSnWEDv1kXf5zlw,372.0,targeted_search,te voy a matar audio denuncia Perú,31,AMENAZA_DIRECTA,consulta explícita de una categoría minoritaria,100,31,ampliacion_amenaza_20260727_lote3,2026-07-27T08:51:03-05:00
344,CFyWlDe8B9U,https://www.youtube.com/watch?v=CFyWlDe8B9U,"Vinculan a proceso a ""Lady Peruana"" por amenazas en la Narvarte",EXCELSIOR,UClqo4ZAAZ01HQdCTlovCgkA,112.0,targeted_search,agresión amenazas mujer Perú,32,AMENAZA_DIRECTA,consulta explícita de una categoría minoritaria,100,32,ampliacion_amenaza_20260727_lote3,2026-07-27T08:51:03-05:00
345,755FNhj_83s,https://www.youtube.com/watch?v=755FNhj_83s,"""El nuevo monarca de las extorsiones en Lima Sur"": VMT bajo la mafia de Alias 'El Mexicano'",Latina Noticias,UCpSJ5fGhmAME9Kx2D3ZvN3Q,762.0,targeted_search,amenaza cobrador de cupos Perú,32,AMENAZA_DIRECTA,consulta explícita de una categoría minoritaria,100,32,ampliacion_amenaza_20260727_lote3,2026-07-27T08:51:03-05:00
346,CYNLwY27FaA,https://www.youtube.com/watch?v=CYNLwY27FaA,Tumbes: alcalde de Zarumilla denuncia amenazas de muerte,TVPerú Noticias,UCkZCoc42IipR1ucqJmIehsA,46.0,targeted_search,amenaza con arma denuncia Perú,32,AMENAZA_DIRECTA,consulta explícita de una categoría minoritaria,100,32,ampliacion_amenaza_20260727_lote3,2026-07-27T08:51:03-05:00
347,iszbXMTa1IY,https://www.youtube.com/watch?v=iszbXMTa1IY,"Presidente del Poder Judicial, Duberlí Rodríguez, denuncia amenazas de muerte",TVPerú Noticias,UCkZCoc42IipR1ucqJmIehsA,150.0,targeted_search,amenaza de muerte denuncia Perú,32,AMENAZA_DIRECTA,consulta explícita de una categoría minoritaria,100,32,ampliacion_amenaza_20260727_lote3,2026-07-27T08:51:03-05:00
348,AFXZxd3y1lw,https://www.youtube.com/watch?v=AFXZxd3y1lw,"Fingían ser colectiveros, pero encañonaban a sus pasajeros: ""Iban a ir contra nuestros familiares""",Latina Noticias,UCpSJ5fGhmAME9Kx2D3ZvN3Q,172.0,targeted_search,amenaza de secuestro denuncia Perú,32,AMENAZA_DIRECTA,consulta explícita de una categoría minoritaria,100,32,ampliacion_amenaza_20260727_lote3,2026-07-27T08:51:03-05:00
349,7cV199y4LMg,https://www.youtube.com/watch?v=7cV199y4LMg,Hombre amenaza y ataca a trabajadora de casa de apuestas para robarse el dinero,Latina Noticias,UCpSJ5fGhmAME9Kx2D3ZvN3Q,91.0,targeted_search,amenaza en vivo televisión peruana,32,AMENAZA_DIRECTA,consulta explícita de una categoría minoritaria,100,32,ampliacion_amenaza_20260727_lote3,2026-07-27T08:51:03-05:00
350,e8qfocBDFSM,https://www.youtube.com/watch?v=e8qfocBDFSM,Abogado de Marisel Linares denuncia amenazas contra la periodista #ENCENDIDOSRPP | DESPACHO,RPP Noticias,UC5j8-2FT0ZMMBkmK72R4aeA,396.0,targeted_search,amenaza redes sociales denuncia Perú,32,AMENAZA_DIRECTA,consulta explícita de una categoría minoritaria,100,32,ampliacion_amenaza_20260727_lote3,2026-07-27T08:51:03-05:00
351,1oRkxdb-_54,https://www.youtube.com/watch?v=1oRkxdb-_54,CANDIDATOS BAJO AMENAZA : violencia política y EL DESAFÍO DE SEGURIDAD PARA JOSÉ JERÍ #AchoraTuCausa,Amanecer Libertario,UCWUPHzAzAggcBzcu8jGnYsg,3514.0,targeted_search,amenazan candidato político Perú,32,AMENAZA_DIRECTA,consulta explícita de una categoría minoritaria,100,32,ampliacion_amenaza_20260727_lote3,2026-07-27T08:51:03-05:00
352,EXTaQDFa0Dc,https://www.youtube.com/watch?v=EXTaQDFa0Dc,Tierras sin alma: Alcalde amenazado de muerte,DÍA D,UCmrzeYkbupPuvrXH8roR__w,1090.0,targeted_search,amenazan periodista alcalde Perú,32,AMENAZA_DIRECTA,consulta explícita de una categoría minoritaria,100,32,ampliacion_amenaza_20260727_lote3,2026-07-27T08:51:03-05:00
353,mSYPLViCkS0,https://www.youtube.com/watch?v=mSYPLViCkS0,'The Chinese': Urban transport under threat of extortion| Cuarto Poder | Peru,América Televisión,UCGGry4kGWZUqIfG6LLNhOmg,760.0,targeted_search,amenazan transportistas extorsión Perú,32,AMENAZA_DIRECTA,consulta explícita de una categoría minoritaria,100,32,ampliacion_amenaza_20260727_lote3,2026-07-27T08:51:03-05:00
354,YsGITS3Srlc,https://www.youtube.com/watch?v=YsGITS3Srlc,Aparecen pintas anunciando tiroteo y hay videos amenazantes: ¿Extorsión o broma en colegio de Piura?,Latina Noticias,UCpSJ5fGhmAME9Kx2D3ZvN3Q,337.0,targeted_search,amenazas colegio extorsión Perú,32,AMENAZA_DIRECTA,consulta explícita de una categoría minoritaria,100,32,ampliacion_amenaza_20260727_lote3,2026-07-27T08:51:03-05:00
355,Veo-N73hXcI,https://www.youtube.com/watch?v=Veo-N73hXcI,Hacker Exposes Scammers Live and Panics Them by Hacking Their CCTV Cameras,Anti Estafas,UCF1i8dw1gOQXpajp6BEw6mQ,735.0,targeted_search,extorsionador amenaza audio WhatsApp Perú,32,AMENAZA_DIRECTA,consulta explícita de una categoría minoritaria,100,32,ampliacion_amenaza_20260727_lote3,2026-07-27T08:51:03-05:00
356,P_dH5rn-kSA,https://www.youtube.com/watch?v=P_dH5rn-kSA,Suspect shot dead after attempted robbery at car dealership in San Borja,TVPerú Noticias,UCkZCoc42IipR1ucqJmIehsA,65.0,targeted_search,sicario amenaza empresario Perú,32,AMENAZA_DIRECTA,consulta explícita de una categoría minoritaria,100,32,ampliacion_amenaza_20260727_lote3,2026-07-27T08:51:03-05:00
357,U0ITzawyYoY,https://www.youtube.com/watch?v=U0ITzawyYoY,Chofer de combi es acribillado mientras manejaba por presunto cobro de cupos,ATV Noticias,UCYG5uXS3xdsoaXIxum1pAEw,286.0,targeted_search,amenaza cobrador de cupos Perú,33,AMENAZA_DIRECTA,consulta explícita de una categoría minoritaria,100,33,ampliacion_amenaza_20260727_lote3,2026-07-27T08:51:03-05:00
358,WzqR4Q3vxDI,https://www.youtube.com/watch?v=WzqR4Q3vxDI,Cecilia Tait denuncia amenazas de muerte,RPP Noticias,UC5j8-2FT0ZMMBkmK72R4aeA,51.0,targeted_search,amenaza de muerte denuncia Perú,33,AMENAZA_DIRECTA,consulta explícita de una categoría minoritaria,100,33,ampliacion_amenaza_20260727_lote3,2026-07-27T08:51:03-05:00
359,1DwyKTWI_hI,https://www.youtube.com/watch?v=1DwyKTWI_hI,Trujillo: director de colegio denuncia amenazas,TVPerú Noticias,UCkZCoc42IipR1ucqJmIehsA,96.0,targeted_search,amenaza en vivo televisión peruana,33,AMENAZA_DIRECTA,consulta explícita de una categoría minoritaria,100,33,ampliacion_amenaza_20260727_lote3,2026-07-27T08:51:03-05:00
360,yxpkdXjB4IM,https://www.youtube.com/watch?v=yxpkdXjB4IM,Judge calls out lawyer for being distracted during hearing,LP - Pasión por el Derecho,UCDscRlCxFfuHhsJBlVvPBmA,132.0,targeted_search,amenaza fiscal juez audiencia Perú,33,AMENAZA_DIRECTA,consulta explícita de una categoría minoritaria,100,33,ampliacion_amenaza_20260727_lote3,2026-07-27T08:51:03-05:00
