selection_order,video_id,url,title,channel_title,channel_id,duration,discovery_type,discovery_source,source_rank,target_category,selection_reason,quota,round_robin,batch_id,selected_at
1,gPeqpgRrspo,https://www.youtube.com/watch?v=gPeqpgRrspo,HABLANDO HUEVADAS - Duodécima Temporada [EL INGENIERO Y SU MARIDO],Hablando Huevadas,,5730.0,high_yield_channel,Hablando Huevadas,1,CONTENIDO_SEXUAL|ACOSO_GENERO_IDENTIDAD|AMENAZA_DIRECTA,22.60 chunks de daño y 0.86 amenazas por video en el corpus base,70,,ampliacion_dano_20260726,2026-07-26T17:54:03-05:00
2,i_1UpBKmzw0,https://www.youtube.com/watch?v=i_1UpBKmzw0,HABLANDO HUEVADAS - Trailer [SEÑORA SIN DIENTES VIENE AL SHOW],Hablando Huevadas,,77.0,high_yield_channel,Hablando Huevadas,34,CONTENIDO_SEXUAL|ACOSO_GENERO_IDENTIDAD|AMENAZA_DIRECTA,22.60 chunks de daño y 0.86 amenazas por video en el corpus base,70,,ampliacion_dano_20260726,2026-07-26T17:54:03-05:00
3,KTfK2FniMLs,https://www.youtube.com/watch?v=KTfK2FniMLs,HABLANDO HUEVADAS - Trailer [PROGRAMA NEGRO Y OSCURO],Hablando Huevadas,,76.0,high_yield_channel,Hablando Huevadas,36,CONTENIDO_SEXUAL|ACOSO_GENERO_IDENTIDAD|AMENAZA_DIRECTA,22.60 chunks de daño y 0.86 amenazas por video en el corpus base,70,,ampliacion_dano_20260726,2026-07-26T17:54:03-05:00
4,7-Zr7B_cfpA,https://www.youtube.com/watch?v=7-Zr7B_cfpA,HABLANDO HUEVADAS - Undécima Temporada [JORGE NO DEJA EN PAZ A RICARDO],Hablando Huevadas,,5066.0,high_yield_channel,Hablando Huevadas,38,CONTENIDO_SEXUAL|ACOSO_GENERO_IDENTIDAD|AMENAZA_DIRECTA,22.60 chunks de daño y 0.86 amenazas por video en el corpus base,70,,ampliacion_dano_20260726,2026-07-26T17:54:03-05:00
5,HkZGDgW2pSQ,https://www.youtube.com/watch?v=HkZGDgW2pSQ,HABLANDO HUEVADAS - Novena Temporada [¡LA NOVIA DE RICARDO ES POBRE!],Hablando Huevadas,,5871.0,high_yield_channel,Hablando Huevadas,77,CONTENIDO_SEXUAL|ACOSO_GENERO_IDENTIDAD|AMENAZA_DIRECTA,22.60 chunks de daño y 0.86 amenazas por video en el corpus base,70,,ampliacion_dano_20260726,2026-07-26T17:54:03-05:00
6,acPw-tIoyLs,https://www.youtube.com/watch?v=acPw-tIoyLs,"HABLANDO HUEVADAS - Novena Temporada [RICARDO SE VA A CASAR, ¡NO ES BROMA!]",Hablando Huevadas,,6108.0,high_yield_channel,Hablando Huevadas,78,CONTENIDO_SEXUAL|ACOSO_GENERO_IDENTIDAD|AMENAZA_DIRECTA,22.60 chunks de daño y 0.86 amenazas por video en el corpus base,70,,ampliacion_dano_20260726,2026-07-26T17:54:03-05:00
7,yB3Dj0lkdA0,https://www.youtube.com/watch?v=yB3Dj0lkdA0,HABLANDO HUEVADAS - Novena Temporada [RICARDO QUIERE SER PAPÁ],Hablando Huevadas,,5732.0,high_yield_channel,Hablando Huevadas,79,CONTENIDO_SEXUAL|ACOSO_GENERO_IDENTIDAD|AMENAZA_DIRECTA,22.60 chunks de daño y 0.86 amenazas por video en el corpus base,70,,ampliacion_dano_20260726,2026-07-26T17:54:03-05:00
8,MPAfqXpMImo,https://www.youtube.com/watch?v=MPAfqXpMImo,"HABLANDO HUEVADAS - Novena Temporada [¡ADIÓS COJO, TE QUEREMOS!]",Hablando Huevadas,,5996.0,high_yield_channel,Hablando Huevadas,80,CONTENIDO_SEXUAL|ACOSO_GENERO_IDENTIDAD|AMENAZA_DIRECTA,22.60 chunks de daño y 0.86 amenazas por video en el corpus base,70,,ampliacion_dano_20260726,2026-07-26T17:54:03-05:00
9,lkcc7s9jUpg,https://www.youtube.com/watch?v=lkcc7s9jUpg,HABLANDO HUEVADAS - Novena Temporada [FUERZA TRUJILLO],Hablando Huevadas,,5406.0,high_yield_channel,Hablando Huevadas,81,CONTENIDO_SEXUAL|ACOSO_GENERO_IDENTIDAD|AMENAZA_DIRECTA,22.60 chunks de daño y 0.86 amenazas por video en el corpus base,70,,ampliacion_dano_20260726,2026-07-26T17:54:03-05:00
10,1MGd2qZpGPk,https://www.youtube.com/watch?v=1MGd2qZpGPk,HABLANDO HUEVADAS - Novena Temporada [EL PVT0 GORRAS],Hablando Huevadas,,6694.0,high_yield_channel,Hablando Huevadas,82,CONTENIDO_SEXUAL|ACOSO_GENERO_IDENTIDAD|AMENAZA_DIRECTA,22.60 chunks de daño y 0.86 amenazas por video en el corpus base,70,,ampliacion_dano_20260726,2026-07-26T17:54:03-05:00
11,9liH9GksQok,https://www.youtube.com/watch?v=9liH9GksQok,HABLANDO HUEVADAS - Novena Temporada [EL SEÑOR QUE LLORA PARA REÍR],Hablando Huevadas,,4586.0,high_yield_channel,Hablando Huevadas,83,CONTENIDO_SEXUAL|ACOSO_GENERO_IDENTIDAD|AMENAZA_DIRECTA,22.60 chunks de daño y 0.86 amenazas por video en el corpus base,70,,ampliacion_dano_20260726,2026-07-26T17:54:03-05:00
12,Po0vdJnve_A,https://www.youtube.com/watch?v=Po0vdJnve_A,HABLANDO HUEVADAS - Novena Temporada [BRUJERÍA EN VIVO],Hablando Huevadas,,6151.0,high_yield_channel,Hablando Huevadas,84,CONTENIDO_SEXUAL|ACOSO_GENERO_IDENTIDAD|AMENAZA_DIRECTA,22.60 chunks de daño y 0.86 amenazas por video en el corpus base,70,,ampliacion_dano_20260726,2026-07-26T17:54:03-05:00
13,iHo1pVj5JbY,https://www.youtube.com/watch?v=iHo1pVj5JbY,HABLANDO HUEVADAS - Novena Temporada [OTRO SUICIDA QUE SALVAMOS],Hablando Huevadas,,5943.0,high_yield_channel,Hablando Huevadas,85,CONTENIDO_SEXUAL|ACOSO_GENERO_IDENTIDAD|AMENAZA_DIRECTA,22.60 chunks de daño y 0.86 amenazas por video en el corpus base,70,,ampliacion_dano_20260726,2026-07-26T17:54:03-05:00
14,T3_U8lbS2oc,https://www.youtube.com/watch?v=T3_U8lbS2oc,HABLANDO HUEVADAS - Novena Temporada [JORGE SE COMPRÓ UN EQUIPO DE FÚTBOL],Hablando Huevadas,,6806.0,high_yield_channel,Hablando Huevadas,86,CONTENIDO_SEXUAL|ACOSO_GENERO_IDENTIDAD|AMENAZA_DIRECTA,22.60 chunks de daño y 0.86 amenazas por video en el corpus base,70,,ampliacion_dano_20260726,2026-07-26T17:54:03-05:00
15,PBrCfG1i260,https://www.youtube.com/watch?v=PBrCfG1i260,HABLANDO HUEVADAS - Novena Temporada [LA VOLVIÓ LESBIANA],Hablando Huevadas,,5803.0,high_yield_channel,Hablando Huevadas,87,CONTENIDO_SEXUAL|ACOSO_GENERO_IDENTIDAD|AMENAZA_DIRECTA,22.60 chunks de daño y 0.86 amenazas por video en el corpus base,70,,ampliacion_dano_20260726,2026-07-26T17:54:03-05:00
16,BprT9BdgQJs,https://www.youtube.com/watch?v=BprT9BdgQJs,HABLANDO HUEVADAS - Novena Temporada [LA SEÑORA DE HUAYCÁN],Hablando Huevadas,,5907.0,high_yield_channel,Hablando Huevadas,88,CONTENIDO_SEXUAL|ACOSO_GENERO_IDENTIDAD|AMENAZA_DIRECTA,22.60 chunks de daño y 0.86 amenazas por video en el corpus base,70,,ampliacion_dano_20260726,2026-07-26T17:54:03-05:00
17,OvQX2fgSylM,https://www.youtube.com/watch?v=OvQX2fgSylM,RADIO HUEVADAS ft. PERIQUITO DE TRÉBOL CLAN,Hablando Huevadas,,3816.0,high_yield_channel,Hablando Huevadas,89,CONTENIDO_SEXUAL|ACOSO_GENERO_IDENTIDAD|AMENAZA_DIRECTA,22.60 chunks de daño y 0.86 amenazas por video en el corpus base,70,,ampliacion_dano_20260726,2026-07-26T17:54:03-05:00
18,-i3x6RuFhFs,https://www.youtube.com/watch?v=-i3x6RuFhFs,HABLANDO HUEVADAS - Novena Temporada [OJALÁ ESTE PROGRAMA NO LO VEA LA FISCALÍA],Hablando Huevadas,,6984.0,high_yield_channel,Hablando Huevadas,90,CONTENIDO_SEXUAL|ACOSO_GENERO_IDENTIDAD|AMENAZA_DIRECTA,22.60 chunks de daño y 0.86 amenazas por video en el corpus base,70,,ampliacion_dano_20260726,2026-07-26T17:54:03-05:00
19,Xmp80Nnx9Mc,https://www.youtube.com/watch?v=Xmp80Nnx9Mc,HABLANDO HUEVADAS - Novena Temporada [EL CHICO MÁS TÍMIDO DE LA HISTORIA],Hablando Huevadas,,5511.0,high_yield_channel,Hablando Huevadas,91,CONTENIDO_SEXUAL|ACOSO_GENERO_IDENTIDAD|AMENAZA_DIRECTA,22.60 chunks de daño y 0.86 amenazas por video en el corpus base,70,,ampliacion_dano_20260726,2026-07-26T17:54:03-05:00
20,mYknvV1XdwU,https://www.youtube.com/watch?v=mYknvV1XdwU,HABLANDO HUEVADAS - Novena Temporada [NIÑA CON LEUCEMIA NOS ROBÓ],Hablando Huevadas,,5375.0,high_yield_channel,Hablando Huevadas,92,CONTENIDO_SEXUAL|ACOSO_GENERO_IDENTIDAD|AMENAZA_DIRECTA,22.60 chunks de daño y 0.86 amenazas por video en el corpus base,70,,ampliacion_dano_20260726,2026-07-26T17:54:03-05:00
21,LpvsrCdjPy4,https://www.youtube.com/watch?v=LpvsrCdjPy4,HABLANDO HUEVADAS - Novena Temporada [SEÑORA DISCAPACITADA NO COLABORA],Hablando Huevadas,,6441.0,high_yield_channel,Hablando Huevadas,93,CONTENIDO_SEXUAL|ACOSO_GENERO_IDENTIDAD|AMENAZA_DIRECTA,22.60 chunks de daño y 0.86 amenazas por video en el corpus base,70,,ampliacion_dano_20260726,2026-07-26T17:54:03-05:00
22,q0pc1Ujz-Co,https://www.youtube.com/watch?v=q0pc1Ujz-Co,HABLANDO HUEVADAS - Novena Temporada [JUANITA SE VA DE VACACIONES],Hablando Huevadas,,6060.0,high_yield_channel,Hablando Huevadas,94,CONTENIDO_SEXUAL|ACOSO_GENERO_IDENTIDAD|AMENAZA_DIRECTA,22.60 chunks de daño y 0.86 amenazas por video en el corpus base,70,,ampliacion_dano_20260726,2026-07-26T17:54:03-05:00
23,xXB86WbaNMA,https://www.youtube.com/watch?v=xXB86WbaNMA,HABLANDO HUEVADAS - Barcelona [SOY AMIGO DE LAMINE YAMAL],Hablando Huevadas,,6521.0,high_yield_channel,Hablando Huevadas,95,CONTENIDO_SEXUAL|ACOSO_GENERO_IDENTIDAD|AMENAZA_DIRECTA,22.60 chunks de daño y 0.86 amenazas por video en el corpus base,70,,ampliacion_dano_20260726,2026-07-26T17:54:03-05:00
24,BeAM28cXcP4,https://www.youtube.com/watch?v=BeAM28cXcP4,HABLANDO HUEVADAS - Novena Temporada [LA VENDEDORA QUE NO SABE QUÉ VENDE],Hablando Huevadas,,6034.0,high_yield_channel,Hablando Huevadas,96,CONTENIDO_SEXUAL|ACOSO_GENERO_IDENTIDAD|AMENAZA_DIRECTA,22.60 chunks de daño y 0.86 amenazas por video en el corpus base,70,,ampliacion_dano_20260726,2026-07-26T17:54:03-05:00
25,A8ZSwd9Pflg,https://www.youtube.com/watch?v=A8ZSwd9Pflg,HABLANDO HUEVADAS - Novena Temporada [EL CHICO CON TOURETTE / HEMOS PECADO PADRE],Hablando Huevadas,,5684.0,high_yield_channel,Hablando Huevadas,97,CONTENIDO_SEXUAL|ACOSO_GENERO_IDENTIDAD|AMENAZA_DIRECTA,22.60 chunks de daño y 0.86 amenazas por video en el corpus base,70,,ampliacion_dano_20260726,2026-07-26T17:54:03-05:00
26,gOCHf6NsE0s,https://www.youtube.com/watch?v=gOCHf6NsE0s,HABLANDO HUEVADAS - Novena Temporada [EL NIÑO DE LAS MIL HERIDAS Y LAS MIL PULSERAS],Hablando Huevadas,,5961.0,high_yield_channel,Hablando Huevadas,98,CONTENIDO_SEXUAL|ACOSO_GENERO_IDENTIDAD|AMENAZA_DIRECTA,22.60 chunks de daño y 0.86 amenazas por video en el corpus base,70,,ampliacion_dano_20260726,2026-07-26T17:54:03-05:00
27,lMwv0knNOmo,https://www.youtube.com/watch?v=lMwv0knNOmo,RADIO HUEVADAS FT. JOHANNA SAN MIGUEL,Hablando Huevadas,,4250.0,high_yield_channel,Hablando Huevadas,99,CONTENIDO_SEXUAL|ACOSO_GENERO_IDENTIDAD|AMENAZA_DIRECTA,22.60 chunks de daño y 0.86 amenazas por video en el corpus base,70,,ampliacion_dano_20260726,2026-07-26T17:54:03-05:00
28,qblE5nX7Hok,https://www.youtube.com/watch?v=qblE5nX7Hok,HABLANDO HUEVADAS - Novena Temporada [LA MAMÁ DE JORGE LE PEGÓ EN SU COLEGIO],Hablando Huevadas,,6625.0,high_yield_channel,Hablando Huevadas,100,CONTENIDO_SEXUAL|ACOSO_GENERO_IDENTIDAD|AMENAZA_DIRECTA,22.60 chunks de daño y 0.86 amenazas por video en el corpus base,70,,ampliacion_dano_20260726,2026-07-26T17:54:03-05:00
29,fO3eL-4ZrIM,https://www.youtube.com/watch?v=fO3eL-4ZrIM,HABLANDO HUEVADAS - MADISON SQUARE GARDEN [HUMILDAD],Hablando Huevadas,,5461.0,high_yield_channel,Hablando Huevadas,101,CONTENIDO_SEXUAL|ACOSO_GENERO_IDENTIDAD|AMENAZA_DIRECTA,22.60 chunks de daño y 0.86 amenazas por video en el corpus base,70,,ampliacion_dano_20260726,2026-07-26T17:54:03-05:00
30,DIaSdQP31Yc,https://www.youtube.com/watch?v=DIaSdQP31Yc,"HABLANDO HUEVADAS - Novena Temporada [NIÑERA, CONERA Y CON MUCHA ACTITUD]",Hablando Huevadas,,6851.0,high_yield_channel,Hablando Huevadas,102,CONTENIDO_SEXUAL|ACOSO_GENERO_IDENTIDAD|AMENAZA_DIRECTA,22.60 chunks de daño y 0.86 amenazas por video en el corpus base,70,,ampliacion_dano_20260726,2026-07-26T17:54:03-05:00
31,qWSk2Ku2BG4,https://www.youtube.com/watch?v=qWSk2Ku2BG4,HABLANDO HUEVADAS - Novena Temporada [JORGE Y LA SEÑORA MUSULMANA],Hablando Huevadas,,6611.0,high_yield_channel,Hablando Huevadas,103,CONTENIDO_SEXUAL|ACOSO_GENERO_IDENTIDAD|AMENAZA_DIRECTA,22.60 chunks de daño y 0.86 amenazas por video en el corpus base,70,,ampliacion_dano_20260726,2026-07-26T17:54:03-05:00
32,0k9gUF-Y2uk,https://www.youtube.com/watch?v=0k9gUF-Y2uk,HABLANDO HUEVADAS - Novena Temporada [OTRA VEZ JUANITA],Hablando Huevadas,,6510.0,high_yield_channel,Hablando Huevadas,104,CONTENIDO_SEXUAL|ACOSO_GENERO_IDENTIDAD|AMENAZA_DIRECTA,22.60 chunks de daño y 0.86 amenazas por video en el corpus base,70,,ampliacion_dano_20260726,2026-07-26T17:54:03-05:00
33,9FJFWRM2R0Y,https://www.youtube.com/watch?v=9FJFWRM2R0Y,¡Hablando Huevadas en el Madison Square Garden!,Hablando Huevadas,,136.0,high_yield_channel,Hablando Huevadas,105,CONTENIDO_SEXUAL|ACOSO_GENERO_IDENTIDAD|AMENAZA_DIRECTA,22.60 chunks de daño y 0.86 amenazas por video en el corpus base,70,,ampliacion_dano_20260726,2026-07-26T17:54:03-05:00
34,7gRuo0lnfZ0,https://www.youtube.com/watch?v=7gRuo0lnfZ0,HABLANDO HUEVADAS - Último Programa de Temporada [ME FUERON INFIEL EN IBIZA],Hablando Huevadas,,5124.0,high_yield_channel,Hablando Huevadas,106,CONTENIDO_SEXUAL|ACOSO_GENERO_IDENTIDAD|AMENAZA_DIRECTA,22.60 chunks de daño y 0.86 amenazas por video en el corpus base,70,,ampliacion_dano_20260726,2026-07-26T17:54:03-05:00
35,vFHIBiV65Us,https://www.youtube.com/watch?v=vFHIBiV65Us,HABLANDO HUEVADAS - Octava Temporada [UNA BOMBA EN EL AVIÓN],Hablando Huevadas,,6659.0,high_yield_channel,Hablando Huevadas,107,CONTENIDO_SEXUAL|ACOSO_GENERO_IDENTIDAD|AMENAZA_DIRECTA,22.60 chunks de daño y 0.86 amenazas por video en el corpus base,70,,ampliacion_dano_20260726,2026-07-26T17:54:03-05:00
36,qsKQ7WMpXJg,https://www.youtube.com/watch?v=qsKQ7WMpXJg,HABLANDO HUEVADAS - Octava Temporada [UNA PARAPLÉJICA VIENE AL SHOW],Hablando Huevadas,,6998.0,high_yield_channel,Hablando Huevadas,108,CONTENIDO_SEXUAL|ACOSO_GENERO_IDENTIDAD|AMENAZA_DIRECTA,22.60 chunks de daño y 0.86 amenazas por video en el corpus base,70,,ampliacion_dano_20260726,2026-07-26T17:54:03-05:00
37,_Y5QOcyzCNA,https://www.youtube.com/watch?v=_Y5QOcyzCNA,HABLANDO HUEVADAS - Octava Temporada [EL COLCHÓN VIEJO DE JORGE],Hablando Huevadas,,6664.0,high_yield_channel,Hablando Huevadas,109,CONTENIDO_SEXUAL|ACOSO_GENERO_IDENTIDAD|AMENAZA_DIRECTA,22.60 chunks de daño y 0.86 amenazas por video en el corpus base,70,,ampliacion_dano_20260726,2026-07-26T17:54:03-05:00
38,d3CDLLforQ8,https://www.youtube.com/watch?v=d3CDLLforQ8,HABLANDO HUEVADAS - Octava Temporada [EL P0T0 ESCALDADO DE JORGE],Hablando Huevadas,,6527.0,high_yield_channel,Hablando Huevadas,110,CONTENIDO_SEXUAL|ACOSO_GENERO_IDENTIDAD|AMENAZA_DIRECTA,22.60 chunks de daño y 0.86 amenazas por video en el corpus base,70,,ampliacion_dano_20260726,2026-07-26T17:54:03-05:00
39,pe8cp8lJrmA,https://www.youtube.com/watch?v=pe8cp8lJrmA,HABLANDO HUEVADAS - Octava Temporada [ENTERRAMOS A UNA SEÑORA EN VIVO],Hablando Huevadas,,6454.0,high_yield_channel,Hablando Huevadas,111,CONTENIDO_SEXUAL|ACOSO_GENERO_IDENTIDAD|AMENAZA_DIRECTA,22.60 chunks de daño y 0.86 amenazas por video en el corpus base,70,,ampliacion_dano_20260726,2026-07-26T17:54:03-05:00
40,wWwXhl6JWjM,https://www.youtube.com/watch?v=wWwXhl6JWjM,HABLANDO HUEVADAS - Octava Temporada [JORGE HABLO CON ROMEO SANTOS] / [SECUESTRAN A RICARDO],Hablando Huevadas,,6977.0,high_yield_channel,Hablando Huevadas,112,CONTENIDO_SEXUAL|ACOSO_GENERO_IDENTIDAD|AMENAZA_DIRECTA,22.60 chunks de daño y 0.86 amenazas por video en el corpus base,70,,ampliacion_dano_20260726,2026-07-26T17:54:03-05:00
41,fkecpble2IU,https://www.youtube.com/watch?v=fkecpble2IU,HABLANDO HUEVADAS - Octava Temporada [LA INTERPOL BUSCA A RICARDO],Hablando Huevadas,,5609.0,high_yield_channel,Hablando Huevadas,113,CONTENIDO_SEXUAL|ACOSO_GENERO_IDENTIDAD|AMENAZA_DIRECTA,22.60 chunks de daño y 0.86 amenazas por video en el corpus base,70,,ampliacion_dano_20260726,2026-07-26T17:54:03-05:00
42,zNhgusBiuOk,https://www.youtube.com/watch?v=zNhgusBiuOk,HABLANDO HUEVADAS - Octava Temporada [RICARDO PRESENTA A SU NUEVA NOVIA],Hablando Huevadas,,6247.0,high_yield_channel,Hablando Huevadas,114,CONTENIDO_SEXUAL|ACOSO_GENERO_IDENTIDAD|AMENAZA_DIRECTA,22.60 chunks de daño y 0.86 amenazas por video en el corpus base,70,,ampliacion_dano_20260726,2026-07-26T17:54:03-05:00
43,Qc-IEQ86C9g,https://www.youtube.com/watch?v=Qc-IEQ86C9g,"HABLANDO HUEVADAS - Octava Temporada [""LA CHUPAPÍ Y LA CHUPACÚ""]",Hablando Huevadas,,5622.0,high_yield_channel,Hablando Huevadas,115,CONTENIDO_SEXUAL|ACOSO_GENERO_IDENTIDAD|AMENAZA_DIRECTA,22.60 chunks de daño y 0.86 amenazas por video en el corpus base,70,,ampliacion_dano_20260726,2026-07-26T17:54:03-05:00
44,kiNIcjJd5w8,https://www.youtube.com/watch?v=kiNIcjJd5w8,HABLANDO HUEVADAS - Octava Temporada [EL SHOW QUE TE HARÁ LLORAR],Hablando Huevadas,,6291.0,high_yield_channel,Hablando Huevadas,116,CONTENIDO_SEXUAL|ACOSO_GENERO_IDENTIDAD|AMENAZA_DIRECTA,22.60 chunks de daño y 0.86 amenazas por video en el corpus base,70,,ampliacion_dano_20260726,2026-07-26T17:54:03-05:00
45,GLYE-AOA_MM,https://www.youtube.com/watch?v=GLYE-AOA_MM,HABLANDO HUEVADAS - Octava Temporada [NO NOS MERECEN],Hablando Huevadas,,6216.0,high_yield_channel,Hablando Huevadas,117,CONTENIDO_SEXUAL|ACOSO_GENERO_IDENTIDAD|AMENAZA_DIRECTA,22.60 chunks de daño y 0.86 amenazas por video en el corpus base,70,,ampliacion_dano_20260726,2026-07-26T17:54:03-05:00
46,snUgRK6Y-JU,https://www.youtube.com/watch?v=snUgRK6Y-JU,HABLANDO HUEVADAS - Octava Temporada [NIÑO ANTICUCHERO],Hablando Huevadas,,5185.0,high_yield_channel,Hablando Huevadas,118,CONTENIDO_SEXUAL|ACOSO_GENERO_IDENTIDAD|AMENAZA_DIRECTA,22.60 chunks de daño y 0.86 amenazas por video en el corpus base,70,,ampliacion_dano_20260726,2026-07-26T17:54:03-05:00
47,BpoeXZ4lbPQ,https://www.youtube.com/watch?v=BpoeXZ4lbPQ,HABLANDO HUEVADAS - Octava Temporada [JORGE CASI SE PELEA EN UNA PICHANGA],Hablando Huevadas,,5620.0,high_yield_channel,Hablando Huevadas,119,CONTENIDO_SEXUAL|ACOSO_GENERO_IDENTIDAD|AMENAZA_DIRECTA,22.60 chunks de daño y 0.86 amenazas por video en el corpus base,70,,ampliacion_dano_20260726,2026-07-26T17:54:03-05:00
48,bF968KQTddg,https://www.youtube.com/watch?v=bF968KQTddg,HABLANDO HUEVADAS - Octava Temporada [LA HISTORIA MÁS LARGA],Hablando Huevadas,,6947.0,high_yield_channel,Hablando Huevadas,120,CONTENIDO_SEXUAL|ACOSO_GENERO_IDENTIDAD|AMENAZA_DIRECTA,22.60 chunks de daño y 0.86 amenazas por video en el corpus base,70,,ampliacion_dano_20260726,2026-07-26T17:54:03-05:00
49,l-3RU46fHrY,https://www.youtube.com/watch?v=l-3RU46fHrY,HABLANDO HUEVADAS - Octava Temporada [CHICA INFIEL PIDE PERDÓN],Hablando Huevadas,,5419.0,high_yield_channel,Hablando Huevadas,121,CONTENIDO_SEXUAL|ACOSO_GENERO_IDENTIDAD|AMENAZA_DIRECTA,22.60 chunks de daño y 0.86 amenazas por video en el corpus base,70,,ampliacion_dano_20260726,2026-07-26T17:54:03-05:00
50,ZMPYUxpQ-9c,https://www.youtube.com/watch?v=ZMPYUxpQ-9c,HABLANDO HUEVADAS - Octava Temporada [SE LE CAYÓ LA DENTADURA A LA SEÑO],Hablando Huevadas,,5807.0,high_yield_channel,Hablando Huevadas,122,CONTENIDO_SEXUAL|ACOSO_GENERO_IDENTIDAD|AMENAZA_DIRECTA,22.60 chunks de daño y 0.86 amenazas por video en el corpus base,70,,ampliacion_dano_20260726,2026-07-26T17:54:03-05:00
51,6Uyerf_9EDk,https://www.youtube.com/watch?v=6Uyerf_9EDk,HABLANDO HUEVADAS - Octava Temporada [EL CUMPLE DE JORGITO],Hablando Huevadas,,6624.0,high_yield_channel,Hablando Huevadas,123,CONTENIDO_SEXUAL|ACOSO_GENERO_IDENTIDAD|AMENAZA_DIRECTA,22.60 chunks de daño y 0.86 amenazas por video en el corpus base,70,,ampliacion_dano_20260726,2026-07-26T17:54:03-05:00
52,xXvtr4nrBwo,https://www.youtube.com/watch?v=xXvtr4nrBwo,HABLANDO HUEVADAS - Octava Temporada [JORGE HACE UN ORAL EN EL AVIÓN],Hablando Huevadas,,6192.0,high_yield_channel,Hablando Huevadas,124,CONTENIDO_SEXUAL|ACOSO_GENERO_IDENTIDAD|AMENAZA_DIRECTA,22.60 chunks de daño y 0.86 amenazas por video en el corpus base,70,,ampliacion_dano_20260726,2026-07-26T17:54:03-05:00
53,i5iGzwF_uVM,https://www.youtube.com/watch?v=i5iGzwF_uVM,HABLANDO HUEVADAS - Octava Temporada [N1Ñ0 VENDE C0ND0N3S],Hablando Huevadas,,5325.0,high_yield_channel,Hablando Huevadas,125,CONTENIDO_SEXUAL|ACOSO_GENERO_IDENTIDAD|AMENAZA_DIRECTA,22.60 chunks de daño y 0.86 amenazas por video en el corpus base,70,,ampliacion_dano_20260726,2026-07-26T17:54:03-05:00
54,zs0ApRyc42c,https://www.youtube.com/watch?v=zs0ApRyc42c,HABLANDO HUEVADAS - Octava Temporada [JORGE SE PONE LOCAZO EN UN AVIÓN],Hablando Huevadas,,6058.0,high_yield_channel,Hablando Huevadas,126,CONTENIDO_SEXUAL|ACOSO_GENERO_IDENTIDAD|AMENAZA_DIRECTA,22.60 chunks de daño y 0.86 amenazas por video en el corpus base,70,,ampliacion_dano_20260726,2026-07-26T17:54:03-05:00
55,rHZNbmZXOa4,https://www.youtube.com/watch?v=rHZNbmZXOa4,HABLANDO HUEVADAS - Octava Temporada [RICARDO COMPRA POLO DE 2MIL SOLES],Hablando Huevadas,,6149.0,high_yield_channel,Hablando Huevadas,127,CONTENIDO_SEXUAL|ACOSO_GENERO_IDENTIDAD|AMENAZA_DIRECTA,22.60 chunks de daño y 0.86 amenazas por video en el corpus base,70,,ampliacion_dano_20260726,2026-07-26T17:54:03-05:00
56,Y7D6yII0VW4,https://www.youtube.com/watch?v=Y7D6yII0VW4,HABLANDO HUEVADAS - Octava Temporada [JORGE Y LA PIJAMA DE SU MUJER],Hablando Huevadas,,6057.0,high_yield_channel,Hablando Huevadas,128,CONTENIDO_SEXUAL|ACOSO_GENERO_IDENTIDAD|AMENAZA_DIRECTA,22.60 chunks de daño y 0.86 amenazas por video en el corpus base,70,,ampliacion_dano_20260726,2026-07-26T17:54:03-05:00
57,Lcg-YRxSAuA,https://www.youtube.com/watch?v=Lcg-YRxSAuA,HABLANDO HUEVADAS - Octava Temporada [DOMINGUEZ ES UN HU3VON4ZO],Hablando Huevadas,,5404.0,high_yield_channel,Hablando Huevadas,129,CONTENIDO_SEXUAL|ACOSO_GENERO_IDENTIDAD|AMENAZA_DIRECTA,22.60 chunks de daño y 0.86 amenazas por video en el corpus base,70,,ampliacion_dano_20260726,2026-07-26T17:54:03-05:00
58,5mhc3JSs-XI,https://www.youtube.com/watch?v=5mhc3JSs-XI,HABLANDO HUEVADAS - Séptima Temporada [ES HORA DE DECIR ADIÓS],Hablando Huevadas,,6196.0,high_yield_channel,Hablando Huevadas,130,CONTENIDO_SEXUAL|ACOSO_GENERO_IDENTIDAD|AMENAZA_DIRECTA,22.60 chunks de daño y 0.86 amenazas por video en el corpus base,70,,ampliacion_dano_20260726,2026-07-26T17:54:03-05:00
59,7pZGLnGJAJs,https://www.youtube.com/watch?v=7pZGLnGJAJs,Estreno 17 de Diciembre - HIJO DE... - LA SERIE,Hablando Huevadas,,87.0,high_yield_channel,Hablando Huevadas,131,CONTENIDO_SEXUAL|ACOSO_GENERO_IDENTIDAD|AMENAZA_DIRECTA,22.60 chunks de daño y 0.86 amenazas por video en el corpus base,70,,ampliacion_dano_20260726,2026-07-26T17:54:03-05:00
60,sUYBSxp57iA,https://www.youtube.com/watch?v=sUYBSxp57iA,HABLANDO HUEVADAS - Séptima Temporada [SE PASARON DE POBRES EN EL MALL DE SJL],Hablando Huevadas,,5806.0,high_yield_channel,Hablando Huevadas,132,CONTENIDO_SEXUAL|ACOSO_GENERO_IDENTIDAD|AMENAZA_DIRECTA,22.60 chunks de daño y 0.86 amenazas por video en el corpus base,70,,ampliacion_dano_20260726,2026-07-26T17:54:03-05:00
61,JRhP2M2YodM,https://www.youtube.com/watch?v=JRhP2M2YodM,HABLANDO HUEVADAS - Séptima Temporada [EL TRISTE CASO DEL NIÑO ABANDONADO],Hablando Huevadas,,5914.0,high_yield_channel,Hablando Huevadas,133,CONTENIDO_SEXUAL|ACOSO_GENERO_IDENTIDAD|AMENAZA_DIRECTA,22.60 chunks de daño y 0.86 amenazas por video en el corpus base,70,,ampliacion_dano_20260726,2026-07-26T17:54:03-05:00
62,QJrhR2qpQV4,https://www.youtube.com/watch?v=QJrhR2qpQV4,RADIO HUEVADAS FT. DILO NO MÁS,Hablando Huevadas,,3449.0,high_yield_channel,Hablando Huevadas,134,CONTENIDO_SEXUAL|ACOSO_GENERO_IDENTIDAD|AMENAZA_DIRECTA,22.60 chunks de daño y 0.86 amenazas por video en el corpus base,70,,ampliacion_dano_20260726,2026-07-26T17:54:03-05:00
63,I6I2oAifl38,https://www.youtube.com/watch?v=I6I2oAifl38,HABLANDO HUEVADAS - Séptima Temporada [JORGE LE MIENTE A LOS RAPPIS],Hablando Huevadas,,6663.0,high_yield_channel,Hablando Huevadas,135,CONTENIDO_SEXUAL|ACOSO_GENERO_IDENTIDAD|AMENAZA_DIRECTA,22.60 chunks de daño y 0.86 amenazas por video en el corpus base,70,,ampliacion_dano_20260726,2026-07-26T17:54:03-05:00
64,kg0i5SXeEc4,https://www.youtube.com/watch?v=kg0i5SXeEc4,HABLANDO HUEVADAS - Séptima Temporada [JORGE SE HACE UNA PAJITA EN LA CLÍNICA],Hablando Huevadas,,5812.0,high_yield_channel,Hablando Huevadas,136,CONTENIDO_SEXUAL|ACOSO_GENERO_IDENTIDAD|AMENAZA_DIRECTA,22.60 chunks de daño y 0.86 amenazas por video en el corpus base,70,,ampliacion_dano_20260726,2026-07-26T17:54:03-05:00
65,jty6uEoHEJo,https://www.youtube.com/watch?v=jty6uEoHEJo,RADIO HUEVADAS FT. DEYVIS OROSCO,Hablando Huevadas,,3573.0,high_yield_channel,Hablando Huevadas,137,CONTENIDO_SEXUAL|ACOSO_GENERO_IDENTIDAD|AMENAZA_DIRECTA,22.60 chunks de daño y 0.86 amenazas por video en el corpus base,70,,ampliacion_dano_20260726,2026-07-26T17:54:03-05:00
66,zgMN3uoHlsk,https://www.youtube.com/watch?v=zgMN3uoHlsk,"HABLANDO HUEVADAS - Séptima Temporada [PERREO PA LOS NENES, PERREO PA LAS NENAS]",Hablando Huevadas,,6149.0,high_yield_channel,Hablando Huevadas,138,CONTENIDO_SEXUAL|ACOSO_GENERO_IDENTIDAD|AMENAZA_DIRECTA,22.60 chunks de daño y 0.86 amenazas por video en el corpus base,70,,ampliacion_dano_20260726,2026-07-26T17:54:03-05:00
67,RuaW67kdoq0,https://www.youtube.com/watch?v=RuaW67kdoq0,HABLANDO HUEVADAS - Séptima Temporada [JORGE SERÁ PRESIDENTE],Hablando Huevadas,,6294.0,high_yield_channel,Hablando Huevadas,139,CONTENIDO_SEXUAL|ACOSO_GENERO_IDENTIDAD|AMENAZA_DIRECTA,22.60 chunks de daño y 0.86 amenazas por video en el corpus base,70,,ampliacion_dano_20260726,2026-07-26T17:54:03-05:00
68,j1xMfJa89es,https://www.youtube.com/watch?v=j1xMfJa89es,HABLANDO HUEVADAS - Séptima Temporada [UN ENANO ME RESPIRA LA NUCA],Hablando Huevadas,,5850.0,high_yield_channel,Hablando Huevadas,140,CONTENIDO_SEXUAL|ACOSO_GENERO_IDENTIDAD|AMENAZA_DIRECTA,22.60 chunks de daño y 0.86 amenazas por video en el corpus base,70,,ampliacion_dano_20260726,2026-07-26T17:54:03-05:00
69,mmSXOgi6fAM,https://www.youtube.com/watch?v=mmSXOgi6fAM,HABLANDO HUEVADAS - Séptima Temporada [LEDERES EMPRESAREALES NOS VESETAN],Hablando Huevadas,,5817.0,high_yield_channel,Hablando Huevadas,141,CONTENIDO_SEXUAL|ACOSO_GENERO_IDENTIDAD|AMENAZA_DIRECTA,22.60 chunks de daño y 0.86 amenazas por video en el corpus base,70,,ampliacion_dano_20260726,2026-07-26T17:54:03-05:00
70,edhl1KkH6VU,https://www.youtube.com/watch?v=edhl1KkH6VU,HABLANDO HUEVADAS - Séptima Temporada [NIÑO LLORA POR AMOR],Hablando Huevadas,,6249.0,high_yield_channel,Hablando Huevadas,142,CONTENIDO_SEXUAL|ACOSO_GENERO_IDENTIDAD|AMENAZA_DIRECTA,22.60 chunks de daño y 0.86 amenazas por video en el corpus base,70,,ampliacion_dano_20260726,2026-07-26T17:54:03-05:00
71,azEFdCXdw9E,https://www.youtube.com/watch?v=azEFdCXdw9E,EL TRISTE FINAL DE CRISTORATA #peru,Goblinciano,,1650.0,high_yield_channel,Goblinciano,1,RACISMO_DISCRIMINACION|ACOSO_PERSONAL|AMENAZA_DIRECTA,9.82 chunks de daño y 0.58 amenazas por video en el corpus base,85,,ampliacion_dano_20260726,2026-07-26T17:54:03-05:00
72,vi8IFNGiQCg,https://www.youtube.com/watch?v=vi8IFNGiQCg,BOLIVIANOS LLORAN Y NIEGAN QUE NACIERON GRACIAS AL PERÚ 😂,Goblinciano,,608.0,high_yield_channel,Goblinciano,2,RACISMO_DISCRIMINACION|ACOSO_PERSONAL|AMENAZA_DIRECTA,9.82 chunks de daño y 0.58 amenazas por video en el corpus base,85,,ampliacion_dano_20260726,2026-07-26T17:54:03-05:00
73,0woGKjrlAGM,https://www.youtube.com/watch?v=0woGKjrlAGM,LOS AREQUIPEÑOS DE ESPAÑA 😹,Goblinciano,,1187.0,high_yield_channel,Goblinciano,3,RACISMO_DISCRIMINACION|ACOSO_PERSONAL|AMENAZA_DIRECTA,9.82 chunks de daño y 0.58 amenazas por video en el corpus base,85,,ampliacion_dano_20260726,2026-07-26T17:54:03-05:00
74,ZmPCfJDZY24,https://www.youtube.com/watch?v=ZmPCfJDZY24,JORGE NIETO QUIERE LIBERAR A PEDRO CASTILLO 😂 #peru,Goblinciano,,1198.0,high_yield_channel,Goblinciano,4,RACISMO_DISCRIMINACION|ACOSO_PERSONAL|AMENAZA_DIRECTA,9.82 chunks de daño y 0.58 amenazas por video en el corpus base,85,,ampliacion_dano_20260726,2026-07-26T17:54:03-05:00
75,wSe8fasVXtY,https://www.youtube.com/watch?v=wSe8fasVXtY,ASÍ FUE COMO CURWEN ME EXPULSÓ DEL EVENTO DEL ZEEIN 😂,Goblinciano,,1240.0,high_yield_channel,Goblinciano,5,RACISMO_DISCRIMINACION|ACOSO_PERSONAL|AMENAZA_DIRECTA,9.82 chunks de daño y 0.58 amenazas por video en el corpus base,85,,ampliacion_dano_20260726,2026-07-26T17:54:03-05:00
76,tO8V-XEM2v0,https://www.youtube.com/watch?v=tO8V-XEM2v0,HE DENUNCIADO A SIDERAL ANTE INDECOPI 😡,Goblinciano,,906.0,high_yield_channel,Goblinciano,61,RACISMO_DISCRIMINACION|ACOSO_PERSONAL|AMENAZA_DIRECTA,9.82 chunks de daño y 0.58 amenazas por video en el corpus base,85,,ampliacion_dano_20260726,2026-07-26T17:54:03-05:00
77,DDt_hfMSVTc,https://www.youtube.com/watch?v=DDt_hfMSVTc,CAPTURAN A MADURO! DONALD TRUMP BOMBARDEA VENEZUELA #peru #venezuela,Goblinciano,,524.0,high_yield_channel,Goblinciano,81,RACISMO_DISCRIMINACION|ACOSO_PERSONAL|AMENAZA_DIRECTA,9.82 chunks de daño y 0.58 amenazas por video en el corpus base,85,,ampliacion_dano_20260726,2026-07-26T17:54:03-05:00
78,WWFBNUsjfkU,https://www.youtube.com/watch?v=WWFBNUsjfkU,HUMILLANDO A TIKTOKER QUE NO HABLA QUECHUA #peru ,Goblinciano,,699.0,high_yield_channel,Goblinciano,82,RACISMO_DISCRIMINACION|ACOSO_PERSONAL|AMENAZA_DIRECTA,9.82 chunks de daño y 0.58 amenazas por video en el corpus base,85,,ampliacion_dano_20260726,2026-07-26T17:54:03-05:00
79,FPWSyHvyrr8,https://www.youtube.com/watch?v=FPWSyHvyrr8,ARRUINÓ SU CARRERA POR NECESIDAD 😭 | LA HISTORIA DEL 322😔 #peru,Goblinciano,,2452.0,high_yield_channel,Goblinciano,83,RACISMO_DISCRIMINACION|ACOSO_PERSONAL|AMENAZA_DIRECTA,9.82 chunks de daño y 0.58 amenazas por video en el corpus base,85,,ampliacion_dano_20260726,2026-07-26T17:54:03-05:00
80,8jC-OgH2M0Y,https://www.youtube.com/watch?v=8jC-OgH2M0Y,así NO SE REACCIONA a un terremoto en directo #peru #sismo ,Goblinciano,,870.0,high_yield_channel,Goblinciano,84,RACISMO_DISCRIMINACION|ACOSO_PERSONAL|AMENAZA_DIRECTA,9.82 chunks de daño y 0.58 amenazas por video en el corpus base,85,,ampliacion_dano_20260726,2026-07-26T17:54:03-05:00
81,x96ViSOMsP4,https://www.youtube.com/watch?v=x96ViSOMsP4,LOS POBRES SON MALAGRADECIDOS | EL PROBLEMA DE LAS CHOCOLATADAS 🚨 #peru,Goblinciano,,1400.0,high_yield_channel,Goblinciano,85,RACISMO_DISCRIMINACION|ACOSO_PERSONAL|AMENAZA_DIRECTA,9.82 chunks de daño y 0.58 amenazas por video en el corpus base,85,,ampliacion_dano_20260726,2026-07-26T17:54:03-05:00
82,DzHwY4312ms,https://www.youtube.com/watch?v=DzHwY4312ms,LADO OSCURO DE TINDER PERU☠️ #peru,Goblinciano,,887.0,high_yield_channel,Goblinciano,86,RACISMO_DISCRIMINACION|ACOSO_PERSONAL|AMENAZA_DIRECTA,9.82 chunks de daño y 0.58 amenazas por video en el corpus base,85,,ampliacion_dano_20260726,2026-07-26T17:54:03-05:00
83,Ec1zUVqQFmY,https://www.youtube.com/watch?v=Ec1zUVqQFmY,PORKY INSULTA A CARLOS ESPÁ Y ESTE RESPONDE 🚨 #peru,Goblinciano,,818.0,high_yield_channel,Goblinciano,87,RACISMO_DISCRIMINACION|ACOSO_PERSONAL|AMENAZA_DIRECTA,9.82 chunks de daño y 0.58 amenazas por video en el corpus base,85,,ampliacion_dano_20260726,2026-07-26T17:54:03-05:00
84,GLutDb133R4,https://www.youtube.com/watch?v=GLutDb133R4,BOTIJEROS EXPUESTOS | LA GRANJA DE BOTS EN PERU,Goblinciano,,896.0,high_yield_channel,Goblinciano,88,RACISMO_DISCRIMINACION|ACOSO_PERSONAL|AMENAZA_DIRECTA,9.82 chunks de daño y 0.58 amenazas por video en el corpus base,85,,ampliacion_dano_20260726,2026-07-26T17:54:03-05:00
85,UkF-lwhuzGo,https://www.youtube.com/watch?v=UkF-lwhuzGo,EL ÉXITO Y CAÍDA DEL PADRE DOMINGO #peru,Goblinciano,,1558.0,high_yield_channel,Goblinciano,89,RACISMO_DISCRIMINACION|ACOSO_PERSONAL|AMENAZA_DIRECTA,9.82 chunks de daño y 0.58 amenazas por video en el corpus base,85,,ampliacion_dano_20260726,2026-07-26T17:54:03-05:00
86,xI-2rFa9bIo,https://www.youtube.com/watch?v=xI-2rFa9bIo,MALAS NOTICIAS ES EL FIN DEL CINE,Goblinciano,,483.0,high_yield_channel,Goblinciano,90,RACISMO_DISCRIMINACION|ACOSO_PERSONAL|AMENAZA_DIRECTA,9.82 chunks de daño y 0.58 amenazas por video en el corpus base,85,,ampliacion_dano_20260726,2026-07-26T17:54:03-05:00
87,7iqic1E3G0o,https://www.youtube.com/watch?v=7iqic1E3G0o,BOTARON A LOS VENEZOLANOS DE CHILE Y HUYEN HACÍA PERÚ PIPIPI #peru,Goblinciano,,1427.0,high_yield_channel,Goblinciano,91,RACISMO_DISCRIMINACION|ACOSO_PERSONAL|AMENAZA_DIRECTA,9.82 chunks de daño y 0.58 amenazas por video en el corpus base,85,,ampliacion_dano_20260726,2026-07-26T17:54:03-05:00
88,18ROe2IXYmc,https://www.youtube.com/watch?v=18ROe2IXYmc,ARGENTINA SE SIENTE HUMILLADA PORQUE UN PERUANO SE LA INTENTÓ GILEAR XD #peru,Goblinciano,,624.0,high_yield_channel,Goblinciano,92,RACISMO_DISCRIMINACION|ACOSO_PERSONAL|AMENAZA_DIRECTA,9.82 chunks de daño y 0.58 amenazas por video en el corpus base,85,,ampliacion_dano_20260726,2026-07-26T17:54:03-05:00
89,uCA_m-2JfHE,https://www.youtube.com/watch?v=uCA_m-2JfHE,SE ACABO VIZCARRA... #peru,Goblinciano,,679.0,high_yield_channel,Goblinciano,93,RACISMO_DISCRIMINACION|ACOSO_PERSONAL|AMENAZA_DIRECTA,9.82 chunks de daño y 0.58 amenazas por video en el corpus base,85,,ampliacion_dano_20260726,2026-07-26T17:54:03-05:00
90,jHJfmXg4VCE,https://www.youtube.com/watch?v=jHJfmXg4VCE,EL FIN DE LOS STREAMERS PERUANOS  #peru,Goblinciano,,933.0,high_yield_channel,Goblinciano,94,RACISMO_DISCRIMINACION|ACOSO_PERSONAL|AMENAZA_DIRECTA,9.82 chunks de daño y 0.58 amenazas por video en el corpus base,85,,ampliacion_dano_20260726,2026-07-26T17:54:03-05:00
91,vXo4j3Bmz7U,https://www.youtube.com/watch?v=vXo4j3Bmz7U,NUNCA LE DES UN ENCENDEDOR A UN PERUANO #peru,Goblinciano,,710.0,high_yield_channel,Goblinciano,95,RACISMO_DISCRIMINACION|ACOSO_PERSONAL|AMENAZA_DIRECTA,9.82 chunks de daño y 0.58 amenazas por video en el corpus base,85,,ampliacion_dano_20260726,2026-07-26T17:54:03-05:00
92,Qgnuormi9uA,https://www.youtube.com/watch?v=Qgnuormi9uA,CARLOS ESPÁ ME AGREDECIÓ EN VIVO XD #peru,Goblinciano,,2391.0,high_yield_channel,Goblinciano,96,RACISMO_DISCRIMINACION|ACOSO_PERSONAL|AMENAZA_DIRECTA,9.82 chunks de daño y 0.58 amenazas por video en el corpus base,85,,ampliacion_dano_20260726,2026-07-26T17:54:03-05:00
93,hcZ0EBIKUZM,https://www.youtube.com/watch?v=hcZ0EBIKUZM,CARLOS ESPA ES MEJOR QUE PORKY Y ESTA ENTREVISTA LO DEMUESTRA #peru,Goblinciano,,5194.0,high_yield_channel,Goblinciano,97,RACISMO_DISCRIMINACION|ACOSO_PERSONAL|AMENAZA_DIRECTA,9.82 chunks de daño y 0.58 amenazas por video en el corpus base,85,,ampliacion_dano_20260726,2026-07-26T17:54:03-05:00
94,fJg-jUMQSJs,https://www.youtube.com/watch?v=fJg-jUMQSJs,SE QUIEREN BAJAR A CARLOS ESPÁ DE LAS ELECCIONES 2026 #peru,Goblinciano,,869.0,high_yield_channel,Goblinciano,98,RACISMO_DISCRIMINACION|ACOSO_PERSONAL|AMENAZA_DIRECTA,9.82 chunks de daño y 0.58 amenazas por video en el corpus base,85,,ampliacion_dano_20260726,2026-07-26T17:54:03-05:00
95,tBlUImesjrU,https://www.youtube.com/watch?v=tBlUImesjrU,LA TRISTE VERDAD DE LAS UNIVERSIDADES PÚBLICAS 🥲🚨 #peru,Goblinciano,,463.0,high_yield_channel,Goblinciano,99,RACISMO_DISCRIMINACION|ACOSO_PERSONAL|AMENAZA_DIRECTA,9.82 chunks de daño y 0.58 amenazas por video en el corpus base,85,,ampliacion_dano_20260726,2026-07-26T17:54:03-05:00
96,ZsyEIFSI-iU,https://www.youtube.com/watch?v=ZsyEIFSI-iU,ASÍ SERÁ EL PAÍS SI PORKY GANA LAS ELECCIONES 2026 🚨🤔 | EL PLAN DE GOBIERNO DE RAFAEL LOPEZ ALIAGA,Goblinciano,,2812.0,high_yield_channel,Goblinciano,100,RACISMO_DISCRIMINACION|ACOSO_PERSONAL|AMENAZA_DIRECTA,9.82 chunks de daño y 0.58 amenazas por video en el corpus base,85,,ampliacion_dano_20260726,2026-07-26T17:54:03-05:00
97,k4EDn-j3pNI,https://www.youtube.com/watch?v=k4EDn-j3pNI,"EL NUEVO PEDRO CASTILLO PARA LAS ELECCIONES DEL 2026 ""NUEVO PERU"" 😂🚨",Goblinciano,,835.0,high_yield_channel,Goblinciano,101,RACISMO_DISCRIMINACION|ACOSO_PERSONAL|AMENAZA_DIRECTA,9.82 chunks de daño y 0.58 amenazas por video en el corpus base,85,,ampliacion_dano_20260726,2026-07-26T17:54:03-05:00
98,FxLpNmpjPog,https://www.youtube.com/watch?v=FxLpNmpjPog,TIKTOKER SUFRE PORQUE ENFRIAN  ANGELITOS EN BRASIL PIPIPI 😭,Goblinciano,,575.0,high_yield_channel,Goblinciano,102,RACISMO_DISCRIMINACION|ACOSO_PERSONAL|AMENAZA_DIRECTA,9.82 chunks de daño y 0.58 amenazas por video en el corpus base,85,,ampliacion_dano_20260726,2026-07-26T17:54:03-05:00
99,fdmQ4NbhKfc,https://www.youtube.com/watch?v=fdmQ4NbhKfc,EL PERÚ ES UN CHISTE...,Goblinciano,,599.0,high_yield_channel,Goblinciano,103,RACISMO_DISCRIMINACION|ACOSO_PERSONAL|AMENAZA_DIRECTA,9.82 chunks de daño y 0.58 amenazas por video en el corpus base,85,,ampliacion_dano_20260726,2026-07-26T17:54:03-05:00
100,Rh_SFRiDRQ0,https://www.youtube.com/watch?v=Rh_SFRiDRQ0,ESTE ES EL CANDIDATO POR EL CUÁL VOTARÉ EN LAS ELECCIONES 2026 🕯️🚨,Goblinciano,,2961.0,high_yield_channel,Goblinciano,104,RACISMO_DISCRIMINACION|ACOSO_PERSONAL|AMENAZA_DIRECTA,9.82 chunks de daño y 0.58 amenazas por video en el corpus base,85,,ampliacion_dano_20260726,2026-07-26T17:54:03-05:00
101,Q1Ewfa1P7LY,https://www.youtube.com/watch?v=Q1Ewfa1P7LY,"DIBUJITO ""EXT0RSI0NA"" A CURWEN CON 300 SOLES 😂🚨",Goblinciano,,1246.0,high_yield_channel,Goblinciano,105,RACISMO_DISCRIMINACION|ACOSO_PERSONAL|AMENAZA_DIRECTA,9.82 chunks de daño y 0.58 amenazas por video en el corpus base,85,,ampliacion_dano_20260726,2026-07-26T17:54:03-05:00
102,gy-7ZR2HijI,https://www.youtube.com/watch?v=gy-7ZR2HijI,LA HERMANA DESCONOCIDA DE JULIANA OXENFORD ME CRITICA EN SU PROGRAMA XD 😂,Goblinciano,,887.0,high_yield_channel,Goblinciano,106,RACISMO_DISCRIMINACION|ACOSO_PERSONAL|AMENAZA_DIRECTA,9.82 chunks de daño y 0.58 amenazas por video en el corpus base,85,,ampliacion_dano_20260726,2026-07-26T17:54:03-05:00
103,Amb-Ur9TQOg,https://www.youtube.com/watch?v=Amb-Ur9TQOg,APOSTÉ POR CRISTORATA Y PERDÍ TODOS MIS AHORROS PIPIPI #kickperu,Goblinciano,,821.0,high_yield_channel,Goblinciano,107,RACISMO_DISCRIMINACION|ACOSO_PERSONAL|AMENAZA_DIRECTA,9.82 chunks de daño y 0.58 amenazas por video en el corpus base,85,,ampliacion_dano_20260726,2026-07-26T17:54:03-05:00
104,p9Ik5yLfJtE,https://www.youtube.com/watch?v=p9Ik5yLfJtE,EL PERÚ LEGALIZARÁ LAS EXT0RC1ONES 🚨😢 | EL GOBIERNO COLABORA CON LA DEL1NCUENC1A,Goblinciano,,1299.0,high_yield_channel,Goblinciano,108,RACISMO_DISCRIMINACION|ACOSO_PERSONAL|AMENAZA_DIRECTA,9.82 chunks de daño y 0.58 amenazas por video en el corpus base,85,,ampliacion_dano_20260726,2026-07-26T17:54:03-05:00
105,g6mEhzqj4IE,https://www.youtube.com/watch?v=g6mEhzqj4IE,LA MARCHA DEL 15 DE OCTUBRE ES UNA ESTAFA | POLITIZARON LA GENERACIÓN Z 😴🚨,Goblinciano,,1372.0,high_yield_channel,Goblinciano,109,RACISMO_DISCRIMINACION|ACOSO_PERSONAL|AMENAZA_DIRECTA,9.82 chunks de daño y 0.58 amenazas por video en el corpus base,85,,ampliacion_dano_20260726,2026-07-26T17:54:03-05:00
106,i1PX66X-VuY,https://www.youtube.com/watch?v=i1PX66X-VuY,ME BANEARON 1000 AÑOS DE KICK 🚨🥹,Goblinciano,,595.0,high_yield_channel,Goblinciano,110,RACISMO_DISCRIMINACION|ACOSO_PERSONAL|AMENAZA_DIRECTA,9.82 chunks de daño y 0.58 amenazas por video en el corpus base,85,,ampliacion_dano_20260726,2026-07-26T17:54:03-05:00
107,y3eVBRKdwdE,https://www.youtube.com/watch?v=y3eVBRKdwdE,ASÍ FUE EL INCENDIO EN PAMPLONA ALTA - EL PRESIDENTE PA-JERI LLEGÓ 🚨🚒,Goblinciano,,1059.0,high_yield_channel,Goblinciano,111,RACISMO_DISCRIMINACION|ACOSO_PERSONAL|AMENAZA_DIRECTA,9.82 chunks de daño y 0.58 amenazas por video en el corpus base,85,,ampliacion_dano_20260726,2026-07-26T17:54:03-05:00
108,3UGHL-qis-c,https://www.youtube.com/watch?v=3UGHL-qis-c,LA VERDAD DEL NUEVO PRESIDENTE DEL PERÚ - JOSÉ JERÍ 🍼🚨 | REACCIÓN A @Billonario,Goblinciano,,1987.0,high_yield_channel,Goblinciano,112,RACISMO_DISCRIMINACION|ACOSO_PERSONAL|AMENAZA_DIRECTA,9.82 chunks de daño y 0.58 amenazas por video en el corpus base,85,,ampliacion_dano_20260726,2026-07-26T17:54:03-05:00
109,l9EAPsz56qc,https://www.youtube.com/watch?v=l9EAPsz56qc,ASI FUE LA VACANCIA DE DINA BOLUARTE - JOSÉ JERÍ NUEVO PRESIDENTE DEL PERU 🚨 #peru,Goblinciano,,1790.0,high_yield_channel,Goblinciano,113,RACISMO_DISCRIMINACION|ACOSO_PERSONAL|AMENAZA_DIRECTA,9.82 chunks de daño y 0.58 amenazas por video en el corpus base,85,,ampliacion_dano_20260726,2026-07-26T17:54:03-05:00
110,mhVAshQFae0,https://www.youtube.com/watch?v=mhVAshQFae0,ATENTADO CONTRA AGUA MARINA EN PLENO CONCIERTO,Goblinciano,,939.0,high_yield_channel,Goblinciano,114,RACISMO_DISCRIMINACION|ACOSO_PERSONAL|AMENAZA_DIRECTA,9.82 chunks de daño y 0.58 amenazas por video en el corpus base,85,,ampliacion_dano_20260726,2026-07-26T17:54:03-05:00
111,-B4P_K1LtB8,https://www.youtube.com/watch?v=-B4P_K1LtB8,LOS VERDADEROS CULPABLES DE QUE COBREN CUPO EN EL PERÚ 🚨,Goblinciano,,1357.0,high_yield_channel,Goblinciano,115,RACISMO_DISCRIMINACION|ACOSO_PERSONAL|AMENAZA_DIRECTA,9.82 chunks de daño y 0.58 amenazas por video en el corpus base,85,,ampliacion_dano_20260726,2026-07-26T17:54:03-05:00
112,5wIt64DMal0,https://www.youtube.com/watch?v=5wIt64DMal0,NETFLIX SE VA A LA QUIEBRA POR SER WOKE 📉,Goblinciano,,637.0,high_yield_channel,Goblinciano,116,RACISMO_DISCRIMINACION|ACOSO_PERSONAL|AMENAZA_DIRECTA,9.82 chunks de daño y 0.58 amenazas por video en el corpus base,85,,ampliacion_dano_20260726,2026-07-26T17:54:03-05:00
113,xfuQL84_7J0,https://www.youtube.com/watch?v=xfuQL84_7J0,VOLÓ ALTO EL ÚLTIMO DODO PIPIPI 😢☠️ - LE DIERON SU CARIÑITO A FANODRIC #fanodric,Goblinciano,,872.0,high_yield_channel,Goblinciano,117,RACISMO_DISCRIMINACION|ACOSO_PERSONAL|AMENAZA_DIRECTA,9.82 chunks de daño y 0.58 amenazas por video en el corpus base,85,,ampliacion_dano_20260726,2026-07-26T17:54:03-05:00
114,8TdhLGLjLEI,https://www.youtube.com/watch?v=8TdhLGLjLEI,¿POR QUÉ LAS PERUANAS QUIEREN SER BLANCAS? 🚨☠️ #peru,Goblinciano,,912.0,high_yield_channel,Goblinciano,118,RACISMO_DISCRIMINACION|ACOSO_PERSONAL|AMENAZA_DIRECTA,9.82 chunks de daño y 0.58 amenazas por video en el corpus base,85,,ampliacion_dano_20260726,2026-07-26T17:54:03-05:00
115,2BrpcQEyZIU,https://www.youtube.com/watch?v=2BrpcQEyZIU,EL FIN DE FRANCO VIDAL ☠️🚨 - EL ALCALDE QUE MANDÓ A ENFRIAR A UNA SEÑORA EN LA RENIEC ☠️,Goblinciano,,1656.0,high_yield_channel,Goblinciano,119,RACISMO_DISCRIMINACION|ACOSO_PERSONAL|AMENAZA_DIRECTA,9.82 chunks de daño y 0.58 amenazas por video en el corpus base,85,,ampliacion_dano_20260726,2026-07-26T17:54:03-05:00
116,aS65uIU5Vf8,https://www.youtube.com/watch?v=aS65uIU5Vf8,"""LOS POLÍCIAS ME DECÍAN CUANDO ME IBAN A DETENER"" 👮 🚨 | CAPTURARON A ""EL MOUNSTRO""",Goblinciano,,487.0,high_yield_channel,Goblinciano,120,RACISMO_DISCRIMINACION|ACOSO_PERSONAL|AMENAZA_DIRECTA,9.82 chunks de daño y 0.58 amenazas por video en el corpus base,85,,ampliacion_dano_20260726,2026-07-26T17:54:03-05:00
117,u4vDDJC8TFQ,https://www.youtube.com/watch?v=u4vDDJC8TFQ,LA BURBUJA DE SER INFLUENCER SE ACABO 😭,Goblinciano,,1842.0,high_yield_channel,Goblinciano,121,RACISMO_DISCRIMINACION|ACOSO_PERSONAL|AMENAZA_DIRECTA,9.82 chunks de daño y 0.58 amenazas por video en el corpus base,85,,ampliacion_dano_20260726,2026-07-26T17:54:03-05:00
118,zghyqxLSbcQ,https://www.youtube.com/watch?v=zghyqxLSbcQ,ARGENTINO EXPLICA PORQUÉ EL PERÚ ES LA BURLA DE LATAM PIPIPI,Goblinciano,,877.0,high_yield_channel,Goblinciano,122,RACISMO_DISCRIMINACION|ACOSO_PERSONAL|AMENAZA_DIRECTA,9.82 chunks de daño y 0.58 amenazas por video en el corpus base,85,,ampliacion_dano_20260726,2026-07-26T17:54:03-05:00
119,aJ3XU4lv8Us,https://www.youtube.com/watch?v=aJ3XU4lv8Us,SE ACABARON LAS CHAMAS EN ZEPITA PIPIPIPI 🔞,Goblinciano,,807.0,high_yield_channel,Goblinciano,123,RACISMO_DISCRIMINACION|ACOSO_PERSONAL|AMENAZA_DIRECTA,9.82 chunks de daño y 0.58 amenazas por video en el corpus base,85,,ampliacion_dano_20260726,2026-07-26T17:54:03-05:00
120,nwQZPzIvDdo,https://www.youtube.com/watch?v=nwQZPzIvDdo,IBAI PRUEBA EL PEOR LOMO SALTADO XD,Goblinciano,,1464.0,high_yield_channel,Goblinciano,124,RACISMO_DISCRIMINACION|ACOSO_PERSONAL|AMENAZA_DIRECTA,9.82 chunks de daño y 0.58 amenazas por video en el corpus base,85,,ampliacion_dano_20260726,2026-07-26T17:54:03-05:00
121,pXuzlNCri_w,https://www.youtube.com/watch?v=pXuzlNCri_w,Vuela alto Charlie kirk,Goblinciano,,1181.0,high_yield_channel,Goblinciano,125,RACISMO_DISCRIMINACION|ACOSO_PERSONAL|AMENAZA_DIRECTA,9.82 chunks de daño y 0.58 amenazas por video en el corpus base,85,,ampliacion_dano_20260726,2026-07-26T17:54:03-05:00
122,q54R6SP9dWs,https://www.youtube.com/watch?v=q54R6SP9dWs,LOS SECRETOS DE LOS HOSPITALES PERUANOS 🚑 | REACCIÓN,Goblinciano,,1110.0,high_yield_channel,Goblinciano,126,RACISMO_DISCRIMINACION|ACOSO_PERSONAL|AMENAZA_DIRECTA,9.82 chunks de daño y 0.58 amenazas por video en el corpus base,85,,ampliacion_dano_20260726,2026-07-26T17:54:03-05:00
123,OLPqm1oTbBM,https://www.youtube.com/watch?v=OLPqm1oTbBM,There are more important things than bread with pork rinds...,Goblinciano,,523.0,high_yield_channel,Goblinciano,127,RACISMO_DISCRIMINACION|ACOSO_PERSONAL|AMENAZA_DIRECTA,9.82 chunks de daño y 0.58 amenazas por video en el corpus base,85,,ampliacion_dano_20260726,2026-07-26T17:54:03-05:00
124,gPwEhnkWAns,https://www.youtube.com/watch?v=gPwEhnkWAns,THE WORST BRIDGE IN PERU #peru,Goblinciano,,521.0,high_yield_channel,Goblinciano,128,RACISMO_DISCRIMINACION|ACOSO_PERSONAL|AMENAZA_DIRECTA,9.82 chunks de daño y 0.58 amenazas por video en el corpus base,85,,ampliacion_dano_20260726,2026-07-26T17:54:03-05:00
125,qjEpLlsTZeY,https://www.youtube.com/watch?v=qjEpLlsTZeY,THE BOLIVIAN LAMENT IS OVER...,Goblinciano,,482.0,high_yield_channel,Goblinciano,129,RACISMO_DISCRIMINACION|ACOSO_PERSONAL|AMENAZA_DIRECTA,9.82 chunks de daño y 0.58 amenazas por video en el corpus base,85,,ampliacion_dano_20260726,2026-07-26T17:54:03-05:00
126,jtOUpVEV0LM,https://www.youtube.com/watch?v=jtOUpVEV0LM,EL ATENTADO DE TRUJILLO...#peru,Goblinciano,,553.0,high_yield_channel,Goblinciano,130,RACISMO_DISCRIMINACION|ACOSO_PERSONAL|AMENAZA_DIRECTA,9.82 chunks de daño y 0.58 amenazas por video en el corpus base,85,,ampliacion_dano_20260726,2026-07-26T17:54:03-05:00
127,ZOR2w9dSE2g,https://www.youtube.com/watch?v=ZOR2w9dSE2g,THAT'S WHY GIRLS DON'T SUCK GAMPI AND STUDY #peru #news,Goblinciano,,435.0,high_yield_channel,Goblinciano,131,RACISMO_DISCRIMINACION|ACOSO_PERSONAL|AMENAZA_DIRECTA,9.82 chunks de daño y 0.58 amenazas por video en el corpus base,85,,ampliacion_dano_20260726,2026-07-26T17:54:03-05:00
128,eqvAMa3_B0s,https://www.youtube.com/watch?v=eqvAMa3_B0s,DAARICK NEEDS HELP... #peru,Goblinciano,,505.0,high_yield_channel,Goblinciano,132,RACISMO_DISCRIMINACION|ACOSO_PERSONAL|AMENAZA_DIRECTA,9.82 chunks de daño y 0.58 amenazas por video en el corpus base,85,,ampliacion_dano_20260726,2026-07-26T17:54:03-05:00
129,erSUxYzNZ2I,https://www.youtube.com/watch?v=erSUxYzNZ2I,"THE END OF PERU, VELARDE IS LEAVING 😨 #peru",Goblinciano,,482.0,high_yield_channel,Goblinciano,133,RACISMO_DISCRIMINACION|ACOSO_PERSONAL|AMENAZA_DIRECTA,9.82 chunks de daño y 0.58 amenazas por video en el corpus base,85,,ampliacion_dano_20260726,2026-07-26T17:54:03-05:00
130,y44h7Z_kPwM,https://www.youtube.com/watch?v=y44h7Z_kPwM,PORKY'S TRAINS WRECKED | LA REPORTERA DE LA REPUBLICA #peru,Goblinciano,,484.0,high_yield_channel,Goblinciano,134,RACISMO_DISCRIMINACION|ACOSO_PERSONAL|AMENAZA_DIRECTA,9.82 chunks de daño y 0.58 amenazas por video en el corpus base,85,,ampliacion_dano_20260726,2026-07-26T17:54:03-05:00
131,rjZFlgp6Peg,https://www.youtube.com/watch?v=rjZFlgp6Peg,Porky's Trains Tricked Us | I'll Tell Him the Truth #peru,Goblinciano,,605.0,high_yield_channel,Goblinciano,135,RACISMO_DISCRIMINACION|ACOSO_PERSONAL|AMENAZA_DIRECTA,9.82 chunks de daño y 0.58 amenazas por video en el corpus base,85,,ampliacion_dano_20260726,2026-07-26T17:54:03-05:00
132,9RvIb6CFIps,https://www.youtube.com/watch?v=9RvIb6CFIps,30 INTERESTING FACTS ABOUT THE LYNX #peru,Goblinciano,,932.0,high_yield_channel,Goblinciano,136,RACISMO_DISCRIMINACION|ACOSO_PERSONAL|AMENAZA_DIRECTA,9.82 chunks de daño y 0.58 amenazas por video en el corpus base,85,,ampliacion_dano_20260726,2026-07-26T17:54:03-05:00
133,TbLc6UPU2Mg,https://www.youtube.com/watch?v=TbLc6UPU2Mg,I EXPOSE THE BOTTOM BUSINESS ON KICK | THIS IS HOW THEY'RE MAKING THOUSANDS OF DOLLARS #peru,Goblinciano,,570.0,high_yield_channel,Goblinciano,137,RACISMO_DISCRIMINACION|ACOSO_PERSONAL|AMENAZA_DIRECTA,9.82 chunks de daño y 0.58 amenazas por video en el corpus base,85,,ampliacion_dano_20260726,2026-07-26T17:54:03-05:00
134,fvmczi74DUk,https://www.youtube.com/watch?v=fvmczi74DUk,THE PERUVIAN SUN IS THE NEW DOLLAR #peru,Goblinciano,,485.0,high_yield_channel,Goblinciano,138,RACISMO_DISCRIMINACION|ACOSO_PERSONAL|AMENAZA_DIRECTA,9.82 chunks de daño y 0.58 amenazas por video en el corpus base,85,,ampliacion_dano_20260726,2026-07-26T17:54:03-05:00
135,7rgVJfxBlz0,https://www.youtube.com/watch?v=7rgVJfxBlz0,DIBUJITOS SUBASTAN CHIBOLAS ESC0LAR3S EN TELEGRAM #peru,Goblinciano,,484.0,high_yield_channel,Goblinciano,139,RACISMO_DISCRIMINACION|ACOSO_PERSONAL|AMENAZA_DIRECTA,9.82 chunks de daño y 0.58 amenazas por video en el corpus base,85,,ampliacion_dano_20260726,2026-07-26T17:54:03-05:00
136,4ayFhi1VAK8,https://www.youtube.com/watch?v=4ayFhi1VAK8,LA VERDAD DE FRANCO VIDAL EL ALCALDE DIBUJITO #peru,Goblinciano,,627.0,high_yield_channel,Goblinciano,140,RACISMO_DISCRIMINACION|ACOSO_PERSONAL|AMENAZA_DIRECTA,9.82 chunks de daño y 0.58 amenazas por video en el corpus base,85,,ampliacion_dano_20260726,2026-07-26T17:54:03-05:00
137,oX_H77gVceQ,https://www.youtube.com/watch?v=oX_H77gVceQ,MILES DE BOLIVIANOS ENTRAN A PERÚ | ESCAPAN DE LA CRISIS ECONÓMICA #peru,Goblinciano,,596.0,high_yield_channel,Goblinciano,141,RACISMO_DISCRIMINACION|ACOSO_PERSONAL|AMENAZA_DIRECTA,9.82 chunks de daño y 0.58 amenazas por video en el corpus base,85,,ampliacion_dano_20260726,2026-07-26T17:54:03-05:00
138,RiAY4_oIlN8,https://www.youtube.com/watch?v=RiAY4_oIlN8,CURWEN ES UN WEB0NAZ0 #peru,Goblinciano,,552.0,high_yield_channel,Goblinciano,142,RACISMO_DISCRIMINACION|ACOSO_PERSONAL|AMENAZA_DIRECTA,9.82 chunks de daño y 0.58 amenazas por video en el corpus base,85,,ampliacion_dano_20260726,2026-07-26T17:54:03-05:00
139,fYtsRmV_kkE,https://www.youtube.com/watch?v=fYtsRmV_kkE,LA ESTAFA DEL NUEVO AEROPUERTO JORGE CHAVEZ | AHORA TIENES QUE IR 5 HORAS ANTES DE TU VUELO  #peru,Goblinciano,,456.0,high_yield_channel,Goblinciano,143,RACISMO_DISCRIMINACION|ACOSO_PERSONAL|AMENAZA_DIRECTA,9.82 chunks de daño y 0.58 amenazas por video en el corpus base,85,,ampliacion_dano_20260726,2026-07-26T17:54:03-05:00
140,scZx-AKaI-Q,https://www.youtube.com/watch?v=scZx-AKaI-Q,SMASH TENDRA UN GUILLERMITO 😲,Goblinciano,,640.0,high_yield_channel,Goblinciano,144,RACISMO_DISCRIMINACION|ACOSO_PERSONAL|AMENAZA_DIRECTA,9.82 chunks de daño y 0.58 amenazas por video en el corpus base,85,,ampliacion_dano_20260726,2026-07-26T17:54:03-05:00
141,82eCLCeGkVE,https://www.youtube.com/watch?v=82eCLCeGkVE,WHAT HAPPENED TO ASHLEY VARGAS? #peru,Goblinciano,,503.0,high_yield_channel,Goblinciano,145,RACISMO_DISCRIMINACION|ACOSO_PERSONAL|AMENAZA_DIRECTA,9.82 chunks de daño y 0.58 amenazas por video en el corpus base,85,,ampliacion_dano_20260726,2026-07-26T17:54:03-05:00
142,8kci4Pwt6AQ,https://www.youtube.com/watch?v=8kci4Pwt6AQ,CHAMO WEBON VUELA ALTO AL INTENTAR DEJAR EXPL0SIVO EN CASA 🕊️ #peru,Goblinciano,,508.0,high_yield_channel,Goblinciano,146,RACISMO_DISCRIMINACION|ACOSO_PERSONAL|AMENAZA_DIRECTA,9.82 chunks de daño y 0.58 amenazas por video en el corpus base,85,,ampliacion_dano_20260726,2026-07-26T17:54:03-05:00
143,eV3k2PV9suI,https://www.youtube.com/watch?v=eV3k2PV9suI,DIBUJITO HACKEA A SAN MARCOS #peru,Goblinciano,,528.0,high_yield_channel,Goblinciano,147,RACISMO_DISCRIMINACION|ACOSO_PERSONAL|AMENAZA_DIRECTA,9.82 chunks de daño y 0.58 amenazas por video en el corpus base,85,,ampliacion_dano_20260726,2026-07-26T17:54:03-05:00
144,rosLxGfSRSc,https://www.youtube.com/watch?v=rosLxGfSRSc,NUNCA TE METAS CON UN N4RC0 | TIKTOKER ES ENFRIADA EN VIVO POR INFIEL  #peru,Goblinciano,,522.0,high_yield_channel,Goblinciano,148,RACISMO_DISCRIMINACION|ACOSO_PERSONAL|AMENAZA_DIRECTA,9.82 chunks de daño y 0.58 amenazas por video en el corpus base,85,,ampliacion_dano_20260726,2026-07-26T17:54:03-05:00
145,xVufzJBbvz0,https://www.youtube.com/watch?v=xVufzJBbvz0,PERUANO TIKTOKER MUESTRA SU GAMPI A CHIBOLAS,Goblinciano,,504.0,high_yield_channel,Goblinciano,149,RACISMO_DISCRIMINACION|ACOSO_PERSONAL|AMENAZA_DIRECTA,9.82 chunks de daño y 0.58 amenazas por video en el corpus base,85,,ampliacion_dano_20260726,2026-07-26T17:54:03-05:00
146,FaQEvk_DeTk,https://www.youtube.com/watch?v=FaQEvk_DeTk,DINA BOLUARTE ES UNA CSM  #peru,Goblinciano,,487.0,high_yield_channel,Goblinciano,150,RACISMO_DISCRIMINACION|ACOSO_PERSONAL|AMENAZA_DIRECTA,9.82 chunks de daño y 0.58 amenazas por video en el corpus base,85,,ampliacion_dano_20260726,2026-07-26T17:54:03-05:00
147,hV5w3BTduZk,https://www.youtube.com/watch?v=hV5w3BTduZk,"EL LOMO SALTADO ES BOLIVIANO, PERUANOS COPIONES #peru",Goblinciano,,512.0,high_yield_channel,Goblinciano,151,RACISMO_DISCRIMINACION|ACOSO_PERSONAL|AMENAZA_DIRECTA,9.82 chunks de daño y 0.58 amenazas por video en el corpus base,85,,ampliacion_dano_20260726,2026-07-26T17:54:03-05:00
148,cYSOoLkXCTY,https://www.youtube.com/watch?v=cYSOoLkXCTY,EL PERU ES CLAVE #peru #argentina,Goblinciano,,493.0,high_yield_channel,Goblinciano,152,RACISMO_DISCRIMINACION|ACOSO_PERSONAL|AMENAZA_DIRECTA,9.82 chunks de daño y 0.58 amenazas por video en el corpus base,85,,ampliacion_dano_20260726,2026-07-26T17:54:03-05:00
149,Q5D8bn8ZVe8,https://www.youtube.com/watch?v=Q5D8bn8ZVe8,EXITO Y CAIDA DE MAKANAKY | TODO POR EL SHOW... #peru,Goblinciano,,730.0,high_yield_channel,Goblinciano,153,RACISMO_DISCRIMINACION|ACOSO_PERSONAL|AMENAZA_DIRECTA,9.82 chunks de daño y 0.58 amenazas por video en el corpus base,85,,ampliacion_dano_20260726,2026-07-26T17:54:03-05:00
150,s66z7JgFN_M,https://www.youtube.com/watch?v=s66z7JgFN_M,VUELA ALTO MARIO VARGAS LLOSA #peru,Goblinciano,,511.0,high_yield_channel,Goblinciano,154,RACISMO_DISCRIMINACION|ACOSO_PERSONAL|AMENAZA_DIRECTA,9.82 chunks de daño y 0.58 amenazas por video en el corpus base,85,,ampliacion_dano_20260726,2026-07-26T17:54:03-05:00
151,Fpxorah2l7g,https://www.youtube.com/watch?v=Fpxorah2l7g,NO MAS EXAMEN DE ADMISION | EL CICLO 0 ES UNA W3BADA #peru,Goblinciano,,462.0,high_yield_channel,Goblinciano,155,RACISMO_DISCRIMINACION|ACOSO_PERSONAL|AMENAZA_DIRECTA,9.82 chunks de daño y 0.58 amenazas por video en el corpus base,85,,ampliacion_dano_20260726,2026-07-26T17:54:03-05:00
152,uFk_VzgEgU4,https://www.youtube.com/watch?v=uFk_VzgEgU4,EL DIBUJITO MAS BUSCADO DE PERU: GATITOFBI EL HACKER DE RENIEC #peru,Goblinciano,,484.0,high_yield_channel,Goblinciano,156,RACISMO_DISCRIMINACION|ACOSO_PERSONAL|AMENAZA_DIRECTA,9.82 chunks de daño y 0.58 amenazas por video en el corpus base,85,,ampliacion_dano_20260726,2026-07-26T17:54:03-05:00
153,fIrT3iFtqgs,https://www.youtube.com/watch?v=fIrT3iFtqgs,UNA OPORTUNIDAD PARA EL PERU #peru,Goblinciano,,493.0,high_yield_channel,Goblinciano,157,RACISMO_DISCRIMINACION|ACOSO_PERSONAL|AMENAZA_DIRECTA,9.82 chunks de daño y 0.58 amenazas por video en el corpus base,85,,ampliacion_dano_20260726,2026-07-26T17:54:03-05:00
154,Nq456oXnvfs,https://www.youtube.com/watch?v=Nq456oXnvfs,EL LAMENTO BOLIVIANO SE HIZO REALIDAD | AHORA VIENEN A PERU #peru #bolivia,Goblinciano,,488.0,high_yield_channel,Goblinciano,158,RACISMO_DISCRIMINACION|ACOSO_PERSONAL|AMENAZA_DIRECTA,9.82 chunks de daño y 0.58 amenazas por video en el corpus base,85,,ampliacion_dano_20260726,2026-07-26T17:54:03-05:00
155,FvTkFJPpguI,https://www.youtube.com/watch?v=FvTkFJPpguI,LO PERDI TODO AP0STE POR PERU ARBITRO CTM #peru,Goblinciano,,482.0,high_yield_channel,Goblinciano,159,RACISMO_DISCRIMINACION|ACOSO_PERSONAL|AMENAZA_DIRECTA,9.82 chunks de daño y 0.58 amenazas por video en el corpus base,85,,ampliacion_dano_20260726,2026-07-26T17:54:03-05:00
156,SDAMs7BqLVs,https://www.youtube.com/watch?v=SDAMs7BqLVs,¡Street Fighter! Juanito y Richard  / Mayo 2022,Juanito y Richard,,64.0,high_yield_channel,Juanito y Richard,41,RACISMO_DISCRIMINACION|AMENAZA_DIRECTA,2.22 chunks de daño por video; máximo observado de 11 amenazas en un episodio,85,,ampliacion_dano_20260726,2026-07-26T17:54:03-05:00
157,JsCVHIfBcrg,https://www.youtube.com/watch?v=JsCVHIfBcrg,🏡Cholo Juanito y Richard Douglas - La Casona (Clip 2) El Caballero 🤣 Oficial Estreno Octubre 2021,Juanito y Richard,,172.0,high_yield_channel,Juanito y Richard,76,RACISMO_DISCRIMINACION|AMENAZA_DIRECTA,2.22 chunks de daño por video; máximo observado de 11 amenazas en un episodio,85,,ampliacion_dano_20260726,2026-07-26T17:54:03-05:00
158,Pp0AfrcIxos,https://www.youtube.com/watch?v=Pp0AfrcIxos,🏡 Juanito y Richard - La Casona / Los Tóxicos 🤣,Juanito y Richard,,65.0,high_yield_channel,Juanito y Richard,77,RACISMO_DISCRIMINACION|AMENAZA_DIRECTA,2.22 chunks de daño por video; máximo observado de 11 amenazas en un episodio,85,,ampliacion_dano_20260726,2026-07-26T17:54:03-05:00
159,GKwa_CL9tnk,https://www.youtube.com/watch?v=GKwa_CL9tnk,🔥Tour Ecuador 2021 / Cholo Juanito y Richard Douglas / Oficial,Juanito y Richard,,108.0,high_yield_channel,Juanito y Richard,78,RACISMO_DISCRIMINACION|AMENAZA_DIRECTA,2.22 chunks de daño por video; máximo observado de 11 amenazas en un episodio,85,,ampliacion_dano_20260726,2026-07-26T17:54:03-05:00
160,gmvy6CkZv9k,https://www.youtube.com/watch?v=gmvy6CkZv9k,🏡 [Cap. 1] Juanito y Richard - La Casona / La Bienvenida 🤣 Oficial,Juanito y Richard,,721.0,high_yield_channel,Juanito y Richard,79,RACISMO_DISCRIMINACION|AMENAZA_DIRECTA,2.22 chunks de daño por video; máximo observado de 11 amenazas en un episodio,85,,ampliacion_dano_20260726,2026-07-26T17:54:03-05:00
161,PqCGQrFURO4,https://www.youtube.com/watch?v=PqCGQrFURO4,🏡¡Nueva Temporada! 🤣 Cholo Juanito y Richard Douglas - La Casona / 2021... Muy Pronto!,Juanito y Richard,,123.0,high_yield_channel,Juanito y Richard,80,RACISMO_DISCRIMINACION|AMENAZA_DIRECTA,2.22 chunks de daño por video; máximo observado de 11 amenazas en un episodio,85,,ampliacion_dano_20260726,2026-07-26T17:54:03-05:00
162,GiecipaKTuw,https://www.youtube.com/watch?v=GiecipaKTuw,💉La Gran Vacunatón - Juanito y Richard 🤣 Chistes,Juanito y Richard,,385.0,high_yield_channel,Juanito y Richard,81,RACISMO_DISCRIMINACION|AMENAZA_DIRECTA,2.22 chunks de daño por video; máximo observado de 11 amenazas en un episodio,85,,ampliacion_dano_20260726,2026-07-26T17:54:03-05:00
163,xTcGwJnS3qY,https://www.youtube.com/watch?v=xTcGwJnS3qY,🇵🇪 ¡Feliz Bicentenario Patrio Perú! Cholo Juanito y Richard Douglas 🤣 Chistes 2021,Juanito y Richard,,377.0,high_yield_channel,Juanito y Richard,82,RACISMO_DISCRIMINACION|AMENAZA_DIRECTA,2.22 chunks de daño por video; máximo observado de 11 amenazas en un episodio,85,,ampliacion_dano_20260726,2026-07-26T17:54:03-05:00
164,AuA2ufzozoY,https://www.youtube.com/watch?v=AuA2ufzozoY,🇪🇨 (CLIP) Cholo Juanito y Richard Douglas - Linda Bienvenida a Ecuador 2020,Juanito y Richard,,447.0,high_yield_channel,Juanito y Richard,83,RACISMO_DISCRIMINACION|AMENAZA_DIRECTA,2.22 chunks de daño por video; máximo observado de 11 amenazas en un episodio,85,,ampliacion_dano_20260726,2026-07-26T17:54:03-05:00
165,879YaScxrVs,https://www.youtube.com/watch?v=879YaScxrVs,🍬 El Sugar Daddy - Cholo Juanito y Richard Douglas & Marcos Otavalo (2020),Juanito y Richard,,369.0,high_yield_channel,Juanito y Richard,84,RACISMO_DISCRIMINACION|AMENAZA_DIRECTA,2.22 chunks de daño por video; máximo observado de 11 amenazas en un episodio,85,,ampliacion_dano_20260726,2026-07-26T17:54:03-05:00
166,5qHf51YEKuY,https://www.youtube.com/watch?v=5qHf51YEKuY,(LIVE) QUE COSA YA (Kalesy & Jhely Romero) Cholo Juanito y Richard Douglas (TikTok 2020),Juanito y Richard,,3959.0,high_yield_channel,Juanito y Richard,85,RACISMO_DISCRIMINACION|AMENAZA_DIRECTA,2.22 chunks de daño por video; máximo observado de 11 amenazas en un episodio,85,,ampliacion_dano_20260726,2026-07-26T17:54:03-05:00
167,VualBL6VZNY,https://www.youtube.com/watch?v=VualBL6VZNY,⌚ (CLIP) Sólo Un Minuto - Cholo Juanito y Richard Douglas / Perú,Juanito y Richard,,147.0,high_yield_channel,Juanito y Richard,86,RACISMO_DISCRIMINACION|AMENAZA_DIRECTA,2.22 chunks de daño por video; máximo observado de 11 amenazas en un episodio,85,,ampliacion_dano_20260726,2026-07-26T17:54:03-05:00
168,jOnMkZXppEs,https://www.youtube.com/watch?v=jOnMkZXppEs,😠 (CLIP) Una Mujer Con Carácter - Cholo Juanito y Richard Douglas / Perú,Juanito y Richard,,194.0,high_yield_channel,Juanito y Richard,87,RACISMO_DISCRIMINACION|AMENAZA_DIRECTA,2.22 chunks de daño por video; máximo observado de 11 amenazas en un episodio,85,,ampliacion_dano_20260726,2026-07-26T17:54:03-05:00
169,VKyQO_eMDb8,https://www.youtube.com/watch?v=VKyQO_eMDb8,🍗 Pollería Don Clemente - Cholo Juanito y Richard Douglas / 2020,Juanito y Richard,,238.0,high_yield_channel,Juanito y Richard,88,RACISMO_DISCRIMINACION|AMENAZA_DIRECTA,2.22 chunks de daño por video; máximo observado de 11 amenazas en un episodio,85,,ampliacion_dano_20260726,2026-07-26T17:54:03-05:00
170,U1zNXi_B6v8,https://www.youtube.com/watch?v=U1zNXi_B6v8,3 Veces Sr. Juez - Cholo Juanito y Richard Douglas & Sheyla Osorio (TikTok 2020),Juanito y Richard,,62.0,high_yield_channel,Juanito y Richard,89,RACISMO_DISCRIMINACION|AMENAZA_DIRECTA,2.22 chunks de daño por video; máximo observado de 11 amenazas en un episodio,85,,ampliacion_dano_20260726,2026-07-26T17:54:03-05:00
171,UKKmN5r_4dw,https://www.youtube.com/watch?v=UKKmN5r_4dw,¡Feliz Cumpleaños Cholo Juanito! 29 Setiembre 2020 / CUSCO,Juanito y Richard,,101.0,high_yield_channel,Juanito y Richard,90,RACISMO_DISCRIMINACION|AMENAZA_DIRECTA,2.22 chunks de daño por video; máximo observado de 11 amenazas en un episodio,85,,ampliacion_dano_20260726,2026-07-26T17:54:03-05:00
172,nNZUrRqUyFA,https://www.youtube.com/watch?v=nNZUrRqUyFA,"😘 (CLIP) El Perfume... Sígueme, Sígueme - Cholo Juanito y Richard Douglas / Perú",Juanito y Richard,,191.0,high_yield_channel,Juanito y Richard,91,RACISMO_DISCRIMINACION|AMENAZA_DIRECTA,2.22 chunks de daño por video; máximo observado de 11 amenazas en un episodio,85,,ampliacion_dano_20260726,2026-07-26T17:54:03-05:00
173,NqKrWNzKZAI,https://www.youtube.com/watch?v=NqKrWNzKZAI,Feliz Día Miguel Facundo - Cholo Juanito y Richard Douglas / SALUDO.pe,Juanito y Richard,,106.0,high_yield_channel,Juanito y Richard,92,RACISMO_DISCRIMINACION|AMENAZA_DIRECTA,2.22 chunks de daño por video; máximo observado de 11 amenazas en un episodio,85,,ampliacion_dano_20260726,2026-07-26T17:54:03-05:00
174,mOascH8hpzU,https://www.youtube.com/watch?v=mOascH8hpzU,📺 Juanito y Richard - Avícola Los Manantiales (Guatemala) Spot / Anuncio / Publicidad,Juanito y Richard,,164.0,high_yield_channel,Juanito y Richard,93,RACISMO_DISCRIMINACION|AMENAZA_DIRECTA,2.22 chunks de daño por video; máximo observado de 11 amenazas en un episodio,85,,ampliacion_dano_20260726,2026-07-26T17:54:03-05:00
175,QjUxc3hiAUU,https://www.youtube.com/watch?v=QjUxc3hiAUU,📺 Juanito y Richard - Alixfort Store / Spot / Anuncio / Publicidad,Juanito y Richard,,181.0,high_yield_channel,Juanito y Richard,94,RACISMO_DISCRIMINACION|AMENAZA_DIRECTA,2.22 chunks de daño por video; máximo observado de 11 amenazas en un episodio,85,,ampliacion_dano_20260726,2026-07-26T17:54:03-05:00
176,cuCQ3A6nxSk,https://www.youtube.com/watch?v=cuCQ3A6nxSk,(VIVO) Chola Puca & Cholo Juanito y Richard Douglas,Juanito y Richard,,1582.0,high_yield_channel,Juanito y Richard,95,RACISMO_DISCRIMINACION|AMENAZA_DIRECTA,2.22 chunks de daño por video; máximo observado de 11 amenazas en un episodio,85,,ampliacion_dano_20260726,2026-07-26T17:54:03-05:00
177,XHDwSzAInzw,https://www.youtube.com/watch?v=XHDwSzAInzw,👮 (CLIP) Qué Tal POLI - Cholo Juanito y Richard Douglas / Perú,Juanito y Richard,,173.0,high_yield_channel,Juanito y Richard,96,RACISMO_DISCRIMINACION|AMENAZA_DIRECTA,2.22 chunks de daño por video; máximo observado de 11 amenazas en un episodio,85,,ampliacion_dano_20260726,2026-07-26T17:54:03-05:00
178,MYRJJY6XyVM,https://www.youtube.com/watch?v=MYRJJY6XyVM,💰 (CLIP) ¿Y Tus Impuestos? - Cholo Juanito y Richard Douglas / Perú,Juanito y Richard,,274.0,high_yield_channel,Juanito y Richard,97,RACISMO_DISCRIMINACION|AMENAZA_DIRECTA,2.22 chunks de daño por video; máximo observado de 11 amenazas en un episodio,85,,ampliacion_dano_20260726,2026-07-26T17:54:03-05:00
179,vVRwQa6-rRk,https://www.youtube.com/watch?v=vVRwQa6-rRk,🙏 (CLIP) Que D i 0 s Te Lo Pague - Cholo Juanito y Richard Douglas / Perú,Juanito y Richard,,115.0,high_yield_channel,Juanito y Richard,98,RACISMO_DISCRIMINACION|AMENAZA_DIRECTA,2.22 chunks de daño por video; máximo observado de 11 amenazas en un episodio,85,,ampliacion_dano_20260726,2026-07-26T17:54:03-05:00
180,Ozs5LlXMwso,https://www.youtube.com/watch?v=Ozs5LlXMwso,🚮 (CLIP) La Basura En El Basurero - Cholo Juanito y Richard Douglas / Perú,Juanito y Richard,,146.0,high_yield_channel,Juanito y Richard,99,RACISMO_DISCRIMINACION|AMENAZA_DIRECTA,2.22 chunks de daño por video; máximo observado de 11 amenazas en un episodio,85,,ampliacion_dano_20260726,2026-07-26T17:54:03-05:00
181,hHPfDlUR-1U,https://www.youtube.com/watch?v=hHPfDlUR-1U,🥊(CLIP) El Ganador - Cholo Juanito y Richard Douglas / Perú,Juanito y Richard,,202.0,high_yield_channel,Juanito y Richard,100,RACISMO_DISCRIMINACION|AMENAZA_DIRECTA,2.22 chunks de daño por video; máximo observado de 11 amenazas en un episodio,85,,ampliacion_dano_20260726,2026-07-26T17:54:03-05:00
182,sIS7ab1fGds,https://www.youtube.com/watch?v=sIS7ab1fGds,✈️ (CLIP) Adiós Pueblo Querido - Cholo Juanito y Richard Douglas / Perú,Juanito y Richard,,269.0,high_yield_channel,Juanito y Richard,101,RACISMO_DISCRIMINACION|AMENAZA_DIRECTA,2.22 chunks de daño por video; máximo observado de 11 amenazas en un episodio,85,,ampliacion_dano_20260726,2026-07-26T17:54:03-05:00
183,BlJzj9nxbWI,https://www.youtube.com/watch?v=BlJzj9nxbWI,💔 (CLIP) Linda Rosita... Chiquita Linda - Cholo Juanito y Richard Douglas / Perú,Juanito y Richard,,203.0,high_yield_channel,Juanito y Richard,102,RACISMO_DISCRIMINACION|AMENAZA_DIRECTA,2.22 chunks de daño por video; máximo observado de 11 amenazas en un episodio,85,,ampliacion_dano_20260726,2026-07-26T17:54:03-05:00
184,TWuiNyEUbhQ,https://www.youtube.com/watch?v=TWuiNyEUbhQ,🌃(CLIP) ¿Nos Vamos A La Ciudad? Cholo Juanito y Richard Douglas / Perú,Juanito y Richard,,377.0,high_yield_channel,Juanito y Richard,103,RACISMO_DISCRIMINACION|AMENAZA_DIRECTA,2.22 chunks de daño por video; máximo observado de 11 amenazas en un episodio,85,,ampliacion_dano_20260726,2026-07-26T17:54:03-05:00
185,9Q9dhX4Pfow,https://www.youtube.com/watch?v=9Q9dhX4Pfow,√ (CLIP) La Raíz Cuadrada - Cholo Juanito y Richard Douglas / Perú,Juanito y Richard,,206.0,high_yield_channel,Juanito y Richard,104,RACISMO_DISCRIMINACION|AMENAZA_DIRECTA,2.22 chunks de daño por video; máximo observado de 11 amenazas en un episodio,85,,ampliacion_dano_20260726,2026-07-26T17:54:03-05:00
186,BcH2pH9x1Y4,https://www.youtube.com/watch?v=BcH2pH9x1Y4,😘 (CLIP) Enséñame A Besar - Cholo Juanito y Richard Douglas / Perú,Juanito y Richard,,258.0,high_yield_channel,Juanito y Richard,105,RACISMO_DISCRIMINACION|AMENAZA_DIRECTA,2.22 chunks de daño por video; máximo observado de 11 amenazas en un episodio,85,,ampliacion_dano_20260726,2026-07-26T17:54:03-05:00
187,sb7WcAZXf-Y,https://www.youtube.com/watch?v=sb7WcAZXf-Y,📱 (CLIP) Tecnología 5G - Cholo Juanito y Richard Douglas / Perú,Juanito y Richard,,221.0,high_yield_channel,Juanito y Richard,106,RACISMO_DISCRIMINACION|AMENAZA_DIRECTA,2.22 chunks de daño por video; máximo observado de 11 amenazas en un episodio,85,,ampliacion_dano_20260726,2026-07-26T17:54:03-05:00
188,P_j1e_KFlvQ,https://www.youtube.com/watch?v=P_j1e_KFlvQ,La Sonámbula - Cholo Juanito y Richard Douglas (VIVO),Juanito y Richard,,619.0,high_yield_channel,Juanito y Richard,107,RACISMO_DISCRIMINACION|AMENAZA_DIRECTA,2.22 chunks de daño por video; máximo observado de 11 amenazas en un episodio,85,,ampliacion_dano_20260726,2026-07-26T17:54:03-05:00
189,ZIgaXQOCubs,https://www.youtube.com/watch?v=ZIgaXQOCubs,😷 El Mercado - Cholo Juanito y Richard Douglas 🏥 Abril 2020 PERÚ,Juanito y Richard,,296.0,high_yield_channel,Juanito y Richard,108,RACISMO_DISCRIMINACION|AMENAZA_DIRECTA,2.22 chunks de daño por video; máximo observado de 11 amenazas en un episodio,85,,ampliacion_dano_20260726,2026-07-26T17:54:03-05:00
190,8QGI_WoaN-I,https://www.youtube.com/watch?v=8QGI_WoaN-I,Ella No Volverá - Cholo Juanito y Richard Douglas (TikTok 2020),Juanito y Richard,,63.0,high_yield_channel,Juanito y Richard,109,RACISMO_DISCRIMINACION|AMENAZA_DIRECTA,2.22 chunks de daño por video; máximo observado de 11 amenazas en un episodio,85,,ampliacion_dano_20260726,2026-07-26T17:54:03-05:00
191,aHIdi6dRmL0,https://www.youtube.com/watch?v=aHIdi6dRmL0,¡Mensaje al Mundo! - Ronald Gutiérrez / Cholo Juanito y Richard Douglas,Juanito y Richard,,754.0,high_yield_channel,Juanito y Richard,110,RACISMO_DISCRIMINACION|AMENAZA_DIRECTA,2.22 chunks de daño por video; máximo observado de 11 amenazas en un episodio,85,,ampliacion_dano_20260726,2026-07-26T17:54:03-05:00
192,yJQ3Lay4utY,https://www.youtube.com/watch?v=yJQ3Lay4utY,Cuarentonas - Cholo Juanito y Richard Douglas / Marzo Perú 2020,Juanito y Richard,,664.0,high_yield_channel,Juanito y Richard,111,RACISMO_DISCRIMINACION|AMENAZA_DIRECTA,2.22 chunks de daño por video; máximo observado de 11 amenazas en un episodio,85,,ampliacion_dano_20260726,2026-07-26T17:54:03-05:00
193,G-3AD1Pi7GY,https://www.youtube.com/watch?v=G-3AD1Pi7GY,"NO estoy G0RD0, estoy GRU3S0 - Cholo Juanito y Richard Douglas / Ecuador 2020",Juanito y Richard,,373.0,high_yield_channel,Juanito y Richard,112,RACISMO_DISCRIMINACION|AMENAZA_DIRECTA,2.22 chunks de daño por video; máximo observado de 11 amenazas en un episodio,85,,ampliacion_dano_20260726,2026-07-26T17:54:03-05:00
194,bFbIOfxcJ4w,https://www.youtube.com/watch?v=bFbIOfxcJ4w,ECUADOR ¡Volveremos! Cholo Juanito y Richard Douglas (Vivo 2020),Juanito y Richard,,7154.0,high_yield_channel,Juanito y Richard,113,RACISMO_DISCRIMINACION|AMENAZA_DIRECTA,2.22 chunks de daño por video; máximo observado de 11 amenazas en un episodio,85,,ampliacion_dano_20260726,2026-07-26T17:54:03-05:00
195,pRuDddSrG-I,https://www.youtube.com/watch?v=pRuDddSrG-I,Mi Prima - Cholo Juanito y Richard Douglas (Ecuador 2020),Juanito y Richard,,220.0,high_yield_channel,Juanito y Richard,114,RACISMO_DISCRIMINACION|AMENAZA_DIRECTA,2.22 chunks de daño por video; máximo observado de 11 amenazas en un episodio,85,,ampliacion_dano_20260726,2026-07-26T17:54:03-05:00
196,ynq4_N3mVuI,https://www.youtube.com/watch?v=ynq4_N3mVuI,ECUADOR ¡Agradable Sorpresa! - Cholo Juanito y Richard Douglas / Vivo 2020,Juanito y Richard,,1780.0,high_yield_channel,Juanito y Richard,115,RACISMO_DISCRIMINACION|AMENAZA_DIRECTA,2.22 chunks de daño por video; máximo observado de 11 amenazas en un episodio,85,,ampliacion_dano_20260726,2026-07-26T17:54:03-05:00
197,2fKTVcSCqUw,https://www.youtube.com/watch?v=2fKTVcSCqUw,PAWKAR Perafan - Cotacachi / Cholo Juanito y Richard Douglas / 24 Feb. 2020,Juanito y Richard,,47.0,high_yield_channel,Juanito y Richard,116,RACISMO_DISCRIMINACION|AMENAZA_DIRECTA,2.22 chunks de daño por video; máximo observado de 11 amenazas en un episodio,85,,ampliacion_dano_20260726,2026-07-26T17:54:03-05:00
198,M24oOPj-lpM,https://www.youtube.com/watch?v=M24oOPj-lpM,Casi Nos Deja El Avión - Cholo Juanito y Richard Douglas,Juanito y Richard,,713.0,high_yield_channel,Juanito y Richard,117,RACISMO_DISCRIMINACION|AMENAZA_DIRECTA,2.22 chunks de daño por video; máximo observado de 11 amenazas en un episodio,85,,ampliacion_dano_20260726,2026-07-26T17:54:03-05:00
199,tyXyJv_xi1M,https://www.youtube.com/watch?v=tyXyJv_xi1M,PAWKAR Perafan - Cotacachi / Cholo Juanito y Richard Douglas / 2020,Juanito y Richard,,53.0,high_yield_channel,Juanito y Richard,118,RACISMO_DISCRIMINACION|AMENAZA_DIRECTA,2.22 chunks de daño por video; máximo observado de 11 amenazas en un episodio,85,,ampliacion_dano_20260726,2026-07-26T17:54:03-05:00
200,V9yyurAyY-o,https://www.youtube.com/watch?v=V9yyurAyY-o,¡Nos Vamos a ECUADOR! Cholo Juanito y Richard Douglas / Febrero,Juanito y Richard,,69.0,high_yield_channel,Juanito y Richard,119,RACISMO_DISCRIMINACION|AMENAZA_DIRECTA,2.22 chunks de daño por video; máximo observado de 11 amenazas en un episodio,85,,ampliacion_dano_20260726,2026-07-26T17:54:03-05:00
201,u1edvLI0VWI,https://www.youtube.com/watch?v=u1edvLI0VWI,📱 (CLIP) Celular Último Modelo - Cholo Juanito y Richard Douglas / Perú,Juanito y Richard,,245.0,high_yield_channel,Juanito y Richard,120,RACISMO_DISCRIMINACION|AMENAZA_DIRECTA,2.22 chunks de daño por video; máximo observado de 11 amenazas en un episodio,85,,ampliacion_dano_20260726,2026-07-26T17:54:03-05:00
202,lb6LLU_Rqc8,https://www.youtube.com/watch?v=lb6LLU_Rqc8,📱 (CLIP) Cuando Te Enamoras Por Facebook - Cholo Juanito y Richard Douglas / Perú,Juanito y Richard,,294.0,high_yield_channel,Juanito y Richard,121,RACISMO_DISCRIMINACION|AMENAZA_DIRECTA,2.22 chunks de daño por video; máximo observado de 11 amenazas en un episodio,85,,ampliacion_dano_20260726,2026-07-26T17:54:03-05:00
203,nEbX1Z4gID0,https://www.youtube.com/watch?v=nEbX1Z4gID0,¡Elecciones Perú! Juanito y Richard / Campaña Política - Vol. 7,Juanito y Richard,,1355.0,high_yield_channel,Juanito y Richard,122,RACISMO_DISCRIMINACION|AMENAZA_DIRECTA,2.22 chunks de daño por video; máximo observado de 11 amenazas en un episodio,85,,ampliacion_dano_20260726,2026-07-26T17:54:03-05:00
204,Ua5xLwNGqmw,https://www.youtube.com/watch?v=Ua5xLwNGqmw,¡Yo Si Soy! Cholo Juanito y Richard Douglas - LIMA / En Vivo,Juanito y Richard,,2179.0,high_yield_channel,Juanito y Richard,123,RACISMO_DISCRIMINACION|AMENAZA_DIRECTA,2.22 chunks de daño por video; máximo observado de 11 amenazas en un episodio,85,,ampliacion_dano_20260726,2026-07-26T17:54:03-05:00
205,bDkSXxft_Eg,https://www.youtube.com/watch?v=bDkSXxft_Eg,Preguntas y Respuestas - Cholo Juanito y Richard Douglas ¡FELIZ 2020!,Juanito y Richard,,3094.0,high_yield_channel,Juanito y Richard,124,RACISMO_DISCRIMINACION|AMENAZA_DIRECTA,2.22 chunks de daño por video; máximo observado de 11 amenazas en un episodio,85,,ampliacion_dano_20260726,2026-07-26T17:54:03-05:00
206,QEg2nJ862Y0,https://www.youtube.com/watch?v=QEg2nJ862Y0,"Wi Doble, Wi Doble - Cholo Juanito y Richard Douglas / Pedro Paccha (2020)",Juanito y Richard,,269.0,high_yield_channel,Juanito y Richard,125,RACISMO_DISCRIMINACION|AMENAZA_DIRECTA,2.22 chunks de daño por video; máximo observado de 11 amenazas en un episodio,85,,ampliacion_dano_20260726,2026-07-26T17:54:03-05:00
207,4Qm_-mYJHt8,https://www.youtube.com/watch?v=4Qm_-mYJHt8,"¡Ya No Puede, Ya No Jala! Cholo Juanito y Richard Douglas / Rosita de Espinar",Juanito y Richard,,34.0,high_yield_channel,Juanito y Richard,126,RACISMO_DISCRIMINACION|AMENAZA_DIRECTA,2.22 chunks de daño por video; máximo observado de 11 amenazas en un episodio,85,,ampliacion_dano_20260726,2026-07-26T17:54:03-05:00
208,S_XsM7osnIA,https://www.youtube.com/watch?v=S_XsM7osnIA,Cholo Juanito y Richard Douglas - El Juego Del Caramelo / 2019,Juanito y Richard,,457.0,high_yield_channel,Juanito y Richard,127,RACISMO_DISCRIMINACION|AMENAZA_DIRECTA,2.22 chunks de daño por video; máximo observado de 11 amenazas en un episodio,85,,ampliacion_dano_20260726,2026-07-26T17:54:03-05:00
209,dD3E847lcws,https://www.youtube.com/watch?v=dD3E847lcws,Cholo juanito y Richard Douglas - ¡Yo Soy Alicia Delgado! 2020,Juanito y Richard,,338.0,high_yield_channel,Juanito y Richard,128,RACISMO_DISCRIMINACION|AMENAZA_DIRECTA,2.22 chunks de daño por video; máximo observado de 11 amenazas en un episodio,85,,ampliacion_dano_20260726,2026-07-26T17:54:03-05:00
210,vx3Yia4bxDI,https://www.youtube.com/watch?v=vx3Yia4bxDI,Cholo Juanito y Richard Douglas - Págame Lo Que Me Debes / 2019,Juanito y Richard,,1349.0,high_yield_channel,Juanito y Richard,129,RACISMO_DISCRIMINACION|AMENAZA_DIRECTA,2.22 chunks de daño por video; máximo observado de 11 amenazas en un episodio,85,,ampliacion_dano_20260726,2026-07-26T17:54:03-05:00
211,tjVW7_AzONs,https://www.youtube.com/watch?v=tjVW7_AzONs,Cholo Juanito y Richard Douglas - VIRÚ / Domingo 29 Set. 2019 / Evento,Juanito y Richard,,56.0,high_yield_channel,Juanito y Richard,130,RACISMO_DISCRIMINACION|AMENAZA_DIRECTA,2.22 chunks de daño por video; máximo observado de 11 amenazas en un episodio,85,,ampliacion_dano_20260726,2026-07-26T17:54:03-05:00
212,khryrbnplCs,https://www.youtube.com/watch?v=khryrbnplCs,Cholo Juanito y Richard Douglas - SANTA / Sábado 28 Set. 2019 / Evento,Juanito y Richard,,75.0,high_yield_channel,Juanito y Richard,131,RACISMO_DISCRIMINACION|AMENAZA_DIRECTA,2.22 chunks de daño por video; máximo observado de 11 amenazas en un episodio,85,,ampliacion_dano_20260726,2026-07-26T17:54:03-05:00
213,7g7uhGZ1eqI,https://www.youtube.com/watch?v=7g7uhGZ1eqI,Cholo Juanito y Richard Douglas - CHAO / Viernes 27 Set. 2019 / Evento,Juanito y Richard,,66.0,high_yield_channel,Juanito y Richard,132,RACISMO_DISCRIMINACION|AMENAZA_DIRECTA,2.22 chunks de daño por video; máximo observado de 11 amenazas en un episodio,85,,ampliacion_dano_20260726,2026-07-26T17:54:03-05:00
214,o3itIHLnlL0,https://www.youtube.com/watch?v=o3itIHLnlL0,💵 (CLIP) Cholo Juanito y Richard Douglas - El Negocio Del Siglo / Bolivia 2020,Juanito y Richard,,355.0,high_yield_channel,Juanito y Richard,133,RACISMO_DISCRIMINACION|AMENAZA_DIRECTA,2.22 chunks de daño por video; máximo observado de 11 amenazas en un episodio,85,,ampliacion_dano_20260726,2026-07-26T17:54:03-05:00
215,llrkLhPyhNI,https://www.youtube.com/watch?v=llrkLhPyhNI,Cholo Juanito y Richard Douglas - Último Minuto,Juanito y Richard,,1011.0,high_yield_channel,Juanito y Richard,134,RACISMO_DISCRIMINACION|AMENAZA_DIRECTA,2.22 chunks de daño por video; máximo observado de 11 amenazas en un episodio,85,,ampliacion_dano_20260726,2026-07-26T17:54:03-05:00
216,9AQTYLNtwMM,https://www.youtube.com/watch?v=9AQTYLNtwMM,📺 Juanito y Richard - Mochilas LOGAN / Spot / Anuncio / Publicidad,Juanito y Richard,,61.0,high_yield_channel,Juanito y Richard,135,RACISMO_DISCRIMINACION|AMENAZA_DIRECTA,2.22 chunks de daño por video; máximo observado de 11 amenazas en un episodio,85,,ampliacion_dano_20260726,2026-07-26T17:54:03-05:00
217,85EKc77ISMQ,https://www.youtube.com/watch?v=85EKc77ISMQ,ORURO - Cholo Juanito y Richard Douglas / En Vivo,Juanito y Richard,,171.0,high_yield_channel,Juanito y Richard,136,RACISMO_DISCRIMINACION|AMENAZA_DIRECTA,2.22 chunks de daño por video; máximo observado de 11 amenazas en un episodio,85,,ampliacion_dano_20260726,2026-07-26T17:54:03-05:00
218,ldwc2MzQwqs,https://www.youtube.com/watch?v=ldwc2MzQwqs,CIUDAD DE EL ALTO - Cholo Juanito y Richard Douglas / En Vivo,Juanito y Richard,,87.0,high_yield_channel,Juanito y Richard,137,RACISMO_DISCRIMINACION|AMENAZA_DIRECTA,2.22 chunks de daño por video; máximo observado de 11 amenazas en un episodio,85,,ampliacion_dano_20260726,2026-07-26T17:54:03-05:00
219,llY1a7h28cM,https://www.youtube.com/watch?v=llY1a7h28cM,Visitando Ixiamas y Tumupasa - Cholo Juanito y Richard Douglas / Agosto 2019,Juanito y Richard,,1061.0,high_yield_channel,Juanito y Richard,138,RACISMO_DISCRIMINACION|AMENAZA_DIRECTA,2.22 chunks de daño por video; máximo observado de 11 amenazas en un episodio,85,,ampliacion_dano_20260726,2026-07-26T17:54:03-05:00
220,zByH9UBS_q8,https://www.youtube.com/watch?v=zByH9UBS_q8,Cholo Juanito y Richard Douglas - Los Poetas (Vol. 4),Juanito y Richard,,340.0,high_yield_channel,Juanito y Richard,139,RACISMO_DISCRIMINACION|AMENAZA_DIRECTA,2.22 chunks de daño por video; máximo observado de 11 amenazas en un episodio,85,,ampliacion_dano_20260726,2026-07-26T17:54:03-05:00
221,wjqaH8sAp2A,https://www.youtube.com/watch?v=wjqaH8sAp2A,Cholo Juanito y Richard Douglas - El Galán (Vol. 4),Juanito y Richard,,502.0,high_yield_channel,Juanito y Richard,140,RACISMO_DISCRIMINACION|AMENAZA_DIRECTA,2.22 chunks de daño por video; máximo observado de 11 amenazas en un episodio,85,,ampliacion_dano_20260726,2026-07-26T17:54:03-05:00
222,bsPIhsW7LsI,https://www.youtube.com/watch?v=bsPIhsW7LsI,Cholo Juanito y Richard Douglas - Nuestra Música Peruana (Vol. 4),Juanito y Richard,,713.0,high_yield_channel,Juanito y Richard,141,RACISMO_DISCRIMINACION|AMENAZA_DIRECTA,2.22 chunks de daño por video; máximo observado de 11 amenazas en un episodio,85,,ampliacion_dano_20260726,2026-07-26T17:54:03-05:00
223,a4QAqFaWupY,https://www.youtube.com/watch?v=a4QAqFaWupY,Cholo Juanito y Richard Douglas - El Juego De Las Abejitas (Vol. 4),Juanito y Richard,,704.0,high_yield_channel,Juanito y Richard,142,RACISMO_DISCRIMINACION|AMENAZA_DIRECTA,2.22 chunks de daño por video; máximo observado de 11 amenazas en un episodio,85,,ampliacion_dano_20260726,2026-07-26T17:54:03-05:00
224,UEM4-i9hKL8,https://www.youtube.com/watch?v=UEM4-i9hKL8,Cholo Juanito y Richard Douglas - Los Ambulantes (Vol. 4),Juanito y Richard,,428.0,high_yield_channel,Juanito y Richard,143,RACISMO_DISCRIMINACION|AMENAZA_DIRECTA,2.22 chunks de daño por video; máximo observado de 11 amenazas en un episodio,85,,ampliacion_dano_20260726,2026-07-26T17:54:03-05:00
225,eQswRCmziTE,https://www.youtube.com/watch?v=eQswRCmziTE,Cholo Juanito y Richard Douglas - María Virginia / Maricarmen Pinedo (2019),Juanito y Richard,,263.0,high_yield_channel,Juanito y Richard,144,RACISMO_DISCRIMINACION|AMENAZA_DIRECTA,2.22 chunks de daño por video; máximo observado de 11 amenazas en un episodio,85,,ampliacion_dano_20260726,2026-07-26T17:54:03-05:00
226,MBBHkDcqYew,https://www.youtube.com/watch?v=MBBHkDcqYew,Cholo Juanito y Richard Douglas - La Doctora Corazón (Vol. 4),Juanito y Richard,,1251.0,high_yield_channel,Juanito y Richard,145,RACISMO_DISCRIMINACION|AMENAZA_DIRECTA,2.22 chunks de daño por video; máximo observado de 11 amenazas en un episodio,85,,ampliacion_dano_20260726,2026-07-26T17:54:03-05:00
227,HNfrNCw5siY,https://www.youtube.com/watch?v=HNfrNCw5siY,Cholo Juanito y Richard Douglas - En Coya - Calca / Cusco (En Vivo),Juanito y Richard,,2391.0,high_yield_channel,Juanito y Richard,146,RACISMO_DISCRIMINACION|AMENAZA_DIRECTA,2.22 chunks de daño por video; máximo observado de 11 amenazas en un episodio,85,,ampliacion_dano_20260726,2026-07-26T17:54:03-05:00
228,YgJ8nlG7SeQ,https://www.youtube.com/watch?v=YgJ8nlG7SeQ,Cholo Juanito y Richard Douglas - No Te Vayas (Vol. 3),Juanito y Richard,,298.0,high_yield_channel,Juanito y Richard,147,RACISMO_DISCRIMINACION|AMENAZA_DIRECTA,2.22 chunks de daño por video; máximo observado de 11 amenazas en un episodio,85,,ampliacion_dano_20260726,2026-07-26T17:54:03-05:00
229,WINzngn1F6c,https://www.youtube.com/watch?v=WINzngn1F6c,Cholo Juanito y Richard Douglas - El Milagro (Vol. 3),Juanito y Richard,,233.0,high_yield_channel,Juanito y Richard,148,RACISMO_DISCRIMINACION|AMENAZA_DIRECTA,2.22 chunks de daño por video; máximo observado de 11 amenazas en un episodio,85,,ampliacion_dano_20260726,2026-07-26T17:54:03-05:00
230,AytPRJ-TWcM,https://www.youtube.com/watch?v=AytPRJ-TWcM,Cholo Juanito y Richard Douglas - La Moda Alpaca Fashion (Vol. 3),Juanito y Richard,,436.0,high_yield_channel,Juanito y Richard,149,RACISMO_DISCRIMINACION|AMENAZA_DIRECTA,2.22 chunks de daño por video; máximo observado de 11 amenazas en un episodio,85,,ampliacion_dano_20260726,2026-07-26T17:54:03-05:00
231,_lA-N_dOf6g,https://www.youtube.com/watch?v=_lA-N_dOf6g,¡Sarita! Cholo Juanito y Richard Douglas - Busco Un Amor (Vol. 3),Juanito y Richard,,477.0,high_yield_channel,Juanito y Richard,150,RACISMO_DISCRIMINACION|AMENAZA_DIRECTA,2.22 chunks de daño por video; máximo observado de 11 amenazas en un episodio,85,,ampliacion_dano_20260726,2026-07-26T17:54:03-05:00
232,FATJRY_ERa8,https://www.youtube.com/watch?v=FATJRY_ERa8,Cholo Juanito y Richard Douglas - Transmisión En Vivo / SALAY,Juanito y Richard,,342.0,high_yield_channel,Juanito y Richard,151,RACISMO_DISCRIMINACION|AMENAZA_DIRECTA,2.22 chunks de daño por video; máximo observado de 11 amenazas en un episodio,85,,ampliacion_dano_20260726,2026-07-26T17:54:03-05:00
233,ApFg82eOkLE,https://www.youtube.com/watch?v=ApFg82eOkLE,"Cholo Juanito y Richard Douglas - El Canchis, Canchis (Vol. 2)",Juanito y Richard,,244.0,high_yield_channel,Juanito y Richard,152,RACISMO_DISCRIMINACION|AMENAZA_DIRECTA,2.22 chunks de daño por video; máximo observado de 11 amenazas en un episodio,85,,ampliacion_dano_20260726,2026-07-26T17:54:03-05:00
234,UKBT0B3pNp4,https://www.youtube.com/watch?v=UKBT0B3pNp4,Cholo Juanito y Richard Douglas - Primero Lo Nuestro (Vol. 1),Juanito y Richard,,266.0,high_yield_channel,Juanito y Richard,153,RACISMO_DISCRIMINACION|AMENAZA_DIRECTA,2.22 chunks de daño por video; máximo observado de 11 amenazas en un episodio,85,,ampliacion_dano_20260726,2026-07-26T17:54:03-05:00
235,2olu0DvP2rM,https://www.youtube.com/watch?v=2olu0DvP2rM,Cholo Juanito y Richard Douglas - Suavecito (Vol. 1),Juanito y Richard,,353.0,high_yield_channel,Juanito y Richard,154,RACISMO_DISCRIMINACION|AMENAZA_DIRECTA,2.22 chunks de daño por video; máximo observado de 11 amenazas en un episodio,85,,ampliacion_dano_20260726,2026-07-26T17:54:03-05:00
236,a1aJ6LTJ7yQ,https://www.youtube.com/watch?v=a1aJ6LTJ7yQ,Cholo Juanito y Richard Douglas - Migración Campesina (2da. Parte) - La Gran Estafa / Vol. 9,Juanito y Richard,,773.0,high_yield_channel,Juanito y Richard,155,RACISMO_DISCRIMINACION|AMENAZA_DIRECTA,2.22 chunks de daño por video; máximo observado de 11 amenazas en un episodio,85,,ampliacion_dano_20260726,2026-07-26T17:54:03-05:00
237,fsZsvxtKG5A,https://www.youtube.com/watch?v=fsZsvxtKG5A,Cholo Juanito y Richard Douglas - Mamita Vuelve (Vol. 1),Juanito y Richard,,539.0,high_yield_channel,Juanito y Richard,156,RACISMO_DISCRIMINACION|AMENAZA_DIRECTA,2.22 chunks de daño por video; máximo observado de 11 amenazas en un episodio,85,,ampliacion_dano_20260726,2026-07-26T17:54:03-05:00
238,AWf4Gzk_hCE,https://www.youtube.com/watch?v=AWf4Gzk_hCE,Cholo Juanito y Richard Douglas - Padre e Hijo (Vol. 1),Juanito y Richard,,227.0,high_yield_channel,Juanito y Richard,157,RACISMO_DISCRIMINACION|AMENAZA_DIRECTA,2.22 chunks de daño por video; máximo observado de 11 amenazas en un episodio,85,,ampliacion_dano_20260726,2026-07-26T17:54:03-05:00
239,zc7WKo3JmrA,https://www.youtube.com/watch?v=zc7WKo3JmrA,Cholo Juanito y Richard Douglas - Mi Cuñadita (Vol. 1),Juanito y Richard,,763.0,high_yield_channel,Juanito y Richard,158,RACISMO_DISCRIMINACION|AMENAZA_DIRECTA,2.22 chunks de daño por video; máximo observado de 11 amenazas en un episodio,85,,ampliacion_dano_20260726,2026-07-26T17:54:03-05:00
240,KUB-9smZtng,https://www.youtube.com/watch?v=KUB-9smZtng,Cholo Juanito y Richard Douglas - Tú Sabes Quién Soy (Vol. 1),Juanito y Richard,,559.0,high_yield_channel,Juanito y Richard,159,RACISMO_DISCRIMINACION|AMENAZA_DIRECTA,2.22 chunks de daño por video; máximo observado de 11 amenazas en un episodio,85,,ampliacion_dano_20260726,2026-07-26T17:54:03-05:00
241,C5SC7LtKIr0,https://www.youtube.com/watch?v=C5SC7LtKIr0,Fuerza Popular's marketing strategy: Copying Sheinbaum and dodging real scrutiny,Arde Troya con Juliana Oxenford,,145.0,high_yield_channel,Arde Troya con Juliana Oxenford,1,ACOSO_PERSONAL|AMENAZA_DIRECTA,2.41 chunks de daño y 0.39 amenazas por video en el corpus base,55,,ampliacion_dano_20260726,2026-07-26T17:54:03-05:00
242,4zW4yWIUpOY,https://www.youtube.com/watch?v=4zW4yWIUpOY,Beatriz Ramírez puts in their place those who belittle Balcázar #Interview,Arde Troya con Juliana Oxenford,,760.0,high_yield_channel,Arde Troya con Juliana Oxenford,2,ACOSO_PERSONAL|AMENAZA_DIRECTA,2.41 chunks de daño y 0.39 amenazas por video en el corpus base,55,,ampliacion_dano_20260726,2026-07-26T17:54:03-05:00
243,AwVjrTSoUpg,https://www.youtube.com/watch?v=AwVjrTSoUpg,MESÍAS GUEVARA REMINDS KEIKO THAT SHE DESTROYED THE COUNTRY IN THE LAST DECADE #INTERVIEW,Arde Troya con Juliana Oxenford,,1641.0,high_yield_channel,Arde Troya con Juliana Oxenford,3,ACOSO_PERSONAL|AMENAZA_DIRECTA,2.41 chunks de daño y 0.39 amenazas por video en el corpus base,55,,ampliacion_dano_20260726,2026-07-26T17:54:03-05:00
244,4rvmPxUZkIc,https://www.youtube.com/watch?v=4rvmPxUZkIc,"TROY IS BURNING WITH JULIANA OXENFORD: PROGRAM OF JULY 24, 2026",Arde Troya con Juliana Oxenford,,5685.0,high_yield_channel,Arde Troya con Juliana Oxenford,4,ACOSO_PERSONAL|AMENAZA_DIRECTA,2.41 chunks de daño y 0.39 amenazas por video en el corpus base,55,,ampliacion_dano_20260726,2026-07-26T17:54:03-05:00
245,psX7hFivLH0,https://www.youtube.com/watch?v=psX7hFivLH0,A PUBLIC HONOR OR A PRIVATE PLAYTHING FUNDED BY THE POCKETS OF ALL PERUVIANS?,Arde Troya con Juliana Oxenford,,97.0,high_yield_channel,Arde Troya con Juliana Oxenford,5,ACOSO_PERSONAL|AMENAZA_DIRECTA,2.41 chunks de daño y 0.39 amenazas por video en el corpus base,55,,ampliacion_dano_20260726,2026-07-26T17:54:03-05:00
246,xAOvxTyLDFw,https://www.youtube.com/watch?v=xAOvxTyLDFw,LATEST IPSOS POLL FOR LIMA: BRUCE IN THE LEAD AND RFA IN SECOND PLACE,Arde Troya con Juliana Oxenford,,178.0,high_yield_channel,Arde Troya con Juliana Oxenford,6,ACOSO_PERSONAL|AMENAZA_DIRECTA,2.41 chunks de daño y 0.39 amenazas por video en el corpus base,55,,ampliacion_dano_20260726,2026-07-26T17:54:03-05:00
247,QKa8LQlNPk8,https://www.youtube.com/watch?v=QKa8LQlNPk8,SENAMHI CONFIRMS THAT THE EL NIÑO PHENOMENON HAS ALREADY BEGUN AND WILL BE EXTRAORDINARY UNTIL 2027,Arde Troya con Juliana Oxenford,,1533.0,high_yield_channel,Arde Troya con Juliana Oxenford,7,ACOSO_PERSONAL|AMENAZA_DIRECTA,2.41 chunks de daño y 0.39 amenazas por video en el corpus base,55,,ampliacion_dano_20260726,2026-07-26T17:54:03-05:00
248,JvwVIrkS3HM,https://www.youtube.com/watch?v=JvwVIrkS3HM,ARDE TROYA CON JULIANA OXENFORD: PROGRAMA DEL 22 DE JULIO DEL 2026,Arde Troya con Juliana Oxenford,,4507.0,high_yield_channel,Arde Troya con Juliana Oxenford,8,ACOSO_PERSONAL|AMENAZA_DIRECTA,2.41 chunks de daño y 0.39 amenazas por video en el corpus base,55,,ampliacion_dano_20260726,2026-07-26T17:54:03-05:00
249,HFT6_1pwwno,https://www.youtube.com/watch?v=HFT6_1pwwno,PARTNER IN CHANCELLOR OR FUJIMORI'S HOST #INTERVIEW,Arde Troya con Juliana Oxenford,,176.0,high_yield_channel,Arde Troya con Juliana Oxenford,9,ACOSO_PERSONAL|AMENAZA_DIRECTA,2.41 chunks de daño y 0.39 amenazas por video en el corpus base,55,,ampliacion_dano_20260726,2026-07-26T17:54:03-05:00
250,YjqMNL1cAAc,https://www.youtube.com/watch?v=YjqMNL1cAAc,FOREIGN MINISTER PAREJA AT THE SERVICE OF FUJIMORISM #INTERVIEW,Arde Troya con Juliana Oxenford,,104.0,high_yield_channel,Arde Troya con Juliana Oxenford,10,ACOSO_PERSONAL|AMENAZA_DIRECTA,2.41 chunks de daño y 0.39 amenazas por video en el corpus base,55,,ampliacion_dano_20260726,2026-07-26T17:54:03-05:00
251,9KhFQkQn1Nw,https://www.youtube.com/watch?v=9KhFQkQn1Nw,Juliana puts Raúl Noblecilla's legal jargon under the microscope #INTERVIEW,Arde Troya con Juliana Oxenford,,2026.0,high_yield_channel,Arde Troya con Juliana Oxenford,11,ACOSO_PERSONAL|AMENAZA_DIRECTA,2.41 chunks de daño y 0.39 amenazas por video en el corpus base,55,,ampliacion_dano_20260726,2026-07-26T17:54:03-05:00
252,iWHtsaxQSpI,https://www.youtube.com/watch?v=iWHtsaxQSpI,"ALL HELL BREAKS LOOSE WITH JULIANA OXENFORD: JULY 21, 2026 PROGRAM",Arde Troya con Juliana Oxenford,,4907.0,high_yield_channel,Arde Troya con Juliana Oxenford,12,ACOSO_PERSONAL|AMENAZA_DIRECTA,2.41 chunks de daño y 0.39 amenazas por video en el corpus base,55,,ampliacion_dano_20260726,2026-07-26T17:54:03-05:00
253,wWy6MfWudZA,https://www.youtube.com/watch?v=wWy6MfWudZA,¿AMOR A LA PATRIA O CÁLCULO AMARRADO AL PRESUPUESTO MUNICIPAL? | ARDE TROYA,Arde Troya con Juliana Oxenford,,178.0,high_yield_channel,Arde Troya con Juliana Oxenford,13,ACOSO_PERSONAL|AMENAZA_DIRECTA,2.41 chunks de daño y 0.39 amenazas por video en el corpus base,55,,ampliacion_dano_20260726,2026-07-26T17:54:03-05:00
254,NIBThgod2Pw,https://www.youtube.com/watch?v=NIBThgod2Pw,"""NO ME ARREPIENTO DE NO HABER POSTULADO"" | ARDE TROYA #entrevista",Arde Troya con Juliana Oxenford,,2551.0,high_yield_channel,Arde Troya con Juliana Oxenford,14,ACOSO_PERSONAL|AMENAZA_DIRECTA,2.41 chunks de daño y 0.39 amenazas por video en el corpus base,55,,ampliacion_dano_20260726,2026-07-26T17:54:03-05:00
255,bGsuuBdStR8,https://www.youtube.com/watch?v=bGsuuBdStR8,CAN NIETO LEAD THE OPPOSITION IN CONGRESS? | ALL HELL BURNS OUT,Arde Troya con Juliana Oxenford,,84.0,high_yield_channel,Arde Troya con Juliana Oxenford,15,ACOSO_PERSONAL|AMENAZA_DIRECTA,2.41 chunks de daño y 0.39 amenazas por video en el corpus base,55,,ampliacion_dano_20260726,2026-07-26T17:54:03-05:00
256,W9yq52CGxTA,https://www.youtube.com/watch?v=W9yq52CGxTA,"TROY BURNS WITH JULIANA OXENFORD: PROGRAM OF JULY 20, 2026",Arde Troya con Juliana Oxenford,,5691.0,high_yield_channel,Arde Troya con Juliana Oxenford,16,ACOSO_PERSONAL|AMENAZA_DIRECTA,2.41 chunks de daño y 0.39 amenazas por video en el corpus base,55,,ampliacion_dano_20260726,2026-07-26T17:54:03-05:00
257,QKhwf8jTggM,https://www.youtube.com/watch?v=QKhwf8jTggM,JULIANA DESNUDA A JUNTOS POR EL PERÚ POR INSISTIR EN ANULAR EL VOTO EXTRANJERO | ARDE TROYA,Arde Troya con Juliana Oxenford,,899.0,high_yield_channel,Arde Troya con Juliana Oxenford,92,ACOSO_PERSONAL|AMENAZA_DIRECTA,2.41 chunks de daño y 0.39 amenazas por video en el corpus base,55,,ampliacion_dano_20260726,2026-07-26T17:54:03-05:00
258,QyZqf3qjXxw,https://www.youtube.com/watch?v=QyZqf3qjXxw,CARLOS RIVERA DESNUDA EL PAQUETE DE LEYES DEL CONGRESO PARA COMPRAR IMPUNIDAD #entrevista,Arde Troya con Juliana Oxenford,,1310.0,high_yield_channel,Arde Troya con Juliana Oxenford,93,ACOSO_PERSONAL|AMENAZA_DIRECTA,2.41 chunks de daño y 0.39 amenazas por video en el corpus base,55,,ampliacion_dano_20260726,2026-07-26T17:54:03-05:00
259,GVYMnJfTsRU,https://www.youtube.com/watch?v=GVYMnJfTsRU,Juliana dismantles JP's complaint about the overseas vote and reveals Keiko's advantage | All hel...,Arde Troya con Juliana Oxenford,,702.0,high_yield_channel,Arde Troya con Juliana Oxenford,94,ACOSO_PERSONAL|AMENAZA_DIRECTA,2.41 chunks de daño y 0.39 amenazas por video en el corpus base,55,,ampliacion_dano_20260726,2026-07-26T17:54:03-05:00
260,QG40BT4-Qzg,https://www.youtube.com/watch?v=QG40BT4-Qzg,FRANCIS ALLISON CALLS OUT LÓPEZ ALIAGA FOR TURNING THE MUNICIPALITY INTO A PIGSTY #interview,Arde Troya con Juliana Oxenford,,1766.0,high_yield_channel,Arde Troya con Juliana Oxenford,95,ACOSO_PERSONAL|AMENAZA_DIRECTA,2.41 chunks de daño y 0.39 amenazas por video en el corpus base,55,,ampliacion_dano_20260726,2026-07-26T17:54:03-05:00
261,kWyWSk9Jaw8,https://www.youtube.com/watch?v=kWyWSk9Jaw8,FORMER LAVA JATO COORDINATOR BREAKS SILENCE AND DENOUNCES BRUTAL PERSECUTION AGAINST HIM #interview,Arde Troya con Juliana Oxenford,,2377.0,high_yield_channel,Arde Troya con Juliana Oxenford,96,ACOSO_PERSONAL|AMENAZA_DIRECTA,2.41 chunks de daño y 0.39 amenazas por video en el corpus base,55,,ampliacion_dano_20260726,2026-07-26T17:54:03-05:00
262,AKstlVlAk3M,https://www.youtube.com/watch?v=AKstlVlAk3M,ARDE TROYA CON JULIANA OXENFORD: PROGRAMA DEL 17 DE JUNIO DEL 2026,Arde Troya con Juliana Oxenford,,6232.0,high_yield_channel,Arde Troya con Juliana Oxenford,97,ACOSO_PERSONAL|AMENAZA_DIRECTA,2.41 chunks de daño y 0.39 amenazas por video en el corpus base,55,,ampliacion_dano_20260726,2026-07-26T17:54:03-05:00
263,nXjFY9tRK0k,https://www.youtube.com/watch?v=nXjFY9tRK0k,RICARDO BELMONT VUELVE DE LAS SOMBRAS Y SACA EL GARROTE CONTRA LÓPEZ ALIAGA POR LIMA | ARDE TROYA,Arde Troya con Juliana Oxenford,,469.0,high_yield_channel,Arde Troya con Juliana Oxenford,98,ACOSO_PERSONAL|AMENAZA_DIRECTA,2.41 chunks de daño y 0.39 amenazas por video en el corpus base,55,,ampliacion_dano_20260726,2026-07-26T17:54:03-05:00
264,oJK0HCi8VfI,https://www.youtube.com/watch?v=oJK0HCi8VfI,¿QUIÉN DOMINARÁ SENADORES Y DIPUTADOS EN EL NUEVO CONGRESO BICAMERAL 2026? | ARDE TROYA,Arde Troya con Juliana Oxenford,,1155.0,high_yield_channel,Arde Troya con Juliana Oxenford,99,ACOSO_PERSONAL|AMENAZA_DIRECTA,2.41 chunks de daño y 0.39 amenazas por video en el corpus base,55,,ampliacion_dano_20260726,2026-07-26T17:54:03-05:00
265,0ZRXFKFVKFI,https://www.youtube.com/watch?v=0ZRXFKFVKFI,ERNESTO ZUNINI EXPONE DUDAS DEL VOTO EXTRANJERO Y DEFIENDE LA LEGITIMIDAD DE LAS URNAS #entrevista,Arde Troya con Juliana Oxenford,,2475.0,high_yield_channel,Arde Troya con Juliana Oxenford,100,ACOSO_PERSONAL|AMENAZA_DIRECTA,2.41 chunks de daño y 0.39 amenazas por video en el corpus base,55,,ampliacion_dano_20260726,2026-07-26T17:54:03-05:00
266,2qqV_aU6FJk,https://www.youtube.com/watch?v=2qqV_aU6FJk,ARDE TROYA CON JULIANA OXENFORD: PROGRAMA DEL 16 DE JUNIO DEL 2026,Arde Troya con Juliana Oxenford,,5585.0,high_yield_channel,Arde Troya con Juliana Oxenford,101,ACOSO_PERSONAL|AMENAZA_DIRECTA,2.41 chunks de daño y 0.39 amenazas por video en el corpus base,55,,ampliacion_dano_20260726,2026-07-26T17:54:03-05:00
267,ic5d6DoSMAc,https://www.youtube.com/watch?v=ic5d6DoSMAc,CONGRESS APPROVES LAW FOR POLICE AND MILITARY TO ONLY BE TRIED IN MILITARY COURTS,Arde Troya con Juliana Oxenford,,125.0,high_yield_channel,Arde Troya con Juliana Oxenford,102,ACOSO_PERSONAL|AMENAZA_DIRECTA,2.41 chunks de daño y 0.39 amenazas por video en el corpus base,55,,ampliacion_dano_20260726,2026-07-26T17:54:03-05:00
268,5gaPvI7189E,https://www.youtube.com/watch?v=5gaPvI7189E,"¡QUÉ CONCHUDEZ! KEIKO SE VA A EE.UU., PORKY APUNTA A LA MUNI Y QUIEREN FUERA  A DELIA ESPINOZA",Arde Troya con Juliana Oxenford,,522.0,high_yield_channel,Arde Troya con Juliana Oxenford,103,ACOSO_PERSONAL|AMENAZA_DIRECTA,2.41 chunks de daño y 0.39 amenazas por video en el corpus base,55,,ampliacion_dano_20260726,2026-07-26T17:54:03-05:00
269,40N3EpogFzc,https://www.youtube.com/watch?v=40N3EpogFzc,DIEGO POMAREDA WARNS: WHAT STORY WILL FUJIMORISMO WANT TO TELL WHILE IN POWER? #interview,Arde Troya con Juliana Oxenford,,1734.0,high_yield_channel,Arde Troya con Juliana Oxenford,104,ACOSO_PERSONAL|AMENAZA_DIRECTA,2.41 chunks de daño y 0.39 amenazas por video en el corpus base,55,,ampliacion_dano_20260726,2026-07-26T17:54:03-05:00
270,6ENBrU7qlnk,https://www.youtube.com/watch?v=6ENBrU7qlnk,"TROY BURNS WITH JULIANA OXENFORD: PROGRAM OF JUNE 15, 2026",Arde Troya con Juliana Oxenford,,4959.0,high_yield_channel,Arde Troya con Juliana Oxenford,105,ACOSO_PERSONAL|AMENAZA_DIRECTA,2.41 chunks de daño y 0.39 amenazas por video en el corpus base,55,,ampliacion_dano_20260726,2026-07-26T17:54:03-05:00
271,iiqJeacIpao,https://www.youtube.com/watch?v=iiqJeacIpao,RAFAEL LÓPEZ ALIAGA FRACASÓ EN LA PRESIDENCIAL Y AHORA QUIERE VOLVER A POSTULAR A LIMA | ARDE TROYA,Arde Troya con Juliana Oxenford,,202.0,high_yield_channel,Arde Troya con Juliana Oxenford,106,ACOSO_PERSONAL|AMENAZA_DIRECTA,2.41 chunks de daño y 0.39 amenazas por video en el corpus base,55,,ampliacion_dano_20260726,2026-07-26T17:54:03-05:00
272,oJX1cjaPO5k,https://www.youtube.com/watch?v=oJX1cjaPO5k,Juliana exposes the Miraflores security perimeter and the barrier against JP's marches | All hell...,Arde Troya con Juliana Oxenford,,426.0,high_yield_channel,Arde Troya con Juliana Oxenford,107,ACOSO_PERSONAL|AMENAZA_DIRECTA,2.41 chunks de daño y 0.39 amenazas por video en el corpus base,55,,ampliacion_dano_20260726,2026-07-26T17:54:03-05:00
273,NPyMu4J0o4U,https://www.youtube.com/watch?v=NPyMu4J0o4U,EL JNE PROCLAMA A KEIKO FUJIMORI ANTES DE QUE ONPE TERMINE EL CONTEO AL 100% | ARDE TROYA,Arde Troya con Juliana Oxenford,,170.0,high_yield_channel,Arde Troya con Juliana Oxenford,108,ACOSO_PERSONAL|AMENAZA_DIRECTA,2.41 chunks de daño y 0.39 amenazas por video en el corpus base,55,,ampliacion_dano_20260726,2026-07-26T17:54:03-05:00
274,0EkGigdLXh4,https://www.youtube.com/watch?v=0EkGigdLXh4,ARDE TROYA CON JULIANA OXENFORD: PROGRAMA DEL 12 DE JUNIO DEL 2026,Arde Troya con Juliana Oxenford,,4347.0,high_yield_channel,Arde Troya con Juliana Oxenford,109,ACOSO_PERSONAL|AMENAZA_DIRECTA,2.41 chunks de daño y 0.39 amenazas por video en el corpus base,55,,ampliacion_dano_20260726,2026-07-26T17:54:03-05:00
275,lyHkIgvKWCA,https://www.youtube.com/watch?v=lyHkIgvKWCA,Keiko and Roberto Sánchez unleash a desperate hunt to invalidate votes | All hell breaks loose,Arde Troya con Juliana Oxenford,,700.0,high_yield_channel,Arde Troya con Juliana Oxenford,110,ACOSO_PERSONAL|AMENAZA_DIRECTA,2.41 chunks de daño y 0.39 amenazas por video en el corpus base,55,,ampliacion_dano_20260726,2026-07-26T17:54:03-05:00
276,PuSeiNHZh0U,https://www.youtube.com/watch?v=PuSeiNHZh0U,MINJUS SEPULTA EL INDULTO DE PEDRO CASTILLO Y SE QUEDARÁ EN BARBADILLO | ARDE TROYA,Arde Troya con Juliana Oxenford,,485.0,high_yield_channel,Arde Troya con Juliana Oxenford,111,ACOSO_PERSONAL|AMENAZA_DIRECTA,2.41 chunks de daño y 0.39 amenazas por video en el corpus base,55,,ampliacion_dano_20260726,2026-07-26T17:54:03-05:00
277,vMJY3vP7d4k,https://www.youtube.com/watch?v=vMJY3vP7d4k,"MARISOL PÉREZ TELLO: ""NO PODÍA VOTAR POR ALGUIEN EN QUIEN NO CREO"" | ARDE TROYA",Arde Troya con Juliana Oxenford,,1724.0,high_yield_channel,Arde Troya con Juliana Oxenford,112,ACOSO_PERSONAL|AMENAZA_DIRECTA,2.41 chunks de daño y 0.39 amenazas por video en el corpus base,55,,ampliacion_dano_20260726,2026-07-26T17:54:03-05:00
278,G3cquXmm7WM,https://www.youtube.com/watch?v=G3cquXmm7WM,"ARDE TROYA WITH JULIANA OXENFORD: JUNE 11, 2026 PROGRAM",Arde Troya con Juliana Oxenford,,5503.0,high_yield_channel,Arde Troya con Juliana Oxenford,113,ACOSO_PERSONAL|AMENAZA_DIRECTA,2.41 chunks de daño y 0.39 amenazas por video en el corpus base,55,,ampliacion_dano_20260726,2026-07-26T17:54:03-05:00
279,okAG3SMn8_o,https://www.youtube.com/watch?v=okAG3SMn8_o,Juliana confronts Alfredo Torres over his statements during the ONPE vote count | All hell breaks...,Arde Troya con Juliana Oxenford,,1197.0,high_yield_channel,Arde Troya con Juliana Oxenford,114,ACOSO_PERSONAL|AMENAZA_DIRECTA,2.41 chunks de daño y 0.39 amenazas por video en el corpus base,55,,ampliacion_dano_20260726,2026-07-26T17:54:03-05:00
280,IUtR3JsOPXs,https://www.youtube.com/watch?v=IUtR3JsOPXs,Jorge Nieto lashes out at Juntos por el Perú and leaves José Domingo on the sidelines | All hell ...,Arde Troya con Juliana Oxenford,,211.0,high_yield_channel,Arde Troya con Juliana Oxenford,115,ACOSO_PERSONAL|AMENAZA_DIRECTA,2.41 chunks de daño y 0.39 amenazas por video en el corpus base,55,,ampliacion_dano_20260726,2026-07-26T17:54:03-05:00
281,1_Vab-NAJC0,https://www.youtube.com/watch?v=1_Vab-NAJC0,"¡ANÍBAL TORRES SACA EL GARROTE! ""KEIKO LIMPIAMENTE NO GANARÁ"" | ARDE TROYA #entrevista",Arde Troya con Juliana Oxenford,,2607.0,high_yield_channel,Arde Troya con Juliana Oxenford,116,ACOSO_PERSONAL|AMENAZA_DIRECTA,2.41 chunks de daño y 0.39 amenazas por video en el corpus base,55,,ampliacion_dano_20260726,2026-07-26T17:54:03-05:00
282,5PwfLYw4vxY,https://www.youtube.com/watch?v=5PwfLYw4vxY,"ARDE TROYA WITH JULIANA OXENFORD: JUNE 10, 2026 PROGRAM",Arde Troya con Juliana Oxenford,,5315.0,high_yield_channel,Arde Troya con Juliana Oxenford,117,ACOSO_PERSONAL|AMENAZA_DIRECTA,2.41 chunks de daño y 0.39 amenazas por video en el corpus base,55,,ampliacion_dano_20260726,2026-07-26T17:54:03-05:00
283,MIc4407OhX4,https://www.youtube.com/watch?v=MIc4407OhX4,"López Aliaga signs alliance with Keiko, but continues to denounce electoral fraud | All hell brea...",Arde Troya con Juliana Oxenford,,89.0,high_yield_channel,Arde Troya con Juliana Oxenford,118,ACOSO_PERSONAL|AMENAZA_DIRECTA,2.41 chunks de daño y 0.39 amenazas por video en el corpus base,55,,ampliacion_dano_20260726,2026-07-26T17:54:03-05:00
284,Qtl-4Rnf7rA,https://www.youtube.com/watch?v=Qtl-4Rnf7rA,Leaked audios of José Chlimper revealing why Keiko feels like a winner | All hell breaks loose,Arde Troya con Juliana Oxenford,,402.0,high_yield_channel,Arde Troya con Juliana Oxenford,119,ACOSO_PERSONAL|AMENAZA_DIRECTA,2.41 chunks de daño y 0.39 amenazas por video en el corpus base,55,,ampliacion_dano_20260726,2026-07-26T17:54:03-05:00
285,H9EDmmVP4YY,https://www.youtube.com/watch?v=H9EDmmVP4YY,ALFREDO TORRES IN THE SPOTLIGHT: WHY DOES THE RURAL VOTE REMAIN THE ACHILLES' HEEL? | ALL HELL BU...,Arde Troya con Juliana Oxenford,,2036.0,high_yield_channel,Arde Troya con Juliana Oxenford,120,ACOSO_PERSONAL|AMENAZA_DIRECTA,2.41 chunks de daño y 0.39 amenazas por video en el corpus base,55,,ampliacion_dano_20260726,2026-07-26T17:54:03-05:00
286,lAdmg8Obdck,https://www.youtube.com/watch?v=lAdmg8Obdck,"ARDE TROYA WITH JULIANA OXENFORD: JUNE 9, 2026 PROGRAM",Arde Troya con Juliana Oxenford,,4529.0,high_yield_channel,Arde Troya con Juliana Oxenford,121,ACOSO_PERSONAL|AMENAZA_DIRECTA,2.41 chunks de daño y 0.39 amenazas por video en el corpus base,55,,ampliacion_dano_20260726,2026-07-26T17:54:03-05:00
287,NN52DByXgs0,https://www.youtube.com/watch?v=NN52DByXgs0,STRAIGHT TALK! JULIANA CONFESSES HER VOTE IN THE FIRST AND SECOND ROUNDS BEFORE THE AUDIENCE,Arde Troya con Juliana Oxenford,,774.0,high_yield_channel,Arde Troya con Juliana Oxenford,122,ACOSO_PERSONAL|AMENAZA_DIRECTA,2.41 chunks de daño y 0.39 amenazas por video en el corpus base,55,,ampliacion_dano_20260726,2026-07-26T17:54:03-05:00
288,6wYkk4N65wc,https://www.youtube.com/watch?v=6wYkk4N65wc,"""HEART-STOPPING COUNT! JULIANA EXPOSES THE RACISM AND CLASSISM BEHIND THE SECOND ROUND NUMBERS""",Arde Troya con Juliana Oxenford,,1067.0,high_yield_channel,Arde Troya con Juliana Oxenford,123,ACOSO_PERSONAL|AMENAZA_DIRECTA,2.41 chunks de daño y 0.39 amenazas por video en el corpus base,55,,ampliacion_dano_20260726,2026-07-26T17:54:03-05:00
289,zHOklB7A_vw,https://www.youtube.com/watch?v=zHOklB7A_vw,CARLOS JAICO OPENS UP AFTER COLLABORATING WITH ROBERTO SÁNCHEZ AND TEARS JORGE NIETO APART #INTER...,Arde Troya con Juliana Oxenford,,1429.0,high_yield_channel,Arde Troya con Juliana Oxenford,124,ACOSO_PERSONAL|AMENAZA_DIRECTA,2.41 chunks de daño y 0.39 amenazas por video en el corpus base,55,,ampliacion_dano_20260726,2026-07-26T17:54:03-05:00
290,PsPIYH9KIxI,https://www.youtube.com/watch?v=PsPIYH9KIxI,"ARDE TROYA WITH JULIANA OXENFORD: JUNE 8, 2026 PROGRAM",Arde Troya con Juliana Oxenford,,5464.0,high_yield_channel,Arde Troya con Juliana Oxenford,125,ACOSO_PERSONAL|AMENAZA_DIRECTA,2.41 chunks de daño y 0.39 amenazas por video en el corpus base,55,,ampliacion_dano_20260726,2026-07-26T17:54:03-05:00
291,CEXjhFusGG4,https://www.youtube.com/watch?v=CEXjhFusGG4,Raúl Diez Canseco takes Keiko to campus and violates the rules during the closed season | All hel...,Arde Troya con Juliana Oxenford,,198.0,high_yield_channel,Arde Troya con Juliana Oxenford,126,ACOSO_PERSONAL|AMENAZA_DIRECTA,2.41 chunks de daño y 0.39 amenazas por video en el corpus base,55,,ampliacion_dano_20260726,2026-07-26T17:54:03-05:00
292,dbsL3CK6zWU,https://www.youtube.com/watch?v=dbsL3CK6zWU,Keiko hugs López Aliaga as JP plays his last cards | All hell breaks loose,Arde Troya con Juliana Oxenford,,1563.0,high_yield_channel,Arde Troya con Juliana Oxenford,127,ACOSO_PERSONAL|AMENAZA_DIRECTA,2.41 chunks de daño y 0.39 amenazas por video en el corpus base,55,,ampliacion_dano_20260726,2026-07-26T17:54:03-05:00
293,TCyFf_fxWQ0,https://www.youtube.com/watch?v=TCyFf_fxWQ0,"GUSTAVO GUERRA GARCÍA BRINGS OUT THE BIG GUNS: ""WE ARE GOING TO RATIFY JULIO VELARDE AT THE BCR"" ...",Arde Troya con Juliana Oxenford,,2299.0,high_yield_channel,Arde Troya con Juliana Oxenford,128,ACOSO_PERSONAL|AMENAZA_DIRECTA,2.41 chunks de daño y 0.39 amenazas por video en el corpus base,55,,ampliacion_dano_20260726,2026-07-26T17:54:03-05:00
294,Me-jHZw53K0,https://www.youtube.com/watch?v=Me-jHZw53K0,"ALL HELL BREAKS LOOSE WITH JULIANA OXENFORD: JUNE 5, 2026 PROGRAM",Arde Troya con Juliana Oxenford,,5979.0,high_yield_channel,Arde Troya con Juliana Oxenford,129,ACOSO_PERSONAL|AMENAZA_DIRECTA,2.41 chunks de daño y 0.39 amenazas por video en el corpus base,55,,ampliacion_dano_20260726,2026-07-26T17:54:03-05:00
295,wBVU_Hdem_0,https://www.youtube.com/watch?v=wBVU_Hdem_0,MESÍAS GUEVARA BREAKS NEUTRALITY AND CALLS FOR A VOTE FOR ROBERTO SÁNCHEZ | ALL HELL BLAZE #inter...,Arde Troya con Juliana Oxenford,,1605.0,high_yield_channel,Arde Troya con Juliana Oxenford,130,ACOSO_PERSONAL|AMENAZA_DIRECTA,2.41 chunks de daño y 0.39 amenazas por video en el corpus base,55,,ampliacion_dano_20260726,2026-07-26T17:54:03-05:00
296,3hR_8ht9_nU,https://www.youtube.com/watch?v=3hR_8ht9_nU,CELEBRAMOS LA PARADA DEL PELAO POR FIESTRAS PATRIAS | FIESTAS PATRIAS EN TODO GOOD | HABLA GOOD,Todo Good,,770.0,high_yield_channel,Todo Good,1,ACOSO_PERSONAL|AMENAZA_DIRECTA,2.16 chunks de daño por video en el corpus base,40,,ampliacion_dano_20260726,2026-07-26T17:54:03-05:00
297,ggy0j_dEzzk,https://www.youtube.com/watch?v=ggy0j_dEzzk,SHOULD BTS MEET WITH KEIKO FUJIMORI AT THE GOVERNMENT PALACE? | HABLA GOOD,Todo Good,,706.0,high_yield_channel,Todo Good,2,ACOSO_PERSONAL|AMENAZA_DIRECTA,2.16 chunks de daño por video en el corpus base,40,,ampliacion_dano_20260726,2026-07-26T17:54:03-05:00
298,uSHLX3VBksI,https://www.youtube.com/watch?v=uSHLX3VBksI,ARTISTS REJECT USE OF AI IN PAN AMERICAN GAMES MASCOTS | HABLA GOOD,Todo Good,,612.0,high_yield_channel,Todo Good,3,ACOSO_PERSONAL|AMENAZA_DIRECTA,2.16 chunks de daño por video en el corpus base,40,,ampliacion_dano_20260726,2026-07-26T17:54:03-05:00
299,dlUeXtp3tC8,https://www.youtube.com/watch?v=dlUeXtp3tC8,BEST MOMENTS OF THE SECOND BEYBLADE TOURNAMENT | SPEAKING GOOD,Todo Good,,1214.0,high_yield_channel,Todo Good,4,ACOSO_PERSONAL|AMENAZA_DIRECTA,2.16 chunks de daño por video en el corpus base,40,,ampliacion_dano_20260726,2026-07-26T17:54:03-05:00
300,cL8-owjM72A,https://www.youtube.com/watch?v=cL8-owjM72A,HABLA GOOD EN EL CANOUT | LANZAMIENTO PARTIDO CEPEPE | CONTENIDO EXCLUSIVO PARA MIEMBROS,Todo Good,,5390.0,high_yield_channel,Todo Good,72,ACOSO_PERSONAL|AMENAZA_DIRECTA,2.16 chunks de daño por video en el corpus base,40,,ampliacion_dano_20260726,2026-07-26T17:54:03-05:00
301,FX3WFbyN9wM,https://www.youtube.com/watch?v=FX3WFbyN9wM,Does Yonhy Lescano have the worst government plan? | Yonhy Lescano's government plan | Habla Good,Todo Good,,1290.0,high_yield_channel,Todo Good,79,ACOSO_PERSONAL|AMENAZA_DIRECTA,2.16 chunks de daño por video en el corpus base,40,,ampliacion_dano_20260726,2026-07-26T17:54:03-05:00
302,eAtstRVLNL8,https://www.youtube.com/watch?v=eAtstRVLNL8,¿APOYARON LAS LEYES PRO CRIMEN? | PLAN DE GOBIERNO DE CESAR ACUÑA | HABLA GOOD,Todo Good,,1699.0,high_yield_channel,Todo Good,80,ACOSO_PERSONAL|AMENAZA_DIRECTA,2.16 chunks de daño por video en el corpus base,40,,ampliacion_dano_20260726,2026-07-26T17:54:03-05:00
303,aygtcbpM4e8,https://www.youtube.com/watch?v=aygtcbpM4e8,ANALIZAMOS EL PLAN DE GOBIERNO DE UNIDAD NACIONAL | #LASFIJAS | HABLA GOOD,Todo Good,,1753.0,high_yield_channel,Todo Good,81,ACOSO_PERSONAL|AMENAZA_DIRECTA,2.16 chunks de daño por video en el corpus base,40,,ampliacion_dano_20260726,2026-07-26T17:54:03-05:00
304,icfg-O_G0co,https://www.youtube.com/watch?v=icfg-O_G0co,¿RAFAEL LOPEZ ALIAGA TIENE EL PEOR PLAN DE GOBIERNO? | #LASFIJAS | HABLA GOOD,Todo Good,,2660.0,high_yield_channel,Todo Good,82,ACOSO_PERSONAL|AMENAZA_DIRECTA,2.16 chunks de daño por video en el corpus base,40,,ampliacion_dano_20260726,2026-07-26T17:54:03-05:00
305,UGMBb7aKKMc,https://www.youtube.com/watch?v=UGMBb7aKKMc,Is Keiko Fujimori not even accepted by her daughter? | Keiko Fujimori's worst interview | Habla Good,Todo Good,,485.0,high_yield_channel,Todo Good,83,ACOSO_PERSONAL|AMENAZA_DIRECTA,2.16 chunks de daño por video en el corpus base,40,,ampliacion_dano_20260726,2026-07-26T17:54:03-05:00
306,NPEW5IFIz0o,https://www.youtube.com/watch?v=NPEW5IFIz0o,Congress censures José Jerí | Who will be the new president? | Good speaks,Todo Good,,714.0,high_yield_channel,Todo Good,84,ACOSO_PERSONAL|AMENAZA_DIRECTA,2.16 chunks de daño por video en el corpus base,40,,ampliacion_dano_20260726,2026-07-26T17:54:03-05:00
307,81iH9fPyKNI,https://www.youtube.com/watch?v=81iH9fPyKNI,Does Keiko admit to being pro-abortion? | Keiko Fujimori's worst interview | Habla Good,Todo Good,,620.0,high_yield_channel,Todo Good,85,ACOSO_PERSONAL|AMENAZA_DIRECTA,2.16 chunks de daño por video en el corpus base,40,,ampliacion_dano_20260726,2026-07-26T17:54:03-05:00
308,mlOH0yLHOA0,https://www.youtube.com/watch?v=mlOH0yLHOA0,THE WORST VALENTINE'S DAY GIFTS | WHAT TO GIVE ON FEBRUARY 14TH? | OH MY GOOD,Todo Good,,1357.0,high_yield_channel,Todo Good,86,ACOSO_PERSONAL|AMENAZA_DIRECTA,2.16 chunks de daño por video en el corpus base,40,,ampliacion_dano_20260726,2026-07-26T17:54:03-05:00
309,bpLxMlPs-2o,https://www.youtube.com/watch?v=bpLxMlPs-2o,LOPEZ ALIAGA OVERLOOKS WHAT MILAGROS JÁUREGUI DID | GOOD SPEAKS,Todo Good,,1260.0,high_yield_channel,Todo Good,87,ACOSO_PERSONAL|AMENAZA_DIRECTA,2.16 chunks de daño por video en el corpus base,40,,ampliacion_dano_20260726,2026-07-26T17:54:03-05:00
310,50S0x6qZYtw,https://www.youtube.com/watch?v=50S0x6qZYtw,VILLAIN'S OPINION ON JOHANNA SAN MIGUEL | IS JOHANNA SAN MIGUEL TRANSGROSS? | OH MY GOOD,Todo Good,,2442.0,high_yield_channel,Todo Good,88,ACOSO_PERSONAL|AMENAZA_DIRECTA,2.16 chunks de daño por video en el corpus base,40,,ampliacion_dano_20260726,2026-07-26T17:54:03-05:00
311,w2HfJ79sDVM,https://www.youtube.com/watch?v=w2HfJ79sDVM,TYPICAL COUPLE PROBLEMS | SPEAK GOOD,Todo Good,,871.0,high_yield_channel,Todo Good,89,ACOSO_PERSONAL|AMENAZA_DIRECTA,2.16 chunks de daño por video en el corpus base,40,,ampliacion_dano_20260726,2026-07-26T17:54:03-05:00
312,EmE7oG8qj6g,https://www.youtube.com/watch?v=EmE7oG8qj6g,"IS ""LA NOCHE ES MÍA"" THE MOST FUNNY THING ON PERUVIAN TELEVISION? | SPEAK GOOD",Todo Good,,3128.0,high_yield_channel,Todo Good,90,ACOSO_PERSONAL|AMENAZA_DIRECTA,2.16 chunks de daño por video en el corpus base,40,,ampliacion_dano_20260726,2026-07-26T17:54:03-05:00
313,Ak5wEdZy7-s,https://www.youtube.com/watch?v=Ak5wEdZy7-s,"José Jerí is the president with the most ""girlfriends"" in Peru | Good speaks",Todo Good,,777.0,high_yield_channel,Todo Good,91,ACOSO_PERSONAL|AMENAZA_DIRECTA,2.16 chunks de daño por video en el corpus base,40,,ampliacion_dano_20260726,2026-07-26T17:54:03-05:00
314,YgxWiYhPqqs,https://www.youtube.com/watch?v=YgxWiYhPqqs,JOHANNA SAN MIGUEL AND HER COMMENTS ON SOCIAL MEDIA | Is she being canceled? | GOOD SPEAKS,Todo Good,,610.0,high_yield_channel,Todo Good,92,ACOSO_PERSONAL|AMENAZA_DIRECTA,2.16 chunks de daño por video en el corpus base,40,,ampliacion_dano_20260726,2026-07-26T17:54:03-05:00
315,VshGuxDIofw,https://www.youtube.com/watch?v=VshGuxDIofw,CURWEN LLAMA A CARLITA PARA SABER QUE TANTO LA CONOCE | HABLA GOOD,Todo Good,,642.0,high_yield_channel,Todo Good,93,ACOSO_PERSONAL|AMENAZA_DIRECTA,2.16 chunks de daño por video en el corpus base,40,,ampliacion_dano_20260726,2026-07-26T17:54:03-05:00
316,r85U-T98TCc,https://www.youtube.com/watch?v=r85U-T98TCc,Did Kunno not want to record with Vali? | Vali's stories in Mexico | Oh my goodness,Todo Good,,438.0,high_yield_channel,Todo Good,94,ACOSO_PERSONAL|AMENAZA_DIRECTA,2.16 chunks de daño por video en el corpus base,40,,ampliacion_dano_20260726,2026-07-26T17:54:03-05:00
317,qnYjJjpUuM4,https://www.youtube.com/watch?v=qnYjJjpUuM4,HOW MUCH DOES A BOARD MEMBER EARN? | FURREY IS A BOARD MEMBER | GOOD SPEAKS,Todo Good,,451.0,high_yield_channel,Todo Good,95,ACOSO_PERSONAL|AMENAZA_DIRECTA,2.16 chunks de daño por video en el corpus base,40,,ampliacion_dano_20260726,2026-07-26T17:54:03-05:00
318,N_V1MZ5yFQc,https://www.youtube.com/watch?v=N_V1MZ5yFQc,WHAT HAPPENED TO THE ALIANZA LIMA PLAYERS? | GOOD SPEAKS,Todo Good,,505.0,high_yield_channel,Todo Good,96,ACOSO_PERSONAL|AMENAZA_DIRECTA,2.16 chunks de daño por video en el corpus base,40,,ampliacion_dano_20260726,2026-07-26T17:54:03-05:00
319,cq9lhKbdVWk,https://www.youtube.com/watch?v=cq9lhKbdVWk,Everything about Sergio Galliani's time in office: What really happened? | Good Talks,Todo Good,,820.0,high_yield_channel,Todo Good,97,ACOSO_PERSONAL|AMENAZA_DIRECTA,2.16 chunks de daño por video en el corpus base,40,,ampliacion_dano_20260726,2026-07-26T17:54:03-05:00
320,qrM9mhjZhi4,https://www.youtube.com/watch?v=qrM9mhjZhi4,The Lies Keiko Fujimori Told | All About Keiko Fujimori's Interview | HABLA GOOD,Todo Good,,626.0,high_yield_channel,Todo Good,98,ACOSO_PERSONAL|AMENAZA_DIRECTA,2.16 chunks de daño por video en el corpus base,40,,ampliacion_dano_20260726,2026-07-26T17:54:03-05:00
321,X4-PpcNsoWM,https://www.youtube.com/watch?v=X4-PpcNsoWM,What happened with José Domingo Pérez and the trial against Keiko Fujimori? | Good Speaks,Todo Good,,800.0,high_yield_channel,Todo Good,99,ACOSO_PERSONAL|AMENAZA_DIRECTA,2.16 chunks de daño por video en el corpus base,40,,ampliacion_dano_20260726,2026-07-26T17:54:03-05:00
322,ew-NMGpJStE,https://www.youtube.com/watch?v=ew-NMGpJStE,"Alianza Lima suspends Trauco, Peña, and Zambrano | All about the Alianza Lima case | Good speaks",Todo Good,,620.0,high_yield_channel,Todo Good,100,ACOSO_PERSONAL|AMENAZA_DIRECTA,2.16 chunks de daño por video en el corpus base,40,,ampliacion_dano_20260726,2026-07-26T17:54:03-05:00
323,j55tuwEUOuQ,https://www.youtube.com/watch?v=j55tuwEUOuQ,JOSÉ JERÍ HABRÍA MENTIDO SOBRE EMPRESARIO | ¿CENSURAN AL PRESIDENTE JERÍ? | HABLA GOOD,Todo Good,,602.0,high_yield_channel,Todo Good,101,ACOSO_PERSONAL|AMENAZA_DIRECTA,2.16 chunks de daño por video en el corpus base,40,,ampliacion_dano_20260726,2026-07-26T17:54:03-05:00
324,mcHm5a9OCgo,https://www.youtube.com/watch?v=mcHm5a9OCgo,THE TRUE FACE OF ANGIKITTY? | NEW EVIDENCE REVEALED | OH MY GOOD,Todo Good,,594.0,high_yield_channel,Todo Good,102,ACOSO_PERSONAL|AMENAZA_DIRECTA,2.16 chunks de daño por video en el corpus base,40,,ampliacion_dano_20260726,2026-07-26T17:54:03-05:00
325,pOYNTD4peAg,https://www.youtube.com/watch?v=pOYNTD4peAg,WHY DID JERÍ VISIT A CHINESE BUSINESSMAN? | VIDEO OF JOSE JERÍ IN A CHINESE STORE REVEALED | GOOD...,Todo Good,,1371.0,high_yield_channel,Todo Good,103,ACOSO_PERSONAL|AMENAZA_DIRECTA,2.16 chunks de daño por video en el corpus base,40,,ampliacion_dano_20260726,2026-07-26T17:54:03-05:00
326,L0RUYwGehek,https://www.youtube.com/watch?v=L0RUYwGehek,IS CENTRAL WORTH EATING AT? | THE BEST RESTAURANT IN THE WORLD | OH MY GOOD,Todo Good,,1422.0,high_yield_channel,Todo Good,104,ACOSO_PERSONAL|AMENAZA_DIRECTA,2.16 chunks de daño por video en el corpus base,40,,ampliacion_dano_20260726,2026-07-26T17:54:03-05:00
327,TXOph_6vw-g,https://www.youtube.com/watch?v=TXOph_6vw-g,WHERE WILL THE BTS CONCERT BE HELD? | IT WOULD COST MORE THAN A THOUSAND SOLES | GOOD SPEAKS,Todo Good,,774.0,high_yield_channel,Todo Good,105,ACOSO_PERSONAL|AMENAZA_DIRECTA,2.16 chunks de daño por video en el corpus base,40,,ampliacion_dano_20260726,2026-07-26T17:54:03-05:00
328,0kgyuzfhKbM,https://www.youtube.com/watch?v=0kgyuzfhKbM,THE WORST RED FLAGS ON A MAN | DID I GET LOVE BOMBED? OH MY GOOD,Todo Good,,1066.0,high_yield_channel,Todo Good,106,ACOSO_PERSONAL|AMENAZA_DIRECTA,2.16 chunks de daño por video en el corpus base,40,,ampliacion_dano_20260726,2026-07-26T17:54:03-05:00
329,ZEBHBl1MfNM,https://www.youtube.com/watch?v=ZEBHBl1MfNM,WHAT HAPPENED WITH CARLOS ESPÁ IN HIS INTERVIEW? | ESPÁ DEFENDS MONTOYA | GOOD SPEAKS,Todo Good,,520.0,high_yield_channel,Todo Good,107,ACOSO_PERSONAL|AMENAZA_DIRECTA,2.16 chunks de daño por video en el corpus base,40,,ampliacion_dano_20260726,2026-07-26T17:54:03-05:00
330,kHuARUz3YWw,https://www.youtube.com/watch?v=kHuARUz3YWw,MY MOST EMBARRASSING MOMENT | OH MY GOOD,Todo Good,,571.0,high_yield_channel,Todo Good,108,ACOSO_PERSONAL|AMENAZA_DIRECTA,2.16 chunks de daño por video en el corpus base,40,,ampliacion_dano_20260726,2026-07-26T17:54:03-05:00
331,3Kz8UHHcxH4,https://www.youtube.com/watch?v=3Kz8UHHcxH4,REWIND HABLA GOOD 2025 | TODO EL LORE DEL AÑO | Habla Good,Todo Good,,6173.0,high_yield_channel,Todo Good,109,ACOSO_PERSONAL|AMENAZA_DIRECTA,2.16 chunks de daño por video en el corpus base,40,,ampliacion_dano_20260726,2026-07-26T17:54:03-05:00
332,7C8Aidff4-M,https://www.youtube.com/watch?v=7C8Aidff4-M,PHILLIP ARRASÓ CON CURWEN EN CRASH CAR | ¿PHILLIP SE QUEDÓ CON EL CANAL? | HABLA GOOD,Todo Good,,1391.0,high_yield_channel,Todo Good,110,ACOSO_PERSONAL|AMENAZA_DIRECTA,2.16 chunks de daño por video en el corpus base,40,,ampliacion_dano_20260726,2026-07-26T17:54:03-05:00
333,Xj1sSvm1JaM,https://www.youtube.com/watch?v=Xj1sSvm1JaM,FURREY'S PACT WITH THE DEVIL,Todo Good,,153.0,high_yield_channel,Todo Good,111,ACOSO_PERSONAL|AMENAZA_DIRECTA,2.16 chunks de daño por video en el corpus base,40,,ampliacion_dano_20260726,2026-07-26T17:54:03-05:00
334,SOMUrgHoGVQ,https://www.youtube.com/watch?v=SOMUrgHoGVQ,PHILLIP Y CURWEN APUESTAN PCHUJOY Y TODO GOOD | ¿QUIÉN GANARÁ EN CTR? | HABLA GOOD,Todo Good,,1534.0,high_yield_channel,Todo Good,112,ACOSO_PERSONAL|AMENAZA_DIRECTA,2.16 chunks de daño por video en el corpus base,40,,ampliacion_dano_20260726,2026-07-26T17:54:03-05:00
335,7UDq3BDpoQY,https://www.youtube.com/watch?v=7UDq3BDpoQY,HOW MANY THOUSANDS OF DOLLARS DO REALITY TV STARS EARN? | THEY'RE BEING REPLACED BY INFLUENCERS |...,Todo Good,,556.0,high_yield_channel,Todo Good,113,ACOSO_PERSONAL|AMENAZA_DIRECTA,2.16 chunks de daño por video en el corpus base,40,,ampliacion_dano_20260726,2026-07-26T17:54:03-05:00
336,5kYW38Pj-Kw,https://www.youtube.com/watch?v=5kYW38Pj-Kw,"Magaly TV La Firme: July 24, 2026 Program",Magaly TV La Firme,,3228.0,high_yield_channel,Magaly TV La Firme,1,ACOSO_PERSONAL|CONTENIDO_SEXUAL|AMENAZA_DIRECTA,1.17 chunks de daño por video y cobertura de conflicto interpersonal,35,,ampliacion_dano_20260726,2026-07-26T17:54:03-05:00
337,uknUTWpEi54,https://www.youtube.com/watch?v=uknUTWpEi54,"Shirley Arica breaks down over Samahara Lobatón: ""It hurts, I really cared for her a lot""",Magaly TV La Firme,,534.0,high_yield_channel,Magaly TV La Firme,2,ACOSO_PERSONAL|CONTENIDO_SEXUAL|AMENAZA_DIRECTA,1.17 chunks de daño por video y cobertura de conflicto interpersonal,35,,ampliacion_dano_20260726,2026-07-26T17:54:03-05:00
338,oDnCaklthnQ,https://www.youtube.com/watch?v=oDnCaklthnQ,Shirley Arica confirms she knew about the rumors involving Lesly Reyna and Pablo Heredia,Magaly TV La Firme,,192.0,high_yield_channel,Magaly TV La Firme,3,ACOSO_PERSONAL|CONTENIDO_SEXUAL|AMENAZA_DIRECTA,1.17 chunks de daño por video y cobertura de conflicto interpersonal,35,,ampliacion_dano_20260726,2026-07-26T17:54:03-05:00
339,w8LF7txAkis,https://www.youtube.com/watch?v=w8LF7txAkis,"Shirley Arica hits back at Pablo Heredia: ""Don't fool people""",Magaly TV La Firme,,332.0,high_yield_channel,Magaly TV La Firme,4,ACOSO_PERSONAL|CONTENIDO_SEXUAL|AMENAZA_DIRECTA,1.17 chunks de daño por video y cobertura de conflicto interpersonal,35,,ampliacion_dano_20260726,2026-07-26T17:54:03-05:00
340,t3dHGgLyA_s,https://www.youtube.com/watch?v=t3dHGgLyA_s,Masiel Málaga fights for her son and continues touring to cover his treatment,Magaly TV La Firme,,335.0,high_yield_channel,Magaly TV La Firme,5,ACOSO_PERSONAL|CONTENIDO_SEXUAL|AMENAZA_DIRECTA,1.17 chunks de daño por video y cobertura de conflicto interpersonal,35,,ampliacion_dano_20260726,2026-07-26T17:54:03-05:00
341,UFR-agZPCaU,https://www.youtube.com/watch?v=UFR-agZPCaU,"Mauricio Diez Canseco, the blonde hunter, reveals he doesn't use the 'Cachín chip'",Magaly TV La Firme,,830.0,high_yield_channel,Magaly TV La Firme,6,ACOSO_PERSONAL|CONTENIDO_SEXUAL|AMENAZA_DIRECTA,1.17 chunks de daño por video y cobertura de conflicto interpersonal,35,,ampliacion_dano_20260726,2026-07-26T17:54:03-05:00
342,R7BieSfTfc8,https://www.youtube.com/watch?v=R7BieSfTfc8,Mauricio Diez Canseco's knack: He turned his company into his own personal 'Tinder',Magaly TV La Firme,,301.0,high_yield_channel,Magaly TV La Firme,7,ACOSO_PERSONAL|CONTENIDO_SEXUAL|AMENAZA_DIRECTA,1.17 chunks de daño por video y cobertura de conflicto interpersonal,35,,ampliacion_dano_20260726,2026-07-26T17:54:03-05:00
343,Si3U61EEoEA,https://www.youtube.com/watch?v=Si3U61EEoEA,Magaly praises Andrea Quesada for reinventing her parents' rotisserie chicken restaurant after 30...,Magaly TV La Firme,,128.0,high_yield_channel,Magaly TV La Firme,8,ACOSO_PERSONAL|CONTENIDO_SEXUAL|AMENAZA_DIRECTA,1.17 chunks de daño por video y cobertura de conflicto interpersonal,35,,ampliacion_dano_20260726,2026-07-26T17:54:03-05:00
344,itWIVy-uGCs,https://www.youtube.com/watch?v=itWIVy-uGCs,Sheyla Rojas stays in Lima and takes advantage of sponsorships after leaving Mexico,Magaly TV La Firme,,111.0,high_yield_channel,Magaly TV La Firme,9,ACOSO_PERSONAL|CONTENIDO_SEXUAL|AMENAZA_DIRECTA,1.17 chunks de daño por video y cobertura de conflicto interpersonal,35,,ampliacion_dano_20260726,2026-07-26T17:54:03-05:00
345,-X82onqTuLE,https://www.youtube.com/watch?v=-X82onqTuLE,Did Ale Belaunde copy her designs? Her clothing collection sparks backlash and gets roasted online,Magaly TV La Firme,,252.0,high_yield_channel,Magaly TV La Firme,10,ACOSO_PERSONAL|CONTENIDO_SEXUAL|AMENAZA_DIRECTA,1.17 chunks de daño por video y cobertura de conflicto interpersonal,35,,ampliacion_dano_20260726,2026-07-26T17:54:03-05:00
346,ox3AFfotge4,https://www.youtube.com/watch?v=ox3AFfotge4,"Magaly TV La Firme: July 23, 2026 Episode",Magaly TV La Firme,,3155.0,high_yield_channel,Magaly TV La Firme,11,ACOSO_PERSONAL|CONTENIDO_SEXUAL|AMENAZA_DIRECTA,1.17 chunks de daño por video y cobertura de conflicto interpersonal,35,,ampliacion_dano_20260726,2026-07-26T17:54:03-05:00
347,GFqrL6PnB0U,https://www.youtube.com/watch?v=GFqrL6PnB0U,Samahara Lobatón apologizes after confrontation with Shirley Arica,Magaly TV La Firme,,119.0,high_yield_channel,Magaly TV La Firme,12,ACOSO_PERSONAL|CONTENIDO_SEXUAL|AMENAZA_DIRECTA,1.17 chunks de daño por video y cobertura de conflicto interpersonal,35,,ampliacion_dano_20260726,2026-07-26T17:54:03-05:00
348,St4ynSC6seo,https://www.youtube.com/watch?v=St4ynSC6seo,"The madness of love, Carlos Galdós style",Magaly TV La Firme,,1109.0,high_yield_channel,Magaly TV La Firme,13,ACOSO_PERSONAL|CONTENIDO_SEXUAL|AMENAZA_DIRECTA,1.17 chunks de daño por video y cobertura de conflicto interpersonal,35,,ampliacion_dano_20260726,2026-07-26T17:54:03-05:00
349,e98APkGvb74,https://www.youtube.com/watch?v=e98APkGvb74,"Samahara Lobatón on Pablo Heredia's intentions toward Lesly Reyna: ""We already knew""",Magaly TV La Firme,,299.0,high_yield_channel,Magaly TV La Firme,14,ACOSO_PERSONAL|CONTENIDO_SEXUAL|AMENAZA_DIRECTA,1.17 chunks de daño por video y cobertura de conflicto interpersonal,35,,ampliacion_dano_20260726,2026-07-26T17:54:03-05:00
350,1RpfnkuqBE4,https://www.youtube.com/watch?v=1RpfnkuqBE4,"Samahara Lobatón: ""The thing with Youna was, practically, just for content""",Magaly TV La Firme,,277.0,high_yield_channel,Magaly TV La Firme,15,ACOSO_PERSONAL|CONTENIDO_SEXUAL|AMENAZA_DIRECTA,1.17 chunks de daño por video y cobertura de conflicto interpersonal,35,,ampliacion_dano_20260726,2026-07-26T17:54:03-05:00
351,o0MykvhQEYs,https://www.youtube.com/watch?v=o0MykvhQEYs,"Pablo Heredia exposed by Lesly Reyna: ""Can we do something? I want to see you""",Magaly TV La Firme,,304.0,high_yield_channel,Magaly TV La Firme,16,ACOSO_PERSONAL|CONTENIDO_SEXUAL|AMENAZA_DIRECTA,1.17 chunks de daño por video y cobertura de conflicto interpersonal,35,,ampliacion_dano_20260726,2026-07-26T17:54:03-05:00
352,66RLC5Xw68U,https://www.youtube.com/watch?v=66RLC5Xw68U,Yaco Eskenazi 'had a hard time' after Natalie Vértiz's unexpected anniversary complaint,Magaly TV La Firme,,396.0,high_yield_channel,Magaly TV La Firme,17,ACOSO_PERSONAL|CONTENIDO_SEXUAL|AMENAZA_DIRECTA,1.17 chunks de daño por video y cobertura de conflicto interpersonal,35,,ampliacion_dano_20260726,2026-07-26T17:54:03-05:00
353,XgCvjkgZo4U,https://www.youtube.com/watch?v=XgCvjkgZo4U,"Marcelo Tinelli and Milett Figueroa's Games: ""A Love Driven by a Need for Fame""",Magaly TV La Firme,,124.0,high_yield_channel,Magaly TV La Firme,18,ACOSO_PERSONAL|CONTENIDO_SEXUAL|AMENAZA_DIRECTA,1.17 chunks de daño por video y cobertura de conflicto interpersonal,35,,ampliacion_dano_20260726,2026-07-26T17:54:03-05:00
354,KAi0PMxAd60,https://www.youtube.com/watch?v=KAi0PMxAd60,"Gisela shuts down Janet Barboza: ""Ours was a working relationship""",Magaly TV La Firme,,121.0,high_yield_channel,Magaly TV La Firme,19,ACOSO_PERSONAL|CONTENIDO_SEXUAL|AMENAZA_DIRECTA,1.17 chunks de daño por video y cobertura de conflicto interpersonal,35,,ampliacion_dano_20260726,2026-07-26T17:54:03-05:00
355,X7XCjJA6rOM,https://www.youtube.com/watch?v=X7XCjJA6rOM,"'La Chocolatita', woman caught on camera with Pedro Aquino, found dead",Magaly TV La Firme,,155.0,high_yield_channel,Magaly TV La Firme,20,ACOSO_PERSONAL|CONTENIDO_SEXUAL|AMENAZA_DIRECTA,1.17 chunks de daño por video y cobertura de conflicto interpersonal,35,,ampliacion_dano_20260726,2026-07-26T17:54:03-05:00
356,kyXw4MW9LYY,https://www.youtube.com/watch?v=kyXw4MW9LYY,Roberto Martínez speaks out following Gisela Valcárcel's tears and Ethel Pozo's statements,Magaly TV La Firme,,46.0,high_yield_channel,Magaly TV La Firme,21,ACOSO_PERSONAL|CONTENIDO_SEXUAL|AMENAZA_DIRECTA,1.17 chunks de daño por video y cobertura de conflicto interpersonal,35,,ampliacion_dano_20260726,2026-07-26T17:54:03-05:00
357,qCry0_QBtfI,https://www.youtube.com/watch?v=qCry0_QBtfI,"The love triangle between Gisela Valcárcel, Roberto Martínez, and Viviana Rivasplata",Magaly TV La Firme,,149.0,high_yield_channel,Magaly TV La Firme,22,ACOSO_PERSONAL|CONTENIDO_SEXUAL|AMENAZA_DIRECTA,1.17 chunks de daño por video y cobertura de conflicto interpersonal,35,,ampliacion_dano_20260726,2026-07-26T17:54:03-05:00
358,yhdgd7XjyXA,https://www.youtube.com/watch?v=yhdgd7XjyXA,"Magaly TV La Firme: Episode for Wednesday, July 22, 2026",Magaly TV La Firme,,1488.0,high_yield_channel,Magaly TV La Firme,23,ACOSO_PERSONAL|CONTENIDO_SEXUAL|AMENAZA_DIRECTA,1.17 chunks de daño por video y cobertura de conflicto interpersonal,35,,ampliacion_dano_20260726,2026-07-26T17:54:03-05:00
359,U2OMPaJm3IU,https://www.youtube.com/watch?v=U2OMPaJm3IU,"María Pía reveals why she kept quiet about her bad relationship with Timoteo: ""I didn't want that...",Magaly TV La Firme,,254.0,high_yield_channel,Magaly TV La Firme,24,ACOSO_PERSONAL|CONTENIDO_SEXUAL|AMENAZA_DIRECTA,1.17 chunks de daño por video y cobertura de conflicto interpersonal,35,,ampliacion_dano_20260726,2026-07-26T17:54:03-05:00
360,6lrNL9cGI-c,https://www.youtube.com/watch?v=6lrNL9cGI-c,"María Pía hits back at those calling her a ""launderer"": ""They defame me every day""",Magaly TV La Firme,,366.0,high_yield_channel,Magaly TV La Firme,25,ACOSO_PERSONAL|CONTENIDO_SEXUAL|AMENAZA_DIRECTA,1.17 chunks de daño por video y cobertura de conflicto interpersonal,35,,ampliacion_dano_20260726,2026-07-26T17:54:03-05:00
361,onJRy3fpWtQ,https://www.youtube.com/watch?v=onJRy3fpWtQ,Mario Hart's infidelity to Leslie Shaw: What did Olinda Castañeda say?,Magaly TV La Firme,,57.0,high_yield_channel,Magaly TV La Firme,26,ACOSO_PERSONAL|CONTENIDO_SEXUAL|AMENAZA_DIRECTA,1.17 chunks de daño por video y cobertura de conflicto interpersonal,35,,ampliacion_dano_20260726,2026-07-26T17:54:03-05:00
362,cQYOzp6Jaec,https://www.youtube.com/watch?v=cQYOzp6Jaec,"Jefferson Farfán won't let go of Magaly Medina and gets roasted online: ""He's fighting by himself""",Magaly TV La Firme,,115.0,high_yield_channel,Magaly TV La Firme,27,ACOSO_PERSONAL|CONTENIDO_SEXUAL|AMENAZA_DIRECTA,1.17 chunks de daño por video y cobertura de conflicto interpersonal,35,,ampliacion_dano_20260726,2026-07-26T17:54:03-05:00
363,SfeWKe1GswI,https://www.youtube.com/watch?v=SfeWKe1GswI,Users mercilessly troll Karla Tarazona for dedicating a song to Christian Domínguez,Magaly TV La Firme,,143.0,high_yield_channel,Magaly TV La Firme,28,ACOSO_PERSONAL|CONTENIDO_SEXUAL|AMENAZA_DIRECTA,1.17 chunks de daño por video y cobertura de conflicto interpersonal,35,,ampliacion_dano_20260726,2026-07-26T17:54:03-05:00
364,KHIeYoaGYUs,https://www.youtube.com/watch?v=KHIeYoaGYUs,Urracochismes: Samahara Lobatón takes responsibility after going out with Ale Fuller and Pablo He...,Magaly TV La Firme,,203.0,high_yield_channel,Magaly TV La Firme,29,ACOSO_PERSONAL|CONTENIDO_SEXUAL|AMENAZA_DIRECTA,1.17 chunks de daño por video y cobertura de conflicto interpersonal,35,,ampliacion_dano_20260726,2026-07-26T17:54:03-05:00
365,8UwM-v6ouag,https://www.youtube.com/watch?v=8UwM-v6ouag,Who is Clímaco Basombrío? The Story of the Killer Known as ‘The Hammer Man’,Magaly TV La Firme,,518.0,high_yield_channel,Magaly TV La Firme,30,ACOSO_PERSONAL|CONTENIDO_SEXUAL|AMENAZA_DIRECTA,1.17 chunks de daño por video y cobertura de conflicto interpersonal,35,,ampliacion_dano_20260726,2026-07-26T17:54:03-05:00
366,4T2b8mtMtPA,https://www.youtube.com/watch?v=4T2b8mtMtPA,"Leslie Shaw tells all on Magaly TV La Firme! - Program for Tuesday, July 21, 2026",Magaly TV La Firme,,2258.0,high_yield_channel,Magaly TV La Firme,31,ACOSO_PERSONAL|CONTENIDO_SEXUAL|AMENAZA_DIRECTA,1.17 chunks de daño por video y cobertura de conflicto interpersonal,35,,ampliacion_dano_20260726,2026-07-26T17:54:03-05:00
367,GcyP0Lt3cro,https://www.youtube.com/watch?v=GcyP0Lt3cro,Cielo Fernández makes relationship with Axel Medina official following cheating scandal,Magaly TV La Firme,,288.0,high_yield_channel,Magaly TV La Firme,32,ACOSO_PERSONAL|CONTENIDO_SEXUAL|AMENAZA_DIRECTA,1.17 chunks de daño por video y cobertura de conflicto interpersonal,35,,ampliacion_dano_20260726,2026-07-26T17:54:03-05:00
368,P_jIMlawfIs,https://www.youtube.com/watch?v=P_jIMlawfIs,Leslie Shaw destroys Pablo Heredia and gives advice to Shirley Arica and Ale Fuller,Magaly TV La Firme,,88.0,high_yield_channel,Magaly TV La Firme,33,ACOSO_PERSONAL|CONTENIDO_SEXUAL|AMENAZA_DIRECTA,1.17 chunks de daño por video y cobertura de conflicto interpersonal,35,,ampliacion_dano_20260726,2026-07-26T17:54:03-05:00
369,a6W9JQanHFU,https://www.youtube.com/watch?v=a6W9JQanHFU,Leslie Shaw to send formal legal notice to Marisol for exposing chats and announces song with Yol...,Magaly TV La Firme,,250.0,high_yield_channel,Magaly TV La Firme,34,ACOSO_PERSONAL|CONTENIDO_SEXUAL|AMENAZA_DIRECTA,1.17 chunks de daño por video y cobertura de conflicto interpersonal,35,,ampliacion_dano_20260726,2026-07-26T17:54:03-05:00
370,EkUTMtKcg14,https://www.youtube.com/watch?v=EkUTMtKcg14,"Leslie Shaw bashes Mario Hart for denying a second cheating scandal: ""Korina, catch up""",Magaly TV La Firme,,558.0,high_yield_channel,Magaly TV La Firme,35,ACOSO_PERSONAL|CONTENIDO_SEXUAL|AMENAZA_DIRECTA,1.17 chunks de daño por video y cobertura de conflicto interpersonal,35,,ampliacion_dano_20260726,2026-07-26T17:54:03-05:00
371,Wk8ORJNTTz4,https://www.youtube.com/watch?v=Wk8ORJNTTz4,'Es el cuarto caso en el colegio': Denuncian abuso sexual dentro de escuela en Ate,Latina Noticias,UCpSJ5fGhmAME9Kx2D3ZvN3Q,345.0,targeted_search,acoso sexual denuncia televisión peruana,1,CONTENIDO_SEXUAL|ACOSO_GENERO_IDENTIDAD,consulta explícita de una categoría minoritaria,55,1.0,ampliacion_dano_20260726,2026-07-26T17:54:03-05:00
372,J1M6deT_RSw,https://www.youtube.com/watch?v=J1M6deT_RSw,"Woman threatened and brutally attacked, aggressor released",DÍA D,UCmrzeYkbupPuvrXH8roR__w,947.0,targeted_search,agresor amenaza pareja Perú,1,AMENAZA_DIRECTA,consulta explícita de una categoría minoritaria,55,1.0,ampliacion_dano_20260726,2026-07-26T17:54:03-05:00
373,cYcCvYFkGzY,https://www.youtube.com/watch?v=cYcCvYFkGzY,Defendant threatens judge with killing him during virtual hearing,LP - Pasión por el Derecho,UCDscRlCxFfuHhsJBlVvPBmA,183.0,targeted_search,amenaza juez audiencia virtual Perú,1,AMENAZA_DIRECTA,consulta explícita de una categoría minoritaria,55,1.0,ampliacion_dano_20260726,2026-07-26T17:54:03-05:00
374,k9Nxiz4EcQ4,https://www.youtube.com/watch?v=k9Nxiz4EcQ4,Fiscalía evalúa investigar a pastor por mensaje homofóbico,TVPerú Noticias,UCkZCoc42IipR1ucqJmIehsA,204.0,targeted_search,amenazas homofóbicas Perú,1,AMENAZA_DIRECTA|ACOSO_GENERO_IDENTIDAD,consulta explícita de una categoría minoritaria,55,1.0,ampliacion_dano_20260726,2026-07-26T17:54:03-05:00
375,LDN2i-hLpO8,https://www.youtube.com/watch?v=LDN2i-hLpO8,Cueva loses his temper and is reported by ‘La Mackyna’ after serious threats,Chimi chimi,UCt42aXXEokQWROe3CdVx3bA,743.0,targeted_search,denuncia amenazas farándula Perú,1,AMENAZA_DIRECTA,consulta explícita de una categoría minoritaria,55,1.0,ampliacion_dano_20260726,2026-07-26T17:54:03-05:00
376,cA1tnNp5_zM,https://www.youtube.com/watch?v=cA1tnNp5_zM,Extortionists threaten traders through audios | Domingo al Día | Peru,América Televisión,UCGGry4kGWZUqIfG6LLNhOmg,726.0,targeted_search,extorsionadores amenazan audio Perú,1,AMENAZA_DIRECTA,consulta explícita de una categoría minoritaria,55,1.0,ampliacion_dano_20260726,2026-07-26T17:54:03-05:00
377,yrnwGEFnsZI,https://www.youtube.com/watch?v=yrnwGEFnsZI,Ministerio de Cultura presenta denuncia contra mujer por lanzar insultos racistas a vigilante,Buenos Días Perú,UCFnOwPrJ-Skrzk_GPNBV5tg,176.0,targeted_search,insultos racistas discriminación Perú denuncia,1,RACISMO_DISCRIMINACION,consulta explícita de una categoría minoritaria,55,1.0,ampliacion_dano_20260726,2026-07-26T17:54:03-05:00
378,fjMfQkqQ9SU,https://www.youtube.com/watch?v=fjMfQkqQ9SU,¿Quién es Don Sicario?: piden investigar amenazas a Alva | LR+ Noticias,La República - LR+,UC-B7Xv56uNRDkj0vC3QW8Cg,1075.0,targeted_search,sicarios amenazan periodista Perú,1,AMENAZA_DIRECTA,consulta explícita de una categoría minoritaria,55,1.0,ampliacion_dano_20260726,2026-07-26T17:54:03-05:00
379,fhCqSwgQjI8,https://www.youtube.com/watch?v=fhCqSwgQjI8,"""Te voy a matar"": Un hombre agredió brutalmente a su pareja con un palo en Ate",RPP Noticias,UC5j8-2FT0ZMMBkmK72R4aeA,178.0,targeted_search,te voy a matar denuncia Perú,1,AMENAZA_DIRECTA,consulta explícita de una categoría minoritaria,55,1.0,ampliacion_dano_20260726,2026-07-26T17:54:03-05:00
380,CVLuEWPozu8,https://www.youtube.com/watch?v=CVLuEWPozu8,'Es un colegio particular': Denuncian presunto abuso sexual dentro de colegio y lo clausuran,Latina Noticias,UCpSJ5fGhmAME9Kx2D3ZvN3Q,169.0,targeted_search,acoso sexual denuncia televisión peruana,2,CONTENIDO_SEXUAL|ACOSO_GENERO_IDENTIDAD,consulta explícita de una categoría minoritaria,55,2.0,ampliacion_dano_20260726,2026-07-26T17:54:03-05:00
381,Ce02sEFuiEY,https://www.youtube.com/watch?v=Ce02sEFuiEY,Las amenazas de este agresor hacia su expareja,Nunca MAS,UCFqwxsa2Wp6Y5FkUAcGShGA,484.0,targeted_search,agresor amenaza pareja Perú,2,AMENAZA_DIRECTA,consulta explícita de una categoría minoritaria,55,2.0,ampliacion_dano_20260726,2026-07-26T17:54:03-05:00
382,0TQrlqr8bHU,https://www.youtube.com/watch?v=0TQrlqr8bHU,Callao: Man threatens his partner during a virtual hearing,TVPerú Noticias,UCkZCoc42IipR1ucqJmIehsA,116.0,targeted_search,amenaza juez audiencia virtual Perú,2,AMENAZA_DIRECTA,consulta explícita de una categoría minoritaria,55,2.0,ampliacion_dano_20260726,2026-07-26T17:54:03-05:00
383,PShdmY5eCEw,https://www.youtube.com/watch?v=PShdmY5eCEw,Perú: IESSDEH presenta investigación sobre bullying homofóbico en colegios,Ciudadaniasx,UCt78tVTNhK4hd9l0Io3vTtg,587.0,targeted_search,amenazas homofóbicas Perú,2,AMENAZA_DIRECTA|ACOSO_GENERO_IDENTIDAD,consulta explícita de una categoría minoritaria,55,2.0,ampliacion_dano_20260726,2026-07-26T17:54:03-05:00
384,RExYSyuwizw,https://www.youtube.com/watch?v=RExYSyuwizw,Olenka Mejía denuncia amenazas y promete justicia,Mundo Noticias,UCkRo5vZnLeCfCMhjlJdOmCQ,124.0,targeted_search,denuncia amenazas farándula Perú,2,AMENAZA_DIRECTA,consulta explícita de una categoría minoritaria,55,2.0,ampliacion_dano_20260726,2026-07-26T17:54:03-05:00
385,GfbJRi6jw3s,https://www.youtube.com/watch?v=GfbJRi6jw3s,Extorsionadores amenazan con nueva modalidad: Se acercan a trabajadores y le hacen escuchar audios,ATV Noticias,UCYG5uXS3xdsoaXIxum1pAEw,352.0,targeted_search,extorsionadores amenazan audio Perú,2,AMENAZA_DIRECTA,consulta explícita de una categoría minoritaria,55,2.0,ampliacion_dano_20260726,2026-07-26T17:54:03-05:00
386,RhLliM83kJE,https://www.youtube.com/watch?v=RhLliM83kJE,Nuevo caso de racismo: funcionario de la SUNAT lanza comentarios discriminatorios a mujer en tienda,Buenos Días Perú,UCFnOwPrJ-Skrzk_GPNBV5tg,130.0,targeted_search,insultos racistas discriminación Perú denuncia,2,RACISMO_DISCRIMINACION,consulta explícita de una categoría minoritaria,55,2.0,ampliacion_dano_20260726,2026-07-26T17:54:03-05:00
387,dEqnFkYVLg8,https://www.youtube.com/watch?v=dEqnFkYVLg8,"""Vamos a matar a periodistas"", amenaza narco en la puerta de un canal de Rosario",Telenueve,UC2Q91pxDF0BPf0eK44pgYMw,227.0,targeted_search,sicarios amenazan periodista Perú,2,AMENAZA_DIRECTA,consulta explícita de una categoría minoritaria,55,2.0,ampliacion_dano_20260726,2026-07-26T17:54:03-05:00
388,T2hFz8Z3LmQ,https://www.youtube.com/watch?v=T2hFz8Z3LmQ,"""I'M GOING TO KILL MYSELF WITH THIS,"" ALEJANDRO TOLEDO VERBALLY THREATENED",Voz Projimo,UCoYWUrM40ZqUur_xcb2bZVw,21.0,targeted_search,te voy a matar denuncia Perú,2,AMENAZA_DIRECTA,consulta explícita de una categoría minoritaria,55,2.0,ampliacion_dano_20260726,2026-07-26T17:54:03-05:00
389,kzZVO2O7XaU,https://www.youtube.com/watch?v=kzZVO2O7XaU,'Soy su psicólogo favorito': Fue acusado por abusar sexualmente de una joven durante terapia,Latina Noticias,UCpSJ5fGhmAME9Kx2D3ZvN3Q,832.0,targeted_search,acoso sexual denuncia televisión peruana,3,CONTENIDO_SEXUAL|ACOSO_GENERO_IDENTIDAD,consulta explícita de una categoría minoritaria,55,3.0,ampliacion_dano_20260726,2026-07-26T17:54:03-05:00
390,vVDXpkpGLs0,https://www.youtube.com/watch?v=vVDXpkpGLs0,Intenta asesinar DOS VECES a su pareja cuando le dijo que estaba embarazada,Buenos Días Perú,UCFnOwPrJ-Skrzk_GPNBV5tg,241.0,targeted_search,agresor amenaza pareja Perú,3,AMENAZA_DIRECTA,consulta explícita de una categoría minoritaria,55,3.0,ampliacion_dano_20260726,2026-07-26T17:54:03-05:00
391,gtyTfMDp-wc,https://www.youtube.com/watch?v=gtyTfMDp-wc,Oxapampa: Acusado insulta y amenaza de muerte a juez durante audiencia virtual,CC Digital Perú,UCO4dAHBdRQ5NU4i5rQ-HLsA,154.0,targeted_search,amenaza juez audiencia virtual Perú,3,AMENAZA_DIRECTA,consulta explícita de una categoría minoritaria,55,3.0,ampliacion_dano_20260726,2026-07-26T17:54:03-05:00
392,diCjBfenM6w,https://www.youtube.com/watch?v=diCjBfenM6w,THE CRIME OF THREATS,JurídicaMente,UCE_ZHUVha19wtfzsNgBrCYg,198.0,targeted_search,amenazas de muerte Perú,3,AMENAZA_DIRECTA,consulta explícita de una categoría minoritaria,55,3.0,ampliacion_dano_20260726,2026-07-26T17:54:03-05:00
393,x8A6dxGlIww,https://www.youtube.com/watch?v=x8A6dxGlIww,Hate assaults: Gays robbed and tortured,Panorama,UCBiq92lt_ufNO-ktZigVXgg,1030.0,targeted_search,amenazas homofóbicas Perú,3,AMENAZA_DIRECTA|ACOSO_GENERO_IDENTIDAD,consulta explícita de una categoría minoritaria,55,3.0,ampliacion_dano_20260726,2026-07-26T17:54:03-05:00
394,-MKrHVfZtW4,https://www.youtube.com/watch?v=-MKrHVfZtW4,¡SALIÓ CON TODO! MAGALY DENUNCIA AMENAZAS CONTRA SU VIDA y envía fuerte mensaje a FARFÁN,Sí Juego,UCwlsXSmh9sP1LvfuoKZ--gw,637.0,targeted_search,denuncia amenazas farándula Perú,3,AMENAZA_DIRECTA,consulta explícita de una categoría minoritaria,55,3.0,ampliacion_dano_20260726,2026-07-26T17:54:03-05:00
395,WXHOj_PdR5g,https://www.youtube.com/watch?v=WXHOj_PdR5g,Video leaked of extortionist threatening ‘Translima’ drivers: “Which one is going to die?”,Buenos Días Perú,UCFnOwPrJ-Skrzk_GPNBV5tg,62.0,targeted_search,extorsionadores amenazan audio Perú,3,AMENAZA_DIRECTA,consulta explícita de una categoría minoritaria,55,3.0,ampliacion_dano_20260726,2026-07-26T17:54:03-05:00
396,UWDcd-kbfR0,https://www.youtube.com/watch?v=UWDcd-kbfR0,Archivan denuncia por discriminación a vigía que recibió insultos racistas,Wayka,UCQmo59tWId4OHTdl4W320DQ,78.0,targeted_search,insultos racistas discriminación Perú denuncia,3,RACISMO_DISCRIMINACION,consulta explícita de una categoría minoritaria,55,3.0,ampliacion_dano_20260726,2026-07-26T17:54:03-05:00
397,-e2h546eMLk,https://www.youtube.com/watch?v=-e2h546eMLk,Sicario mató a balazos a un periodista,SNT Paraguay,UC8NNg2qEuMQIXlqPS-eu_ig,1278.0,targeted_search,sicarios amenazan periodista Perú,3,AMENAZA_DIRECTA,consulta explícita de una categoría minoritaria,55,3.0,ampliacion_dano_20260726,2026-07-26T17:54:03-05:00
398,Jk_VHeqxGkg,https://www.youtube.com/watch?v=Jk_VHeqxGkg,Santiago Suárez gives an unusual response when accused of rape by an American,Magaly TV La Firme,UCF6s3gpbZEQKqZ38VvQ0gLA,164.0,targeted_search,acoso sexual denuncia televisión peruana,4,CONTENIDO_SEXUAL|ACOSO_GENERO_IDENTIDAD,consulta explícita de una categoría minoritaria,55,4.0,ampliacion_dano_20260726,2026-07-26T17:54:03-05:00
399,WVDq_HQaJN4,https://www.youtube.com/watch?v=WVDq_HQaJN4,Se enteró que su pareja estaba embarazada y la amenazó de muerte por negarse a abortar,Buenos Días Perú,UCFnOwPrJ-Skrzk_GPNBV5tg,524.0,targeted_search,agresor amenaza pareja Perú,4,AMENAZA_DIRECTA,consulta explícita de una categoría minoritaria,55,4.0,ampliacion_dano_20260726,2026-07-26T17:54:03-05:00
400,UAqRmN3Q3Yk,https://www.youtube.com/watch?v=UAqRmN3Q3Yk,"""Again with your threats"": Judge and prosecutor argue in virtual hearing, and it all ends with a ...",LP - Pasión por el Derecho,UCDscRlCxFfuHhsJBlVvPBmA,408.0,targeted_search,amenaza juez audiencia virtual Perú,4,AMENAZA_DIRECTA,consulta explícita de una categoría minoritaria,55,4.0,ampliacion_dano_20260726,2026-07-26T17:54:03-05:00
401,TImIdExQRAI,https://www.youtube.com/watch?v=TImIdExQRAI,AMENAZADO DE MUERTE | Jorge Montoya denuncia que recibe amenazas tras ningunear a dirigentes,El Búho pe,UC6xAnp5ygm8oNoBDCgu70UQ,525.0,targeted_search,amenazas de muerte Perú,4,AMENAZA_DIRECTA,consulta explícita de una categoría minoritaria,55,4.0,ampliacion_dano_20260726,2026-07-26T17:54:03-05:00
402,pvtanQvNVbM,https://www.youtube.com/watch?v=pvtanQvNVbM,El bar acusado de homofobia es amenazado vía Facebook,SubrayadoHD,UCA-_7rvJyEjwCrdUMqWHZEw,78.0,targeted_search,amenazas homofóbicas Perú,4,AMENAZA_DIRECTA|ACOSO_GENERO_IDENTIDAD,consulta explícita de una categoría minoritaria,55,4.0,ampliacion_dano_20260726,2026-07-26T17:54:03-05:00
403,g0YbY3EojOQ,https://www.youtube.com/watch?v=g0YbY3EojOQ,Promotor de eventos teme por su vida tras recibir amenazas de muerte de extorsionadores,Panamericana Televisión,UCngb4rxO4iUE6BrIs29WXwA,482.0,targeted_search,denuncia amenazas farándula Perú,4,AMENAZA_DIRECTA,consulta explícita de una categoría minoritaria,55,4.0,ampliacion_dano_20260726,2026-07-26T17:54:03-05:00
404,8wklvrOszXA,https://www.youtube.com/watch?v=8wklvrOszXA,Más denuncias para 'Cristorata' tras comentarios racistas,Latina Noticias,UCpSJ5fGhmAME9Kx2D3ZvN3Q,96.0,targeted_search,insultos racistas discriminación Perú denuncia,4,RACISMO_DISCRIMINACION,consulta explícita de una categoría minoritaria,55,4.0,ampliacion_dano_20260726,2026-07-26T17:54:03-05:00
405,9wiUfY9QrTA,https://www.youtube.com/watch?v=9wiUfY9QrTA,"🚨 Los NARCOS de Rosario AMENAZARON A NAHUEL SUÁREZ, parte del equipo de América y A24",A24com,UCR9120YBAqMfntqgRTKmkjQ,417.0,targeted_search,sicarios amenazan periodista Perú,4,AMENAZA_DIRECTA,consulta explícita de una categoría minoritaria,55,4.0,ampliacion_dano_20260726,2026-07-26T17:54:03-05:00
406,0gZaIyxBANk,https://www.youtube.com/watch?v=0gZaIyxBANk,"ATAQUE RASTA OTRA VEZ LLEGUE A MATAR LOS ENVIDIOSOS,DJ EL CUERVO, REGGAETON PERUANO,mover yal",DJ EL CUERVO,UC1FFD-TRhncVM2-uhviV_xg,274.0,targeted_search,te voy a matar denuncia Perú,4,AMENAZA_DIRECTA,consulta explícita de una categoría minoritaria,55,4.0,ampliacion_dano_20260726,2026-07-26T17:54:03-05:00
407,hLAY-JDTP3w,https://www.youtube.com/watch?v=hLAY-JDTP3w,Psicópata sexual acosa a periodistas de televisión,DÍA D,UCmrzeYkbupPuvrXH8roR__w,1431.0,targeted_search,acoso sexual denuncia televisión peruana,5,CONTENIDO_SEXUAL|ACOSO_GENERO_IDENTIDAD,consulta explícita de una categoría minoritaria,55,5.0,ampliacion_dano_20260726,2026-07-26T17:54:03-05:00
408,FdHr6fxYJ6Y,https://www.youtube.com/watch?v=FdHr6fxYJ6Y,"Exesposa de alcalde amenaza a Christina: ""Te vas a arrepentir""",Nunca MAS,UCFqwxsa2Wp6Y5FkUAcGShGA,1175.0,targeted_search,agresor amenaza pareja Perú,5,AMENAZA_DIRECTA,consulta explícita de una categoría minoritaria,55,5.0,ampliacion_dano_20260726,2026-07-26T17:54:03-05:00
409,HE4Ge20OIWI,https://www.youtube.com/watch?v=HE4Ge20OIWI,Imputado amenaza al juez y al fiscal de su caso,Upsocl,UCgltr7AvpfGf-sEnIdBKZXQ,345.0,targeted_search,amenaza juez audiencia virtual Perú,5,AMENAZA_DIRECTA,consulta explícita de una categoría minoritaria,55,5.0,ampliacion_dano_20260726,2026-07-26T17:54:03-05:00
410,2PhBUx40xTs,https://www.youtube.com/watch?v=2PhBUx40xTs,Entrevista a George día contra la homofobia - Promsex 1,Promsex,UCXF2_sMeOUe-NjdMIZm2Jzw,439.0,targeted_search,amenazas homofóbicas Perú,5,AMENAZA_DIRECTA|ACOSO_GENERO_IDENTIDAD,consulta explícita de una categoría minoritaria,55,5.0,ampliacion_dano_20260726,2026-07-26T17:54:03-05:00
411,jGDQYwwV_2k,https://www.youtube.com/watch?v=jGDQYwwV_2k,Magaly receives the WORST threat of her life and all eyes point to one place,COSMOREALIDAD,UCx7eDskdGUqWbtuYw9agR9w,438.0,targeted_search,denuncia amenazas farándula Perú,5,AMENAZA_DIRECTA,consulta explícita de una categoría minoritaria,55,5.0,ampliacion_dano_20260726,2026-07-26T17:54:03-05:00
412,y1O1iBTDGek,https://www.youtube.com/watch?v=y1O1iBTDGek,EXTORSION EN PERU AMENAZAN A MUJER POR CELULAR Y YO IDENTIFICO ESE NUMERO MOVISTAR  DEL DELINCUENTE,carlos urbina castillo,UCU56vjVy6tGg48BT2L3C2GA,93.0,targeted_search,extorsionadores amenazan audio Perú,5,AMENAZA_DIRECTA,consulta explícita de una categoría minoritaria,55,5.0,ampliacion_dano_20260726,2026-07-26T17:54:03-05:00
413,TK3KVuObrHA,https://www.youtube.com/watch?v=TK3KVuObrHA,'Pedir perdón no le quita la responsabilidad': Denuncian a streamer por expresiones racistas,Latina Noticias,UCpSJ5fGhmAME9Kx2D3ZvN3Q,151.0,targeted_search,insultos racistas discriminación Perú denuncia,5,RACISMO_DISCRIMINACION,consulta explícita de una categoría minoritaria,55,5.0,ampliacion_dano_20260726,2026-07-26T17:54:03-05:00
414,9ZCeVBLFuE0,https://www.youtube.com/watch?v=9ZCeVBLFuE0,🚨 Hitmen record a video and threaten transporters with extortion payments | DNews,DNews,UC4dWvSKVWJ36tJyhjDQCCaQ,921.0,targeted_search,sicarios amenazan periodista Perú,5,AMENAZA_DIRECTA,consulta explícita de una categoría minoritaria,55,5.0,ampliacion_dano_20260726,2026-07-26T17:54:03-05:00
415,iDHUBY-MOL4,https://www.youtube.com/watch?v=iDHUBY-MOL4,Un dia te wa lapear con mi gampi 😡 dejate e huevadas.,RANDOM VIDEOS,UCr6tZxGWGQetM2Hoiu9iOIQ,20.0,targeted_search,te voy a matar denuncia Perú,5,AMENAZA_DIRECTA,consulta explícita de una categoría minoritaria,55,5.0,ampliacion_dano_20260726,2026-07-26T17:54:03-05:00
416,bz-0VG3rSww,https://www.youtube.com/watch?v=bz-0VG3rSww,"Young woman from Iquitos accuses Piero Arenas of sexual abuse: ""I wasn't conscious""",Magaly TV La Firme,UCF6s3gpbZEQKqZ38VvQ0gLA,288.0,targeted_search,acoso sexual denuncia televisión peruana,6,CONTENIDO_SEXUAL|ACOSO_GENERO_IDENTIDAD,consulta explícita de una categoría minoritaria,55,6.0,ampliacion_dano_20260726,2026-07-26T17:54:03-05:00
417,BG7kt0icTGQ,https://www.youtube.com/watch?v=BG7kt0icTGQ,Mujer que fue golpeada por su pareja ahora recibe amenazas; la justicia liberó a su agresor,Unitel Bolivia,UCBTuUY99I5plMaC_ZcmXIYw,72.0,targeted_search,agresor amenaza pareja Perú,6,AMENAZA_DIRECTA,consulta explícita de una categoría minoritaria,55,6.0,ampliacion_dano_20260726,2026-07-26T17:54:03-05:00
418,qNRKqwPGNL4,https://www.youtube.com/watch?v=qNRKqwPGNL4,DELINCUENTE AMENAZA DE MUERTE A JUEZ EN AUDIENCIA,Perú Actual,UC2QhJFzvnB2SDBfnOd2zJBA,90.0,targeted_search,amenaza juez audiencia virtual Perú,6,AMENAZA_DIRECTA,consulta explícita de una categoría minoritaria,55,6.0,ampliacion_dano_20260726,2026-07-26T17:54:03-05:00
419,71e7JNCTYYE,https://www.youtube.com/watch?v=71e7JNCTYYE,"💥 Crime of THREATS vs COERCION [Discover the DIFFERENCES in 3 steps, in Criminal Law]",Derecho Virtual ,UCBKBDf4G9Ha4nrutKb02fJA,914.0,targeted_search,amenazas de muerte Perú,6,AMENAZA_DIRECTA,consulta explícita de una categoría minoritaria,55,6.0,ampliacion_dano_20260726,2026-07-26T17:54:03-05:00
420,TEHRF1CawT4,https://www.youtube.com/watch?v=TEHRF1CawT4,Terrible y fuerte ataque homofóbico a Beto Ortiz,Latina Noticias,UCpSJ5fGhmAME9Kx2D3ZvN3Q,667.0,targeted_search,amenazas homofóbicas Perú,6,AMENAZA_DIRECTA|ACOSO_GENERO_IDENTIDAD,consulta explícita de una categoría minoritaria,55,6.0,ampliacion_dano_20260726,2026-07-26T17:54:03-05:00
421,jWFRkZ9GOKo,https://www.youtube.com/watch?v=jWFRkZ9GOKo,"Magaly Medina sobre amenazas a Fiorella Retiz: ""La llamada que recibe es intimidatoria""",Magaly TV La Firme,UCF6s3gpbZEQKqZ38VvQ0gLA,148.0,targeted_search,denuncia amenazas farándula Perú,6,AMENAZA_DIRECTA,consulta explícita de una categoría minoritaria,55,6.0,ampliacion_dano_20260726,2026-07-26T17:54:03-05:00
422,JkXeo7Cdo94,https://www.youtube.com/watch?v=JkXeo7Cdo94,"AUDIO. Así amenazan los extorsionadores en el municipio Cabimas, edo. Zulia | Lagunillas TV",Lagunillas TV,UCi_b7pqoHyn9b8HcBYlOrmQ,54.0,targeted_search,extorsionadores amenazan audio Perú,6,AMENAZA_DIRECTA,consulta explícita de una categoría minoritaria,55,6.0,ampliacion_dano_20260726,2026-07-26T17:54:03-05:00
423,GPXi6Viw29o,https://www.youtube.com/watch?v=GPXi6Viw29o,"Celine Aguirre: Prosecutor's office opens investigation into ""racist comments on a television pro...",Radio Nacional,UCVW7J-lF26d3G3X8i2zmKow,64.0,targeted_search,insultos racistas discriminación Perú denuncia,6,RACISMO_DISCRIMINACION,consulta explícita de una categoría minoritaria,55,6.0,ampliacion_dano_20260726,2026-07-26T17:54:03-05:00
424,CBmVuDNTiV4,https://www.youtube.com/watch?v=CBmVuDNTiV4,Iquitos: sicarios asesinan a balazos a periodista radial cuando se trasladaba en motocarro,Buenos Días Perú,UCFnOwPrJ-Skrzk_GPNBV5tg,258.0,targeted_search,sicarios amenazan periodista Perú,6,AMENAZA_DIRECTA,consulta explícita de una categoría minoritaria,55,6.0,ampliacion_dano_20260726,2026-07-26T17:54:03-05:00
425,WtyJeRbUHs0,https://www.youtube.com/watch?v=WtyJeRbUHs0,"LA TRAVIESA - ATAQUE RASTA DJ EL CUERVO ""Video oficial"" Reggaeton Peruano p°2001",DJ EL CUERVO,UC1FFD-TRhncVM2-uhviV_xg,235.0,targeted_search,te voy a matar denuncia Perú,6,AMENAZA_DIRECTA,consulta explícita de una categoría minoritaria,55,6.0,ampliacion_dano_20260726,2026-07-26T17:54:03-05:00
426,sJFAi-ssIg4,https://www.youtube.com/watch?v=sJFAi-ssIg4,Ate: Parents report alleged sexual abuse at Innova school,TVPerú Noticias,UCkZCoc42IipR1ucqJmIehsA,416.0,targeted_search,acoso sexual denuncia televisión peruana,7,CONTENIDO_SEXUAL|ACOSO_GENERO_IDENTIDAD,consulta explícita de una categoría minoritaria,55,7.0,ampliacion_dano_20260726,2026-07-26T17:54:03-05:00
427,way0btql7cw,https://www.youtube.com/watch?v=way0btql7cw,Policía reduce a agresor que buscaba electrocutar a su expareja,TVPerú Noticias,UCkZCoc42IipR1ucqJmIehsA,187.0,targeted_search,agresor amenaza pareja Perú,7,AMENAZA_DIRECTA,consulta explícita de una categoría minoritaria,55,7.0,ampliacion_dano_20260726,2026-07-26T17:54:03-05:00
428,yfVjMutJcOw,https://www.youtube.com/watch?v=yfVjMutJcOw,Jueza del caso “Baguazo” es maltratada verbalmente por su colega durante audiencia,Wayka,UCQmo59tWId4OHTdl4W320DQ,85.0,targeted_search,amenaza juez audiencia virtual Perú,7,AMENAZA_DIRECTA,consulta explícita de una categoría minoritaria,55,7.0,ampliacion_dano_20260726,2026-07-26T17:54:03-05:00
429,03A_hK2ABu8,https://www.youtube.com/watch?v=03A_hK2ABu8,Artists and orchestras report death threats,Buenos Días Perú,UCFnOwPrJ-Skrzk_GPNBV5tg,139.0,targeted_search,amenazas de muerte Perú,7,AMENAZA_DIRECTA,consulta explícita de una categoría minoritaria,55,7.0,ampliacion_dano_20260726,2026-07-26T17:54:03-05:00
430,m2ZL6kvYA3I,https://www.youtube.com/watch?v=m2ZL6kvYA3I,"""Te voy a hacer heterosexual a hostias"". Agresión homófoba en Barcelona el día del pregón del Pride",La Vanguardia,UClLLRs_mFTsNT5U-DqTYAGg,105.0,targeted_search,amenazas homofóbicas Perú,7,AMENAZA_DIRECTA|ACOSO_GENERO_IDENTIDAD,consulta explícita de una categoría minoritaria,55,7.0,ampliacion_dano_20260726,2026-07-26T17:54:03-05:00
431,aoRyJl8OlYU,https://www.youtube.com/watch?v=aoRyJl8OlYU,Zaperokito acusa a Toño Centella de estar detrás amenazas de muerte en su contra,Magaly TV La Firme,UCF6s3gpbZEQKqZ38VvQ0gLA,312.0,targeted_search,denuncia amenazas farándula Perú,7,AMENAZA_DIRECTA,consulta explícita de una categoría minoritaria,55,7.0,ampliacion_dano_20260726,2026-07-26T17:54:03-05:00
432,OmvWMLKLMIc,https://www.youtube.com/watch?v=OmvWMLKLMIc,Extortionists threaten traders through audios | Domingo al Día | Peru,América Noticias,UCPhm2I2wk4vqjENwhn3px8A,726.0,targeted_search,extorsionadores amenazan audio Perú,7,AMENAZA_DIRECTA,consulta explícita de una categoría minoritaria,55,7.0,ampliacion_dano_20260726,2026-07-26T17:54:03-05:00
433,WV6HdnaSv1A,https://www.youtube.com/watch?v=WV6HdnaSv1A,Journalist Sofía Carrillo denounces discrimination at Immigration,TVPerú Noticias,UCkZCoc42IipR1ucqJmIehsA,189.0,targeted_search,insultos racistas discriminación Perú denuncia,7,RACISMO_DISCRIMINACION,consulta explícita de una categoría minoritaria,55,7.0,ampliacion_dano_20260726,2026-07-26T17:54:03-05:00
434,47yYE2-8ZgQ,https://www.youtube.com/watch?v=47yYE2-8ZgQ,Congresista peruano comenta alerta por escape de sicario del Tren de Aragua a Chile,CNN Chile,UCpOAcjJNAp0Y0fhznRrXIJQ,428.0,targeted_search,sicarios amenazan periodista Perú,7,AMENAZA_DIRECTA,consulta explícita de una categoría minoritaria,55,7.0,ampliacion_dano_20260726,2026-07-26T17:54:03-05:00
435,yUSKZEcq958,https://www.youtube.com/watch?v=yUSKZEcq958,"Mujer denuncia brutal agresión de su vecino por disputa de cochera: “Me dijo ‘te voy a matar’""",Buenos Días Perú,UCFnOwPrJ-Skrzk_GPNBV5tg,255.0,targeted_search,te voy a matar denuncia Perú,7,AMENAZA_DIRECTA,consulta explícita de una categoría minoritaria,55,7.0,ampliacion_dano_20260726,2026-07-26T17:54:03-05:00
436,PuXUHyXdLGc,https://www.youtube.com/watch?v=PuXUHyXdLGc,'Indignación total': Identifican a 7 presuntos involucrados por abuso sexual a menor de 10 años,Latina Noticias,UCpSJ5fGhmAME9Kx2D3ZvN3Q,248.0,targeted_search,acoso sexual denuncia televisión peruana,8,CONTENIDO_SEXUAL|ACOSO_GENERO_IDENTIDAD,consulta explícita de una categoría minoritaria,55,8.0,ampliacion_dano_20260726,2026-07-26T17:54:03-05:00
437,GabditnPkVs,https://www.youtube.com/watch?v=GabditnPkVs,Hombre apuñala y asesina a su esposa Tiktoker - N+,NMás,UCUsm-fannqOY02PNN67C0KA,50.0,targeted_search,agresor amenaza pareja Perú,8,AMENAZA_DIRECTA,consulta explícita de una categoría minoritaria,55,8.0,ampliacion_dano_20260726,2026-07-26T17:54:03-05:00
438,WwMXkUFiJuo,https://www.youtube.com/watch?v=WwMXkUFiJuo,Lawyer tries to plead with polo shirt in virtual hearing and judge prevents him from doing so,LP - Pasión por el Derecho,UCDscRlCxFfuHhsJBlVvPBmA,116.0,targeted_search,amenaza juez audiencia virtual Perú,8,AMENAZA_DIRECTA,consulta explícita de una categoría minoritaria,55,8.0,ampliacion_dano_20260726,2026-07-26T17:54:03-05:00
439,7lgVC9SRpA8,https://www.youtube.com/watch?v=7lgVC9SRpA8,"Músico ""Pajarito"" pide garantías de vida tras amenazas de muerte por parte de extorsionadores",Buenos Días Perú,UCFnOwPrJ-Skrzk_GPNBV5tg,198.0,targeted_search,amenazas de muerte Perú,8,AMENAZA_DIRECTA,consulta explícita de una categoría minoritaria,55,8.0,ampliacion_dano_20260726,2026-07-26T17:54:03-05:00
440,hetvSffcrYk,https://www.youtube.com/watch?v=hetvSffcrYk,Amenazas de bandas criminales a población gay para obligarla a desplazarse,NoticiasUnoColombia,UC3NUgxBBl05tthfGBS6kPkA,133.0,targeted_search,amenazas homofóbicas Perú,8,AMENAZA_DIRECTA|ACOSO_GENERO_IDENTIDAD,consulta explícita de una categoría minoritaria,55,8.0,ampliacion_dano_20260726,2026-07-26T17:54:03-05:00
441,Pwon2KlAKLo,https://www.youtube.com/watch?v=Pwon2KlAKLo,“I RECEIVED CALLS AND MESSAGES”: DRIVER FILES COMPLAINT AGAINST CUEVA,TRIVU ,UCEgNxyXXpArM8F368uJjF-Q,2476.0,targeted_search,denuncia amenazas farándula Perú,8,AMENAZA_DIRECTA,consulta explícita de una categoría minoritaria,55,8.0,ampliacion_dano_20260726,2026-07-26T17:54:03-05:00
442,OqxpmfiQ6KQ,https://www.youtube.com/watch?v=OqxpmfiQ6KQ,Así cayeron dos sujetos dedicados al préstamo 'gota a gota': Este es el audio amenazante,Latina Noticias,UCpSJ5fGhmAME9Kx2D3ZvN3Q,200.0,targeted_search,extorsionadores amenazan audio Perú,8,AMENAZA_DIRECTA,consulta explícita de una categoría minoritaria,55,8.0,ampliacion_dano_20260726,2026-07-26T17:54:03-05:00
443,U3uZUDxIfj4,https://www.youtube.com/watch?v=U3uZUDxIfj4,🚨 'CRISTORATA' to be investigated for RACIST COMMENTS against SOUTHERN VOTERS | #LR,La República - LR+,UC-B7Xv56uNRDkj0vC3QW8Cg,188.0,targeted_search,insultos racistas discriminación Perú denuncia,8,RACISMO_DISCRIMINACION,consulta explícita de una categoría minoritaria,55,8.0,ampliacion_dano_20260726,2026-07-26T17:54:03-05:00
444,nhQdch1R3w0,https://www.youtube.com/watch?v=nhQdch1R3w0,Periodistas amenazados piden apoyo,MILENIO,UCFxHplbcoJK9m70c4VyTIxg,312.0,targeted_search,sicarios amenazan periodista Perú,8,AMENAZA_DIRECTA,consulta explícita de una categoría minoritaria,55,8.0,ampliacion_dano_20260726,2026-07-26T17:54:03-05:00
445,InMyxNd9r8k,https://www.youtube.com/watch?v=InMyxNd9r8k,Elderly woman reports sexual assault and her attacker remains at large,ATV Noticias,UCYG5uXS3xdsoaXIxum1pAEw,121.0,targeted_search,acoso sexual denuncia televisión peruana,9,CONTENIDO_SEXUAL|ACOSO_GENERO_IDENTIDAD,consulta explícita de una categoría minoritaria,55,9.0,ampliacion_dano_20260726,2026-07-26T17:54:03-05:00
446,Bgd5AZlq0RA,https://www.youtube.com/watch?v=Bgd5AZlq0RA,Hombre desquiciado persigue a expareja ante la cámara de Nunca Más,Nunca MAS,UCFqwxsa2Wp6Y5FkUAcGShGA,561.0,targeted_search,agresor amenaza pareja Perú,9,AMENAZA_DIRECTA,consulta explícita de una categoría minoritaria,55,9.0,ampliacion_dano_20260726,2026-07-26T17:54:03-05:00
447,jbCv2Znu3GY,https://www.youtube.com/watch?v=jbCv2Znu3GY,Juez maltrata verbalmente a su colega durante audiencia pública,TVPerú Noticias,UCkZCoc42IipR1ucqJmIehsA,113.0,targeted_search,amenaza juez audiencia virtual Perú,9,AMENAZA_DIRECTA,consulta explícita de una categoría minoritaria,55,9.0,ampliacion_dano_20260726,2026-07-26T17:54:03-05:00
448,d0JZPeo8ALU,https://www.youtube.com/watch?v=d0JZPeo8ALU,"El capo más poderoso del Perú amenaza al periodista que lo descubrió: ""No me siento protegido""",Latina Noticias,UCpSJ5fGhmAME9Kx2D3ZvN3Q,571.0,targeted_search,amenazas de muerte Perú,9,AMENAZA_DIRECTA,consulta explícita de una categoría minoritaria,55,9.0,ampliacion_dano_20260726,2026-07-26T17:54:03-05:00
449,P-iLmXEpzgk,https://www.youtube.com/watch?v=P-iLmXEpzgk,"Guido Bellido claims he's not homophobic: ""I have gay and lesbian friends. There's no problem.""",TVPerú Noticias,UCkZCoc42IipR1ucqJmIehsA,777.0,targeted_search,amenazas homofóbicas Perú,9,AMENAZA_DIRECTA|ACOSO_GENERO_IDENTIDAD,consulta explícita de una categoría minoritaria,55,9.0,ampliacion_dano_20260726,2026-07-26T17:54:03-05:00
450,H26872gddUc,https://www.youtube.com/watch?v=H26872gddUc,PAMELA LÓPEZ responde ante DEMANDA de su examiga Selene por AMENAZAS y asegura estar AFECTADA,Diario El Popular 🇵🇪,UCC25ArAc6QI7yj1UQG8lqxA,88.0,targeted_search,denuncia amenazas farándula Perú,9,AMENAZA_DIRECTA,consulta explícita de una categoría minoritaria,55,9.0,ampliacion_dano_20260726,2026-07-26T17:54:03-05:00
451,ZPghnV0CBU4,https://www.youtube.com/watch?v=ZPghnV0CBU4,Extorsionadores se graban amenazando a los choferes en Lima,Latina Noticias,UCpSJ5fGhmAME9Kx2D3ZvN3Q,211.0,targeted_search,extorsionadores amenazan audio Perú,9,AMENAZA_DIRECTA,consulta explícita de una categoría minoritaria,55,9.0,ampliacion_dano_20260726,2026-07-26T17:54:03-05:00
452,orXFL3d6nTE,https://www.youtube.com/watch?v=orXFL3d6nTE,"""Mira tu piel, eres cochina"": mujer denuncia racismo de un cliente y lamenta ""inacción"" de Sodimac",Buenos Días Perú,UCFnOwPrJ-Skrzk_GPNBV5tg,794.0,targeted_search,insultos racistas discriminación Perú denuncia,9,RACISMO_DISCRIMINACION,consulta explícita de una categoría minoritaria,55,9.0,ampliacion_dano_20260726,2026-07-26T17:54:03-05:00
453,YYLNhlUkARs,https://www.youtube.com/watch?v=YYLNhlUkARs,"🔴🔵 Coronel Revoredo responde a amenazas de Wanda del Valle, expareja de 'Maldito Cris'",Exitosa Noticias,UCxgO_rak_BKZP8VNVmYqbWg,755.0,targeted_search,sicarios amenazan periodista Perú,9,AMENAZA_DIRECTA,consulta explícita de una categoría minoritaria,55,9.0,ampliacion_dano_20260726,2026-07-26T17:54:03-05:00
454,tpGh9PR6QcQ,https://www.youtube.com/watch?v=tpGh9PR6QcQ,Military officer puts traffic cop in his place after he disrespects him,OkPerú,UCdkw24RWDiKsy0Y9Z1Ut2ww,228.0,targeted_search,te voy a matar denuncia Perú,9,AMENAZA_DIRECTA,consulta explícita de una categoría minoritaria,55,9.0,ampliacion_dano_20260726,2026-07-26T17:54:03-05:00
455,bj_KWxubF74,https://www.youtube.com/watch?v=bj_KWxubF74,Ate: In-person classes suspended at Innova school following sexual abuse allegations,TVPerú Noticias,UCkZCoc42IipR1ucqJmIehsA,255.0,targeted_search,acoso sexual denuncia televisión peruana,10,CONTENIDO_SEXUAL|ACOSO_GENERO_IDENTIDAD,consulta explícita de una categoría minoritaria,55,10.0,ampliacion_dano_20260726,2026-07-26T17:54:03-05:00
456,C6S99pnMsho,https://www.youtube.com/watch?v=C6S99pnMsho,Mujer confronta a expareja y éste es captado acosándola,Nunca MAS,UCFqwxsa2Wp6Y5FkUAcGShGA,513.0,targeted_search,agresor amenaza pareja Perú,10,AMENAZA_DIRECTA,consulta explícita de una categoría minoritaria,55,10.0,ampliacion_dano_20260726,2026-07-26T17:54:03-05:00
457,IutsHhY4yvU,https://www.youtube.com/watch?v=IutsHhY4yvU,IMPUTADO INSULTA Y AMENAZA DE MU3RTE A JUEZ EN AUDIENCIA VIRTUAL:,Javier Sanchez Negron,UCPBDhZ7NskmSXWKVPuTlGLw,160.0,targeted_search,amenaza juez audiencia virtual Perú,10,AMENAZA_DIRECTA,consulta explícita de una categoría minoritaria,55,10.0,ampliacion_dano_20260726,2026-07-26T17:54:03-05:00
458,sib49oWesF8,https://www.youtube.com/watch?v=sib49oWesF8,Comerciantes cierras sus negocios por amenazas de muerte,Panamericana Televisión,UCngb4rxO4iUE6BrIs29WXwA,225.0,targeted_search,amenazas de muerte Perú,10,AMENAZA_DIRECTA,consulta explícita de una categoría minoritaria,55,10.0,ampliacion_dano_20260726,2026-07-26T17:54:03-05:00
459,mAADcUJ_OTc,https://www.youtube.com/watch?v=mAADcUJ_OTc,Antauro Humala threatens to sue Carlos Álvarez for parody,24 Horas,UCsakKsRww3J7pM6DavkrAIQ,134.0,targeted_search,amenazas homofóbicas Perú,10,AMENAZA_DIRECTA|ACOSO_GENERO_IDENTIDAD,consulta explícita de una categoría minoritaria,55,10.0,ampliacion_dano_20260726,2026-07-26T17:54:03-05:00
460,QGg-M5pucqU,https://www.youtube.com/watch?v=QGg-M5pucqU,"Nicola Porcella lanza fuerte amenaza tras denuncia de chef: ""Ahora trabajo en un canal grande""",Magaly TV La Firme,UCF6s3gpbZEQKqZ38VvQ0gLA,142.0,targeted_search,denuncia amenazas farándula Perú,10,AMENAZA_DIRECTA,consulta explícita de una categoría minoritaria,55,10.0,ampliacion_dano_20260726,2026-07-26T17:54:03-05:00
461,-kvokunYoCs,https://www.youtube.com/watch?v=-kvokunYoCs,"La amenaza que 'El Monstruo' lanzó a Agua Marina semanas atrás: ""Se quiere trabajar pacíficamente""",Latina Noticias,UCpSJ5fGhmAME9Kx2D3ZvN3Q,194.0,targeted_search,extorsionadores amenazan audio Perú,10,AMENAZA_DIRECTA,consulta explícita de una categoría minoritaria,55,10.0,ampliacion_dano_20260726,2026-07-26T17:54:03-05:00
462,85YKZlRp3tM,https://www.youtube.com/watch?v=85YKZlRp3tM,El peso de la ley: Investigan y denuncian a 'Cristorata' por racismo y discriminación,Latina Noticias,UCpSJ5fGhmAME9Kx2D3ZvN3Q,126.0,targeted_search,insultos racistas discriminación Perú denuncia,10,RACISMO_DISCRIMINACION,consulta explícita de una categoría minoritaria,55,10.0,ampliacion_dano_20260726,2026-07-26T17:54:03-05:00
463,cGd740iw4AM,https://www.youtube.com/watch?v=cGd740iw4AM,"Colonel Víctor Revoredo responds to Wanda's threats: ""Either you straighten up or prison awaits you""",ATV Noticias,UCYG5uXS3xdsoaXIxum1pAEw,419.0,targeted_search,sicarios amenazan periodista Perú,10,AMENAZA_DIRECTA,consulta explícita de una categoría minoritaria,55,10.0,ampliacion_dano_20260726,2026-07-26T17:54:03-05:00
464,ypXzz7o5fJM,https://www.youtube.com/watch?v=ypXzz7o5fJM,San Isidro: periodista denunció haber sido víctima de acoso sexual,24 Horas,UCsakKsRww3J7pM6DavkrAIQ,124.0,targeted_search,acoso sexual denuncia televisión peruana,11,CONTENIDO_SEXUAL|ACOSO_GENERO_IDENTIDAD,consulta explícita de una categoría minoritaria,55,11.0,ampliacion_dano_20260726,2026-07-26T17:54:03-05:00
465,ZrOosV9Dr_o,https://www.youtube.com/watch?v=ZrOosV9Dr_o,Familia de mujer amenazada enfrentó al agresor,Nunca MAS,UCFqwxsa2Wp6Y5FkUAcGShGA,538.0,targeted_search,agresor amenaza pareja Perú,11,AMENAZA_DIRECTA,consulta explícita de una categoría minoritaria,55,11.0,ampliacion_dano_20260726,2026-07-26T17:54:03-05:00
466,TAhjJzCJOt4,https://www.youtube.com/watch?v=TAhjJzCJOt4,"JUEZ INCREPA A ABOGADO JUICIO CONTRA LILIA PAREDES:"" VA CITAR LA BIBLIA Y DON QUIJOTE, NO LE PERMITO",JF DIGITAL,UCvDBDpI2MSvibOCRacHYOUw,137.0,targeted_search,amenaza juez audiencia virtual Perú,11,AMENAZA_DIRECTA,consulta explícita de una categoría minoritaria,55,11.0,ampliacion_dano_20260726,2026-07-26T17:54:03-05:00
467,Gxn16izNqk4,https://www.youtube.com/watch?v=Gxn16izNqk4,Prediente de Perú recibe amenazas de muerte,Ayatola Núñez,UCj0E3JnWJk_pgbsmZeQHHTA,99.0,targeted_search,amenazas de muerte Perú,11,AMENAZA_DIRECTA,consulta explícita de una categoría minoritaria,55,11.0,ampliacion_dano_20260726,2026-07-26T17:54:03-05:00
468,j9YBlmMG78I,https://www.youtube.com/watch?v=j9YBlmMG78I,Reporte Indigo (Ed. 415): Encienden la homofobia,Reporte Indigo,UCCCjc1piE1mIrhcE3ejENeA,129.0,targeted_search,amenazas homofóbicas Perú,11,AMENAZA_DIRECTA|ACOSO_GENERO_IDENTIDAD,consulta explícita de una categoría minoritaria,55,11.0,ampliacion_dano_20260726,2026-07-26T17:54:03-05:00
469,RkfKYZoafCI,https://www.youtube.com/watch?v=RkfKYZoafCI,Jimmy Santi denuncia que miembros del Tren de Aragua llegaron hasta su casa para amenazarlo (2/2),Buenos Días Perú,UCFnOwPrJ-Skrzk_GPNBV5tg,90.0,targeted_search,denuncia amenazas farándula Perú,11,AMENAZA_DIRECTA,consulta explícita de una categoría minoritaria,55,11.0,ampliacion_dano_20260726,2026-07-26T17:54:03-05:00
470,LARTG99VV5I,https://www.youtube.com/watch?v=LARTG99VV5I,"Podemos Perú retira a candidata por expresiones racistas: ""Quispe tenías que ser""",ATV Noticias,UCYG5uXS3xdsoaXIxum1pAEw,297.0,targeted_search,insultos racistas discriminación Perú denuncia,11,RACISMO_DISCRIMINACION,consulta explícita de una categoría minoritaria,55,11.0,ampliacion_dano_20260726,2026-07-26T17:54:03-05:00
471,mZdH8uhQhg4,https://www.youtube.com/watch?v=mZdH8uhQhg4,🔴  Asesinato de periodista Fernando Núñez: ANP exige justicia y protección a la prensa,anp_radio1928,UCgfRKWIfuFVbpRoTjGYHOQQ,2094.0,targeted_search,sicarios amenazan periodista Perú,11,AMENAZA_DIRECTA,consulta explícita de una categoría minoritaria,55,11.0,ampliacion_dano_20260726,2026-07-26T17:54:03-05:00
472,PF8LGbmM5v4,https://www.youtube.com/watch?v=PF8LGbmM5v4,"Yerzy, Louis Producer - Los Menores Ya Crecimos (Official Video)",Louis Producer,UC_ybWf7uo1Nii-PZT624JZA,192.0,targeted_search,te voy a matar denuncia Perú,11,AMENAZA_DIRECTA,consulta explícita de una categoría minoritaria,55,11.0,ampliacion_dano_20260726,2026-07-26T17:54:03-05:00
473,zohm6Rf-dYM,https://www.youtube.com/watch?v=zohm6Rf-dYM,Venezuela: mujeres denuncian acoso por parte de joven con problemas de salud mental,TVPerú Noticias,UCkZCoc42IipR1ucqJmIehsA,186.0,targeted_search,acoso sexual denuncia televisión peruana,12,CONTENIDO_SEXUAL|ACOSO_GENERO_IDENTIDAD,consulta explícita de una categoría minoritaria,55,12.0,ampliacion_dano_20260726,2026-07-26T17:54:03-05:00
474,bTqWrlmM-Dw,https://www.youtube.com/watch?v=bTqWrlmM-Dw,Cae ladrón de celulares por agredir y amenazar con cuchillo a su pareja en hostal de El Agustino,El Dominical de Panamericana,UCMfcN0OV7d61cWPLYm5qHpw,332.0,targeted_search,agresor amenaza pareja Perú,12,AMENAZA_DIRECTA,consulta explícita de una categoría minoritaria,55,12.0,ampliacion_dano_20260726,2026-07-26T17:54:03-05:00
475,MQF6Z7rjuUs,https://www.youtube.com/watch?v=MQF6Z7rjuUs,Lima: Jueza denuncia que es víctima de amenazas de muerte,Central de Noticias ATV,UCztaqSKeJd4T83XAUDYTBHg,153.0,targeted_search,amenaza juez audiencia virtual Perú,12,AMENAZA_DIRECTA,consulta explícita de una categoría minoritaria,55,12.0,ampliacion_dano_20260726,2026-07-26T17:54:03-05:00
476,iszFKLJFxTM,https://www.youtube.com/watch?v=iszFKLJFxTM,Head of INPE reports death threats following massive raids in prisons across the country,TVPerú Noticias,UCkZCoc42IipR1ucqJmIehsA,426.0,targeted_search,amenazas de muerte Perú,12,AMENAZA_DIRECTA,consulta explícita de una categoría minoritaria,55,12.0,ampliacion_dano_20260726,2026-07-26T17:54:03-05:00
477,ByrdsmfPFwo,https://www.youtube.com/watch?v=ByrdsmfPFwo,Voces del Orgullo,Wayka,UCQmo59tWId4OHTdl4W320DQ,4771.0,targeted_search,amenazas homofóbicas Perú,12,AMENAZA_DIRECTA|ACOSO_GENERO_IDENTIDAD,consulta explícita de una categoría minoritaria,55,12.0,ampliacion_dano_20260726,2026-07-26T17:54:03-05:00
478,-1ckvOBOdu4,https://www.youtube.com/watch?v=-1ckvOBOdu4,Carlos Zambrano: Police refused to take a report from a minor because the child was not with thei...,Magaly TV La Firme,UCF6s3gpbZEQKqZ38VvQ0gLA,364.0,targeted_search,denuncia amenazas farándula Perú,12,AMENAZA_DIRECTA,consulta explícita de una categoría minoritaria,55,12.0,ampliacion_dano_20260726,2026-07-26T17:54:03-05:00
479,ax7CqZhkNj4,https://www.youtube.com/watch?v=ax7CqZhkNj4,¡Exclusivo! Amenaza desde Challapalca: extorsión en video contra alcalde de distrito en emergencia,Panorama,UCBiq92lt_ufNO-ktZigVXgg,515.0,targeted_search,extorsionadores amenazan audio Perú,12,AMENAZA_DIRECTA,consulta explícita de una categoría minoritaria,55,12.0,ampliacion_dano_20260726,2026-07-26T17:54:03-05:00
480,bhB4Zzw2oPU,https://www.youtube.com/watch?v=bhB4Zzw2oPU,Alejandra Argumedo is accused of racism at the Metropolitano | #LR,La República - LR+,UC-B7Xv56uNRDkj0vC3QW8Cg,130.0,targeted_search,insultos racistas discriminación Perú denuncia,12,RACISMO_DISCRIMINACION,consulta explícita de una categoría minoritaria,55,12.0,ampliacion_dano_20260726,2026-07-26T17:54:03-05:00
481,rPAZQVE2Vos,https://www.youtube.com/watch?v=rPAZQVE2Vos,Public transport drivers and passengers victims of hitmen,Panorama,UCBiq92lt_ufNO-ktZigVXgg,897.0,targeted_search,sicarios amenazan periodista Perú,12,AMENAZA_DIRECTA,consulta explícita de una categoría minoritaria,55,12.0,ampliacion_dano_20260726,2026-07-26T17:54:03-05:00
482,E9l11PsuHCw,https://www.youtube.com/watch?v=E9l11PsuHCw,You're not going to be called Goku...,Zeta Mundo,UCFmwnAlSCs5Y7H08_0SG1Qg,14.0,targeted_search,te voy a matar denuncia Perú,12,AMENAZA_DIRECTA,consulta explícita de una categoría minoritaria,55,12.0,ampliacion_dano_20260726,2026-07-26T17:54:03-05:00
483,4HmrlZuO0pA,https://www.youtube.com/watch?v=4HmrlZuO0pA,Ministra Urteaga: gobierno atiende casos de abuso en Condorcanqui,TVPerú Noticias,UCkZCoc42IipR1ucqJmIehsA,126.0,targeted_search,acoso sexual denuncia televisión peruana,13,CONTENIDO_SEXUAL|ACOSO_GENERO_IDENTIDAD,consulta explícita de una categoría minoritaria,55,13.0,ampliacion_dano_20260726,2026-07-26T17:54:03-05:00
484,LsjHqnqQaWA,https://www.youtube.com/watch?v=LsjHqnqQaWA,Sujeto que atacó a expareja con pico de botella tenía largo historial de denuncias,Buenos Días Perú,UCFnOwPrJ-Skrzk_GPNBV5tg,323.0,targeted_search,agresor amenaza pareja Perú,13,AMENAZA_DIRECTA,consulta explícita de una categoría minoritaria,55,13.0,ampliacion_dano_20260726,2026-07-26T17:54:03-05:00
485,Jz49bghB-K4,https://www.youtube.com/watch?v=Jz49bghB-K4,"¡Insólito! Fiscal transmite video ""subido de tono"" en plena audiencia virtual (Ucayali - Perú)",Discent Legem - Perú,UC4HaP99ArZDbC0VXHr96NsA,40.0,targeted_search,amenaza juez audiencia virtual Perú,13,AMENAZA_DIRECTA,consulta explícita de una categoría minoritaria,55,13.0,ampliacion_dano_20260726,2026-07-26T17:54:03-05:00
486,Gcu_V6dfBkc,https://www.youtube.com/watch?v=Gcu_V6dfBkc,"Tired of threats, a man set a trap that ended his extortionists.",Publimetro Colombia,UCgOqD9t-svmzukLBXqtjFIQ,106.0,targeted_search,amenazas de muerte Perú,13,AMENAZA_DIRECTA,consulta explícita de una categoría minoritaria,55,13.0,ampliacion_dano_20260726,2026-07-26T17:54:03-05:00
487,cQDtBU6z9hI,https://www.youtube.com/watch?v=cQDtBU6z9hI,Presentan denuncia formal contra policía por comentarios homofóbicos,Noticias Grupo Repretel,UCr6TeVofbyCvtCdxV_niQKQ,101.0,targeted_search,amenazas homofóbicas Perú,13,AMENAZA_DIRECTA|ACOSO_GENERO_IDENTIDAD,consulta explícita de una categoría minoritaria,55,13.0,ampliacion_dano_20260726,2026-07-26T17:54:03-05:00
488,txwkrtcpYYc,https://www.youtube.com/watch?v=txwkrtcpYYc,"Extortion from prison: Videos, audios, victims and a movie-like police investigation",DÍA D,UCmrzeYkbupPuvrXH8roR__w,974.0,targeted_search,extorsionadores amenazan audio Perú,13,AMENAZA_DIRECTA,consulta explícita de una categoría minoritaria,55,13.0,ampliacion_dano_20260726,2026-07-26T17:54:03-05:00
489,ECbRnslWgPg,https://www.youtube.com/watch?v=ECbRnslWgPg,Voters from southern regions respond to streamer Cristorata over racist comments | #LR,La República - LR+,UC-B7Xv56uNRDkj0vC3QW8Cg,113.0,targeted_search,insultos racistas discriminación Perú denuncia,13,RACISMO_DISCRIMINACION,consulta explícita de una categoría minoritaria,55,13.0,ampliacion_dano_20260726,2026-07-26T17:54:03-05:00
490,FhQZ8StBfak,https://www.youtube.com/watch?v=FhQZ8StBfak,"Audio revela amenazas de alias ""Aguacate""",Telefuturo - Prensa ,UC05nHifnRWxoJkzgAP-sffg,238.0,targeted_search,sicarios amenazan periodista Perú,13,AMENAZA_DIRECTA,consulta explícita de una categoría minoritaria,55,13.0,ampliacion_dano_20260726,2026-07-26T17:54:03-05:00
491,Y87UfKri2zw,https://www.youtube.com/watch?v=Y87UfKri2zw,MIX RECUERDOS # 5 - LOS  REBELDES DE LA CUMBIA ( EN VIVO ),MIGUELITO PERÚ,UC6d5KT7WoGxIYHekEKBzsxw,758.0,targeted_search,te voy a matar denuncia Perú,13,AMENAZA_DIRECTA,consulta explícita de una categoría minoritaria,55,13.0,ampliacion_dano_20260726,2026-07-26T17:54:03-05:00
492,Bq9PZnSbvGY,https://www.youtube.com/watch?v=Bq9PZnSbvGY,🚨 Periodista de #LatinaNoticias denuncia a sujeto por acoso sexual en redes sociales,Latina Noticias,UCpSJ5fGhmAME9Kx2D3ZvN3Q,124.0,targeted_search,acoso sexual denuncia televisión peruana,14,CONTENIDO_SEXUAL|ACOSO_GENERO_IDENTIDAD,consulta explícita de una categoría minoritaria,55,14.0,ampliacion_dano_20260726,2026-07-26T17:54:03-05:00
493,Kj2_Y78Zsaw,https://www.youtube.com/watch?v=Kj2_Y78Zsaw,Joven denuncia agresión de su pareja: la golpeó porque no respondió mensajes de texto,Buenos Días Perú,UCFnOwPrJ-Skrzk_GPNBV5tg,240.0,targeted_search,agresor amenaza pareja Perú,14,AMENAZA_DIRECTA,consulta explícita de una categoría minoritaria,55,14.0,ampliacion_dano_20260726,2026-07-26T17:54:03-05:00
494,jM9BJVs7Mvg,https://www.youtube.com/watch?v=jM9BJVs7Mvg,Juez amenaza con multa a abogado Ciro Cancho. ¿Hubo falta de respeto?,LP - Pasión por el Derecho,UCDscRlCxFfuHhsJBlVvPBmA,333.0,targeted_search,amenaza juez audiencia virtual Perú,14,AMENAZA_DIRECTA,consulta explícita de una categoría minoritaria,55,14.0,ampliacion_dano_20260726,2026-07-26T17:54:03-05:00
495,2D3CMNIKQow,https://www.youtube.com/watch?v=2D3CMNIKQow,"Amenazan de muerte a alcalde de Comas y evalúa renunciar: ""Primero está la vida de mi familia""",Latina Noticias,UCpSJ5fGhmAME9Kx2D3ZvN3Q,186.0,targeted_search,amenazas de muerte Perú,14,AMENAZA_DIRECTA,consulta explícita de una categoría minoritaria,55,14.0,ampliacion_dano_20260726,2026-07-26T17:54:03-05:00
496,QC8104UPd3s,https://www.youtube.com/watch?v=QC8104UPd3s,Plantón y marcha contra la homofobia,La Mula Stream,UCPpfqaJdQwXc9_5oM3aqdPg,24.0,targeted_search,amenazas homofóbicas Perú,14,AMENAZA_DIRECTA|ACOSO_GENERO_IDENTIDAD,consulta explícita de una categoría minoritaria,55,14.0,ampliacion_dano_20260726,2026-07-26T17:54:03-05:00
497,AzJ3g2rNwcg,https://www.youtube.com/watch?v=AzJ3g2rNwcg,Vidas bajo extorsión: terror y violencia en todo el Perú,Panorama,UCBiq92lt_ufNO-ktZigVXgg,918.0,targeted_search,denuncia amenazas farándula Perú,14,AMENAZA_DIRECTA,consulta explícita de una categoría minoritaria,55,14.0,ampliacion_dano_20260726,2026-07-26T17:54:03-05:00
498,ifhE-9wNv1E,https://www.youtube.com/watch?v=ifhE-9wNv1E,Trujillo: Extorsionadores cumplen amenaza y detonan explosivo en vivienda,Cosmos Televisión,UC_ept7M1UXlCfvcUrK49Ziw,49.0,targeted_search,extorsionadores amenazan audio Perú,14,AMENAZA_DIRECTA,consulta explícita de una categoría minoritaria,55,14.0,ampliacion_dano_20260726,2026-07-26T17:54:03-05:00
499,HkQ339MYhuI,https://www.youtube.com/watch?v=HkQ339MYhuI,Informe revela preocupante crecimiento del racismo en Perú #ENCENDIDOSRPP | ENTREVISTA,RPP Noticias,UC5j8-2FT0ZMMBkmK72R4aeA,742.0,targeted_search,insultos racistas discriminación Perú denuncia,14,RACISMO_DISCRIMINACION,consulta explícita de una categoría minoritaria,55,14.0,ampliacion_dano_20260726,2026-07-26T17:54:03-05:00
500,rbJECmFcZLM,https://www.youtube.com/watch?v=rbJECmFcZLM,Sicarios implicados en el asesinato de familia en San Miguel no se arrepienten,Latina Noticias,UCpSJ5fGhmAME9Kx2D3ZvN3Q,34.0,targeted_search,sicarios amenazan periodista Perú,14,AMENAZA_DIRECTA,consulta explícita de una categoría minoritaria,55,14.0,ampliacion_dano_20260726,2026-07-26T17:54:03-05:00
